market_id,strategy,side,entry_time,entry_price,shares,exit_time,exit_price,fee_paid,pnl,reason
2933913,S31_ALIGNED_Mode,YES,1784200839.586626,0.670000,5,1784201099.960979,1.000000,0.040941,1.609059,aligned vel=0.010 delta=0.0236%
2933933,S31_ALIGNED_Mode,NO,1784201495.522814,0.660000,5,1784201699.898366,0.000000,0.041543,-3.341543,aligned vel=-0.070 delta=-0.0298%
2933981,S31_ALIGNED_Mode,YES,1784201825.259411,0.700000,5,1784201999.989534,1.000000,0.038588,1.461413,aligned vel=0.020 delta=0.0418%
2934021,S31_ALIGNED_Mode,YES,1784202040.883491,0.680000,5,1784202299.922277,1.000000,0.040247,1.559753,aligned vel=0.010 delta=0.0207%
2934041,S31_ALIGNED_Mode,NO,1784202445.116846,0.680000,5,1784202599.888569,1.000000,0.040247,1.559753,aligned vel=-0.030 delta=-0.0248%
2934049,S31_ALIGNED_Mode,NO,1784202632.845777,0.600000,5,1784202899.978167,0.000000,0.043200,-3.043200,aligned vel=-0.030 delta=-0.0319%
2934267,S31_ALIGNED_Mode,YES,1784202935.879874,0.630000,5,1784203199.968853,1.000000,0.042789,1.807211,aligned vel=0.010 delta=0.0221%
2934325,S31_ALIGNED_Mode,NO,1784203216.389667,0.640000,5,1784203499.906016,1.000000,0.042467,1.757533,aligned vel=-0.020 delta=-0.0204%
2934344,S31_ALIGNED_Mode,NO,1784203562.805898,0.640000,5,1784203799.905116,0.000000,0.042467,-3.242467,aligned vel=-0.030 delta=-0.0263%
2934354,S31_ALIGNED_Mode,YES,1784203867.009525,0.640000,5,1784204099.889787,0.000000,0.042467,-3.242467,aligned vel=0.030 delta=0.0260%
2934361,S31_ALIGNED_Mode,NO,1784204126.218522,0.700000,5,1784204399.9051,0.000000,0.038588,-3.538588,aligned vel=-0.020 delta=-0.0599%
2934379,S31_ALIGNED_Mode,YES,1784204420.416529,0.660000,5,1784204699.949445,0.000000,0.041543,-3.341543,aligned vel=0.010 delta=0.0249%
2934391,S31_ALIGNED_Mode,YES,1784204804.351275,0.680000,5,1784204999.922375,1.000000,0.040247,1.559753,aligned vel=0.010 delta=0.0209%
2934397,S31_ALIGNED_Mode,YES,1784205010.09782,0.630000,5,1784205299.994984,0.000000,0.042789,-3.192789,aligned vel=0.030 delta=0.0252%
2934490,S31_ALIGNED_Mode,NO,1784205621.948849,0.560000,5,1784205899.915684,1.000000,0.042499,2.157501,aligned vel=-0.020 delta=-0.0215%
2934493,S31_ALIGNED_Mode,NO,1784205920.664675,0.590000,5,1784206199.959226,0.000000,0.043155,-2.993155,aligned vel=-0.010 delta=-0.0270%
2934513,S31_ALIGNED_Mode,YES,1784206279.55762,0.560000,5,1784206499.994437,1.000000,0.042499,2.157501,aligned vel=0.030 delta=0.0321%
2934573,S31_ALIGNED_Mode,NO,1784206527.477778,0.690000,5,1784206799.91893,1.000000,0.039462,1.510538,aligned vel=-0.030 delta=-0.0632%
2934577,S31_ALIGNED_Mode,YES,1784206817.157541,0.640000,5,1784207099.947875,1.000000,0.042467,1.757533,aligned vel=0.010 delta=0.0324%
2934590,S31_ALIGNED_Mode,YES,1784207122.722238,0.600000,5,1784207399.957443,1.000000,0.043200,1.956800,aligned vel=0.010 delta=0.0264%
2934605,S31_ALIGNED_Mode,YES,1784207432.968564,0.670000,5,1784207699.912184,1.000000,0.040941,1.609059,aligned vel=0.010 delta=0.0270%
2934623,S31_ALIGNED_Mode,YES,1784207790.958024,0.670000,5,1784207999.954737,1.000000,0.040941,1.609059,aligned vel=0.010 delta=0.0210%
2934636,S31_ALIGNED_Mode,YES,1784208023.98889,0.650000,5,1784208299.989105,1.000000,0.042052,1.707948,aligned vel=0.010 delta=0.0280%
2934650,S31_ALIGNED_Mode,NO,1784208310.889876,0.640000,5,1784208599.960075,0.000000,0.042467,-3.242467,aligned vel=-0.060 delta=-0.0471%
2934730,S31_ALIGNED_Mode,YES,1784208666.868103,0.550000,5,1784208899.983656,1.000000,0.042114,2.207886,aligned vel=0.010 delta=0.0738%
2934777,S31_ALIGNED_Mode,NO,1784208923.196502,0.600000,5,1784209199.984145,1.000000,0.043200,1.956800,aligned vel=-0.020 delta=-0.0249%
2934814,S31_ALIGNED_Mode,YES,1784209209.216472,0.610000,5,1784209499.996363,0.000000,0.043155,-3.093155,aligned vel=0.010 delta=0.0360%
2934831,S31_ALIGNED_Mode,YES,1784209513.811054,0.650000,5,1784209799.95927,1.000000,0.042052,1.707948,aligned vel=0.020 delta=0.0555%
2934863,S31_ALIGNED_Mode,YES,1784209821.274028,0.590000,5,1784210099.925036,1.000000,0.043155,2.006845,aligned vel=0.030 delta=0.0233%
2934877,S31_ALIGNED_Mode,NO,1784210110.063865,0.600000,5,1784210399.959285,0.000000,0.043200,-3.043200,aligned vel=-0.010 delta=-0.0244%
2934890,S31_ALIGNED_Mode,YES,1784210412.489776,0.610000,5,1784210699.882863,0.000000,0.043155,-3.093155,aligned vel=0.010 delta=0.0543%
2934906,S31_ALIGNED_Mode,YES,1784210709.409369,0.640000,5,1784210999.90861,1.000000,0.042467,1.757533,aligned vel=0.030 delta=0.0358%
2934922,S31_ALIGNED_Mode,NO,1784211033.640555,0.540000,5,1784211299.965166,0.000000,0.041649,-2.741649,aligned vel=-0.030 delta=-0.0243%
2934932,S31_ALIGNED_Mode,NO,1784211316.582993,0.690000,5,1784211600.000436,0.000000,0.039462,-3.489462,aligned vel=-0.010 delta=-0.0634%
2934949,S31_ALIGNED_Mode,NO,1784211609.281557,0.620000,5,1784211899.981149,1.000000,0.043018,1.856982,aligned vel=-0.010 delta=-0.0272%
2934961,S31_ALIGNED_Mode,NO,1784211908.86508,0.650000,5,1784212199.944591,0.000000,0.042052,-3.292052,aligned vel=-0.010 delta=-0.0560%
2934977,S31_ALIGNED_Mode,YES,1784212209.109989,0.600000,5,1784212499.981085,0.000000,0.043200,-3.043200,aligned vel=0.020 delta=0.0329%
2935023,S31_ALIGNED_Mode,YES,1784212527.602055,0.620000,5,1784212799.993802,0.000000,0.043018,-3.143018,aligned vel=0.020 delta=0.0265%
2935037,S31_ALIGNED_Mode,NO,1784212833.163814,0.610000,5,1784213099.953344,0.000000,0.043155,-3.093155,aligned vel=-0.010 delta=-0.0300%
2935060,S31_ALIGNED_Mode,NO,1784213110.182827,0.580000,5,1784213399.95051,1.000000,0.043022,2.056978,aligned vel=-0.010 delta=-0.0234%
2935061,S31_ALIGNED_Mode,NO,1784213409.872816,0.580000,5,1784213699.989363,1.000000,0.043022,2.056978,aligned vel=-0.010 delta=-0.0308%
2935086,S31_ALIGNED_Mode,NO,1784213710.70122,0.670000,5,1784213999.888917,1.000000,0.040941,1.609059,aligned vel=-0.010 delta=-0.0247%
2935087,S31_ALIGNED_Mode,YES,1784214010.692936,0.560000,5,1784214299.861777,0.000000,0.042499,-2.842499,aligned vel=0.020 delta=0.0209%
2935106,S31_ALIGNED_Mode,NO,1784214312.91489,0.690000,5,1784214599.944456,1.000000,0.039462,1.510538,aligned vel=-0.030 delta=-0.0794%
2935124,S31_ALIGNED_Mode,YES,1784214622.897482,0.670000,5,1784214899.918153,0.000000,0.040941,-3.390941,aligned vel=0.010 delta=0.0390%
2935166,S31_ALIGNED_Mode,NO,1784214920.998827,0.580000,5,1784215199.919174,0.000000,0.043022,-2.943022,aligned vel=-0.010 delta=-0.0401%
2935175,S31_ALIGNED_Mode,NO,1784215230.227848,0.580000,5,1784215499.982782,0.000000,0.043022,-2.943022,aligned vel=-0.010 delta=-0.0208%
2935185,S31_ALIGNED_Mode,YES,1784215512.918314,0.630000,5,1784215800.004147,1.000000,0.042789,1.807211,aligned vel=0.010 delta=0.0348%
2935211,S31_ALIGNED_Mode,NO,1784215820.81123,0.690000,5,1784216100.004792,1.000000,0.039462,1.510538,aligned vel=-0.010 delta=-0.0632%
2935252,S31_ALIGNED_Mode,NO,1784216110.806117,0.580000,5,1784216399.959844,0.000000,0.043022,-2.943022,aligned vel=-0.020 delta=-0.0215%
2935260,S31_ALIGNED_Mode,NO,1784216434.49113,0.640000,5,1784216699.896426,1.000000,0.042467,1.757533,aligned vel=-0.040 delta=-0.0449%
2935273,S31_ALIGNED_Mode,NO,1784216728.018696,0.700000,5,1784216999.951163,0.000000,0.038588,-3.538588,aligned vel=-0.010 delta=-0.0483%
2935293,S31_ALIGNED_Mode,YES,1784217019.843629,0.610000,5,1784217299.997166,0.000000,0.043155,-3.093155,aligned vel=0.010 delta=0.0228%
2935486,S31_ALIGNED_Mode,NO,1784217326.104474,0.660000,5,1784217599.958373,1.000000,0.041543,1.658457,aligned vel=-0.060 delta=-0.0625%
2935536,S31_ALIGNED_Mode,NO,1784217670.316583,0.610000,5,1784217899.891045,1.000000,0.043155,1.906845,aligned vel=-0.020 delta=-0.0224%
2935547,S31_ALIGNED_Mode,NO,1784217910.611163,0.600000,5,1784218199.920624,1.000000,0.043200,1.956800,aligned vel=-0.020 delta=-0.0330%
2935556,S31_ALIGNED_Mode,NO,1784218209.297327,0.650000,5,1784218500.00046,1.000000,0.042052,1.707948,aligned vel=-0.010 delta=-0.0287%
2935578,S31_ALIGNED_Mode,NO,1784218511.684545,0.640000,5,1784218799.959224,1.000000,0.042467,1.757533,aligned vel=-0.010 delta=-0.0424%
2935583,S31_ALIGNED_Mode,NO,1784218880.204251,0.700000,5,1784219099.930195,1.000000,0.038588,1.461413,aligned vel=-0.020 delta=-0.0645%
2935593,S31_ALIGNED_Mode,YES,1784219134.129091,0.610000,5,1784219399.999461,1.000000,0.043155,1.906845,aligned vel=0.010 delta=0.0220%
2935604,S31_ALIGNED_Mode,YES,1784219412.9652,0.640000,5,1784219699.941756,1.000000,0.042467,1.757533,aligned vel=0.020 delta=0.0319%
2935659,S31_ALIGNED_Mode,NO,1784219734.055346,0.650000,5,1784219999.954897,1.000000,0.042052,1.707948,aligned vel=-0.040 delta=-0.0427%
2935671,S31_ALIGNED_Mode,YES,1784220028.894616,0.640000,5,1784220299.926822,0.000000,0.042467,-3.242467,aligned vel=0.020 delta=0.0264%
2935691,S31_ALIGNED_Mode,NO,1784220342.974759,0.610000,5,1784220599.982654,0.000000,0.043155,-3.093155,aligned vel=-0.010 delta=-0.0283%
2935693,S31_ALIGNED_Mode,YES,1784220626.691628,0.670000,5,1784220899.910637,1.000000,0.040941,1.609059,aligned vel=0.030 delta=0.0342%
2936247,S31_ALIGNED_Mode,YES,1784220917.11485,0.670000,5,1784221199.945146,1.000000,0.040941,1.609059,aligned vel=0.010 delta=0.0236%
2936266,S31_ALIGNED_Mode,NO,1784221211.761068,0.610000,5,1784221499.954992,1.000000,0.043155,1.906845,aligned vel=-0.010 delta=-0.0221%
2936273,S31_ALIGNED_Mode,NO,1784221530.47365,0.620000,5,1784221799.965192,1.000000,0.043018,1.856982,aligned vel=-0.010 delta=-0.0321%
2936343,S31_ALIGNED_Mode,NO,1784221843.792129,0.700000,5,1784222099.942396,1.000000,0.038588,1.461413,aligned vel=-0.020 delta=-0.0742%
2936346,S31_ALIGNED_Mode,YES,1784222108.873512,0.680000,5,1784222399.987714,1.000000,0.040247,1.559753,aligned vel=0.010 delta=0.0262%
2936368,S31_ALIGNED_Mode,YES,1784222409.366317,0.640000,5,1784222700.001951,1.000000,0.042467,1.757533,aligned vel=0.010 delta=0.0257%
2936522,S31_ALIGNED_Mode,NO,1784222708.549012,0.640000,5,1784222999.914208,0.000000,0.042467,-3.242467,aligned vel=-0.010 delta=-0.0432%
2936536,S31_ALIGNED_Mode,YES,1784223023.994925,0.630000,5,1784223299.888188,1.000000,0.042789,1.807211,aligned vel=0.010 delta=0.0263%
2936584,S31_ALIGNED_Mode,NO,1784223343.38501,0.620000,5,1784223599.959077,1.000000,0.043018,1.856982,aligned vel=-0.010 delta=-0.0204%
2936593,S31_ALIGNED_Mode,NO,1784223619.62068,0.700000,5,1784223899.968809,1.000000,0.038588,1.461413,aligned vel=-0.020 delta=-0.0505%
2936613,S31_ALIGNED_Mode,NO,1784223955.422812,0.610000,5,1784224199.893499,1.000000,0.043155,1.906845,aligned vel=-0.060 delta=-0.0331%
2936631,S31_ALIGNED_Mode,NO,1784224227.710924,0.670000,5,1784224499.910352,1.000000,0.040941,1.609059,aligned vel=-0.020 delta=-0.0398%
2936666,S31_ALIGNED_Mode,NO,1784224814.058863,0.570000,5,1784225099.877007,0.000000,0.042803,-2.892803,aligned vel=-0.010 delta=-0.0210%
2936747,S31_ALIGNED_Mode,YES,1784225495.319093,0.700000,5,1784225699.973012,1.000000,0.038588,1.461413,aligned vel=0.010 delta=0.0310%
2936791,S31_ALIGNED_Mode,NO,1784225708.685193,0.580000,5,1784225999.91878,0.000000,0.043022,-2.943022,aligned vel=-0.030 delta=-0.0205%
2936854,S31_ALIGNED_Mode,NO,1784226017.540232,0.650000,5,1784226299.941212,0.000000,0.042052,-3.292052,aligned vel=-0.020 delta=-0.0237%
2936934,S31_ALIGNED_Mode,NO,1784226373.897734,0.700000,5,1784226599.887855,1.000000,0.038588,1.461413,aligned vel=-0.030 delta=-0.0454%
2937046,S31_ALIGNED_Mode,NO,1784226610.221497,0.610000,5,1784226899.963584,1.000000,0.043155,1.906845,aligned vel=-0.010 delta=-0.0209%
2937142,S31_ALIGNED_Mode,NO,1784226909.149378,0.700000,5,1784227199.885841,1.000000,0.038588,1.461413,aligned vel=-0.010 delta=-0.0561%
2937159,S31_ALIGNED_Mode,NO,1784227212.020215,0.690000,5,1784227499.934495,0.000000,0.039462,-3.489462,aligned vel=-0.010 delta=-0.0358%
2937169,S31_ALIGNED_Mode,YES,1784227568.189746,0.680000,5,1784227799.928024,1.000000,0.040247,1.559753,aligned vel=0.010 delta=0.0389%
2937288,S31_ALIGNED_Mode,NO,1784228117.169035,0.660000,5,1784228399.898124,1.000000,0.041543,1.658457,aligned vel=-0.010 delta=-0.0270%
2937377,S31_ALIGNED_Mode,YES,1784228454.656162,0.700000,5,1784228699.987698,1.000000,0.038588,1.461413,aligned vel=0.010 delta=0.0225%
2937380,S31_ALIGNED_Mode,YES,1784228741.801297,0.630000,5,1784228999.954987,0.000000,0.042789,-3.192789,aligned vel=0.010 delta=0.0207%
2937400,S31_ALIGNED_Mode,NO,1784229009.216338,0.640000,5,1784229299.909584,1.000000,0.042467,1.757533,aligned vel=-0.030 delta=-0.0211%
2937410,S31_ALIGNED_Mode,NO,1784229354.001851,0.690000,5,1784229599.891282,1.000000,0.039462,1.510538,aligned vel=-0.020 delta=-0.0278%
2937426,S31_ALIGNED_Mode,YES,1784229674.919885,0.660000,5,1784229899.928387,0.000000,0.041543,-3.341543,aligned vel=0.010 delta=0.0231%
2937435,S31_ALIGNED_Mode,NO,1784230032.512717,0.700000,5,1784230199.890109,0.000000,0.038588,-3.538588,aligned vel=-0.080 delta=-0.0248%
2937452,S31_ALIGNED_Mode,NO,1784230212.401692,0.600000,5,1784230499.948483,1.000000,0.043200,1.956800,aligned vel=-0.010 delta=-0.0202%
2937491,S31_ALIGNED_Mode,NO,1784230524.057821,0.620000,5,1784230799.931368,1.000000,0.043018,1.856982,aligned vel=-0.040 delta=-0.0226%
2937499,S31_ALIGNED_Mode,NO,1784230856.586608,0.700000,5,1784231099.86402,1.000000,0.038588,1.461413,aligned vel=-0.020 delta=-0.0499%
2937509,S31_ALIGNED_Mode,NO,1784231197.812116,0.670000,5,1784231399.921671,1.000000,0.040941,1.609059,aligned vel=-0.010 delta=-0.0220%
2937568,S31_ALIGNED_Mode,YES,1784231433.942617,0.700000,5,1784231699.908605,1.000000,0.038588,1.461413,aligned vel=0.010 delta=0.0231%
2937638,S31_ALIGNED_Mode,NO,1784231953.039699,0.690000,5,1784231999.911824,0.000000,0.039462,-3.489462,aligned vel=-0.040 delta=-0.0273%
2937677,S31_ALIGNED_Mode,NO,1784232158.892358,0.660000,5,1784232299.974743,1.000000,0.041543,1.658457,aligned vel=-0.070 delta=-0.0430%
2937700,S31_ALIGNED_Mode,YES,1784232342.891469,0.680000,5,1784232599.902159,0.000000,0.040247,-3.440247,aligned vel=0.010 delta=0.0238%
2937708,S31_ALIGNED_Mode,NO,1784232629.11524,0.670000,5,1784232899.981904,1.000000,0.040941,1.609059,aligned vel=-0.010 delta=-0.0213%
2937720,S31_ALIGNED_Mode,NO,1784232985.38864,0.700000,5,1784233199.990979,0.000000,0.038588,-3.538588,aligned vel=-0.020 delta=-0.0330%
2937729,S31_ALIGNED_Mode,NO,1784233366.833225,0.700000,5,1784233499.876238,1.000000,0.038588,1.461413,aligned vel=-0.010 delta=-0.0203%
2937736,S31_ALIGNED_Mode,NO,1784233530.707193,0.700000,5,1784233800.001427,1.000000,0.038588,1.461413,aligned vel=-0.010 delta=-0.0329%
2937751,S31_ALIGNED_Mode,NO,1784233857.579079,0.690000,5,1784234099.896142,0.000000,0.039462,-3.489462,aligned vel=-0.070 delta=-0.0393%
2937794,S31_ALIGNED_Mode,NO,1784234158.767455,0.670000,5,1784234399.947647,1.000000,0.040941,1.609059,aligned vel=-0.100 delta=-0.0207%
2937826,S31_ALIGNED_Mode,NO,1784234483.612424,0.650000,5,1784234699.893131,1.000000,0.042052,1.707948,aligned vel=-0.070 delta=-0.0243%
2937846,S31_ALIGNED_Mode,NO,1784235043.540051,0.700000,5,1784235299.965304,1.000000,0.038588,1.461413,aligned vel=-0.020 delta=-0.0210%
2937859,S31_ALIGNED_Mode,YES,1784235504.40567,0.500000,5,1784235599.968562,0.000000,0.039062,-2.539062,aligned vel=0.010 delta=0.0230%
2937879,S31_ALIGNED_Mode,NO,1784235758.292927,0.700000,5,1784235899.891278,0.000000,0.038588,-3.538588,aligned vel=-0.010 delta=-0.0295%
2937940,S31_ALIGNED_Mode,NO,1784237450.748916,0.480000,5,1784237699.950523,1.000000,0.037380,2.562620,aligned vel=-0.010 delta=-0.0231%
2937993,S31_ALIGNED_Mode,YES,1784237730.345801,0.520000,5,1784238000.002433,1.000000,0.040495,2.359505,aligned vel=0.010 delta=0.0266%
2937997,S31_ALIGNED_Mode,NO,1784238208.182074,0.250000,5,1784238299.997709,0.000000,0.010986,-1.260986,aligned vel=-0.010 delta=-0.0203%
2938024,S31_ALIGNED_Mode,NO,1784238405.257219,0.690000,5,1784238599.986527,1.000000,0.039462,1.510538,aligned vel=-0.030 delta=-0.0341%
2938435,S31_ALIGNED_Mode,NO,1784239590.241789,0.690000,5,1784239799.963544,1.000000,0.039462,1.510538,aligned vel=-0.020 delta=-0.0224%
2938439,S31_ALIGNED_Mode,NO,1784239822.448751,0.530000,5,1784240099.957255,0.000000,0.041109,-2.691109,aligned vel=-0.010 delta=-0.0270%
2938449,S31_ALIGNED_Mode,NO,1784240113.362327,0.700000,5,1784240399.90903,1.000000,0.038588,1.461413,aligned vel=-0.010 delta=-0.0319%
2938468,S31_ALIGNED_Mode,NO,1784240431.088562,0.700000,5,1784240699.974653,1.000000,0.038588,1.461413,aligned vel=-0.020 delta=-0.0481%
2938471,S31_ALIGNED_Mode,NO,1784240732.3079,0.700000,5,1784240999.94863,1.000000,0.038588,1.461413,aligned vel=-0.010 delta=-0.0430%
2938488,S31_ALIGNED_Mode,YES,1784241064.403641,0.680000,5,1784241299.925383,1.000000,0.040247,1.559753,aligned vel=0.010 delta=0.0238%
2938546,S31_ALIGNED_Mode,NO,1784241735.96359,0.690000,5,1784241899.90511,1.000000,0.039462,1.510538,aligned vel=-0.090 delta=-0.0642%
2938557,S31_ALIGNED_Mode,NO,1784241973.700363,0.590000,5,1784242199.917818,1.000000,0.043155,2.006845,aligned vel=-0.010 delta=-0.0379%
2938563,S31_ALIGNED_Mode,NO,1784242259.280552,0.510000,5,1784242499.926384,1.000000,0.039812,2.410188,aligned vel=-0.010 delta=-0.0337%
2938872,S31_ALIGNED_Mode,YES,1784242509.525824,0.680000,5,1784242799.981394,1.000000,0.040247,1.559753,aligned vel=0.010 delta=0.0204%
2940872,S31_ALIGNED_Mode,NO,1784242836.792764,0.690000,5,1784243100.005045,1.000000,0.039462,1.510538,aligned vel=-0.080 delta=-0.0474%
2940896,S31_ALIGNED_Mode,NO,1784243548.871925,0.440000,5,1784243699.923379,1.000000,0.033392,2.766608,aligned vel=-0.010 delta=-0.0201%
2940904,S31_ALIGNED_Mode,NO,1784243715.501918,0.680000,5,1784243999.960522,1.000000,0.040247,1.559753,aligned vel=-0.020 delta=-0.0269%
2940920,S31_ALIGNED_Mode,NO,1784244010.251755,0.700000,5,1784244299.917143,1.000000,0.038588,1.461413,aligned vel=-0.010 delta=-0.0244%
2940939,S31_ALIGNED_Mode,NO,1784244610.481966,0.670000,5,1784244899.911702,1.000000,0.040941,1.609059,aligned vel=-0.020 delta=-0.0394%
2940986,S31_ALIGNED_Mode,YES,1784244944.62841,0.700000,5,1784245199.984047,0.000000,0.038588,-3.538588,aligned vel=0.020 delta=0.0267%
2940993,S31_ALIGNED_Mode,YES,1784245242.879656,0.670000,5,1784245499.928368,1.000000,0.040941,1.609059,aligned vel=0.010 delta=0.0250%
2941006,S31_ALIGNED_Mode,NO,1784245526.03075,0.640000,5,1784245800.000239,0.000000,0.042467,-3.242467,aligned vel=-0.020 delta=-0.0256%
2941021,S31_ALIGNED_Mode,YES,1784245818.437945,0.680000,5,1784246099.9079,1.000000,0.040247,1.559753,aligned vel=0.020 delta=0.0247%
2941053,S31_ALIGNED_Mode,NO,1784246413.201884,0.670000,5,1784246699.922803,1.000000,0.040941,1.609059,aligned vel=-0.010 delta=-0.0252%
2941084,S31_ALIGNED_Mode,NO,1784246707.533781,0.510000,5,1784246999.899043,1.000000,0.039812,2.410188,aligned vel=-0.010 delta=-0.0217%
2941095,S31_ALIGNED_Mode,YES,1784247015.324697,0.700000,5,1784247299.957874,1.000000,0.038588,1.461413,aligned vel=0.020 delta=0.0219%
2941115,S31_ALIGNED_Mode,YES,1784247332.488445,0.660000,5,1784247599.906308,1.000000,0.041543,1.658457,aligned vel=0.010 delta=0.0220%
2941128,S31_ALIGNED_Mode,NO,1784247670.864223,0.570000,5,1784247899.998631,1.000000,0.042803,2.107197,aligned vel=-0.040 delta=-0.0202%
2941133,S31_ALIGNED_Mode,NO,1784247914.587675,0.620000,5,1784248199.888789,1.000000,0.043018,1.856982,aligned vel=-0.010 delta=-0.0357%
2941139,S31_ALIGNED_Mode,NO,1784248217.933732,0.610000,5,1784248499.975262,1.000000,0.043155,1.906845,aligned vel=-0.010 delta=-0.0206%
2941171,S31_ALIGNED_Mode,NO,1784248534.428723,0.630000,5,1784248800.004192,1.000000,0.042789,1.807211,aligned vel=-0.010 delta=-0.0280%
2941199,S31_ALIGNED_Mode,YES,1784248807.980205,0.650000,5,1784249099.919688,1.000000,0.042052,1.707948,aligned vel=0.010 delta=0.0209%
2941224,S31_ALIGNED_Mode,YES,1784249107.78677,0.600000,5,1784249399.956038,1.000000,0.043200,1.956800,aligned vel=0.020 delta=0.0207%
2941252,S31_ALIGNED_Mode,NO,1784249418.753665,0.660000,5,1784249699.948754,1.000000,0.041543,1.658457,aligned vel=-0.010 delta=-0.0254%
2941372,S31_ALIGNED_Mode,YES,1784249712.098701,0.590000,5,1784249999.964673,1.000000,0.043155,2.006845,aligned vel=0.010 delta=0.0259%
2941612,S31_ALIGNED_Mode,NO,1784250008.204592,0.660000,5,1784250299.946213,0.000000,0.041543,-3.341543,aligned vel=-0.010 delta=-0.0200%
2941717,S31_ALIGNED_Mode,YES,1784250611.02997,0.550000,5,1784250899.90547,0.000000,0.042114,-2.792114,aligned vel=0.060 delta=0.0205%
2941733,S31_ALIGNED_Mode,YES,1784250915.223583,0.640000,5,1784251199.916071,0.000000,0.042467,-3.242467,aligned vel=0.010 delta=0.0213%
2941761,S31_ALIGNED_Mode,NO,1784251255.392188,0.700000,5,1784251499.988085,0.000000,0.038588,-3.538588,aligned vel=-0.020 delta=-0.0694%
2941837,S31_ALIGNED_Mode,YES,1784252229.539001,0.700000,5,1784252399.988258,1.000000,0.038588,1.461413,aligned vel=0.010 delta=0.0324%
2941844,S31_ALIGNED_Mode,NO,1784252449.656933,0.650000,5,1784252699.92008,1.000000,0.042052,1.707948,aligned vel=-0.010 delta=-0.0210%
2941857,S31_ALIGNED_Mode,NO,1784252706.888769,0.580000,5,1784252999.901382,1.000000,0.043022,2.056978,aligned vel=-0.010 delta=-0.0246%
2941872,S31_ALIGNED_Mode,NO,1784253011.960542,0.580000,5,1784253299.980835,1.000000,0.043022,2.056978,aligned vel=-0.020 delta=-0.0291%
2941882,S31_ALIGNED_Mode,NO,1784253308.876333,0.520000,5,1784253599.93024,0.000000,0.040495,-2.640495,aligned vel=-0.010 delta=-0.0248%
2941892,S31_ALIGNED_Mode,NO,1784253609.328747,0.650000,5,1784253899.973774,0.000000,0.042052,-3.292052,aligned vel=-0.020 delta=-0.0399%
2941907,S31_ALIGNED_Mode,YES,1784253963.02673,0.670000,5,1784254199.965999,0.000000,0.040941,-3.390941,aligned vel=0.010 delta=0.0344%
2941910,S31_ALIGNED_Mode,NO,1784254216.019684,0.570000,5,1784254499.907059,0.000000,0.042803,-2.892803,aligned vel=-0.020 delta=-0.0201%
2941923,S31_ALIGNED_Mode,NO,1784254596.572803,0.680000,5,1784254800.003201,1.000000,0.040247,1.559753,aligned vel=-0.050 delta=-0.0387%
2941934,S31_ALIGNED_Mode,NO,1784254822.057557,0.610000,5,1784255099.979401,1.000000,0.043155,1.906845,aligned vel=-0.010 delta=-0.0218%
2941937,S31_ALIGNED_Mode,YES,1784255124.541783,0.660000,5,1784255399.991291,0.000000,0.041543,-3.341543,aligned vel=0.010 delta=0.0239%
2941944,S31_ALIGNED_Mode,NO,1784255411.294258,0.610000,5,1784255699.90623,1.000000,0.043155,1.906845,aligned vel=-0.040 delta=-0.0348%
2941957,S31_ALIGNED_Mode,NO,1784255725.441061,0.610000,5,1784255999.923862,1.000000,0.043155,1.906845,aligned vel=-0.010 delta=-0.0261%
2941965,S31_ALIGNED_Mode,NO,1784256008.6339,0.620000,5,1784256299.986386,0.000000,0.043018,-3.143018,aligned vel=-0.010 delta=-0.0255%
2942033,S31_ALIGNED_Mode,YES,1784256310.919452,0.580000,5,1784256599.994121,0.000000,0.043022,-2.943022,aligned vel=0.010 delta=0.0220%
2942045,S31_ALIGNED_Mode,YES,1784256610.728875,0.610000,5,1784256899.923517,0.000000,0.043155,-3.093155,aligned vel=0.010 delta=0.0205%
2942060,S31_ALIGNED_Mode,YES,1784256958.79351,0.700000,5,1784257199.917929,1.000000,0.038588,1.461413,aligned vel=0.010 delta=0.0241%
2942148,S31_ALIGNED_Mode,YES,1784257219.707751,0.650000,5,1784257499.967485,1.000000,0.042052,1.707948,aligned vel=0.010 delta=0.0208%
2942165,S31_ALIGNED_Mode,NO,1784257810.604393,0.610000,5,1784258099.976137,1.000000,0.043155,1.906845,aligned vel=-0.060 delta=-0.0289%
2942180,S31_ALIGNED_Mode,YES,1784258142.586196,0.550000,5,1784258399.921021,1.000000,0.042114,2.207886,aligned vel=0.010 delta=0.0222%
2942186,S31_ALIGNED_Mode,NO,1784258462.171248,0.680000,5,1784258699.979133,1.000000,0.040247,1.559753,aligned vel=-0.040 delta=-0.0205%
2942197,S31_ALIGNED_Mode,YES,1784258721.08995,0.690000,5,1784258999.907801,1.000000,0.039462,1.510538,aligned vel=0.020 delta=0.0221%
2942217,S31_ALIGNED_Mode,NO,1784259011.546655,0.680000,5,1784259299.987017,0.000000,0.040247,-3.440247,aligned vel=-0.020 delta=-0.0217%
2942263,S31_ALIGNED_Mode,NO,1784259312.669044,0.690000,5,1784259599.99159,1.000000,0.039462,1.510538,aligned vel=-0.020 delta=-0.0226%
2942302,S31_ALIGNED_Mode,NO,1784259941.071404,0.700000,5,1784260199.915776,1.000000,0.038588,1.461413,aligned vel=-0.020 delta=-0.0325%
2942303,S31_ALIGNED_Mode,NO,1784260273.790801,0.670000,5,1784260499.966943,0.000000,0.040941,-3.390941,aligned vel=-0.060 delta=-0.0438%
2942458,S31_ALIGNED_Mode,YES,1784260538.427963,0.670000,5,1784260799.932101,1.000000,0.040941,1.609059,aligned vel=0.030 delta=0.0222%
2942683,S31_ALIGNED_Mode,NO,1784260846.607609,0.700000,5,1784261099.98239,1.000000,0.038588,1.461413,aligned vel=-0.060 delta=-0.0687%
2942708,S31_ALIGNED_Mode,YES,1784261435.790431,0.680000,5,1784261700.003541,0.000000,0.040247,-3.440247,aligned vel=0.020 delta=0.0215%
2942712,S31_ALIGNED_Mode,YES,1784261739.556313,0.630000,5,1784261999.932384,0.000000,0.042789,-3.192789,aligned vel=0.010 delta=0.0283%
2942729,S31_ALIGNED_Mode,NO,1784262015.435772,0.610000,5,1784262300.00905,0.000000,0.043155,-3.093155,aligned vel=-0.010 delta=-0.0201%
2942801,S31_ALIGNED_Mode,YES,1784262359.090541,0.660000,5,1784262599.905953,0.000000,0.041543,-3.341543,aligned vel=0.010 delta=0.0209%
2942816,S31_ALIGNED_Mode,NO,1784262659.102546,0.640000,5,1784262899.916252,1.000000,0.042467,1.757533,aligned vel=-0.010 delta=-0.0217%
2942856,S31_ALIGNED_Mode,YES,1784262909.857545,0.610000,5,1784263199.944326,1.000000,0.043155,1.906845,aligned vel=0.010 delta=0.0221%
2942867,S31_ALIGNED_Mode,NO,1784263230.04131,0.660000,5,1784263499.998926,0.000000,0.041543,-3.341543,aligned vel=-0.010 delta=-0.0212%
2942870,S31_ALIGNED_Mode,YES,1784263514.559075,0.650000,5,1784263799.97804,1.000000,0.042052,1.707948,aligned vel=0.020 delta=0.0203%
2942911,S31_ALIGNED_Mode,NO,1784263808.0939,0.630000,5,1784264099.930954,1.000000,0.042789,1.807211,aligned vel=-0.010 delta=-0.0206%
2943257,S31_ALIGNED_Mode,NO,1784264143.117073,0.670000,5,1784264399.986432,1.000000,0.040941,1.609059,aligned vel=-0.070 delta=-0.0493%
2943452,S31_ALIGNED_Mode,NO,1784264741.243773,0.700000,5,1784264999.90873,0.000000,0.038588,-3.538588,aligned vel=-0.040 delta=-0.0584%
2943481,S31_ALIGNED_Mode,YES,1784265060.439828,0.680000,5,1784265299.995107,1.000000,0.040247,1.559753,aligned vel=0.010 delta=0.0333%
2943487,S31_ALIGNED_Mode,NO,1784265341.750316,0.660000,5,1784265599.927111,1.000000,0.041543,1.658457,aligned vel=-0.010 delta=-0.0216%
2943503,S31_ALIGNED_Mode,NO,1784265675.140875,0.700000,5,1784265899.912781,1.000000,0.038588,1.461413,aligned vel=-0.100 delta=-0.0356%
2943515,S31_ALIGNED_Mode,NO,1784265925.980433,0.700000,5,1784266199.927913,1.000000,0.038588,1.461413,aligned vel=-0.050 delta=-0.0550%
2943538,S31_ALIGNED_Mode,YES,1784266211.882977,0.660000,5,1784266499.966139,0.000000,0.041543,-3.341543,aligned vel=0.010 delta=0.0282%
2943542,S31_ALIGNED_Mode,NO,1784266530.578762,0.700000,5,1784266799.973417,1.000000,0.038588,1.461413,aligned vel=-0.030 delta=-0.0717%
2945828,S31_ALIGNED_Mode,NO,1784287334.128543,0.700000,5,1784287499.92323,1.000000,0.038588,1.461413,aligned vel=-0.020 delta=-0.0208%
2945848,S31_ALIGNED_Mode,NO,1784287821.880631,0.690000,5,1784288099.963026,0.000000,0.039462,-3.489462,aligned vel=-0.080 delta=-0.0319%
2945869,S31_ALIGNED_Mode,YES,1784288142.587215,0.700000,5,1784288399.867533,1.000000,0.038588,1.461413,aligned vel=0.030 delta=0.0455%
2945879,S31_ALIGNED_Mode,NO,1784288583.389221,0.680000,5,1784288699.996699,0.000000,0.040247,-3.440247,aligned vel=-0.100 delta=-0.0223%
2945881,S31_ALIGNED_Mode,YES,1784288732.097123,0.700000,5,1784288999.953311,0.000000,0.038588,-3.538588,aligned vel=0.030 delta=0.0256%
2945898,S31_ALIGNED_Mode,NO,1784289035.430363,0.700000,5,1784289299.926623,0.000000,0.038588,-3.538588,aligned vel=-0.020 delta=-0.0301%
2945924,S31_ALIGNED_Mode,YES,1784289627.003807,0.690000,5,1784289899.957538,0.000000,0.039462,-3.489462,aligned vel=0.030 delta=0.0265%
2945963,S31_ALIGNED_Mode,YES,1784290516.287653,0.700000,5,1784290799.931977,0.000000,0.038588,-3.538588,aligned vel=0.030 delta=0.0394%
2946009,S31_ALIGNED_Mode,NO,1784291478.704479,0.700000,5,1784291699.953407,1.000000,0.038588,1.461413,aligned vel=-0.040 delta=-0.0370%
2946068,S31_ALIGNED_Mode,NO,1784291743.696453,0.690000,5,1784291999.958727,1.000000,0.039462,1.510538,aligned vel=-0.010 delta=-0.0235%
2946074,S31_ALIGNED_Mode,NO,1784292019.906416,0.660000,5,1784292299.960661,1.000000,0.041543,1.658457,aligned vel=-0.010 delta=-0.0264%
2946090,S31_ALIGNED_Mode,NO,1784292347.539408,0.650000,5,1784292599.893973,1.000000,0.042052,1.707948,aligned vel=-0.010 delta=-0.0272%
2946155,S31_ALIGNED_Mode,NO,1784292992.94771,0.670000,5,1784293199.87238,1.000000,0.040941,1.609059,aligned vel=-0.010 delta=-0.0251%
2946172,S31_ALIGNED_Mode,NO,1784293241.108828,0.680000,5,1784293499.991029,1.000000,0.040247,1.559753,aligned vel=-0.090 delta=-0.0459%
2946176,S31_ALIGNED_Mode,NO,1784293541.555607,0.590000,5,1784293799.943026,1.000000,0.043155,2.006845,aligned vel=-0.010 delta=-0.0204%
2946192,S31_ALIGNED_Mode,NO,1784293846.642197,0.630000,5,1784294099.993776,1.000000,0.042789,1.807211,aligned vel=-0.010 delta=-0.0285%
2946204,S31_ALIGNED_Mode,YES,1784294145.229288,0.700000,5,1784294399.959374,1.000000,0.038588,1.461413,aligned vel=0.020 delta=0.0446%
2946219,S31_ALIGNED_Mode,YES,1784294415.7071,0.630000,5,1784294700.000378,0.000000,0.042789,-3.192789,aligned vel=0.010 delta=0.0249%
2946223,S31_ALIGNED_Mode,NO,1784294712.766451,0.640000,5,1784295000.005894,1.000000,0.042467,1.757533,aligned vel=-0.010 delta=-0.0212%
2946230,S31_ALIGNED_Mode,YES,1784295054.559656,0.700000,5,1784295299.982951,0.000000,0.038588,-3.538588,aligned vel=0.010 delta=0.0807%
2946285,S31_ALIGNED_Mode,NO,1784295346.935362,0.510000,5,1784295599.907902,1.000000,0.039812,2.410188,aligned vel=-0.010 delta=-0.0233%
2946378,S31_ALIGNED_Mode,YES,1784295609.994372,0.700000,5,1784295899.964635,0.000000,0.038588,-3.538588,aligned vel=0.010 delta=0.0682%
2946425,S31_ALIGNED_Mode,NO,1784295913.745273,0.540000,5,1784296199.956958,0.000000,0.041649,-2.741649,aligned vel=-0.010 delta=-0.0366%
2946460,S31_ALIGNED_Mode,YES,1784296218.788106,0.560000,5,1784296499.95677,1.000000,0.042499,2.157501,aligned vel=0.010 delta=0.0260%
2946483,S31_ALIGNED_Mode,NO,1784296510.706842,0.600000,5,1784296799.974381,0.000000,0.043200,-3.043200,aligned vel=-0.020 delta=-0.0342%
2946540,S31_ALIGNED_Mode,YES,1784296810.448871,0.610000,5,1784297099.937954,1.000000,0.043155,1.906845,aligned vel=0.010 delta=0.0861%
2946548,S31_ALIGNED_Mode,YES,1784297110.541635,0.580000,5,1784297399.997412,1.000000,0.043022,2.056978,aligned vel=0.020 delta=0.0465%
2946666,S31_ALIGNED_Mode,YES,1784297410.146088,0.540000,5,1784297699.95034,1.000000,0.041649,2.258351,aligned vel=0.010 delta=0.0230%
2946686,S31_ALIGNED_Mode,NO,1784297719.932533,0.700000,5,1784297999.896367,1.000000,0.038588,1.461413,aligned vel=-0.010 delta=-0.0641%
2946696,S31_ALIGNED_Mode,YES,1784298013.290779,0.580000,5,1784298299.9921,0.000000,0.043022,-2.943022,aligned vel=0.010 delta=0.0324%
2946722,S31_ALIGNED_Mode,YES,1784298308.944551,0.650000,5,1784298599.990555,0.000000,0.042052,-3.292052,aligned vel=0.010 delta=0.0586%
2946736,S31_ALIGNED_Mode,NO,1784298634.49805,0.670000,5,1784298899.919252,1.000000,0.040941,1.609059,aligned vel=-0.010 delta=-0.0769%
2946781,S31_ALIGNED_Mode,YES,1784298935.308465,0.590000,5,1784299199.93875,1.000000,0.043155,2.006845,aligned vel=0.070 delta=0.0274%
2946787,S31_ALIGNED_Mode,NO,1784299213.989508,0.630000,5,1784299499.884654,1.000000,0.042789,1.807211,aligned vel=-0.020 delta=-0.0250%
2946808,S31_ALIGNED_Mode,NO,1784299509.247409,0.610000,5,1784299799.987721,1.000000,0.043155,1.906845,aligned vel=-0.010 delta=-0.0211%
2946815,S31_ALIGNED_Mode,YES,1784299819.498266,0.600000,5,1784300099.925787,0.000000,0.043200,-3.043200,aligned vel=0.060 delta=0.0231%
2946899,S31_ALIGNED_Mode,YES,1784300114.533492,0.620000,5,1784300399.940893,1.000000,0.043018,1.856982,aligned vel=0.020 delta=0.0323%
2946909,S31_ALIGNED_Mode,NO,1784300411.930259,0.660000,5,1784300699.917229,1.000000,0.041543,1.658457,aligned vel=-0.010 delta=-0.0540%
2946919,S31_ALIGNED_Mode,NO,1784300710.340232,0.600000,5,1784300999.941622,1.000000,0.043200,1.956800,aligned vel=-0.010 delta=-0.0451%
2946934,S31_ALIGNED_Mode,YES,1784301008.614603,0.650000,5,1784301300.008617,0.000000,0.042052,-3.292052,aligned vel=0.010 delta=0.0650%
2946950,S31_ALIGNED_Mode,YES,1784301312.28618,0.580000,5,1784301599.900326,1.000000,0.043022,2.056978,aligned vel=0.010 delta=0.0219%
2946954,S31_ALIGNED_Mode,NO,1784301631.950846,0.620000,5,1784301899.989146,0.000000,0.043018,-3.143018,aligned vel=-0.010 delta=-0.0360%
2946966,S31_ALIGNED_Mode,YES,1784301923.681237,0.580000,5,1784302199.949345,1.000000,0.043022,2.056978,aligned vel=0.010 delta=0.0348%
2946970,S31_ALIGNED_Mode,YES,1784302214.853844,0.550000,5,1784302499.946107,0.000000,0.042114,-2.792114,aligned vel=0.010 delta=0.0241%
2947037,S31_ALIGNED_Mode,NO,1784302511.685291,0.570000,5,1784302799.95453,0.000000,0.042803,-2.892803,aligned vel=-0.030 delta=-0.0279%
2947050,S31_ALIGNED_Mode,NO,1784302834.392277,0.610000,5,1784303099.896403,1.000000,0.043155,1.906845,aligned vel=-0.020 delta=-0.0325%
2947062,S31_ALIGNED_Mode,NO,1784303141.017669,0.700000,5,1784303399.955736,1.000000,0.038588,1.461413,aligned vel=-0.010 delta=-0.0351%
2947068,S31_ALIGNED_Mode,YES,1784303414.789104,0.630000,5,1784303700.005332,1.000000,0.042789,1.807211,aligned vel=0.010 delta=0.0344%
2947286,S31_ALIGNED_Mode,YES,1784303716.702591,0.620000,5,1784303999.938549,1.000000,0.043018,1.856982,aligned vel=0.010 delta=0.0431%
2947322,S31_ALIGNED_Mode,NO,1784304008.803463,0.600000,5,1784304299.938373,1.000000,0.043200,1.956800,aligned vel=-0.020 delta=-0.0239%
2947449,S31_ALIGNED_Mode,NO,1784304361.488857,0.650000,5,1784304599.925339,0.000000,0.042052,-3.292052,aligned vel=-0.030 delta=-0.0291%
2947461,S31_ALIGNED_Mode,YES,1784304668.089557,0.670000,5,1784304899.99983,1.000000,0.040941,1.609059,aligned vel=0.010 delta=0.0520%
2947474,S31_ALIGNED_Mode,NO,1784304912.515945,0.660000,5,1784305199.979818,0.000000,0.041543,-3.341543,aligned vel=-0.010 delta=-0.0501%
2947492,S31_ALIGNED_Mode,NO,1784305210.787584,0.640000,5,1784305499.91871,1.000000,0.042467,1.757533,aligned vel=-0.010 delta=-0.0363%
2947501,S31_ALIGNED_Mode,YES,1784305520.222416,0.620000,5,1784305799.905762,1.000000,0.043018,1.856982,aligned vel=0.010 delta=0.0226%
2947534,S31_ALIGNED_Mode,NO,1784305848.058459,0.660000,5,1784306099.92063,1.000000,0.041543,1.658457,aligned vel=-0.010 delta=-0.0277%
2947752,S31_ALIGNED_Mode,YES,1784306125.718532,0.620000,5,1784306399.989573,1.000000,0.043018,1.856982,aligned vel=0.020 delta=0.0277%
2947759,S31_ALIGNED_Mode,NO,1784306465.315203,0.700000,5,1784306699.903864,0.000000,0.038588,-3.538588,aligned vel=-0.040 delta=-0.0370%
2947774,S31_ALIGNED_Mode,YES,1784306710.652375,0.610000,5,1784306999.917706,1.000000,0.043155,1.906845,aligned vel=0.010 delta=0.0311%
2947777,S31_ALIGNED_Mode,YES,1784307018.708321,0.620000,5,1784307299.891075,1.000000,0.043018,1.856982,aligned vel=0.010 delta=0.0435%
2948438,S31_ALIGNED_Mode,NO,1784307344.760747,0.650000,5,1784307599.897769,1.000000,0.042052,1.707948,aligned vel=-0.010 delta=-0.0287%
2948460,S31_ALIGNED_Mode,YES,1784307611.63953,0.540000,5,1784307899.915858,1.000000,0.041649,2.258351,aligned vel=0.010 delta=0.0205%
2948481,S31_ALIGNED_Mode,YES,1784307966.992782,0.640000,5,1784308199.896288,1.000000,0.042467,1.757533,aligned vel=0.020 delta=0.0247%
2948579,S31_ALIGNED_Mode,NO,1784308217.486741,0.570000,5,1784308499.959633,1.000000,0.042803,2.107197,aligned vel=-0.010 delta=-0.0261%
2948585,S31_ALIGNED_Mode,NO,1784308514.886182,0.640000,5,1784308799.948706,1.000000,0.042467,1.757533,aligned vel=-0.010 delta=-0.0411%
2948603,S31_ALIGNED_Mode,YES,1784308813.425865,0.580000,5,1784309099.911053,1.000000,0.043022,2.056978,aligned vel=0.020 delta=0.0242%
2948701,S31_ALIGNED_Mode,YES,1784309108.957861,0.590000,5,1784309399.976044,1.000000,0.043155,2.006845,aligned vel=0.040 delta=0.0381%
2948708,S31_ALIGNED_Mode,YES,1784309411.535021,0.580000,5,1784309699.960514,1.000000,0.043022,2.056978,aligned vel=0.010 delta=0.0299%
2948758,S31_ALIGNED_Mode,NO,1784309718.701452,0.660000,5,1784309999.979668,1.000000,0.041543,1.658457,aligned vel=-0.020 delta=-0.0211%
2948769,S31_ALIGNED_Mode,NO,1784310033.661258,0.660000,5,1784310299.998746,1.000000,0.041543,1.658457,aligned vel=-0.010 delta=-0.0333%
2948776,S31_ALIGNED_Mode,YES,1784310334.483508,0.680000,5,1784310599.949535,1.000000,0.040247,1.559753,aligned vel=0.010 delta=0.0454%
2948794,S31_ALIGNED_Mode,NO,1784310652.721342,0.690000,5,1784310899.919773,1.000000,0.039462,1.510538,aligned vel=-0.020 delta=-0.0532%
2949255,S31_ALIGNED_Mode,NO,1784310912.215738,0.670000,5,1784311199.978639,0.000000,0.040941,-3.390941,aligned vel=-0.020 delta=-0.0400%
2949590,S31_ALIGNED_Mode,YES,1784311209.764203,0.640000,5,1784311499.906776,0.000000,0.042467,-3.242467,aligned vel=0.010 delta=0.0368%
2949667,S31_ALIGNED_Mode,YES,1784311523.35387,0.640000,5,1784311800.004756,1.000000,0.042467,1.757533,aligned vel=0.030 delta=0.0342%
2950115,S31_ALIGNED_Mode,YES,1784311810.194079,0.700000,5,1784312099.949469,1.000000,0.038588,1.461413,aligned vel=0.020 delta=0.0523%
2950518,S31_ALIGNED_Mode,NO,1784312113.297728,0.650000,5,1784312399.938201,1.000000,0.042052,1.707948,aligned vel=-0.020 delta=-0.0417%
2950526,S31_ALIGNED_Mode,NO,1784312411.213378,0.620000,5,1784312699.912481,1.000000,0.043018,1.856982,aligned vel=-0.010 delta=-0.0289%
2950536,S31_ALIGNED_Mode,YES,1784312708.841436,0.640000,5,1784312999.940386,1.000000,0.042467,1.757533,aligned vel=0.020 delta=0.0280%
2950542,S31_ALIGNED_Mode,YES,1784313018.554962,0.650000,5,1784313299.935639,1.000000,0.042052,1.707948,aligned vel=0.010 delta=0.0314%
2950598,S31_ALIGNED_Mode,YES,1784313341.596472,0.620000,5,1784313599.914095,1.000000,0.043018,1.856982,aligned vel=0.020 delta=0.0206%
2950622,S31_ALIGNED_Mode,YES,1784313707.6849,0.610000,5,1784313899.990574,1.000000,0.043155,1.906845,aligned vel=0.010 delta=0.0216%
2950641,S31_ALIGNED_Mode,YES,1784313912.788468,0.580000,5,1784314199.953349,1.000000,0.043022,2.056978,aligned vel=0.060 delta=0.0256%
2950647,S31_ALIGNED_Mode,NO,1784314231.685961,0.700000,5,1784314499.889078,0.000000,0.038588,-3.538588,aligned vel=-0.010 delta=-0.0578%
2950785,S31_ALIGNED_Mode,NO,1784314527.942153,0.700000,5,1784314799.910807,1.000000,0.038588,1.461413,aligned vel=-0.040 delta=-0.0688%
2950839,S31_ALIGNED_Mode,NO,1784314838.963339,0.680000,5,1784315099.854487,1.000000,0.040247,1.559753,aligned vel=-0.030 delta=-0.0295%
2950849,S31_ALIGNED_Mode,NO,1784315110.652449,0.670000,5,1784315399.910932,1.000000,0.040941,1.609059,aligned vel=-0.010 delta=-0.0349%
2950860,S31_ALIGNED_Mode,NO,1784315474.81069,0.620000,5,1784315699.97866,1.000000,0.043018,1.856982,aligned vel=-0.020 delta=-0.0264%
2950871,S31_ALIGNED_Mode,YES,1784315736.268394,0.660000,5,1784315999.909768,0.000000,0.041543,-3.341543,aligned vel=0.010 delta=0.0211%
2950882,S31_ALIGNED_Mode,NO,1784316009.028357,0.640000,5,1784316299.950911,1.000000,0.042467,1.757533,aligned vel=-0.010 delta=-0.0395%
2950891,S31_ALIGNED_Mode,NO,1784316313.485017,0.610000,5,1784316599.917999,0.000000,0.043155,-3.093155,aligned vel=-0.010 delta=-0.0233%
2950911,S31_ALIGNED_Mode,YES,1784316612.453365,0.700000,5,1784316899.899782,1.000000,0.038588,1.461413,aligned vel=0.010 delta=0.0385%
2950956,S31_ALIGNED_Mode,NO,1784316966.168563,0.650000,5,1784317199.93693,0.000000,0.042052,-3.292052,aligned vel=-0.010 delta=-0.0271%
2950982,S31_ALIGNED_Mode,NO,1784317211.793347,0.610000,5,1784317499.91522,0.000000,0.043155,-3.093155,aligned vel=-0.010 delta=-0.0206%
2950998,S31_ALIGNED_Mode,YES,1784317510.138577,0.620000,5,1784317800.001978,0.000000,0.043018,-3.143018,aligned vel=0.030 delta=0.0200%
2951004,S31_ALIGNED_Mode,YES,1784317809.113784,0.650000,5,1784318099.910139,1.000000,0.042052,1.707948,aligned vel=0.010 delta=0.0300%
2951019,S31_ALIGNED_Mode,NO,1784318161.753196,0.690000,5,1784318399.983769,1.000000,0.039462,1.510538,aligned vel=-0.030 delta=-0.0454%
2951066,S31_ALIGNED_Mode,NO,1784318743.959243,0.620000,5,1784318999.915287,1.000000,0.043018,1.856982,aligned vel=-0.020 delta=-0.0240%
2951078,S31_ALIGNED_Mode,YES,1784319036.506229,0.640000,5,1784319299.916531,1.000000,0.042467,1.757533,aligned vel=0.010 delta=0.0221%
2951087,S31_ALIGNED_Mode,NO,1784319335.093507,0.540000,5,1784319599.895442,0.000000,0.041649,-2.741649,aligned vel=-0.060 delta=-0.0214%
2951103,S31_ALIGNED_Mode,YES,1784319616.84939,0.620000,5,1784319899.984519,1.000000,0.043018,1.856982,aligned vel=0.010 delta=0.0239%
2951166,S31_ALIGNED_Mode,YES,1784319962.976161,0.620000,5,1784320199.932774,0.000000,0.043018,-3.143018,aligned vel=0.010 delta=0.0305%
2951175,S31_ALIGNED_Mode,NO,1784320278.101837,0.670000,5,1784320499.94208,1.000000,0.040941,1.609059,aligned vel=-0.020 delta=-0.0269%
2951361,S31_ALIGNED_Mode,NO,1784320532.918675,0.670000,5,1784320799.943144,1.000000,0.040941,1.609059,aligned vel=-0.020 delta=-0.0287%
2951362,S31_ALIGNED_Mode,NO,1784320827.148101,0.700000,5,1784321099.904341,0.000000,0.038588,-3.538588,aligned vel=-0.050 delta=-0.0414%
2951382,S31_ALIGNED_Mode,YES,1784321141.645151,0.640000,5,1784321399.920091,0.000000,0.042467,-3.242467,aligned vel=0.010 delta=0.0303%
2951400,S31_ALIGNED_Mode,YES,1784321733.762409,0.670000,5,1784321999.95733,0.000000,0.040941,-3.390941,aligned vel=0.010 delta=0.0294%
2951441,S31_ALIGNED_Mode,YES,1784322022.589953,0.660000,5,1784322299.902811,1.000000,0.041543,1.658457,aligned vel=0.020 delta=0.0227%
2951451,S31_ALIGNED_Mode,NO,1784322310.861162,0.690000,5,1784322599.962096,1.000000,0.039462,1.510538,aligned vel=-0.010 delta=-0.0244%
2951467,S31_ALIGNED_Mode,YES,1784322843.000815,0.630000,5,1784322899.961257,1.000000,0.042789,1.807211,aligned vel=0.010 delta=0.0238%
2951482,S31_ALIGNED_Mode,YES,1784322968.444084,0.670000,5,1784323200.005127,0.000000,0.040941,-3.390941,aligned vel=0.010 delta=0.0210%
2951492,S31_ALIGNED_Mode,NO,1784323244.665886,0.670000,5,1784323499.978867,0.000000,0.040941,-3.390941,aligned vel=-0.010 delta=-0.0208%
2951500,S31_ALIGNED_Mode,NO,1784323514.025896,0.630000,5,1784323799.947006,1.000000,0.042789,1.807211,aligned vel=-0.010 delta=-0.0260%
2951520,S31_ALIGNED_Mode,NO,1784323821.534696,0.480000,5,1784324099.914693,1.000000,0.037380,2.562620,aligned vel=-0.040 delta=-0.0225%
2951645,S31_ALIGNED_Mode,NO,1784324481.427777,0.640000,5,1784324699.943602,0.000000,0.042467,-3.242467,aligned vel=-0.060 delta=-0.0204%
2951651,S31_ALIGNED_Mode,NO,1784324734.414198,0.660000,5,1784324999.892044,0.000000,0.041543,-3.341543,aligned vel=-0.010 delta=-0.0222%
2951666,S31_ALIGNED_Mode,NO,1784325123.761558,0.680000,5,1784325299.981036,1.000000,0.040247,1.559753,aligned vel=-0.040 delta=-0.0434%
2951861,S31_ALIGNED_Mode,NO,1784325553.013081,0.700000,5,1784325599.898577,0.000000,0.038588,-3.538588,aligned vel=-0.200 delta=-0.0306%
2951909,S31_ALIGNED_Mode,YES,1784325610.600053,0.650000,5,1784325900.002997,0.000000,0.042052,-3.292052,aligned vel=0.020 delta=0.0209%
2951972,S31_ALIGNED_Mode,YES,1784325959.846896,0.590000,5,1784326199.984817,0.000000,0.043155,-2.993155,aligned vel=0.010 delta=0.0201%
2951977,S31_ALIGNED_Mode,YES,1784326282.238887,0.680000,5,1784326499.955266,1.000000,0.040247,1.559753,aligned vel=0.010 delta=0.0251%
2952003,S31_ALIGNED_Mode,NO,1784326945.305415,0.680000,5,1784327099.886976,0.000000,0.040247,-3.440247,aligned vel=-0.070 delta=-0.0331%
2952033,S31_ALIGNED_Mode,NO,1784327553.830729,0.700000,5,1784327699.915357,1.000000,0.038588,1.461413,aligned vel=-0.080 delta=-0.0382%
2952097,S31_ALIGNED_Mode,NO,1784327736.23301,0.620000,5,1784327999.97485,1.000000,0.043018,1.856982,aligned vel=-0.010 delta=-0.0202%
2953311,S31_ALIGNED_Mode,NO,1784329189.687407,0.230000,5,1784329199.903404,1.000000,0.009017,3.840983,aligned vel=-0.030 delta=-0.0202%
2953332,S31_ALIGNED_Mode,NO,1784329557.234439,0.700000,5,1784329799.955722,1.000000,0.038588,1.461413,aligned vel=-0.010 delta=-0.0298%
2953348,S31_ALIGNED_Mode,NO,1784329850.037081,0.700000,5,1784330099.899243,1.000000,0.038588,1.461413,aligned vel=-0.030 delta=-0.0204%
2953357,S31_ALIGNED_Mode,YES,1784330300.7726,0.660000,5,1784330399.979859,1.000000,0.041543,1.658457,aligned vel=0.030 delta=0.0277%
2953497,S31_ALIGNED_Mode,NO,1784331592.142514,0.690000,5,1784331599.943048,1.000000,0.039462,1.510538,aligned vel=-0.110 delta=-0.0335%
2953542,S31_ALIGNED_Mode,NO,1784331611.191401,0.680000,5,1784331899.99364,1.000000,0.040247,1.559753,aligned vel=-0.050 delta=-0.0203%
2953557,S31_ALIGNED_Mode,NO,1784331907.263978,0.590000,5,1784332199.964566,1.000000,0.043155,2.006845,aligned vel=-0.010 delta=-0.0310%
2953598,S31_ALIGNED_Mode,YES,1784332556.303434,0.500000,5,1784332799.946831,0.000000,0.039062,-2.539062,aligned vel=0.010 delta=0.0237%
2953679,S31_ALIGNED_Mode,YES,1784332832.128729,0.640000,5,1784333099.944628,0.000000,0.042467,-3.242467,aligned vel=0.010 delta=0.0249%
2953702,S31_ALIGNED_Mode,NO,1784333208.128985,0.560000,5,1784333399.972618,1.000000,0.042499,2.157501,aligned vel=-0.040 delta=-0.0245%
2953747,S31_ALIGNED_Mode,YES,1784333551.775012,0.670000,5,1784333699.989541,1.000000,0.040941,1.609059,aligned vel=0.010 delta=0.0207%
2953782,S31_ALIGNED_Mode,YES,1784333750.712375,0.700000,5,1784333999.978017,1.000000,0.038588,1.461413,aligned vel=0.010 delta=0.0207%
2953796,S31_ALIGNED_Mode,NO,1784334014.669708,0.690000,5,1784334299.9028,1.000000,0.039462,1.510538,aligned vel=-0.020 delta=-0.0203%
2953814,S31_ALIGNED_Mode,NO,1784334654.132175,0.680000,5,1784334899.915468,1.000000,0.040247,1.559753,aligned vel=-0.040 delta=-0.0285%
2954332,S31_ALIGNED_Mode,NO,1784336590.508145,0.290000,5,1784336700.001192,0.000000,0.015368,-1.465368,aligned vel=-0.010 delta=-0.0208%
2954338,S31_ALIGNED_Mode,NO,1784336792.588796,0.620000,5,1784336999.931411,0.000000,0.043018,-3.143018,aligned vel=-0.010 delta=-0.0202%
2954347,S31_ALIGNED_Mode,NO,1784337113.373367,0.690000,5,1784337299.952955,0.000000,0.039462,-3.489462,aligned vel=-0.050 delta=-0.0245%
2954460,S31_ALIGNED_Mode,NO,1784338535.649308,0.520000,5,1784338799.950557,0.000000,0.040495,-2.640495,aligned vel=-0.020 delta=-0.0206%
2954480,S31_ALIGNED_Mode,YES,1784339388.393143,0.530000,5,1784339399.946189,0.000000,0.041109,-2.691109,aligned vel=0.010 delta=0.0286%
2954515,S31_ALIGNED_Mode,YES,1784339477.167371,0.670000,5,1784339699.93178,1.000000,0.040941,1.609059,aligned vel=0.060 delta=0.0205%
2954549,S31_ALIGNED_Mode,NO,1784339950.336507,0.650000,5,1784339999.93543,1.000000,0.042052,1.707948,aligned vel=-0.140 delta=-0.0245%
2954584,S31_ALIGNED_Mode,NO,1784340351.360793,0.690000,5,1784340599.956548,0.000000,0.039462,-3.489462,aligned vel=-0.040 delta=-0.0394%
2954596,S31_ALIGNED_Mode,NO,1784340615.810964,0.650000,5,1784340899.948111,0.000000,0.042052,-3.292052,aligned vel=-0.030 delta=-0.0303%
2954610,S31_ALIGNED_Mode,YES,1784340949.740744,0.620000,5,1784341199.916027,1.000000,0.043018,1.856982,aligned vel=0.010 delta=0.0223%
2954623,S31_ALIGNED_Mode,YES,1784341264.638656,0.700000,5,1784341499.933583,1.000000,0.038588,1.461413,aligned vel=0.010 delta=0.0202%
2954747,S31_ALIGNED_Mode,YES,1784342188.626406,0.620000,5,1784342399.947573,1.000000,0.043018,1.856982,aligned vel=0.160 delta=0.0215%
2955158,S31_ALIGNED_Mode,NO,1784344313.667213,0.660000,5,1784344499.92142,1.000000,0.041543,1.658457,aligned vel=-0.020 delta=-0.0206%
2955172,S31_ALIGNED_Mode,YES,1784344621.43279,0.510000,5,1784344799.937571,1.000000,0.039812,2.410188,aligned vel=0.020 delta=0.0215%
2955340,S31_ALIGNED_Mode,YES,1784346103.936033,0.570000,5,1784346299.933733,1.000000,0.042803,2.107197,aligned vel=0.030 delta=0.0219%
2955347,S31_ALIGNED_Mode,NO,1784346483.860104,0.490000,5,1784346599.963912,0.000000,0.038251,-2.488251,aligned vel=-0.010 delta=-0.0232%
2955868,S31_ALIGNED_Mode,NO,1784348329.716,0.650000,5,1784348399.911223,0.000000,0.042052,-3.292052,aligned vel=-0.060 delta=-0.0227%
2955884,S31_ALIGNED_Mode,NO,1784348408.229659,0.690000,5,1784348699.976982,1.000000,0.039462,1.510538,aligned vel=-0.030 delta=-0.0202%
2956017,S31_ALIGNED_Mode,NO,1784349331.760625,0.700000,5,1784349599.945218,1.000000,0.038588,1.461413,aligned vel=-0.010 delta=-0.0237%
2956046,S31_ALIGNED_Mode,YES,1784350485.546225,0.330000,5,1784350499.992213,1.000000,0.020165,3.329835,aligned vel=0.100 delta=0.0375%
2956682,S31_ALIGNED_Mode,NO,1784350922.83801,0.640000,5,1784351099.922469,1.000000,0.042467,1.757533,aligned vel=-0.010 delta=-0.0261%
2956699,S31_ALIGNED_Mode,NO,1784351519.857206,0.700000,5,1784351699.943627,1.000000,0.038588,1.461413,aligned vel=-0.020 delta=-0.0218%
2956794,S31_ALIGNED_Mode,YES,1784353124.107485,0.660000,5,1784353199.936212,0.000000,0.041543,-3.341543,aligned vel=0.030 delta=0.0222%
2956852,S31_ALIGNED_Mode,YES,1784353597.605272,0.670000,5,1784353799.912675,0.000000,0.040941,-3.390941,aligned vel=0.010 delta=0.0292%
2956866,S31_ALIGNED_Mode,NO,1784353985.174555,0.680000,5,1784354099.892159,1.000000,0.040247,1.559753,aligned vel=-0.120 delta=-0.0260%
2956944,S31_ALIGNED_Mode,NO,1784354124.407576,0.700000,5,1784354399.982515,0.000000,0.038588,-3.538588,aligned vel=-0.010 delta=-0.0274%
2957123,S31_ALIGNED_Mode,YES,1784358235.5245,0.700000,5,1784358299.898627,0.000000,0.038588,-3.538588,aligned vel=0.020 delta=0.0334%
2957317,S31_ALIGNED_Mode,NO,1784361050.632883,0.630000,5,1784361299.934518,1.000000,0.042789,1.807211,aligned vel=-0.030 delta=-0.0201%
2957367,S31_ALIGNED_Mode,NO,1784361801.385667,0.670000,5,1784361899.905244,1.000000,0.040941,1.609059,aligned vel=-0.180 delta=-0.0505%
2957398,S31_ALIGNED_Mode,NO,1784361948.951887,0.700000,5,1784362199.862117,1.000000,0.038588,1.461413,aligned vel=-0.010 delta=-0.0219%
2957451,S31_ALIGNED_Mode,YES,1784363464.889665,0.610000,5,1784363699.951448,1.000000,0.043155,1.906845,aligned vel=0.020 delta=0.0207%
2957502,S31_ALIGNED_Mode,NO,1784363800.297412,0.700000,5,1784363999.882422,1.000000,0.038588,1.461413,aligned vel=-0.040 delta=-0.0302%
2957557,S31_ALIGNED_Mode,NO,1784364081.850693,0.680000,5,1784364299.921959,1.000000,0.040247,1.559753,aligned vel=-0.030 delta=-0.0211%
2957670,S31_ALIGNED_Mode,NO,1784366355.608754,0.180000,5,1784366399.961805,1.000000,0.004902,4.095098,aligned vel=-0.010 delta=-0.0201%
2957677,S31_ALIGNED_Mode,NO,1784366538.662474,0.680000,5,1784366699.914909,0.000000,0.040247,-3.440247,aligned vel=-0.080 delta=-0.0254%
2957683,S31_ALIGNED_Mode,NO,1784366924.597848,0.670000,5,1784366999.988636,1.000000,0.040941,1.609059,aligned vel=-0.010 delta=-0.0202%
2958905,S31_ALIGNED_Mode,YES,1784376432.745872,0.640000,5,1784376599.956431,1.000000,0.042467,1.757533,aligned vel=0.020 delta=0.0493%
2958982,S31_ALIGNED_Mode,NO,1784378024.503217,0.670000,5,1784378100.005133,0.000000,0.040941,-3.390941,aligned vel=-0.070 delta=-0.0303%
2959036,S31_ALIGNED_Mode,NO,1784378426.906105,0.690000,5,1784378699.890738,1.000000,0.039462,1.510538,aligned vel=-0.030 delta=-0.0292%
2959116,S31_ALIGNED_Mode,NO,1784379615.209235,0.670000,5,1784379899.937361,1.000000,0.040941,1.609059,aligned vel=-0.010 delta=-0.0350%
2959126,S31_ALIGNED_Mode,NO,1784379953.699197,0.700000,5,1784380199.915747,1.000000,0.038588,1.461413,aligned vel=-0.010 delta=-0.0230%
2959141,S31_ALIGNED_Mode,NO,1784380225.187625,0.700000,5,1784380499.937629,1.000000,0.038588,1.461413,aligned vel=-0.010 delta=-0.0411%
2959146,S31_ALIGNED_Mode,YES,1784380658.378916,0.640000,5,1784380799.97777,0.000000,0.042467,-3.242467,aligned vel=0.010 delta=0.0206%
2959165,S31_ALIGNED_Mode,YES,1784380820.75005,0.700000,5,1784381099.954039,0.000000,0.038588,-3.538588,aligned vel=0.020 delta=0.0200%
2959177,S31_ALIGNED_Mode,YES,1784381150.29309,0.700000,5,1784381399.904519,1.000000,0.038588,1.461413,aligned vel=0.010 delta=0.0211%
2959187,S31_ALIGNED_Mode,YES,1784381504.448149,0.630000,5,1784381699.984712,1.000000,0.042789,1.807211,aligned vel=0.010 delta=0.0275%
2959249,S31_ALIGNED_Mode,NO,1784382285.80509,0.640000,5,1784382299.912045,1.000000,0.042467,1.757533,aligned vel=-0.350 delta=-0.0257%
2959317,S31_ALIGNED_Mode,YES,1784383217.655778,0.680000,5,1784383499.912373,1.000000,0.040247,1.559753,aligned vel=0.010 delta=0.0215%
2959334,S31_ALIGNED_Mode,YES,1784383865.437591,0.700000,5,1784384099.994049,1.000000,0.038588,1.461413,aligned vel=0.060 delta=0.0203%
2959393,S31_ALIGNED_Mode,YES,1784385056.226046,0.630000,5,1784385299.955775,1.000000,0.042789,1.807211,aligned vel=0.010 delta=0.0217%
2959437,S31_ALIGNED_Mode,NO,1784385536.035904,0.690000,5,1784385599.943401,0.000000,0.039462,-3.489462,aligned vel=-0.180 delta=-0.0256%
2959881,S31_ALIGNED_Mode,YES,1784387871.217584,0.340000,5,1784387999.897548,0.000000,0.021401,-1.721401,aligned vel=0.010 delta=0.0202%
2960059,S31_ALIGNED_Mode,YES,1784389835.891688,0.670000,5,1784390099.96427,0.000000,0.040941,-3.390941,aligned vel=0.010 delta=0.0201%
2960269,S31_ALIGNED_Mode,NO,1784390565.909399,0.700000,5,1784390699.896356,1.000000,0.038588,1.461413,aligned vel=-0.070 delta=-0.0238%
2960326,S31_ALIGNED_Mode,NO,1784391631.791407,0.390000,5,1784391899.95733,1.000000,0.027591,3.022409,aligned vel=-0.010 delta=-0.0264%
2960367,S31_ALIGNED_Mode,YES,1784392355.362189,0.460000,5,1784392499.884057,1.000000,0.035479,2.664521,aligned vel=0.020 delta=0.0200%
2960475,S31_ALIGNED_Mode,NO,1784393551.125274,0.300000,5,1784393699.978383,0.000000,0.016537,-1.516538,aligned vel=-0.450 delta=-0.0716%
2960862,S31_ALIGNED_Mode,YES,1784393773.904573,0.680000,5,1784393999.974623,0.000000,0.040247,-3.440247,aligned vel=0.010 delta=0.0218%
2960864,S31_ALIGNED_Mode,YES,1784394019.005836,0.580000,5,1784394299.895796,1.000000,0.043022,2.056978,aligned vel=0.030 delta=0.0251%
2960981,S31_ALIGNED_Mode,YES,1784394722.085628,0.680000,5,1784394899.938481,1.000000,0.040247,1.559753,aligned vel=0.010 delta=0.0357%
2960991,S31_ALIGNED_Mode,YES,1784394955.947105,0.700000,5,1784395199.920579,1.000000,0.038588,1.461413,aligned vel=0.010 delta=0.0204%
2961007,S31_ALIGNED_Mode,YES,1784395222.736328,0.600000,5,1784395499.942915,0.000000,0.043200,-3.043200,aligned vel=0.020 delta=0.0401%
2961135,S31_ALIGNED_Mode,NO,1784395763.117251,0.570000,5,1784395799.996898,0.000000,0.042803,-2.892803,aligned vel=-0.030 delta=-0.0216%
2961155,S31_ALIGNED_Mode,YES,1784395822.851198,0.700000,5,1784396099.966,1.000000,0.038588,1.461413,aligned vel=0.040 delta=0.0211%
2961250,S31_ALIGNED_Mode,YES,1784396409.419378,0.540000,5,1784396699.924716,1.000000,0.041649,2.258351,aligned vel=0.010 delta=0.0261%
2961273,S31_ALIGNED_Mode,NO,1784396708.255951,0.530000,5,1784396999.893161,0.000000,0.041109,-2.691109,aligned vel=-0.010 delta=-0.0215%
2961282,S31_ALIGNED_Mode,NO,1784397042.121589,0.640000,5,1784397299.897735,0.000000,0.042467,-3.242467,aligned vel=-0.010 delta=-0.0233%
2961310,S31_ALIGNED_Mode,NO,1784397378.849461,0.630000,5,1784397599.966916,0.000000,0.042789,-3.192789,aligned vel=-0.010 delta=-0.0224%
2961529,S31_ALIGNED_Mode,NO,1784398009.77149,0.700000,5,1784398199.978604,1.000000,0.038588,1.461413,aligned vel=-0.060 delta=-0.0204%
2961601,S31_ALIGNED_Mode,YES,1784398763.143829,0.550000,5,1784398799.949226,1.000000,0.042114,2.207886,aligned vel=0.020 delta=0.0224%
2961607,S31_ALIGNED_Mode,YES,1784398884.12133,0.700000,5,1784399099.885916,1.000000,0.038588,1.461413,aligned vel=0.010 delta=0.0530%
2961997,S31_ALIGNED_Mode,YES,1784399108.211392,0.610000,5,1784399399.947704,0.000000,0.043155,-3.093155,aligned vel=0.040 delta=0.0572%
2962151,S31_ALIGNED_Mode,NO,1784399423.063378,0.670000,5,1784399699.958723,1.000000,0.040941,1.609059,aligned vel=-0.030 delta=-0.0257%
2962211,S31_ALIGNED_Mode,YES,1784399773.790287,0.650000,5,1784399999.932951,0.000000,0.042052,-3.292052,aligned vel=0.010 delta=0.0276%
2962822,S31_ALIGNED_Mode,YES,1784400364.291986,0.700000,5,1784400599.980533,1.000000,0.038588,1.461413,aligned vel=0.010 delta=0.0206%
2963033,S31_ALIGNED_Mode,NO,1784400976.247974,0.670000,5,1784401199.886583,0.000000,0.040941,-3.390941,aligned vel=-0.030 delta=-0.0223%
2963053,S31_ALIGNED_Mode,YES,1784401221.090195,0.530000,5,1784401499.921284,1.000000,0.041109,2.308891,aligned vel=0.010 delta=0.0240%
2963089,S31_ALIGNED_Mode,YES,1784402128.08599,0.700000,5,1784402399.958043,1.000000,0.038588,1.461413,aligned vel=0.020 delta=0.0415%
2963268,S31_ALIGNED_Mode,NO,1784404225.377698,0.700000,5,1784404499.903418,0.000000,0.038588,-3.538588,aligned vel=-0.020 delta=-0.0349%
2963323,S31_ALIGNED_Mode,NO,1784404858.122813,0.670000,5,1784405099.915635,0.000000,0.040941,-3.390941,aligned vel=-0.010 delta=-0.0292%
2963343,S31_ALIGNED_Mode,NO,1784405113.371171,0.570000,5,1784405399.897907,0.000000,0.042803,-2.892803,aligned vel=-0.010 delta=-0.0239%
2963355,S31_ALIGNED_Mode,YES,1784405425.550699,0.700000,5,1784405699.883165,1.000000,0.038588,1.461413,aligned vel=0.010 delta=0.0221%
2963378,S31_ALIGNED_Mode,YES,1784406012.318441,0.400000,5,1784406299.883316,1.000000,0.028800,2.971200,aligned vel=0.020 delta=0.0336%
2963417,S31_ALIGNED_Mode,YES,1784406309.681178,0.460000,5,1784406599.926362,0.000000,0.035479,-2.335479,aligned vel=0.010 delta=0.0218%
2963422,S31_ALIGNED_Mode,NO,1784406630.72846,0.700000,5,1784406899.995127,1.000000,0.038588,1.461413,aligned vel=-0.020 delta=-0.0239%
2963474,S31_ALIGNED_Mode,NO,1784406965.406534,0.690000,5,1784407199.909603,1.000000,0.039462,1.510538,aligned vel=-0.040 delta=-0.0282%
2963557,S31_ALIGNED_Mode,YES,1784408150.263194,0.540000,5,1784408399.99305,1.000000,0.041649,2.258351,aligned vel=0.010 delta=0.0247%
2963568,S31_ALIGNED_Mode,NO,1784408418.083291,0.670000,5,1784408699.987335,0.000000,0.040941,-3.390941,aligned vel=-0.010 delta=-0.0207%
2963589,S31_ALIGNED_Mode,YES,1784409029.863577,0.650000,5,1784409299.93497,1.000000,0.042052,1.707948,aligned vel=0.010 delta=0.0316%
2963677,S31_ALIGNED_Mode,YES,1784409308.161639,0.580000,5,1784409599.95861,1.000000,0.043022,2.056978,aligned vel=0.010 delta=0.0338%
2963688,S31_ALIGNED_Mode,NO,1784409639.662939,0.580000,5,1784409899.940613,1.000000,0.043022,2.056978,aligned vel=-0.200 delta=-0.0282%
2963776,S31_ALIGNED_Mode,YES,1784409918.211892,0.640000,5,1784410199.930933,0.000000,0.042467,-3.242467,aligned vel=0.030 delta=0.0205%
2963786,S31_ALIGNED_Mode,NO,1784410238.429876,0.700000,5,1784410499.992707,1.000000,0.038588,1.461413,aligned vel=-0.030 delta=-0.0270%
2963915,S31_ALIGNED_Mode,NO,1784410890.003791,0.630000,5,1784411099.989264,1.000000,0.042789,1.807211,aligned vel=-0.130 delta=-0.0243%
2963929,S31_ALIGNED_Mode,NO,1784411158.236098,0.700000,5,1784411399.972144,0.000000,0.038588,-3.538588,aligned vel=-0.010 delta=-0.0344%
2963989,S31_ALIGNED_Mode,YES,1784411432.104548,0.600000,5,1784411699.96363,1.000000,0.043200,1.956800,aligned vel=0.020 delta=0.0211%
2964737,S31_ALIGNED_Mode,NO,1784411777.97736,0.700000,5,1784411999.929916,1.000000,0.038588,1.461413,aligned vel=-0.040 delta=-0.0285%
2964877,S31_ALIGNED_Mode,NO,1784412353.841937,0.680000,5,1784412599.924719,1.000000,0.040247,1.559753,aligned vel=-0.050 delta=-0.0242%
2964892,S31_ALIGNED_Mode,YES,1784412612.932409,0.700000,5,1784412900.000543,1.000000,0.038588,1.461413,aligned vel=0.010 delta=0.0226%
2965000,S31_ALIGNED_Mode,YES,1784413372.507114,0.660000,5,1784413499.925477,0.000000,0.041543,-3.341543,aligned vel=0.020 delta=0.0230%
2965044,S31_ALIGNED_Mode,YES,1784413513.810656,0.460000,5,1784413799.917213,0.000000,0.035479,-2.335479,aligned vel=0.010 delta=0.0201%
2965065,S31_ALIGNED_Mode,NO,1784413881.783269,0.690000,5,1784414100.002018,0.000000,0.039462,-3.489462,aligned vel=-0.160 delta=-0.0349%
2965128,S31_ALIGNED_Mode,NO,1784414107.450081,0.540000,5,1784414399.940862,1.000000,0.041649,2.258351,aligned vel=-0.120 delta=-0.0204%
2965351,S31_ALIGNED_Mode,NO,1784414980.531265,0.690000,5,1784414999.982718,1.000000,0.039462,1.510538,aligned vel=-0.110 delta=-0.0344%
2965356,S31_ALIGNED_Mode,YES,1784415282.316307,0.630000,5,1784415299.994711,0.000000,0.042789,-3.192789,aligned vel=0.151 delta=0.0636%
2966363,S31_ALIGNED_Mode,NO,1784415880.532679,0.700000,5,1784415899.950599,1.000000,0.038588,1.461413,aligned vel=-0.150 delta=-0.0319%
2966451,S31_ALIGNED_Mode,NO,1784416238.185021,0.670000,5,1784416499.919354,1.000000,0.040941,1.609059,aligned vel=-0.010 delta=-0.0201%
2966536,S31_ALIGNED_Mode,YES,1784416816.093316,0.590000,5,1784417099.918229,0.000000,0.043155,-2.993155,aligned vel=0.010 delta=0.0271%
2966562,S31_ALIGNED_Mode,YES,1784417207.816708,0.700000,5,1784417399.923085,1.000000,0.038588,1.461413,aligned vel=0.020 delta=0.0544%
2966620,S31_ALIGNED_Mode,NO,1784417561.195097,0.610000,5,1784417699.918475,1.000000,0.043155,1.906845,aligned vel=-0.010 delta=-0.0224%
2966724,S31_ALIGNED_Mode,YES,1784417887.680738,0.670000,5,1784417999.99311,1.000000,0.040941,1.609059,aligned vel=0.020 delta=0.0211%
2966804,S31_ALIGNED_Mode,NO,1784418013.594909,0.700000,5,1784418299.942073,1.000000,0.038588,1.461413,aligned vel=-0.010 delta=-0.0267%
2966865,S31_ALIGNED_Mode,NO,1784418663.086676,0.690000,5,1784418899.974199,1.000000,0.039462,1.510538,aligned vel=-0.010 delta=-0.0201%
2966949,S31_ALIGNED_Mode,YES,1784419324.825225,0.670000,5,1784419499.919606,0.000000,0.040941,-3.390941,aligned vel=0.020 delta=0.0271%
2966961,S31_ALIGNED_Mode,NO,1784419738.284332,0.640000,5,1784419799.924126,0.000000,0.042467,-3.242467,aligned vel=-0.030 delta=-0.0221%
2967037,S31_ALIGNED_Mode,NO,1784420595.273719,0.700000,5,1784420699.927642,1.000000,0.038588,1.461413,aligned vel=-0.060 delta=-0.0212%
2967046,S31_ALIGNED_Mode,YES,1784420779.045781,0.670000,5,1784420999.944954,0.000000,0.040941,-3.390941,aligned vel=0.010 delta=0.0446%
2967065,S31_ALIGNED_Mode,YES,1784421084.80246,0.650000,5,1784421299.957465,1.000000,0.042052,1.707948,aligned vel=0.010 delta=0.0203%
2967117,S31_ALIGNED_Mode,NO,1784421357.649788,0.700000,5,1784421599.935371,1.000000,0.038588,1.461413,aligned vel=-0.020 delta=-0.0225%
2967226,S31_ALIGNED_Mode,YES,1784422079.564117,0.700000,5,1784422199.942596,1.000000,0.038588,1.461413,aligned vel=0.010 delta=0.0202%
2967247,S31_ALIGNED_Mode,YES,1784422404.845343,0.670000,5,1784422499.942096,1.000000,0.040941,1.609059,aligned vel=0.010 delta=0.0371%
2967260,S31_ALIGNED_Mode,NO,1784422710.226526,0.700000,5,1784422799.958307,1.000000,0.038588,1.461413,aligned vel=-0.010 delta=-0.0209%
2967884,S31_ALIGNED_Mode,NO,1784426493.09801,0.690000,5,1784426699.965159,0.000000,0.039462,-3.489462,aligned vel=-0.060 delta=-0.0818%
2967912,S31_ALIGNED_Mode,YES,1784426727.907051,0.640000,5,1784426999.936535,1.000000,0.042467,1.757533,aligned vel=0.030 delta=0.0222%
2967926,S31_ALIGNED_Mode,YES,1784427015.983016,0.680000,5,1784427299.943773,1.000000,0.040247,1.559753,aligned vel=0.010 delta=0.0319%
2967953,S31_ALIGNED_Mode,YES,1784427321.260195,0.630000,5,1784427599.932236,0.000000,0.042789,-3.192789,aligned vel=0.010 delta=0.0226%
2967969,S31_ALIGNED_Mode,NO,1784427613.956676,0.640000,5,1784427899.949033,0.000000,0.042467,-3.242467,aligned vel=-0.010 delta=-0.0327%
2968042,S31_ALIGNED_Mode,YES,1784428510.528708,0.680000,5,1784428799.916016,0.000000,0.040247,-3.440247,aligned vel=0.010 delta=0.0237%
2968107,S31_ALIGNED_Mode,NO,1784429396.993772,0.370000,5,1784429399.981543,0.000000,0.025130,-1.875130,aligned vel=-0.340 delta=-0.0225%
2968131,S31_ALIGNED_Mode,NO,1784429489.047457,0.620000,5,1784429699.93355,1.000000,0.043018,1.856982,aligned vel=-0.010 delta=-0.0244%
2968144,S31_ALIGNED_Mode,YES,1784430009.627935,0.700000,5,1784430299.950235,0.000000,0.038588,-3.538588,aligned vel=0.020 delta=0.0222%
2968229,S31_ALIGNED_Mode,NO,1784431267.351063,0.670000,5,1784431499.893481,1.000000,0.040941,1.609059,aligned vel=-0.010 delta=-0.0219%
2968243,S31_ALIGNED_Mode,YES,1784431654.563361,0.700000,5,1784431799.960557,1.000000,0.038588,1.461413,aligned vel=0.010 delta=0.0274%
2968310,S31_ALIGNED_Mode,YES,1784432119.240553,0.640000,5,1784432399.911251,1.000000,0.042467,1.757533,aligned vel=0.010 delta=0.0233%
2968401,S31_ALIGNED_Mode,YES,1784432882.084053,0.650000,5,1784432999.942684,1.000000,0.042052,1.707948,aligned vel=0.010 delta=0.0201%
2968664,S31_ALIGNED_Mode,YES,1784433367.733468,0.680000,5,1784433599.937556,1.000000,0.040247,1.559753,aligned vel=0.010 delta=0.0239%
2969035,S31_ALIGNED_Mode,NO,1784433729.800763,0.670000,5,1784433899.941305,1.000000,0.040941,1.609059,aligned vel=-0.060 delta=-0.0255%
2969057,S31_ALIGNED_Mode,NO,1784433998.395112,0.680000,5,1784434199.952863,1.000000,0.040247,1.559753,aligned vel=-0.060 delta=-0.0310%
2969070,S31_ALIGNED_Mode,NO,1784434446.588605,0.630000,5,1784434499.927967,0.000000,0.042789,-3.192789,aligned vel=-0.090 delta=-0.0224%
2969080,S31_ALIGNED_Mode,YES,1784434548.727247,0.650000,5,1784434799.964585,1.000000,0.042052,1.707948,aligned vel=0.010 delta=0.0220%
2969204,S31_ALIGNED_Mode,NO,1784435581.075866,0.700000,5,1784435699.986603,1.000000,0.038588,1.461413,aligned vel=-0.080 delta=-0.0217%
2969321,S31_ALIGNED_Mode,YES,1784436427.976433,0.640000,5,1784436599.960024,0.000000,0.042467,-3.242467,aligned vel=0.010 delta=0.0316%
2969836,S31_ALIGNED_Mode,NO,1784437569.119341,0.700000,5,1784437799.938824,1.000000,0.038588,1.461413,aligned vel=-0.010 delta=-0.0286%
2969915,S31_ALIGNED_Mode,YES,1784438266.278759,0.600000,5,1784438399.986979,0.000000,0.043200,-3.043200,aligned vel=0.020 delta=0.0213%
2969957,S31_ALIGNED_Mode,YES,1784438730.902811,0.660000,5,1784438999.919066,0.000000,0.041543,-3.341543,aligned vel=0.010 delta=0.0202%
2970021,S31_ALIGNED_Mode,NO,1784439337.546935,0.700000,5,1784439599.987212,0.000000,0.038588,-3.538588,aligned vel=-0.050 delta=-0.0242%
2970074,S31_ALIGNED_Mode,YES,1784440226.019248,0.670000,5,1784440499.927844,1.000000,0.040941,1.609059,aligned vel=0.060 delta=0.0219%
2970154,S31_ALIGNED_Mode,NO,1784442446.307356,0.700000,5,1784442599.989251,1.000000,0.038588,1.461413,aligned vel=-0.010 delta=-0.0216%
2970218,S31_ALIGNED_Mode,NO,1784442952.565262,0.660000,5,1784443199.897915,1.000000,0.041543,1.658457,aligned vel=-0.080 delta=-0.0235%
2970423,S31_ALIGNED_Mode,NO,1784447213.66857,0.690000,5,1784447399.961355,1.000000,0.039462,1.510538,aligned vel=-0.020 delta=-0.0222%
2970433,S31_ALIGNED_Mode,YES,1784447683.454232,0.330000,5,1784447699.930474,0.000000,0.020165,-1.670165,aligned vel=0.060 delta=0.0208%
2970474,S31_ALIGNED_Mode,NO,1784447816.358398,0.680000,5,1784447999.984743,0.000000,0.040247,-3.440247,aligned vel=-0.060 delta=-0.0373%
2970507,S31_ALIGNED_Mode,NO,1784448547.716068,0.680000,5,1784448599.997366,1.000000,0.040247,1.559753,aligned vel=-0.070 delta=-0.0360%
2970517,S31_ALIGNED_Mode,YES,1784448790.284177,0.530000,5,1784448899.896946,1.000000,0.041109,2.308891,aligned vel=0.030 delta=0.0278%
2970542,S31_ALIGNED_Mode,NO,1784449107.190294,0.630000,5,1784449199.981781,1.000000,0.042789,1.807211,aligned vel=-0.030 delta=-0.0239%
2970588,S31_ALIGNED_Mode,NO,1784449305.061241,0.650000,5,1784449499.990558,1.000000,0.042052,1.707948,aligned vel=-0.070 delta=-0.0255%
2970599,S31_ALIGNED_Mode,YES,1784449521.755508,0.500000,5,1784449799.908548,1.000000,0.039062,2.460938,aligned vel=0.020 delta=0.0359%
2970671,S31_ALIGNED_Mode,NO,1784450135.455827,0.680000,5,1784450400.003083,1.000000,0.040247,1.559753,aligned vel=-0.040 delta=-0.0360%
2970751,S31_ALIGNED_Mode,NO,1784450418.266605,0.670000,5,1784450699.979167,1.000000,0.040941,1.609059,aligned vel=-0.010 delta=-0.0219%
2970778,S31_ALIGNED_Mode,YES,1784451014.091831,0.650000,5,1784451299.95094,0.000000,0.042052,-3.292052,aligned vel=0.030 delta=0.0204%
2970883,S31_ALIGNED_Mode,NO,1784451925.399352,0.670000,5,1784452200.007746,1.000000,0.040941,1.609059,aligned vel=-0.020 delta=-0.0221%
2970892,S31_ALIGNED_Mode,NO,1784452291.357186,0.700000,5,1784452499.916944,1.000000,0.038588,1.461413,aligned vel=-0.060 delta=-0.0247%
2970905,S31_ALIGNED_Mode,NO,1784452517.281528,0.700000,5,1784452799.95245,1.000000,0.038588,1.461413,aligned vel=-0.020 delta=-0.0226%
2970920,S31_ALIGNED_Mode,NO,1784452898.037553,0.650000,5,1784453099.9391,1.000000,0.042052,1.707948,aligned vel=-0.090 delta=-0.0297%
2970989,S31_ALIGNED_Mode,NO,1784453823.742499,0.350000,5,1784453999.919525,1.000000,0.022643,3.227357,aligned vel=-0.020 delta=-0.0265%
2971016,S31_ALIGNED_Mode,NO,1784454065.391378,0.440000,5,1784454299.997475,0.000000,0.033392,-2.233392,aligned vel=-0.060 delta=-0.0212%
2971020,S31_ALIGNED_Mode,YES,1784454493.136151,0.640000,5,1784454599.88713,1.000000,0.042467,1.757533,aligned vel=0.070 delta=0.0291%
2971037,S31_ALIGNED_Mode,NO,1784454751.800715,0.660000,5,1784454899.965626,1.000000,0.041543,1.658457,aligned vel=-0.010 delta=-0.0249%
2971183,S31_ALIGNED_Mode,NO,1784454981.7454,0.570000,5,1784455199.929181,1.000000,0.042803,2.107197,aligned vel=-0.020 delta=-0.0201%
2971222,S31_ALIGNED_Mode,NO,1784455228.501753,0.660000,5,1784455499.969294,0.000000,0.041543,-3.341543,aligned vel=-0.010 delta=-0.0204%
2971231,S31_ALIGNED_Mode,NO,1784455548.195339,0.680000,5,1784455799.931424,1.000000,0.040247,1.559753,aligned vel=-0.070 delta=-0.0337%
2971241,S31_ALIGNED_Mode,YES,1784455858.979309,0.700000,5,1784456099.943022,1.000000,0.038588,1.461413,aligned vel=0.010 delta=0.0225%
2971272,S31_ALIGNED_Mode,NO,1784456763.741077,0.530000,5,1784456999.993384,0.000000,0.041109,-2.691109,aligned vel=-0.010 delta=-0.0201%
2971287,S31_ALIGNED_Mode,NO,1784457192.057832,0.670000,5,1784457299.960646,0.000000,0.040941,-3.390941,aligned vel=-0.010 delta=-0.0204%
2971333,S31_ALIGNED_Mode,NO,1784457529.524338,0.610000,5,1784457599.956832,0.000000,0.043155,-3.093155,aligned vel=-0.270 delta=-0.0221%
2971348,S31_ALIGNED_Mode,YES,1784457663.02406,0.700000,5,1784457899.947606,1.000000,0.038588,1.461413,aligned vel=0.010 delta=0.0202%
2971360,S31_ALIGNED_Mode,YES,1784458000.045605,0.520000,5,1784458199.982252,0.000000,0.040495,-2.640495,aligned vel=0.010 delta=0.0420%
2971371,S31_ALIGNED_Mode,NO,1784458245.185018,0.650000,5,1784458499.983056,1.000000,0.042052,1.707948,aligned vel=-0.010 delta=-0.0200%
2971385,S31_ALIGNED_Mode,NO,1784458722.581153,0.700000,5,1784458799.952337,1.000000,0.038588,1.461413,aligned vel=-0.010 delta=-0.0204%
2971429,S31_ALIGNED_Mode,YES,1784459779.141325,0.650000,5,1784459885.565406,0.000000,0.042052,-3.292052,aligned vel=0.010 delta=0.0238%
2971444,S31_ALIGNED_Mode,YES,1784460136.694405,0.700000,5,1784460299.946488,0.000000,0.038588,-3.538588,aligned vel=0.010 delta=0.0246%
2971585,S31_ALIGNED_Mode,NO,1784461953.8451,0.630000,5,1784462099.920487,1.000000,0.042789,1.807211,aligned vel=-0.120 delta=-0.0256%
2971744,S31_ALIGNED_Mode,NO,1784462179.408286,0.690000,5,1784462399.943892,1.000000,0.039462,1.510538,aligned vel=-0.060 delta=-0.0348%
2971763,S31_ALIGNED_Mode,NO,1784462444.851398,0.660000,5,1784462699.90446,1.000000,0.041543,1.658457,aligned vel=-0.020 delta=-0.0203%
2971786,S31_ALIGNED_Mode,NO,1784462758.059394,0.700000,5,1784462999.980327,1.000000,0.038588,1.461413,aligned vel=-0.030 delta=-0.0223%
2971816,S31_ALIGNED_Mode,YES,1784463334.926509,0.700000,5,1784463599.942895,1.000000,0.038588,1.461413,aligned vel=0.010 delta=0.0208%
2971826,S31_ALIGNED_Mode,YES,1784463636.161244,0.670000,5,1784463899.912617,1.000000,0.040941,1.609059,aligned vel=0.010 delta=0.0350%
2971828,S31_ALIGNED_Mode,NO,1784463943.812844,0.660000,5,1784464199.999503,1.000000,0.041543,1.658457,aligned vel=-0.030 delta=-0.0286%
2971841,S31_ALIGNED_Mode,YES,1784464243.144885,0.690000,5,1784464499.910946,1.000000,0.039462,1.510538,aligned vel=0.020 delta=0.0369%
2971893,S31_ALIGNED_Mode,YES,1784464542.385375,0.700000,5,1784464799.918018,1.000000,0.038588,1.461413,aligned vel=0.020 delta=0.0299%
2971906,S31_ALIGNED_Mode,NO,1784464866.388759,0.550000,5,1784465100.000101,1.000000,0.042114,2.207886,aligned vel=-0.020 delta=-0.0210%
2972020,S31_ALIGNED_Mode,NO,1784466392.442461,0.700000,5,1784466599.908727,1.000000,0.038588,1.461413,aligned vel=-0.060 delta=-0.0371%
2972026,S31_ALIGNED_Mode,NO,1784466650.393423,0.700000,5,1784466899.954589,1.000000,0.038588,1.461413,aligned vel=-0.060 delta=-0.0367%
2972041,S31_ALIGNED_Mode,NO,1784466962.643823,0.530000,5,1784467199.908834,1.000000,0.041109,2.308891,aligned vel=-0.260 delta=-0.0256%
2972051,S31_ALIGNED_Mode,YES,1784467239.866764,0.670000,5,1784467499.973647,1.000000,0.040941,1.609059,aligned vel=0.040 delta=0.0267%
2972104,S31_ALIGNED_Mode,YES,1784467843.802441,0.700000,5,1784468099.889202,1.000000,0.038588,1.461413,aligned vel=0.010 delta=0.0209%
2972156,S31_ALIGNED_Mode,NO,1784468259.820206,0.700000,5,1784468399.997438,1.000000,0.038588,1.461413,aligned vel=-0.030 delta=-0.0332%
2972215,S31_ALIGNED_Mode,NO,1784468461.350797,0.700000,5,1784468699.940483,1.000000,0.038588,1.461413,aligned vel=-0.020 delta=-0.0210%
2972280,S31_ALIGNED_Mode,NO,1784469951.103989,0.700000,5,1784470199.982626,1.000000,0.038588,1.461413,aligned vel=-0.010 delta=-0.0219%
2972355,S31_ALIGNED_Mode,NO,1784471236.410891,0.700000,5,1784471399.917098,0.000000,0.038588,-3.538588,aligned vel=-0.140 delta=-0.0269%
2972369,S31_ALIGNED_Mode,NO,1784471424.030908,0.700000,5,1784471699.928936,0.000000,0.038588,-3.538588,aligned vel=-0.010 delta=-0.0212%
2972421,S31_ALIGNED_Mode,YES,1784471716.483329,0.680000,5,1784471999.896034,0.000000,0.040247,-3.440247,aligned vel=0.010 delta=0.0235%
2972455,S31_ALIGNED_Mode,YES,1784472640.21317,0.680000,5,1784472899.981524,0.000000,0.040247,-3.440247,aligned vel=0.010 delta=0.0544%
2972480,S31_ALIGNED_Mode,YES,1784473227.810163,0.680000,5,1784473499.988509,0.000000,0.040247,-3.440247,aligned vel=0.010 delta=0.0213%
2972492,S31_ALIGNED_Mode,NO,1784473527.989784,0.700000,5,1784473799.924599,1.000000,0.038588,1.461413,aligned vel=-0.030 delta=-0.0205%
2972497,S31_ALIGNED_Mode,NO,1784473808.957761,0.650000,5,1784474099.964728,0.000000,0.042052,-3.292052,aligned vel=-0.010 delta=-0.0272%
2972512,S31_ALIGNED_Mode,YES,1784474116.74689,0.700000,5,1784474399.916647,0.000000,0.038588,-3.538588,aligned vel=0.020 delta=0.0211%
2972542,S31_ALIGNED_Mode,NO,1784474485.285505,0.650000,5,1784474699.986778,1.000000,0.042052,1.707948,aligned vel=-0.120 delta=-0.0283%
2972635,S31_ALIGNED_Mode,YES,1784475743.491688,0.630000,5,1784475899.951116,1.000000,0.042789,1.807211,aligned vel=0.010 delta=0.0226%
2972643,S31_ALIGNED_Mode,YES,1784476005.442691,0.700000,5,1784476199.961319,0.000000,0.038588,-3.538588,aligned vel=0.010 delta=0.0200%
2972660,S31_ALIGNED_Mode,NO,1784476358.72169,0.690000,5,1784476499.955521,0.000000,0.039462,-3.489462,aligned vel=-0.110 delta=-0.0296%
2972966,S31_ALIGNED_Mode,NO,1784477018.900799,0.670000,5,1784477099.935845,0.000000,0.040941,-3.390941,aligned vel=-0.160 delta=-0.0228%
2972996,S31_ALIGNED_Mode,YES,1784477175.813433,0.520000,5,1784477399.935539,0.000000,0.040495,-2.640495,aligned vel=0.020 delta=0.0265%
2973024,S31_ALIGNED_Mode,NO,1784477854.385013,0.680000,5,1784477999.903719,0.000000,0.040247,-3.440247,aligned vel=-0.130 delta=-0.0310%
2973032,S31_ALIGNED_Mode,YES,1784478054.787818,0.680000,5,1784478299.944209,1.000000,0.040247,1.559753,aligned vel=0.010 delta=0.0202%
2973162,S31_ALIGNED_Mode,YES,1784479231.588426,0.680000,5,1784479499.998176,1.000000,0.040247,1.559753,aligned vel=0.010 delta=0.0228%
2973192,S31_ALIGNED_Mode,NO,1784479575.140213,0.700000,5,1784479799.989833,1.000000,0.038588,1.461413,aligned vel=-0.010 delta=-0.0207%
2973212,S31_ALIGNED_Mode,NO,1784479897.901778,0.700000,5,1784480099.97083,1.000000,0.038588,1.461413,aligned vel=-0.030 delta=-0.0224%
2973669,S31_ALIGNED_Mode,NO,1784480490.83265,0.630000,5,1784480699.905172,0.000000,0.042789,-3.192789,aligned vel=-0.100 delta=-0.0200%
2973678,S31_ALIGNED_Mode,YES,1784480756.182773,0.700000,5,1784480999.979325,1.000000,0.038588,1.461413,aligned vel=0.010 delta=0.0585%
2973703,S31_ALIGNED_Mode,YES,1784481326.706261,0.670000,5,1784481599.996988,0.000000,0.040941,-3.390941,aligned vel=0.050 delta=0.0488%
2973714,S31_ALIGNED_Mode,YES,1784481697.570049,0.660000,5,1784481899.854296,1.000000,0.041543,1.658457,aligned vel=0.010 delta=0.0233%
2973726,S31_ALIGNED_Mode,NO,1784481952.849215,0.680000,5,1784482199.993782,1.000000,0.040247,1.559753,aligned vel=-0.070 delta=-0.0429%
2973749,S31_ALIGNED_Mode,NO,1784482223.600737,0.690000,5,1784482499.849721,0.000000,0.039462,-3.489462,aligned vel=-0.010 delta=-0.0215%
2973795,S31_ALIGNED_Mode,YES,1784482516.302193,0.700000,5,1784482799.992675,1.000000,0.038588,1.461413,aligned vel=0.010 delta=0.0232%
2974013,S31_ALIGNED_Mode,NO,1784483157.020033,0.690000,5,1784483399.968225,1.000000,0.039462,1.510538,aligned vel=-0.110 delta=-0.0314%
2974027,S31_ALIGNED_Mode,NO,1784483497.713398,0.670000,5,1784483699.959412,1.000000,0.040941,1.609059,aligned vel=-0.050 delta=-0.0249%
2974061,S31_ALIGNED_Mode,NO,1784483827.852392,0.670000,5,1784483999.903416,1.000000,0.040941,1.609059,aligned vel=-0.010 delta=-0.0206%
2974283,S31_ALIGNED_Mode,NO,1784484043.200888,0.630000,5,1784484299.997338,1.000000,0.042789,1.807211,aligned vel=-0.070 delta=-0.0229%
2974289,S31_ALIGNED_Mode,NO,1784484332.516052,0.640000,5,1784484599.946866,1.000000,0.042467,1.757533,aligned vel=-0.010 delta=-0.0209%
2974386,S31_ALIGNED_Mode,YES,1784484611.608647,0.630000,5,1784484899.928287,1.000000,0.042789,1.807211,aligned vel=0.010 delta=0.0222%
2974396,S31_ALIGNED_Mode,NO,1784484953.32041,0.700000,5,1784485199.953466,0.000000,0.038588,-3.538588,aligned vel=-0.040 delta=-0.0262%
2974411,S31_ALIGNED_Mode,NO,1784485316.201261,0.460000,5,1784485499.891081,0.000000,0.035479,-2.335479,aligned vel=-0.030 delta=-0.0235%
2974424,S31_ALIGNED_Mode,NO,1784485564.780849,0.670000,5,1784485799.950146,1.000000,0.040941,1.609059,aligned vel=-0.010 delta=-0.0203%
2974445,S31_ALIGNED_Mode,NO,1784485813.456297,0.600000,5,1784486099.995805,0.000000,0.043200,-3.043200,aligned vel=-0.010 delta=-0.0245%
2974508,S31_ALIGNED_Mode,NO,1784486807.452877,0.700000,5,1784486999.928676,0.000000,0.038588,-3.538588,aligned vel=-0.100 delta=-0.0372%
2974539,S31_ALIGNED_Mode,NO,1784487016.175919,0.670000,5,1784487299.894727,1.000000,0.040941,1.609059,aligned vel=-0.010 delta=-0.0231%
2976509,S31_ALIGNED_Mode,NO,1784487629.311494,0.610000,5,1784487899.896889,1.000000,0.043155,1.906845,aligned vel=-0.060 delta=-0.0247%
2977253,S31_ALIGNED_Mode,YES,1784487922.779337,0.630000,5,1784488199.963078,1.000000,0.042789,1.807211,aligned vel=0.010 delta=0.0214%
2977287,S31_ALIGNED_Mode,NO,1784489001.735482,0.660000,5,1784489099.861724,1.000000,0.041543,1.658457,aligned vel=-0.190 delta=-0.0260%
2977312,S31_ALIGNED_Mode,NO,1784489483.251052,0.700000,5,1784489699.987743,1.000000,0.038588,1.461413,aligned vel=-0.060 delta=-0.0292%
2977366,S31_ALIGNED_Mode,YES,1784489846.42286,0.580000,5,1784489999.892695,0.000000,0.043022,-2.943022,aligned vel=0.010 delta=0.0203%
2977440,S31_ALIGNED_Mode,NO,1784490372.639916,0.700000,5,1784490599.957077,1.000000,0.038588,1.461413,aligned vel=-0.050 delta=-0.0203%
2977469,S31_ALIGNED_Mode,NO,1784490640.532099,0.700000,5,1784490899.966679,1.000000,0.038588,1.461413,aligned vel=-0.010 delta=-0.0275%
2977516,S31_ALIGNED_Mode,YES,1784491048.090477,0.640000,5,1784491199.958275,1.000000,0.042467,1.757533,aligned vel=0.010 delta=0.0254%
2977613,S31_ALIGNED_Mode,YES,1784491848.126851,0.640000,5,1784492099.916627,0.000000,0.042467,-3.242467,aligned vel=0.010 delta=0.0222%
2977743,S31_ALIGNED_Mode,NO,1784492756.049337,0.690000,5,1784492999.941479,1.000000,0.039462,1.510538,aligned vel=-0.040 delta=-0.0242%
2977997,S31_ALIGNED_Mode,NO,1784493650.9994,0.660000,5,1784493899.88746,0.000000,0.041543,-3.341543,aligned vel=-0.050 delta=-0.0215%
2978076,S31_ALIGNED_Mode,NO,1784494645.817737,0.630000,5,1784494799.917634,0.000000,0.042789,-3.192789,aligned vel=-0.160 delta=-0.0255%
2978133,S31_ALIGNED_Mode,YES,1784494898.13106,0.640000,5,1784495099.992154,1.000000,0.042467,1.757533,aligned vel=0.040 delta=0.0206%
2978148,S31_ALIGNED_Mode,NO,1784495136.879817,0.660000,5,1784495399.929204,1.000000,0.041543,1.658457,aligned vel=-0.110 delta=-0.0229%
2978201,S31_ALIGNED_Mode,NO,1784496317.650802,0.680000,5,1784496599.893726,1.000000,0.040247,1.559753,aligned vel=-0.020 delta=-0.0206%
2978264,S31_ALIGNED_Mode,NO,1784497123.128938,0.670000,5,1784497199.915369,0.000000,0.040941,-3.390941,aligned vel=-0.120 delta=-0.0211%
2978293,S31_ALIGNED_Mode,YES,1784497532.107556,0.660000,5,1784497799.913412,1.000000,0.041543,1.658457,aligned vel=0.010 delta=0.0239%
2978306,S31_ALIGNED_Mode,NO,1784497869.969172,0.650000,5,1784498099.979593,0.000000,0.042052,-3.292052,aligned vel=-0.110 delta=-0.0221%
2978315,S31_ALIGNED_Mode,NO,1784498193.69636,0.680000,5,1784498392.333966,0.000000,0.040247,-3.440247,aligned vel=-0.100 delta=-0.0442%
2978330,S31_ALIGNED_Mode,YES,1784498424.57868,0.500000,5,1784498699.934892,1.000000,0.039062,2.460938,aligned vel=0.010 delta=0.0240%
2978346,S31_ALIGNED_Mode,NO,1784498709.751892,0.660000,5,1784498999.973615,0.000000,0.041543,-3.341543,aligned vel=-0.010 delta=-0.0218%
2978362,S31_ALIGNED_Mode,YES,1784499025.661027,0.600000,5,1784499299.982366,1.000000,0.043200,1.956800,aligned vel=0.010 delta=0.0351%
2978379,S31_ALIGNED_Mode,YES,1784499309.719124,0.630000,5,1784499599.97254,1.000000,0.042789,1.807211,aligned vel=0.010 delta=0.0555%
2978429,S31_ALIGNED_Mode,YES,1784499619.747211,0.580000,5,1784499899.964341,0.000000,0.043022,-2.943022,aligned vel=0.020 delta=0.0352%
2978577,S31_ALIGNED_Mode,YES,1784499985.909831,0.600000,5,1784500199.93464,1.000000,0.043200,1.956800,aligned vel=0.010 delta=0.0208%
2978588,S31_ALIGNED_Mode,YES,1784500243.574279,0.590000,5,1784500499.931152,0.000000,0.043155,-2.993155,aligned vel=0.020 delta=0.0253%
2978644,S31_ALIGNED_Mode,NO,1784500555.887614,0.620000,5,1784500800.002777,0.000000,0.043018,-3.143018,aligned vel=-0.010 delta=-0.0249%
2978674,S31_ALIGNED_Mode,NO,1784500813.175666,0.660000,5,1784501099.980766,0.000000,0.041543,-3.341543,aligned vel=-0.010 delta=-0.0266%
2978684,S31_ALIGNED_Mode,NO,1784501110.205403,0.670000,5,1784501399.99632,1.000000,0.040941,1.609059,aligned vel=-0.010 delta=-0.0311%
2978698,S31_ALIGNED_Mode,NO,1784501439.986002,0.620000,5,1784501699.897365,1.000000,0.043018,1.856982,aligned vel=-0.030 delta=-0.0264%
2978708,S31_ALIGNED_Mode,NO,1784501768.980511,0.670000,5,1784501999.967244,1.000000,0.040941,1.609059,aligned vel=-0.010 delta=-0.0213%
2978734,S31_ALIGNED_Mode,NO,1784502012.025997,0.650000,5,1784502295.348021,1.000000,0.042052,1.707948,aligned vel=-0.020 delta=-0.0318%
2978746,S31_ALIGNED_Mode,NO,1784502343.6476,0.620000,5,1784502599.904199,0.000000,0.043018,-3.143018,aligned vel=-0.010 delta=-0.0214%
2978753,S31_ALIGNED_Mode,NO,1784502623.314547,0.650000,5,1784502899.913937,0.000000,0.042052,-3.292052,aligned vel=-0.010 delta=-0.0304%
2978759,S31_ALIGNED_Mode,NO,1784502927.996387,0.700000,5,1784503199.971051,1.000000,0.038588,1.461413,aligned vel=-0.010 delta=-0.0351%
2978775,S31_ALIGNED_Mode,NO,1784503213.330874,0.670000,5,1784503499.959806,1.000000,0.040941,1.609059,aligned vel=-0.010 delta=-0.0228%
2978819,S31_ALIGNED_Mode,YES,1784503533.134233,0.620000,5,1784503799.900346,0.000000,0.043018,-3.143018,aligned vel=0.010 delta=0.0217%
2978843,S31_ALIGNED_Mode,YES,1784504125.602851,0.670000,5,1784504399.993133,0.000000,0.040941,-3.390941,aligned vel=0.040 delta=0.0230%
2978848,S31_ALIGNED_Mode,NO,1784504407.235864,0.600000,5,1784504699.974324,0.000000,0.043200,-3.043200,aligned vel=-0.010 delta=-0.0223%
2978861,S31_ALIGNED_Mode,YES,1784504710.245536,0.490000,5,1784504999.991225,0.000000,0.038251,-2.488251,aligned vel=0.010 delta=0.0269%
2978877,S31_ALIGNED_Mode,YES,1784505050.607785,0.660000,5,1784505299.97651,1.000000,0.041543,1.658457,aligned vel=0.010 delta=0.0203%
2978898,S31_ALIGNED_Mode,YES,1784505339.9212,0.610000,5,1784505599.909661,1.000000,0.043155,1.906845,aligned vel=0.010 delta=0.0209%
2978936,S31_ALIGNED_Mode,NO,1784505614.960175,0.700000,5,1784505899.985107,1.000000,0.038588,1.461413,aligned vel=-0.020 delta=-0.0569%
2978938,S31_ALIGNED_Mode,YES,1784505923.17027,0.600000,5,1784506199.929522,1.000000,0.043200,1.956800,aligned vel=0.030 delta=0.0261%
2978951,S31_ALIGNED_Mode,YES,1784506212.989373,0.580000,5,1784506499.972668,1.000000,0.043022,2.056978,aligned vel=0.010 delta=0.0261%
2978961,S31_ALIGNED_Mode,YES,1784506512.02024,0.580000,5,1784506799.936905,1.000000,0.043022,2.056978,aligned vel=0.010 delta=0.0321%
2978968,S31_ALIGNED_Mode,NO,1784506808.33798,0.670000,5,1784507099.95324,1.000000,0.040941,1.609059,aligned vel=-0.010 delta=-0.0404%
2978976,S31_ALIGNED_Mode,NO,1784507111.524842,0.660000,5,1784507399.970736,1.000000,0.041543,1.658457,aligned vel=-0.020 delta=-0.0502%
2978998,S31_ALIGNED_Mode,NO,1784507415.6113,0.630000,5,1784507699.996826,1.000000,0.042789,1.807211,aligned vel=-0.010 delta=-0.0203%
2979018,S31_ALIGNED_Mode,NO,1784507721.605434,0.550000,5,1784507999.972226,0.000000,0.042114,-2.792114,aligned vel=-0.010 delta=-0.0201%
2979081,S31_ALIGNED_Mode,NO,1784508044.735478,0.650000,5,1784508299.987307,1.000000,0.042052,1.707948,aligned vel=-0.010 delta=-0.0232%
2979098,S31_ALIGNED_Mode,NO,1784508309.557477,0.610000,5,1784508599.96807,1.000000,0.043155,1.906845,aligned vel=-0.010 delta=-0.0244%
2979114,S31_ALIGNED_Mode,NO,1784508642.607276,0.570000,5,1784508899.927824,1.000000,0.042803,2.107197,aligned vel=-0.020 delta=-0.0217%
2979123,S31_ALIGNED_Mode,NO,1784508955.730206,0.610000,5,1784509199.987012,1.000000,0.043155,1.906845,aligned vel=-0.010 delta=-0.0268%
2979315,S31_ALIGNED_Mode,YES,1784509224.679135,0.580000,5,1784509499.903741,1.000000,0.043022,2.056978,aligned vel=0.010 delta=0.0279%
2979322,S31_ALIGNED_Mode,YES,1784509518.271321,0.520000,5,1784509799.906286,1.000000,0.040495,2.359505,aligned vel=0.010 delta=0.0253%
2979331,S31_ALIGNED_Mode,YES,1784509806.884353,0.610000,5,1784510099.997224,0.000000,0.043155,-3.093155,aligned vel=0.030 delta=0.0206%
2979347,S31_ALIGNED_Mode,NO,1784510121.949595,0.660000,5,1784510399.907218,1.000000,0.041543,1.658457,aligned vel=-0.010 delta=-0.0422%
2979354,S31_ALIGNED_Mode,NO,1784510431.814459,0.580000,5,1784510699.930397,0.000000,0.043022,-2.943022,aligned vel=-0.010 delta=-0.0209%
2979383,S31_ALIGNED_Mode,NO,1784510708.164182,0.610000,5,1784510999.986518,1.000000,0.043155,1.906845,aligned vel=-0.010 delta=-0.0269%
2979392,S31_ALIGNED_Mode,NO,1784511016.312891,0.630000,5,1784511299.982276,0.000000,0.042789,-3.192789,aligned vel=-0.010 delta=-0.0249%
2979448,S31_ALIGNED_Mode,NO,1784511355.705076,0.700000,5,1784511599.951112,0.000000,0.038588,-3.538588,aligned vel=-0.010 delta=-0.0256%
2979523,S31_ALIGNED_Mode,YES,1784511621.372085,0.580000,5,1784511899.93903,0.000000,0.043022,-2.943022,aligned vel=0.010 delta=0.0200%
2979532,S31_ALIGNED_Mode,NO,1784511938.892859,0.600000,5,1784512200.010219,0.000000,0.043200,-3.043200,aligned vel=-0.010 delta=-0.0204%
2979564,S31_ALIGNED_Mode,NO,1784512518.204007,0.590000,5,1784512799.977092,0.000000,0.043155,-2.993155,aligned vel=-0.010 delta=-0.0238%
2979578,S31_ALIGNED_Mode,YES,1784512825.623743,0.670000,5,1784513099.90843,1.000000,0.040941,1.609059,aligned vel=0.030 delta=0.0219%
2979588,S31_ALIGNED_Mode,NO,1784513106.663672,0.570000,5,1784513399.91346,1.000000,0.042803,2.107197,aligned vel=-0.010 delta=-0.0302%
2979614,S31_ALIGNED_Mode,NO,1784513453.106004,0.700000,5,1784513699.952669,1.000000,0.038588,1.461413,aligned vel=-0.020 delta=-0.0611%
2979634,S31_ALIGNED_Mode,NO,1784513729.360819,0.610000,5,1784513999.89618,1.000000,0.043155,1.906845,aligned vel=-0.040 delta=-0.0223%
2979643,S31_ALIGNED_Mode,NO,1784514020.339832,0.700000,5,1784514299.993017,0.000000,0.038588,-3.538588,aligned vel=-0.070 delta=-0.0925%
2979661,S31_ALIGNED_Mode,YES,1784514323.567098,0.680000,5,1784514599.946714,0.000000,0.040247,-3.440247,aligned vel=0.010 delta=0.0331%
2979678,S31_ALIGNED_Mode,YES,1784514634.04635,0.650000,5,1784514899.998576,1.000000,0.042052,1.707948,aligned vel=0.030 delta=0.0213%
2979732,S31_ALIGNED_Mode,YES,1784514915.991735,0.610000,5,1784515199.953871,0.000000,0.043155,-3.093155,aligned vel=0.020 delta=0.0294%
2979830,S31_ALIGNED_Mode,NO,1784515219.759358,0.610000,5,1784515499.949122,0.000000,0.043155,-3.093155,aligned vel=-0.010 delta=-0.0235%
2979846,S31_ALIGNED_Mode,YES,1784515530.245536,0.650000,5,1784515799.909105,1.000000,0.042052,1.707948,aligned vel=0.010 delta=0.0263%
2979855,S31_ALIGNED_Mode,YES,1784515810.608882,0.520000,5,1784516099.976417,0.000000,0.040495,-2.640495,aligned vel=0.010 delta=0.0224%
2979872,S31_ALIGNED_Mode,NO,1784516143.95008,0.700000,5,1784516399.971668,1.000000,0.038588,1.461413,aligned vel=-0.020 delta=-0.0365%
2979891,S31_ALIGNED_Mode,YES,1784516508.186989,0.620000,5,1784516700.01235,1.000000,0.043018,1.856982,aligned vel=0.010 delta=0.0320%
2979897,S31_ALIGNED_Mode,NO,1784516740.639935,0.670000,5,1784516999.968176,1.000000,0.040941,1.609059,aligned vel=-0.010 delta=-0.0242%
2979926,S31_ALIGNED_Mode,NO,1784517099.53657,0.700000,5,1784517299.908831,0.000000,0.038588,-3.538588,aligned vel=-0.020 delta=-0.0502%
2979951,S31_ALIGNED_Mode,NO,1784517307.278988,0.620000,5,1784517599.98318,1.000000,0.043018,1.856982,aligned vel=-0.020 delta=-0.0274%
2979960,S31_ALIGNED_Mode,NO,1784517609.374631,0.600000,5,1784517899.99531,1.000000,0.043200,1.956800,aligned vel=-0.010 delta=-0.0230%
2979964,S31_ALIGNED_Mode,NO,1784517912.972934,0.700000,5,1784518199.913652,1.000000,0.038588,1.461413,aligned vel=-0.020 delta=-0.0322%
2979980,S31_ALIGNED_Mode,NO,1784518207.097557,0.620000,5,1784518499.995206,0.000000,0.043018,-3.143018,aligned vel=-0.010 delta=-0.0208%
2980024,S31_ALIGNED_Mode,NO,1784518516.200793,0.630000,5,1784518799.975811,0.000000,0.042789,-3.192789,aligned vel=-0.010 delta=-0.0209%
2980084,S31_ALIGNED_Mode,YES,1784518826.954515,0.660000,5,1784519099.97294,1.000000,0.041543,1.658457,aligned vel=0.030 delta=0.0242%
2980096,S31_ALIGNED_Mode,YES,1784519112.133192,0.520000,5,1784519399.953222,0.000000,0.040495,-2.640495,aligned vel=0.010 delta=0.0272%
2980108,S31_ALIGNED_Mode,YES,1784519437.131809,0.660000,5,1784519699.941011,0.000000,0.041543,-3.341543,aligned vel=0.010 delta=0.0238%
2980618,S31_ALIGNED_Mode,NO,1784519753.263896,0.650000,5,1784519999.997764,0.000000,0.042052,-3.292052,aligned vel=-0.010 delta=-0.0209%
2981091,S31_ALIGNED_Mode,NO,1784520014.792281,0.700000,5,1784520299.999325,1.000000,0.038588,1.461413,aligned vel=-0.010 delta=-0.0251%
2981106,S31_ALIGNED_Mode,NO,1784520320.243542,0.700000,5,1784520599.901721,1.000000,0.038588,1.461413,aligned vel=-0.010 delta=-0.0282%
2981149,S31_ALIGNED_Mode,YES,1784520624.702343,0.700000,5,1784520899.935891,0.000000,0.038588,-3.538588,aligned vel=0.020 delta=0.0301%
2981200,S31_ALIGNED_Mode,YES,1784521254.744407,0.680000,5,1784521499.98036,1.000000,0.040247,1.559753,aligned vel=0.030 delta=0.0242%
2981347,S31_ALIGNED_Mode,NO,1784521927.19814,0.700000,5,1784522099.934374,1.000000,0.038588,1.461413,aligned vel=-0.060 delta=-0.0526%
2981392,S31_ALIGNED_Mode,YES,1784522115.788819,0.700000,5,1784522399.927256,1.000000,0.038588,1.461413,aligned vel=0.010 delta=0.0231%
2981487,S31_ALIGNED_Mode,NO,1784522549.619042,0.680000,5,1784522699.987353,1.000000,0.040247,1.559753,aligned vel=-0.100 delta=-0.0494%
2981496,S31_ALIGNED_Mode,NO,1784522713.325502,0.670000,5,1784522999.983879,1.000000,0.040941,1.609059,aligned vel=-0.010 delta=-0.0264%
2981547,S31_ALIGNED_Mode,NO,1784523013.456406,0.610000,5,1784523299.949911,1.000000,0.043155,1.906845,aligned vel=-0.010 delta=-0.0239%
2982253,S31_ALIGNED_Mode,YES,1784523321.184336,0.680000,5,1784523599.989235,1.000000,0.040247,1.559753,aligned vel=0.010 delta=0.0273%
2985218,S31_ALIGNED_Mode,YES,1784523607.664185,0.690000,5,1784523900.004806,0.000000,0.039462,-3.489462,aligned vel=0.080 delta=0.0220%
2985237,S31_ALIGNED_Mode,NO,1784523920.44661,0.700000,5,1784524199.988216,1.000000,0.038588,1.461413,aligned vel=-0.030 delta=-0.0763%
2985257,S31_ALIGNED_Mode,NO,1784524212.24788,0.580000,5,1784524500.004131,1.000000,0.043022,2.056978,aligned vel=-0.030 delta=-0.0207%
2985266,S31_ALIGNED_Mode,NO,1784524507.844372,0.550000,5,1784524799.979749,0.000000,0.042114,-2.792114,aligned vel=-0.030 delta=-0.0339%
2985278,S31_ALIGNED_Mode,YES,1784524818.616582,0.610000,5,1784525099.972179,0.000000,0.043155,-3.093155,aligned vel=0.020 delta=0.0237%
2985348,S31_ALIGNED_Mode,NO,1784525110.786553,0.590000,5,1784525399.945109,1.000000,0.043155,2.006845,aligned vel=-0.030 delta=-0.0273%
2985362,S31_ALIGNED_Mode,NO,1784525407.521518,0.510000,5,1784525699.934111,1.000000,0.039812,2.410188,aligned vel=-0.030 delta=-0.0221%
2985372,S31_ALIGNED_Mode,NO,1784525707.364648,0.610000,5,1784525999.950192,0.000000,0.043155,-3.093155,aligned vel=-0.010 delta=-0.0374%
2985427,S31_ALIGNED_Mode,YES,1784526019.62771,0.670000,5,1784526299.952601,1.000000,0.040941,1.609059,aligned vel=0.010 delta=0.0415%
2985443,S31_ALIGNED_Mode,NO,1784526316.268007,0.690000,5,1784526599.93586,1.000000,0.039462,1.510538,aligned vel=-0.020 delta=-0.0421%
2985448,S31_ALIGNED_Mode,NO,1784526661.41589,0.650000,5,1784526899.925581,1.000000,0.042052,1.707948,aligned vel=-0.010 delta=-0.0300%
2985496,S31_ALIGNED_Mode,NO,1784526928.881206,0.520000,5,1784527199.971239,0.000000,0.040495,-2.640495,aligned vel=-0.020 delta=-0.0204%
2985507,S31_ALIGNED_Mode,YES,1784527237.258916,0.610000,5,1784527500.00372,1.000000,0.043155,1.906845,aligned vel=0.040 delta=0.0232%
2985514,S31_ALIGNED_Mode,NO,1784527532.928469,0.690000,5,1784527799.982461,0.000000,0.039462,-3.489462,aligned vel=-0.010 delta=-0.0254%
2985527,S31_ALIGNED_Mode,NO,1784527808.854889,0.640000,5,1784528099.990881,0.000000,0.042467,-3.242467,aligned vel=-0.030 delta=-0.0315%
2985535,S31_ALIGNED_Mode,YES,1784528189.691559,0.700000,5,1784528399.958908,0.000000,0.038588,-3.538588,aligned vel=0.010 delta=0.0339%
2985549,S31_ALIGNED_Mode,YES,1784528427.739202,0.670000,5,1784528699.966785,0.000000,0.040941,-3.390941,aligned vel=0.020 delta=0.0222%
2985552,S31_ALIGNED_Mode,YES,1784528760.864152,0.660000,5,1784528999.941812,1.000000,0.041543,1.658457,aligned vel=0.010 delta=0.0224%
2985557,S31_ALIGNED_Mode,NO,1784529029.587652,0.640000,5,1784529299.959457,1.000000,0.042467,1.757533,aligned vel=-0.030 delta=-0.0250%
2985610,S31_ALIGNED_Mode,NO,1784529351.047234,0.630000,5,1784529599.906789,1.000000,0.042789,1.807211,aligned vel=-0.010 delta=-0.0321%
2985629,S31_ALIGNED_Mode,NO,1784529615.543264,0.620000,5,1784529899.935815,1.000000,0.043018,1.856982,aligned vel=-0.010 delta=-0.0326%
2985632,S31_ALIGNED_Mode,NO,1784529908.447287,0.560000,5,1784530199.947809,0.000000,0.042499,-2.842499,aligned vel=-0.020 delta=-0.0314%
2985646,S31_ALIGNED_Mode,YES,1784530212.899269,0.680000,5,1784530499.983523,1.000000,0.040247,1.559753,aligned vel=0.040 delta=0.0236%
2985665,S31_ALIGNED_Mode,YES,1784530527.878751,0.670000,5,1784530799.882931,1.000000,0.040941,1.609059,aligned vel=0.060 delta=0.0308%
2985667,S31_ALIGNED_Mode,YES,1784530830.136382,0.670000,5,1784531099.908512,1.000000,0.040941,1.609059,aligned vel=0.020 delta=0.0302%
2985686,S31_ALIGNED_Mode,NO,1784531112.350912,0.620000,5,1784531399.938655,1.000000,0.043018,1.856982,aligned vel=-0.010 delta=-0.0224%
2985692,S31_ALIGNED_Mode,NO,1784531447.960805,0.670000,5,1784531700.003633,1.000000,0.040941,1.609059,aligned vel=-0.030 delta=-0.0268%
2985710,S31_ALIGNED_Mode,NO,1784531772.844584,0.650000,5,1784531999.941135,1.000000,0.042052,1.707948,aligned vel=-0.020 delta=-0.0256%
2985712,S31_ALIGNED_Mode,NO,1784532015.298571,0.670000,5,1784532299.981326,0.000000,0.040941,-3.390941,aligned vel=-0.010 delta=-0.0256%
2985730,S31_ALIGNED_Mode,YES,1784532311.788084,0.500000,5,1784532599.995806,1.000000,0.039062,2.460938,aligned vel=0.010 delta=0.0208%
2985750,S31_ALIGNED_Mode,YES,1784532618.714997,0.610000,5,1784532899.984449,1.000000,0.043155,1.906845,aligned vel=0.020 delta=0.0233%
2985793,S31_ALIGNED_Mode,NO,1784532925.092771,0.640000,5,1784533199.991864,1.000000,0.042467,1.757533,aligned vel=-0.010 delta=-0.0338%
2985801,S31_ALIGNED_Mode,NO,1784533211.946094,0.500000,5,1784533499.889877,0.000000,0.039062,-2.539062,aligned vel=-0.130 delta=-0.0228%
2985815,S31_ALIGNED_Mode,YES,1784533558.12924,0.680000,5,1784533799.958538,1.000000,0.040247,1.559753,aligned vel=0.020 delta=0.0609%
2985819,S31_ALIGNED_Mode,NO,1784533812.663244,0.610000,5,1784534099.94786,0.000000,0.043155,-3.093155,aligned vel=-0.040 delta=-0.0250%
2985854,S31_ALIGNED_Mode,NO,1784534117.541021,0.640000,5,1784534399.980691,0.000000,0.042467,-3.242467,aligned vel=-0.010 delta=-0.0253%
2985868,S31_ALIGNED_Mode,NO,1784534414.712964,0.610000,5,1784534699.960639,0.000000,0.043155,-3.093155,aligned vel=-0.010 delta=-0.0219%
2985915,S31_ALIGNED_Mode,NO,1784534734.54388,0.640000,5,1784535000.001298,1.000000,0.042467,1.757533,aligned vel=-0.010 delta=-0.0219%
2985988,S31_ALIGNED_Mode,NO,1784535042.32993,0.530000,5,1784535299.997366,0.000000,0.041109,-2.691109,aligned vel=-0.010 delta=-0.0201%
2986006,S31_ALIGNED_Mode,NO,1784535330.360455,0.680000,5,1784535599.916777,1.000000,0.040247,1.559753,aligned vel=-0.080 delta=-0.0458%
2986014,S31_ALIGNED_Mode,NO,1784535649.760803,0.700000,5,1784535899.972328,1.000000,0.038588,1.461413,aligned vel=-0.040 delta=-0.0722%
2986022,S31_ALIGNED_Mode,NO,1784535959.649598,0.380000,5,1784536199.985502,1.000000,0.026366,3.073634,aligned vel=-0.010 delta=-0.0204%
2986033,S31_ALIGNED_Mode,NO,1784536471.311168,0.270000,5,1784536499.948884,1.000000,0.013111,3.636889,aligned vel=-0.030 delta=-0.0219%
2986083,S31_ALIGNED_Mode,YES,1784536546.795447,0.700000,5,1784536799.904382,0.000000,0.038588,-3.538588,aligned vel=0.010 delta=0.0654%
2986113,S31_ALIGNED_Mode,NO,1784536906.704389,0.700000,5,1784537099.965812,1.000000,0.038588,1.461413,aligned vel=-0.050 delta=-0.0254%
2986122,S31_ALIGNED_Mode,YES,1784537116.735749,0.670000,5,1784537399.940951,1.000000,0.040941,1.609059,aligned vel=0.010 delta=0.0247%
2986139,S31_ALIGNED_Mode,YES,1784537418.607317,0.680000,5,1784537700.000993,0.000000,0.040247,-3.440247,aligned vel=0.010 delta=0.0243%
2986143,S31_ALIGNED_Mode,YES,1784537719.189359,0.610000,5,1784537999.903898,1.000000,0.043155,1.906845,aligned vel=0.010 delta=0.0271%
2986157,S31_ALIGNED_Mode,YES,1784538061.646851,0.540000,5,1784538299.88901,0.000000,0.041649,-2.741649,aligned vel=0.010 delta=0.0210%
2986174,S31_ALIGNED_Mode,NO,1784538330.147849,0.660000,5,1784538599.897149,1.000000,0.041543,1.658457,aligned vel=-0.020 delta=-0.0219%
2986184,S31_ALIGNED_Mode,YES,1784538636.86809,0.620000,5,1784538899.89594,1.000000,0.043018,1.856982,aligned vel=0.010 delta=0.0450%
2986191,S31_ALIGNED_Mode,YES,1784538945.40575,0.700000,5,1784539199.891141,0.000000,0.038588,-3.538588,aligned vel=0.010 delta=0.0647%
2986213,S31_ALIGNED_Mode,YES,1784539211.705833,0.700000,5,1784539499.967922,1.000000,0.038588,1.461413,aligned vel=0.010 delta=0.0308%
2986225,S31_ALIGNED_Mode,YES,1784539550.343806,0.650000,5,1784539799.915907,1.000000,0.042052,1.707948,aligned vel=0.030 delta=0.0344%
2986228,S31_ALIGNED_Mode,NO,1784539827.280221,0.630000,5,1784540099.902201,0.000000,0.042789,-3.192789,aligned vel=-0.010 delta=-0.0202%
2986288,S31_ALIGNED_Mode,YES,1784540186.425823,0.450000,5,1784540399.905613,0.000000,0.034457,-2.284457,aligned vel=0.010 delta=0.0201%
2986300,S31_ALIGNED_Mode,YES,1784540413.467209,0.450000,5,1784540699.8873,1.000000,0.034457,2.715543,aligned vel=0.010 delta=0.0222%
2986314,S31_ALIGNED_Mode,YES,1784540717.113801,0.680000,5,1784540999.909765,1.000000,0.040247,1.559753,aligned vel=0.030 delta=0.0218%
2986316,S31_ALIGNED_Mode,YES,1784541067.759532,0.670000,5,1784541299.934694,0.000000,0.040941,-3.390941,aligned vel=0.030 delta=0.0275%
2986396,S31_ALIGNED_Mode,NO,1784541324.540252,0.700000,5,1784541599.924714,1.000000,0.038588,1.461413,aligned vel=-0.010 delta=-0.0239%
2986411,S31_ALIGNED_Mode,NO,1784541694.635787,0.690000,5,1784541899.886525,0.000000,0.039462,-3.489462,aligned vel=-0.020 delta=-0.0481%
2986416,S31_ALIGNED_Mode,NO,1784542008.992483,0.700000,5,1784542199.935692,0.000000,0.038588,-3.538588,aligned vel=-0.070 delta=-0.0396%
2986519,S31_ALIGNED_Mode,YES,1784542300.102231,0.700000,5,1784542499.981901,1.000000,0.038588,1.461413,aligned vel=0.040 delta=0.0435%
2986528,S31_ALIGNED_Mode,NO,1784542549.949785,0.700000,5,1784542799.926378,1.000000,0.038588,1.461413,aligned vel=-0.010 delta=-0.0319%
2986539,S31_ALIGNED_Mode,YES,1784542910.933773,0.670000,5,1784543099.993064,1.000000,0.040941,1.609059,aligned vel=0.010 delta=0.0268%
2986552,S31_ALIGNED_Mode,YES,1784543120.711884,0.620000,5,1784543399.931111,0.000000,0.043018,-3.143018,aligned vel=0.010 delta=0.0224%
2986561,S31_ALIGNED_Mode,NO,1784543426.70335,0.690000,5,1784543699.999426,1.000000,0.039462,1.510538,aligned vel=-0.010 delta=-0.0274%
2986614,S31_ALIGNED_Mode,NO,1784543709.56119,0.660000,5,1784543999.84575,1.000000,0.041543,1.658457,aligned vel=-0.030 delta=-0.0214%
2986743,S31_ALIGNED_Mode,NO,1784544045.950718,0.700000,5,1784544299.969272,0.000000,0.038588,-3.538588,aligned vel=-0.030 delta=-0.0308%
2986757,S31_ALIGNED_Mode,NO,1784544321.3668,0.640000,5,1784544599.962722,0.000000,0.042467,-3.242467,aligned vel=-0.010 delta=-0.0230%
2986768,S31_ALIGNED_Mode,NO,1784544691.216036,0.680000,5,1784544899.90657,0.000000,0.040247,-3.440247,aligned vel=-0.070 delta=-0.0324%
2987063,S31_ALIGNED_Mode,NO,1784544954.922222,0.690000,5,1784545199.919388,1.000000,0.039462,1.510538,aligned vel=-0.020 delta=-0.0208%
2987158,S31_ALIGNED_Mode,NO,1784545474.093395,0.480000,5,1784545500.006498,0.000000,0.037380,-2.437380,aligned vel=-0.500 delta=-0.0420%
2987184,S31_ALIGNED_Mode,NO,1784545849.973759,0.670000,5,1784546099.911279,1.000000,0.040941,1.609059,aligned vel=-0.020 delta=-0.0230%
2987194,S31_ALIGNED_Mode,NO,1784546145.155919,0.700000,5,1784546290.490424,1.000000,0.038588,1.461413,aligned vel=-0.020 delta=-0.0362%
2987215,S31_ALIGNED_Mode,NO,1784546506.827273,0.690000,5,1784546699.982137,1.000000,0.039462,1.510538,aligned vel=-0.110 delta=-0.0334%
2987312,S31_ALIGNED_Mode,YES,1784547013.679198,0.630000,5,1784547300.004816,1.000000,0.042789,1.807211,aligned vel=0.080 delta=0.1067%
2987354,S31_ALIGNED_Mode,NO,1784547311.892592,0.590000,5,1784547599.892912,0.000000,0.043155,-2.993155,aligned vel=-0.010 delta=-0.0349%
2987372,S31_ALIGNED_Mode,YES,1784547609.547732,0.540000,5,1784547899.994287,0.000000,0.041649,-2.741649,aligned vel=0.010 delta=0.0257%
2987378,S31_ALIGNED_Mode,YES,1784547910.201112,0.540000,5,1784548199.957001,1.000000,0.041649,2.258351,aligned vel=0.010 delta=0.0284%
2987391,S31_ALIGNED_Mode,NO,1784548211.622896,0.660000,5,1784548499.915808,0.000000,0.041543,-3.341543,aligned vel=-0.010 delta=-0.0485%
2987500,S31_ALIGNED_Mode,NO,1784548527.997192,0.700000,5,1784548799.90492,0.000000,0.038588,-3.538588,aligned vel=-0.010 delta=-0.0438%
2987515,S31_ALIGNED_Mode,NO,1784548812.882816,0.660000,5,1784549099.961105,1.000000,0.041543,1.658457,aligned vel=-0.010 delta=-0.0425%
2987527,S31_ALIGNED_Mode,NO,1784549115.265746,0.590000,5,1784549399.967043,0.000000,0.043155,-2.993155,aligned vel=-0.010 delta=-0.0303%
2987540,S31_ALIGNED_Mode,NO,1784549414.829436,0.580000,5,1784549700.009632,1.000000,0.043022,2.056978,aligned vel=-0.010 delta=-0.0223%
2987554,S31_ALIGNED_Mode,YES,1784549712.008641,0.650000,5,1784549999.900229,0.000000,0.042052,-3.292052,aligned vel=0.010 delta=0.0283%
2987627,S31_ALIGNED_Mode,NO,1784550015.285274,0.550000,5,1784550299.861699,0.000000,0.042114,-2.792114,aligned vel=-0.020 delta=-0.0256%
2987732,S31_ALIGNED_Mode,NO,1784550308.953149,0.650000,5,1784550599.885473,1.000000,0.042052,1.707948,aligned vel=-0.020 delta=-0.0341%
2987738,S31_ALIGNED_Mode,YES,1784550687.560358,0.670000,5,1784550899.985501,1.000000,0.040941,1.609059,aligned vel=0.010 delta=0.0233%
2987786,S31_ALIGNED_Mode,YES,1784550910.282662,0.610000,5,1784551199.957766,0.000000,0.043155,-3.093155,aligned vel=0.010 delta=0.0203%
2987825,S31_ALIGNED_Mode,NO,1784551275.049599,0.640000,5,1784551499.894898,1.000000,0.042467,1.757533,aligned vel=-0.010 delta=-0.0237%
2987849,S31_ALIGNED_Mode,NO,1784551856.660999,0.590000,5,1784552099.942999,1.000000,0.043155,2.006845,aligned vel=-0.030 delta=-0.0212%
2987910,S31_ALIGNED_Mode,YES,1784552143.690659,0.700000,5,1784552399.918948,0.000000,0.038588,-3.538588,aligned vel=0.010 delta=0.0283%
2987917,S31_ALIGNED_Mode,YES,1784552416.790684,0.610000,5,1784552699.987575,0.000000,0.043155,-3.093155,aligned vel=0.010 delta=0.0324%
2987935,S31_ALIGNED_Mode,YES,1784552763.883379,0.700000,5,1784552999.931963,1.000000,0.038588,1.461413,aligned vel=0.010 delta=0.0380%
2988028,S31_ALIGNED_Mode,NO,1784553040.416829,0.670000,5,1784553299.996175,1.000000,0.040941,1.609059,aligned vel=-0.010 delta=-0.0298%
2988037,S31_ALIGNED_Mode,YES,1784553449.909762,0.650000,5,1784553599.936762,1.000000,0.042052,1.707948,aligned vel=0.010 delta=0.0214%
2988076,S31_ALIGNED_Mode,YES,1784554210.753866,0.660000,5,1784554499.9963,1.000000,0.041543,1.658457,aligned vel=0.010 delta=0.0485%
2988127,S31_ALIGNED_Mode,YES,1784554510.482239,0.600000,5,1784554799.982302,0.000000,0.043200,-3.043200,aligned vel=0.010 delta=0.0233%
2988295,S31_ALIGNED_Mode,YES,1784554810.229416,0.630000,5,1784555099.909288,0.000000,0.042789,-3.192789,aligned vel=0.010 delta=0.0406%
2988311,S31_ALIGNED_Mode,NO,1784555120.475908,0.580000,5,1784555399.935053,0.000000,0.043022,-2.943022,aligned vel=-0.020 delta=-0.0234%
2988321,S31_ALIGNED_Mode,YES,1784555415.843699,0.580000,5,1784555699.929042,0.000000,0.043022,-2.943022,aligned vel=0.020 delta=0.0204%
2988339,S31_ALIGNED_Mode,YES,1784555708.823813,0.580000,5,1784555999.900039,0.000000,0.043022,-2.943022,aligned vel=0.010 delta=0.0239%
2988367,S31_ALIGNED_Mode,YES,1784556023.535284,0.580000,5,1784556299.989414,1.000000,0.043022,2.056978,aligned vel=0.010 delta=0.0264%
2988378,S31_ALIGNED_Mode,NO,1784556317.217261,0.650000,5,1784556599.883153,0.000000,0.042052,-3.292052,aligned vel=-0.010 delta=-0.0398%
2988519,S31_ALIGNED_Mode,NO,1784556609.034409,0.630000,5,1784556899.883256,1.000000,0.042789,1.807211,aligned vel=-0.010 delta=-0.0538%
2988533,S31_ALIGNED_Mode,NO,1784556909.433908,0.530000,5,1784557199.935081,1.000000,0.041109,2.308891,aligned vel=-0.030 delta=-0.0278%
2988543,S31_ALIGNED_Mode,YES,1784557213.717665,0.610000,5,1784557499.924817,1.000000,0.043155,1.906845,aligned vel=0.010 delta=0.0254%
2988588,S31_ALIGNED_Mode,YES,1784557511.750372,0.580000,5,1784557799.910504,1.000000,0.043022,2.056978,aligned vel=0.010 delta=0.0318%
2988612,S31_ALIGNED_Mode,NO,1784557810.981031,0.580000,5,1784558099.906314,1.000000,0.043022,2.056978,aligned vel=-0.010 delta=-0.0204%
2988654,S31_ALIGNED_Mode,NO,1784558120.53738,0.630000,5,1784558399.894756,1.000000,0.042789,1.807211,aligned vel=-0.010 delta=-0.0389%
2988669,S31_ALIGNED_Mode,YES,1784558447.916869,0.620000,5,1784558699.996306,1.000000,0.043018,1.856982,aligned vel=0.010 delta=0.0321%
2988686,S31_ALIGNED_Mode,NO,1784558710.053968,0.600000,5,1784558999.950246,1.000000,0.043200,1.956800,aligned vel=-0.010 delta=-0.0441%
2988697,S31_ALIGNED_Mode,NO,1784559009.349524,0.520000,5,1784559299.947794,1.000000,0.040495,2.359505,aligned vel=-0.010 delta=-0.0210%
2988810,S31_ALIGNED_Mode,YES,1784559320.359335,0.600000,5,1784559599.998208,1.000000,0.043200,1.956800,aligned vel=0.020 delta=0.0204%
2988833,S31_ALIGNED_Mode,YES,1784559627.253928,0.610000,5,1784559899.918003,1.000000,0.043155,1.906845,aligned vel=0.030 delta=0.0272%
2988834,S31_ALIGNED_Mode,NO,1784559921.74715,0.630000,5,1784560199.910462,0.000000,0.042789,-3.192789,aligned vel=-0.030 delta=-0.0394%
2988850,S31_ALIGNED_Mode,YES,1784560209.58197,0.530000,5,1784560499.876069,1.000000,0.041109,2.308891,aligned vel=0.030 delta=0.0328%
2988862,S31_ALIGNED_Mode,NO,1784560515.781416,0.640000,5,1784560799.949084,0.000000,0.042467,-3.242467,aligned vel=-0.010 delta=-0.0324%
2988878,S31_ALIGNED_Mode,YES,1784560815.464235,0.530000,5,1784561099.898624,0.000000,0.041109,-2.691109,aligned vel=0.010 delta=0.0219%
2988937,S31_ALIGNED_Mode,NO,1784561112.567204,0.660000,5,1784561399.893704,1.000000,0.041543,1.658457,aligned vel=-0.030 delta=-0.0548%
2988944,S31_ALIGNED_Mode,YES,1784561410.397894,0.520000,5,1784561699.961462,0.000000,0.040495,-2.640495,aligned vel=0.010 delta=0.0257%
2989007,S31_ALIGNED_Mode,NO,1784561710.599313,0.630000,5,1784561999.917023,0.000000,0.042789,-3.192789,aligned vel=-0.010 delta=-0.0371%
2989026,S31_ALIGNED_Mode,YES,1784562012.709554,0.580000,5,1784562299.88293,1.000000,0.043022,2.056978,aligned vel=0.010 delta=0.0252%
2989034,S31_ALIGNED_Mode,YES,1784562312.135461,0.600000,5,1784562599.99272,1.000000,0.043200,1.956800,aligned vel=0.020 delta=0.0578%
2989051,S31_ALIGNED_Mode,YES,1784562624.499304,0.520000,5,1784562899.995893,1.000000,0.040495,2.359505,aligned vel=0.010 delta=0.0214%
2989594,S31_ALIGNED_Mode,YES,1784562908.708467,0.520000,5,1784563199.923756,1.000000,0.040495,2.359505,aligned vel=0.010 delta=0.0326%
2989898,S31_ALIGNED_Mode,YES,1784563212.720015,0.580000,5,1784563499.901878,0.000000,0.043022,-2.943022,aligned vel=0.010 delta=0.0364%
2989913,S31_ALIGNED_Mode,NO,1784563522.304347,0.650000,5,1784563799.971519,1.000000,0.042052,1.707948,aligned vel=-0.010 delta=-0.0290%
2989970,S31_ALIGNED_Mode,YES,1784563817.10163,0.610000,5,1784564099.957946,1.000000,0.043155,1.906845,aligned vel=0.010 delta=0.0316%
