market_id,strategy,side,entry_time,entry_price,shares,exit_time,exit_price,fee_paid,pnl,reason
2933913,S69_Complementary_ExitDiscipline,YES,1784200839.586626,0.670000,5,1784200856.251375,0.760000,0.040941,0.409059,comp_exit_discipline side=YES ask=0.670 p_entry=1.000 delta=0.0236%
2933933,S69_Complementary_ExitDiscipline,NO,1784201495.522814,0.660000,5,1784201513.039239,0.680000,0.041543,0.058457,comp_exit_discipline side=NO ask=0.660 p_entry=1.000 delta=-0.0298%
2933981,S69_Complementary_ExitDiscipline,YES,1784201825.259411,0.700000,5,1784201841.245199,0.680000,0.038588,-0.138587,comp_exit_discipline side=YES ask=0.700 p_entry=1.000 delta=0.0418%
2934021,S69_Complementary_ExitDiscipline,YES,1784202040.883491,0.680000,5,1784202057.09219,0.700000,0.040247,0.059753,comp_exit_discipline side=YES ask=0.680 p_entry=1.000 delta=0.0207%
2934041,S69_Complementary_ExitDiscipline,NO,1784202445.116846,0.680000,5,1784202461.673058,0.650000,0.040247,-0.190247,comp_exit_discipline side=NO ask=0.680 p_entry=1.000 delta=-0.0248%
2934049,S69_Complementary_ExitDiscipline,NO,1784202632.95668,0.600000,5,1784202649.554924,0.470000,0.043200,-0.693200,comp_exit_discipline side=NO ask=0.600 p_entry=1.000 delta=-0.0319%
2934267,S69_Complementary_ExitDiscipline,YES,1784202935.879874,0.630000,5,1784202952.01483,0.570000,0.042789,-0.342789,comp_exit_discipline side=YES ask=0.630 p_entry=1.000 delta=0.0221%
2934325,S69_Complementary_ExitDiscipline,NO,1784203216.389667,0.640000,5,1784203233.975839,0.730000,0.042467,0.407533,comp_exit_discipline side=NO ask=0.640 p_entry=1.000 delta=-0.0204%
2934344,S69_Complementary_ExitDiscipline,NO,1784203562.805898,0.640000,5,1784203579.922899,0.550000,0.042467,-0.492467,comp_exit_discipline side=NO ask=0.640 p_entry=1.000 delta=-0.0263%
2934354,S69_Complementary_ExitDiscipline,YES,1784203867.009525,0.640000,5,1784203883.811559,0.590000,0.042467,-0.292467,comp_exit_discipline side=YES ask=0.640 p_entry=1.000 delta=0.0260%
2934361,S69_Complementary_ExitDiscipline,NO,1784204126.218522,0.700000,5,1784204143.493643,0.650000,0.038588,-0.288587,comp_exit_discipline side=NO ask=0.700 p_entry=1.000 delta=-0.0599%
2934379,S69_Complementary_ExitDiscipline,YES,1784204420.416529,0.660000,5,1784204436.940256,0.660000,0.041543,-0.041543,comp_exit_discipline side=YES ask=0.660 p_entry=1.000 delta=0.0249%
2934391,S69_Complementary_ExitDiscipline,YES,1784204804.351275,0.680000,5,1784204820.660098,0.730000,0.040247,0.209753,comp_exit_discipline side=YES ask=0.680 p_entry=1.000 delta=0.0209%
2934397,S69_Complementary_ExitDiscipline,YES,1784205005.290964,0.650000,5,1784205022.896102,0.470000,0.042052,-0.942052,comp_exit_discipline side=YES ask=0.650 p_entry=1.000 delta=0.0245%
2934490,S69_Complementary_ExitDiscipline,NO,1784205621.948849,0.560000,5,1784205631.401779,0.420000,0.042499,-0.742499,comp_exit_discipline side=NO ask=0.560 p_entry=1.000 delta=-0.0215%
2934493,S69_Complementary_ExitDiscipline,NO,1784205920.664675,0.590000,5,1784205936.750375,0.580000,0.043155,-0.093155,comp_exit_discipline side=NO ask=0.590 p_entry=1.000 delta=-0.0270%
2934513,S69_Complementary_ExitDiscipline,NO,1784206207.581689,0.570000,5,1784206224.115867,0.540000,0.042803,-0.192803,comp_exit_discipline side=NO ask=0.570 p_entry=1.000 delta=-0.0205%
2934573,S69_Complementary_ExitDiscipline,NO,1784206527.477778,0.690000,5,1784206543.857694,0.660000,0.039462,-0.189462,comp_exit_discipline side=NO ask=0.690 p_entry=1.000 delta=-0.0632%
2934577,S69_Complementary_ExitDiscipline,YES,1784206817.300165,0.640000,5,1784206835.391174,0.640000,0.042467,-0.042467,comp_exit_discipline side=YES ask=0.640 p_entry=1.000 delta=0.0324%
2934590,S69_Complementary_ExitDiscipline,YES,1784207122.722238,0.600000,5,1784207139.141268,0.600000,0.043200,-0.043200,comp_exit_discipline side=YES ask=0.600 p_entry=1.000 delta=0.0264%
2934605,S69_Complementary_ExitDiscipline,YES,1784207432.968564,0.670000,5,1784207449.324836,0.820000,0.040941,0.709059,comp_exit_discipline side=YES ask=0.670 p_entry=1.000 delta=0.0270%
2934623,S69_Complementary_ExitDiscipline,YES,1784207790.958024,0.670000,5,1784207807.488317,0.700000,0.040941,0.109059,comp_exit_discipline side=YES ask=0.670 p_entry=1.000 delta=0.0210%
2934636,S69_Complementary_ExitDiscipline,YES,1784208023.98889,0.650000,5,1784208040.660494,0.850000,0.042052,0.957948,comp_exit_discipline side=YES ask=0.650 p_entry=1.000 delta=0.0280%
2934650,S69_Complementary_ExitDiscipline,NO,1784208305.926129,0.700000,5,1784208322.792664,0.640000,0.038588,-0.338587,comp_exit_discipline side=NO ask=0.700 p_entry=1.000 delta=-0.0332%
2934730,S69_Complementary_ExitDiscipline,YES,1784208603.097204,0.670000,5,1784208621.234596,0.800000,0.040941,0.609059,comp_exit_discipline side=YES ask=0.670 p_entry=1.000 delta=0.0599%
2934777,S69_Complementary_ExitDiscipline,NO,1784208923.196502,0.600000,5,1784208926.191847,0.510000,0.043200,-0.493200,comp_exit_discipline side=NO ask=0.600 p_entry=1.000 delta=-0.0249%
2934814,S69_Complementary_ExitDiscipline,YES,1784209208.34988,0.590000,5,1784209225.436479,0.550000,0.043155,-0.243155,comp_exit_discipline side=YES ask=0.590 p_entry=1.000 delta=0.0360%
2934831,S69_Complementary_ExitDiscipline,YES,1784209505.579852,0.600000,5,1784209523.125137,0.760000,0.043200,0.756800,comp_exit_discipline side=YES ask=0.600 p_entry=1.000 delta=0.0251%
2934863,S69_Complementary_ExitDiscipline,YES,1784209821.274028,0.590000,5,1784209838.488334,0.680000,0.043155,0.406845,comp_exit_discipline side=YES ask=0.590 p_entry=1.000 delta=0.0233%
2934877,S69_Complementary_ExitDiscipline,NO,1784210105.155967,0.560000,5,1784210122.593598,0.590000,0.042499,0.107501,comp_exit_discipline side=NO ask=0.560 p_entry=1.000 delta=-0.0321%
2934890,S69_Complementary_ExitDiscipline,YES,1784210406.393239,0.600000,5,1784210424.568911,0.640000,0.043200,0.156800,comp_exit_discipline side=YES ask=0.600 p_entry=1.000 delta=0.0628%
2934906,S69_Complementary_ExitDiscipline,YES,1784210703.539085,0.580000,5,1784210721.058858,0.650000,0.043022,0.306978,comp_exit_discipline side=YES ask=0.580 p_entry=1.000 delta=0.0203%
2934922,S69_Complementary_ExitDiscipline,YES,1784211014.859517,0.570000,5,1784211028.561341,0.430000,0.042803,-0.742803,comp_exit_discipline side=YES ask=0.570 p_entry=1.000 delta=0.0360%
2934932,S69_Complementary_ExitDiscipline,NO,1784211316.582993,0.690000,5,1784211333.231285,0.580000,0.039462,-0.589462,comp_exit_discipline side=NO ask=0.690 p_entry=1.000 delta=-0.0634%
2934949,S69_Complementary_ExitDiscipline,NO,1784211609.281557,0.620000,5,1784211626.428126,0.780000,0.043018,0.756982,comp_exit_discipline side=NO ask=0.620 p_entry=1.000 delta=-0.0272%
2934961,S69_Complementary_ExitDiscipline,NO,1784211906.225029,0.660000,5,1784211922.830973,0.640000,0.041543,-0.141543,comp_exit_discipline side=NO ask=0.660 p_entry=1.000 delta=-0.0525%
2934977,S69_Complementary_ExitDiscipline,YES,1784212207.809293,0.570000,5,1784212225.051414,0.640000,0.042803,0.307197,comp_exit_discipline side=YES ask=0.570 p_entry=1.000 delta=0.0329%
2935023,S69_Complementary_ExitDiscipline,YES,1784212527.602055,0.620000,5,1784212543.623288,0.640000,0.043018,0.056982,comp_exit_discipline side=YES ask=0.620 p_entry=1.000 delta=0.0265%
2935037,S69_Complementary_ExitDiscipline,NO,1784212833.163814,0.610000,5,1784212847.046905,0.430000,0.043155,-0.943155,comp_exit_discipline side=NO ask=0.610 p_entry=1.000 delta=-0.0300%
2935060,S69_Complementary_ExitDiscipline,NO,1784213110.182827,0.580000,5,1784213114.04702,0.470000,0.043022,-0.593022,comp_exit_discipline side=NO ask=0.580 p_entry=1.000 delta=-0.0234%
2935061,S69_Complementary_ExitDiscipline,NO,1784213409.872816,0.580000,5,1784213426.574454,0.660000,0.043022,0.356978,comp_exit_discipline side=NO ask=0.580 p_entry=1.000 delta=-0.0308%
2935086,S69_Complementary_ExitDiscipline,NO,1784213710.70122,0.670000,5,1784213727.206707,0.720000,0.040941,0.209059,comp_exit_discipline side=NO ask=0.670 p_entry=1.000 delta=-0.0247%
2935087,S69_Complementary_ExitDiscipline,YES,1784214004.186251,0.590000,5,1784214018.235666,0.460000,0.043155,-0.693155,comp_exit_discipline side=YES ask=0.590 p_entry=0.999 delta=0.0219%
2935106,S69_Complementary_ExitDiscipline,NO,1784214312.91489,0.690000,5,1784214330.189934,0.660000,0.039462,-0.189462,comp_exit_discipline side=NO ask=0.690 p_entry=1.000 delta=-0.0794%
2935124,S69_Complementary_ExitDiscipline,YES,1784214622.897482,0.670000,5,1784214639.60089,0.530000,0.040941,-0.740941,comp_exit_discipline side=YES ask=0.670 p_entry=1.000 delta=0.0390%
2935166,S69_Complementary_ExitDiscipline,YES,1784214905.598791,0.620000,5,1784214916.380264,0.520000,0.043018,-0.543018,comp_exit_discipline side=YES ask=0.620 p_entry=1.000 delta=0.0403%
2935175,S69_Complementary_ExitDiscipline,NO,1784215230.227848,0.580000,5,1784215234.486362,0.490000,0.043022,-0.493022,comp_exit_discipline side=NO ask=0.580 p_entry=1.000 delta=-0.0208%
2935185,S69_Complementary_ExitDiscipline,YES,1784215512.918314,0.630000,5,1784215529.024164,0.670000,0.042789,0.157211,comp_exit_discipline side=YES ask=0.630 p_entry=1.000 delta=0.0348%
2935211,S69_Complementary_ExitDiscipline,NO,1784215820.81123,0.690000,5,1784215836.997612,0.730000,0.039462,0.160538,comp_exit_discipline side=NO ask=0.690 p_entry=1.000 delta=-0.0632%
2935252,S69_Complementary_ExitDiscipline,NO,1784216110.806117,0.580000,5,1784216126.667187,0.600000,0.043022,0.056978,comp_exit_discipline side=NO ask=0.580 p_entry=1.000 delta=-0.0215%
2935260,S69_Complementary_ExitDiscipline,NO,1784216432.921606,0.680000,5,1784216449.002425,0.690000,0.040247,0.009753,comp_exit_discipline side=NO ask=0.680 p_entry=1.000 delta=-0.0327%
2935273,S69_Complementary_ExitDiscipline,NO,1784216728.018696,0.700000,5,1784216743.742439,0.780000,0.038588,0.361413,comp_exit_discipline side=NO ask=0.700 p_entry=1.000 delta=-0.0483%
2935293,S69_Complementary_ExitDiscipline,YES,1784217019.843629,0.610000,5,1784217035.883197,0.550000,0.043155,-0.343155,comp_exit_discipline side=YES ask=0.610 p_entry=1.000 delta=0.0228%
2935486,S69_Complementary_ExitDiscipline,NO,1784217326.104474,0.660000,5,1784217342.085698,0.720000,0.041543,0.258457,comp_exit_discipline side=NO ask=0.660 p_entry=1.000 delta=-0.0625%
2935536,S69_Complementary_ExitDiscipline,NO,1784217670.316583,0.610000,5,1784217686.788012,0.690000,0.043155,0.356845,comp_exit_discipline side=NO ask=0.610 p_entry=1.000 delta=-0.0224%
2935547,S69_Complementary_ExitDiscipline,NO,1784217905.275083,0.570000,5,1784217921.387682,0.650000,0.042803,0.357197,comp_exit_discipline side=NO ask=0.570 p_entry=1.000 delta=-0.0304%
2935556,S69_Complementary_ExitDiscipline,NO,1784218226.240418,0.700000,5,1784218242.245665,0.710000,0.038588,0.011412,comp_exit_discipline side=NO ask=0.700 p_entry=1.000 delta=-0.0680%
2935578,S69_Complementary_ExitDiscipline,NO,1784218511.684545,0.640000,5,1784218527.774856,0.680000,0.042467,0.157533,comp_exit_discipline side=NO ask=0.640 p_entry=1.000 delta=-0.0424%
2935583,S69_Complementary_ExitDiscipline,NO,1784218880.204251,0.700000,5,1784218896.343395,0.700000,0.038588,-0.038588,comp_exit_discipline side=NO ask=0.700 p_entry=1.000 delta=-0.0645%
2935593,S69_Complementary_ExitDiscipline,YES,1784219134.129091,0.610000,5,1784219150.451086,0.730000,0.043155,0.556845,comp_exit_discipline side=YES ask=0.610 p_entry=1.000 delta=0.0220%
2935604,S69_Complementary_ExitDiscipline,YES,1784219406.858567,0.570000,5,1784219423.31732,0.630000,0.042803,0.257197,comp_exit_discipline side=YES ask=0.570 p_entry=1.000 delta=0.0214%
2935659,S69_Complementary_ExitDiscipline,NO,1784219733.918086,0.680000,5,1784219749.708384,0.710000,0.040247,0.109753,comp_exit_discipline side=NO ask=0.680 p_entry=1.000 delta=-0.0427%
2935671,S69_Complementary_ExitDiscipline,YES,1784220025.524292,0.620000,5,1784220041.71428,0.660000,0.043018,0.156982,comp_exit_discipline side=YES ask=0.620 p_entry=1.000 delta=0.0215%
2935691,S69_Complementary_ExitDiscipline,NO,1784220343.098199,0.610000,5,1784220358.590344,0.650000,0.043155,0.156845,comp_exit_discipline side=NO ask=0.610 p_entry=1.000 delta=-0.0283%
2935693,S69_Complementary_ExitDiscipline,YES,1784220626.691628,0.670000,5,1784220643.061024,0.710000,0.040941,0.159059,comp_exit_discipline side=YES ask=0.670 p_entry=1.000 delta=0.0342%
2936247,S69_Complementary_ExitDiscipline,YES,1784220917.11485,0.670000,5,1784220933.485783,0.740000,0.040941,0.309059,comp_exit_discipline side=YES ask=0.670 p_entry=1.000 delta=0.0236%
2936266,S69_Complementary_ExitDiscipline,NO,1784221211.761068,0.610000,5,1784221229.593279,0.550000,0.043155,-0.343155,comp_exit_discipline side=NO ask=0.610 p_entry=1.000 delta=-0.0221%
2936273,S69_Complementary_ExitDiscipline,NO,1784221530.47365,0.620000,5,1784221546.7651,0.640000,0.043018,0.056982,comp_exit_discipline side=NO ask=0.620 p_entry=1.000 delta=-0.0321%
2936343,S69_Complementary_ExitDiscipline,NO,1784221843.792129,0.700000,5,1784221859.668205,0.720000,0.038588,0.061412,comp_exit_discipline side=NO ask=0.700 p_entry=1.000 delta=-0.0742%
2936346,S69_Complementary_ExitDiscipline,YES,1784222108.873512,0.680000,5,1784222124.850064,0.770000,0.040247,0.409753,comp_exit_discipline side=YES ask=0.680 p_entry=1.000 delta=0.0262%
2936368,S69_Complementary_ExitDiscipline,YES,1784222404.006108,0.610000,5,1784222421.041005,0.660000,0.043155,0.206845,comp_exit_discipline side=YES ask=0.610 p_entry=1.000 delta=0.0216%
2936522,S69_Complementary_ExitDiscipline,NO,1784222708.549012,0.640000,5,1784222724.823852,0.710000,0.042467,0.307533,comp_exit_discipline side=NO ask=0.640 p_entry=1.000 delta=-0.0432%
2936536,S69_Complementary_ExitDiscipline,YES,1784223023.151276,0.620000,5,1784223039.93906,0.720000,0.043018,0.456982,comp_exit_discipline side=YES ask=0.620 p_entry=1.000 delta=0.0263%
2936584,S69_Complementary_ExitDiscipline,NO,1784223343.38501,0.620000,5,1784223359.593465,0.650000,0.043018,0.106982,comp_exit_discipline side=NO ask=0.620 p_entry=1.000 delta=-0.0204%
2936593,S69_Complementary_ExitDiscipline,NO,1784223619.62068,0.700000,5,1784223635.636502,0.780000,0.038588,0.361413,comp_exit_discipline side=NO ask=0.700 p_entry=1.000 delta=-0.0505%
2936613,S69_Complementary_ExitDiscipline,NO,1784223955.422812,0.610000,5,1784223972.077676,0.650000,0.043155,0.156845,comp_exit_discipline side=NO ask=0.610 p_entry=1.000 delta=-0.0331%
2936631,S69_Complementary_ExitDiscipline,NO,1784224227.87758,0.670000,5,1784224244.323083,0.670000,0.040941,-0.040941,comp_exit_discipline side=NO ask=0.670 p_entry=1.000 delta=-0.0398%
2936666,S69_Complementary_ExitDiscipline,NO,1784224814.058863,0.570000,5,1784224820.503071,0.450000,0.042803,-0.642803,comp_exit_discipline side=NO ask=0.570 p_entry=1.000 delta=-0.0210%
2936747,S69_Complementary_ExitDiscipline,YES,1784225490.633448,0.690000,5,1784225506.560912,0.700000,0.039462,0.010538,comp_exit_discipline side=YES ask=0.690 p_entry=1.000 delta=0.0257%
2936791,S69_Complementary_ExitDiscipline,NO,1784225707.570624,0.610000,5,1784225724.343547,0.780000,0.043155,0.806845,comp_exit_discipline side=NO ask=0.610 p_entry=1.000 delta=-0.0205%
2936854,S69_Complementary_ExitDiscipline,NO,1784226017.540232,0.650000,5,1784226034.117331,0.630000,0.042052,-0.142052,comp_exit_discipline side=NO ask=0.650 p_entry=1.000 delta=-0.0237%
2936934,S69_Complementary_ExitDiscipline,NO,1784226373.897734,0.700000,5,1784226390.060701,0.540000,0.038588,-0.838587,comp_exit_discipline side=NO ask=0.700 p_entry=1.000 delta=-0.0454%
2937046,S69_Complementary_ExitDiscipline,NO,1784226610.221497,0.610000,5,1784226626.814479,0.630000,0.043155,0.056845,comp_exit_discipline side=NO ask=0.610 p_entry=1.000 delta=-0.0209%
2937142,S69_Complementary_ExitDiscipline,NO,1784226909.149378,0.700000,5,1784226925.232118,0.660000,0.038588,-0.238587,comp_exit_discipline side=NO ask=0.700 p_entry=1.000 delta=-0.0561%
2937159,S69_Complementary_ExitDiscipline,NO,1784227212.020215,0.690000,5,1784227228.408942,0.620000,0.039462,-0.389462,comp_exit_discipline side=NO ask=0.690 p_entry=1.000 delta=-0.0358%
2937169,S69_Complementary_ExitDiscipline,YES,1784227568.189746,0.680000,5,1784227584.694874,0.750000,0.040247,0.309753,comp_exit_discipline side=YES ask=0.680 p_entry=1.000 delta=0.0389%
2937288,S69_Complementary_ExitDiscipline,NO,1784228117.169035,0.660000,5,1784228133.082575,0.620000,0.041543,-0.241543,comp_exit_discipline side=NO ask=0.660 p_entry=1.000 delta=-0.0270%
2937377,S69_Complementary_ExitDiscipline,NO,1784228403.931441,0.640000,5,1784228421.366943,0.540000,0.042467,-0.542467,comp_exit_discipline side=NO ask=0.640 p_entry=1.000 delta=-0.0234%
2937380,S69_Complementary_ExitDiscipline,YES,1784228741.801297,0.630000,5,1784228758.197875,0.630000,0.042789,-0.042789,comp_exit_discipline side=YES ask=0.630 p_entry=1.000 delta=0.0207%
2937400,S69_Complementary_ExitDiscipline,NO,1784229008.907,0.660000,5,1784229025.719538,0.600000,0.041543,-0.341543,comp_exit_discipline side=NO ask=0.660 p_entry=1.000 delta=-0.0211%
2937410,S69_Complementary_ExitDiscipline,NO,1784229354.001851,0.690000,5,1784229371.06228,0.520000,0.039462,-0.889462,comp_exit_discipline side=NO ask=0.690 p_entry=1.000 delta=-0.0278%
2937426,S69_Complementary_ExitDiscipline,YES,1784229674.919885,0.660000,5,1784229690.911076,0.680000,0.041543,0.058457,comp_exit_discipline side=YES ask=0.660 p_entry=1.000 delta=0.0231%
2937435,S69_Complementary_ExitDiscipline,YES,1784229903.597677,0.660000,5,1784229920.300382,0.580000,0.041543,-0.441543,comp_exit_discipline side=YES ask=0.660 p_entry=1.000 delta=0.0234%
2937452,S69_Complementary_ExitDiscipline,NO,1784230206.550789,0.620000,5,1784230223.363953,0.470000,0.043018,-0.793018,comp_exit_discipline side=NO ask=0.620 p_entry=1.000 delta=-0.0215%
2937491,S69_Complementary_ExitDiscipline,NO,1784230524.057821,0.620000,5,1784230539.702308,0.450000,0.043018,-0.893018,comp_exit_discipline side=NO ask=0.620 p_entry=1.000 delta=-0.0226%
2937499,S69_Complementary_ExitDiscipline,NO,1784230856.586608,0.700000,5,1784230873.094967,0.510000,0.038588,-0.988588,comp_exit_discipline side=NO ask=0.700 p_entry=1.000 delta=-0.0499%
2937509,S69_Complementary_ExitDiscipline,NO,1784231197.812116,0.670000,5,1784231213.591149,0.840000,0.040941,0.809059,comp_exit_discipline side=NO ask=0.670 p_entry=1.000 delta=-0.0220%
2937568,S69_Complementary_ExitDiscipline,YES,1784231433.942617,0.700000,5,1784231449.583901,0.850000,0.038588,0.711413,comp_exit_discipline side=YES ask=0.700 p_entry=1.000 delta=0.0231%
2937638,S69_Complementary_ExitDiscipline,YES,1784231707.967435,0.640000,5,1784231723.91378,0.510000,0.042467,-0.692467,comp_exit_discipline side=YES ask=0.640 p_entry=1.000 delta=0.0204%
2937677,S69_Complementary_ExitDiscipline,NO,1784232158.892358,0.660000,5,1784232175.163294,0.690000,0.041543,0.108457,comp_exit_discipline side=NO ask=0.660 p_entry=1.000 delta=-0.0430%
2937700,S69_Complementary_ExitDiscipline,YES,1784232342.891469,0.680000,5,1784232358.941762,0.730000,0.040247,0.209753,comp_exit_discipline side=YES ask=0.680 p_entry=1.000 delta=0.0238%
2937708,S69_Complementary_ExitDiscipline,NO,1784232629.11524,0.670000,5,1784232644.746972,0.530000,0.040941,-0.740941,comp_exit_discipline side=NO ask=0.670 p_entry=1.000 delta=-0.0213%
2937720,S69_Complementary_ExitDiscipline,NO,1784232907.227702,0.700000,5,1784232923.250252,0.740000,0.038588,0.161413,comp_exit_discipline side=NO ask=0.700 p_entry=1.000 delta=-0.0292%
2937729,S69_Complementary_ExitDiscipline,NO,1784233366.833225,0.700000,5,1784233382.295823,0.700000,0.038588,-0.038588,comp_exit_discipline side=NO ask=0.700 p_entry=1.000 delta=-0.0203%
2937736,S69_Complementary_ExitDiscipline,NO,1784233530.707193,0.700000,5,1784233546.248278,0.560000,0.038588,-0.738587,comp_exit_discipline side=NO ask=0.700 p_entry=1.000 delta=-0.0329%
2937751,S69_Complementary_ExitDiscipline,NO,1784233857.579079,0.690000,5,1784233873.615087,0.600000,0.039462,-0.489462,comp_exit_discipline side=NO ask=0.690 p_entry=1.000 delta=-0.0393%
2937794,S69_Complementary_ExitDiscipline,NO,1784234158.767455,0.670000,5,1784234175.37087,0.700000,0.040941,0.109059,comp_exit_discipline side=NO ask=0.670 p_entry=1.000 delta=-0.0207%
2937826,S69_Complementary_ExitDiscipline,NO,1784234483.612424,0.650000,5,1784234499.590065,0.610000,0.042052,-0.242052,comp_exit_discipline side=NO ask=0.650 p_entry=1.000 delta=-0.0243%
2937846,S69_Complementary_ExitDiscipline,NO,1784235043.540051,0.700000,5,1784235059.418425,0.710000,0.038588,0.011412,comp_exit_discipline side=NO ask=0.700 p_entry=1.000 delta=-0.0210%
2937859,S69_Complementary_ExitDiscipline,YES,1784235504.531572,0.500000,5,1784235519.488747,0.720000,0.039062,1.060937,comp_exit_discipline side=YES ask=0.500 p_entry=1.000 delta=0.0230%
2937879,S69_Complementary_ExitDiscipline,NO,1784235758.292927,0.700000,5,1784235775.096731,0.630000,0.038588,-0.388588,comp_exit_discipline side=NO ask=0.700 p_entry=1.000 delta=-0.0295%
2937940,S69_Complementary_ExitDiscipline,NO,1784237450.748916,0.480000,5,1784237465.318001,0.580000,0.037380,0.462620,comp_exit_discipline side=NO ask=0.480 p_entry=1.000 delta=-0.0231%
2937993,S69_Complementary_ExitDiscipline,YES,1784237730.345801,0.520000,5,1784237744.535577,0.490000,0.040495,-0.190495,comp_exit_discipline side=YES ask=0.520 p_entry=1.000 delta=0.0266%
2937997,S69_Complementary_ExitDiscipline,NO,1784238208.305489,0.250000,5,1784238222.557676,0.300000,0.010986,0.239014,comp_exit_discipline side=NO ask=0.250 p_entry=1.000 delta=-0.0203%
2938024,S69_Complementary_ExitDiscipline,NO,1784238405.257219,0.690000,5,1784238419.223054,0.700000,0.039462,0.010538,comp_exit_discipline side=NO ask=0.690 p_entry=1.000 delta=-0.0341%
2938435,S69_Complementary_ExitDiscipline,NO,1784239590.241789,0.690000,5,1784239596.626761,0.560000,0.039462,-0.689462,comp_exit_discipline side=NO ask=0.690 p_entry=1.000 delta=-0.0224%
2938439,S69_Complementary_ExitDiscipline,NO,1784239822.448751,0.530000,5,1784239836.315755,0.480000,0.041109,-0.291109,comp_exit_discipline side=NO ask=0.530 p_entry=1.000 delta=-0.0270%
2938449,S69_Complementary_ExitDiscipline,NO,1784240113.362327,0.700000,5,1784240127.342671,0.760000,0.038588,0.261412,comp_exit_discipline side=NO ask=0.700 p_entry=1.000 delta=-0.0319%
2938468,S69_Complementary_ExitDiscipline,NO,1784240431.088562,0.700000,5,1784240444.857994,0.710000,0.038588,0.011412,comp_exit_discipline side=NO ask=0.700 p_entry=1.000 delta=-0.0481%
2938471,S69_Complementary_ExitDiscipline,NO,1784240732.3079,0.700000,5,1784240746.565728,0.750000,0.038588,0.211413,comp_exit_discipline side=NO ask=0.700 p_entry=1.000 delta=-0.0430%
2938488,S69_Complementary_ExitDiscipline,YES,1784241064.403641,0.680000,5,1784241078.42219,0.870000,0.040247,0.909753,comp_exit_discipline side=YES ask=0.680 p_entry=1.000 delta=0.0238%
2938530,S69_Complementary_ExitDiscipline,YES,1784241489.475866,0.690000,5,1784241503.049889,0.920000,0.039462,1.110538,comp_exit_discipline side=YES ask=0.690 p_entry=1.000 delta=0.0300%
2938546,S69_Complementary_ExitDiscipline,NO,1784241735.96359,0.690000,5,1784241749.694194,0.680000,0.039462,-0.089462,comp_exit_discipline side=NO ask=0.690 p_entry=1.000 delta=-0.0642%
2938557,S69_Complementary_ExitDiscipline,NO,1784241973.700363,0.590000,5,1784241987.090305,0.490000,0.043155,-0.543155,comp_exit_discipline side=NO ask=0.590 p_entry=1.000 delta=-0.0379%
2938563,S69_Complementary_ExitDiscipline,NO,1784242258.270988,0.510000,5,1784242272.188639,0.520000,0.039812,0.010188,comp_exit_discipline side=NO ask=0.510 p_entry=1.000 delta=-0.0337%
2938872,S69_Complementary_ExitDiscipline,YES,1784242509.525824,0.680000,5,1784242523.0293,0.640000,0.040247,-0.240247,comp_exit_discipline side=YES ask=0.680 p_entry=1.000 delta=0.0204%
2940872,S69_Complementary_ExitDiscipline,NO,1784242805.274224,0.640000,5,1784242819.864793,0.520000,0.042467,-0.642467,comp_exit_discipline side=NO ask=0.640 p_entry=1.000 delta=-0.0325%
2940896,S69_Complementary_ExitDiscipline,NO,1784243547.58335,0.450000,5,1784243561.615073,0.190000,0.034457,-1.334457,comp_exit_discipline side=NO ask=0.450 p_entry=1.000 delta=-0.0201%
2940904,S69_Complementary_ExitDiscipline,NO,1784243715.501918,0.680000,5,1784243729.145924,0.710000,0.040247,0.109753,comp_exit_discipline side=NO ask=0.680 p_entry=1.000 delta=-0.0269%
2940920,S69_Complementary_ExitDiscipline,NO,1784244010.251755,0.700000,5,1784244025.957457,0.760000,0.038588,0.261412,comp_exit_discipline side=NO ask=0.700 p_entry=1.000 delta=-0.0244%
2940939,S69_Complementary_ExitDiscipline,NO,1784244610.36175,0.680000,5,1784244624.421073,0.430000,0.040247,-1.290247,comp_exit_discipline side=NO ask=0.680 p_entry=1.000 delta=-0.0394%
2940986,S69_Complementary_ExitDiscipline,YES,1784244944.62841,0.700000,5,1784244958.073044,0.630000,0.038588,-0.388588,comp_exit_discipline side=YES ask=0.700 p_entry=1.000 delta=0.0267%
2940993,S69_Complementary_ExitDiscipline,YES,1784245242.984678,0.670000,5,1784245256.828551,0.660000,0.040941,-0.090941,comp_exit_discipline side=YES ask=0.670 p_entry=1.000 delta=0.0231%
2941006,S69_Complementary_ExitDiscipline,NO,1784245526.03075,0.640000,5,1784245539.565776,0.680000,0.042467,0.157533,comp_exit_discipline side=NO ask=0.640 p_entry=1.000 delta=-0.0256%
2941021,S69_Complementary_ExitDiscipline,YES,1784245818.437945,0.680000,5,1784245832.266734,0.750000,0.040247,0.309753,comp_exit_discipline side=YES ask=0.680 p_entry=1.000 delta=0.0247%
2941053,S69_Complementary_ExitDiscipline,NO,1784246413.201884,0.670000,5,1784246427.142897,0.540000,0.040941,-0.690941,comp_exit_discipline side=NO ask=0.670 p_entry=1.000 delta=-0.0252%
2941084,S69_Complementary_ExitDiscipline,NO,1784246704.716486,0.560000,5,1784246718.731174,0.610000,0.042499,0.207501,comp_exit_discipline side=NO ask=0.560 p_entry=1.000 delta=-0.0247%
2941095,S69_Complementary_ExitDiscipline,YES,1784247015.324697,0.700000,5,1784247029.273388,0.560000,0.038588,-0.738587,comp_exit_discipline side=YES ask=0.700 p_entry=1.000 delta=0.0219%
2941115,S69_Complementary_ExitDiscipline,YES,1784247332.488445,0.660000,5,1784247346.203305,0.790000,0.041543,0.608457,comp_exit_discipline side=YES ask=0.660 p_entry=1.000 delta=0.0220%
2941128,S69_Complementary_ExitDiscipline,NO,1784247670.864223,0.570000,5,1784247684.461651,0.630000,0.042803,0.257197,comp_exit_discipline side=NO ask=0.570 p_entry=1.000 delta=-0.0202%
2941133,S69_Complementary_ExitDiscipline,NO,1784247914.587675,0.620000,5,1784247927.614987,0.630000,0.043018,0.006982,comp_exit_discipline side=NO ask=0.620 p_entry=1.000 delta=-0.0357%
2941139,S69_Complementary_ExitDiscipline,NO,1784248217.933732,0.610000,5,1784248231.249828,0.610000,0.043155,-0.043155,comp_exit_discipline side=NO ask=0.610 p_entry=1.000 delta=-0.0206%
2941171,S69_Complementary_ExitDiscipline,NO,1784248534.428723,0.630000,5,1784248547.662815,0.580000,0.042789,-0.292789,comp_exit_discipline side=NO ask=0.630 p_entry=1.000 delta=-0.0280%
2941199,S69_Complementary_ExitDiscipline,YES,1784248807.980205,0.650000,5,1784248821.324434,0.770000,0.042052,0.557948,comp_exit_discipline side=YES ask=0.650 p_entry=1.000 delta=0.0209%
2941224,S69_Complementary_ExitDiscipline,YES,1784249107.78677,0.600000,5,1784249121.256411,0.580000,0.043200,-0.143200,comp_exit_discipline side=YES ask=0.600 p_entry=1.000 delta=0.0207%
2941252,S69_Complementary_ExitDiscipline,NO,1784249418.753665,0.660000,5,1784249431.968105,0.700000,0.041543,0.158457,comp_exit_discipline side=NO ask=0.660 p_entry=1.000 delta=-0.0254%
2941372,S69_Complementary_ExitDiscipline,YES,1784249712.098701,0.590000,5,1784249725.429979,0.610000,0.043155,0.056845,comp_exit_discipline side=YES ask=0.590 p_entry=1.000 delta=0.0259%
2941612,S69_Complementary_ExitDiscipline,NO,1784250008.071232,0.670000,5,1784250021.805867,0.550000,0.040941,-0.640941,comp_exit_discipline side=NO ask=0.670 p_entry=1.000 delta=-0.0200%
2941717,S69_Complementary_ExitDiscipline,YES,1784250611.02997,0.550000,5,1784250619.130687,0.430000,0.042114,-0.642114,comp_exit_discipline side=YES ask=0.550 p_entry=1.000 delta=0.0205%
2941733,S69_Complementary_ExitDiscipline,YES,1784250915.223583,0.640000,5,1784250928.689264,0.710000,0.042467,0.307533,comp_exit_discipline side=YES ask=0.640 p_entry=1.000 delta=0.0213%
2941761,S69_Complementary_ExitDiscipline,NO,1784251255.392188,0.700000,5,1784251269.273345,0.750000,0.038588,0.211413,comp_exit_discipline side=NO ask=0.700 p_entry=1.000 delta=-0.0694%
2941837,S69_Complementary_ExitDiscipline,YES,1784252229.539001,0.700000,5,1784252242.652961,0.770000,0.038588,0.311413,comp_exit_discipline side=YES ask=0.700 p_entry=1.000 delta=0.0324%
2941844,S69_Complementary_ExitDiscipline,NO,1784252449.656933,0.650000,5,1784252463.351787,0.670000,0.042052,0.057948,comp_exit_discipline side=NO ask=0.650 p_entry=1.000 delta=-0.0210%
2941857,S69_Complementary_ExitDiscipline,NO,1784252705.63481,0.540000,5,1784252719.02425,0.520000,0.041649,-0.141649,comp_exit_discipline side=NO ask=0.540 p_entry=1.000 delta=-0.0261%
2941872,S69_Complementary_ExitDiscipline,NO,1784253011.960542,0.580000,5,1784253025.768881,0.600000,0.043022,0.056978,comp_exit_discipline side=NO ask=0.580 p_entry=1.000 delta=-0.0291%
2941882,S69_Complementary_ExitDiscipline,NO,1784253308.876333,0.520000,5,1784253322.201312,0.560000,0.040495,0.159505,comp_exit_discipline side=NO ask=0.520 p_entry=1.000 delta=-0.0248%
2941892,S69_Complementary_ExitDiscipline,NO,1784253605.67931,0.600000,5,1784253619.537741,0.520000,0.043200,-0.443200,comp_exit_discipline side=NO ask=0.600 p_entry=1.000 delta=-0.0339%
2941907,S69_Complementary_ExitDiscipline,YES,1784253963.02673,0.670000,5,1784253976.81606,0.630000,0.040941,-0.240941,comp_exit_discipline side=YES ask=0.670 p_entry=1.000 delta=0.0344%
2941910,S69_Complementary_ExitDiscipline,NO,1784254216.019684,0.570000,5,1784254229.506032,0.530000,0.042803,-0.242803,comp_exit_discipline side=NO ask=0.570 p_entry=1.000 delta=-0.0201%
2941923,S69_Complementary_ExitDiscipline,NO,1784254596.572803,0.680000,5,1784254606.126313,0.330000,0.040247,-1.790247,comp_exit_discipline side=NO ask=0.680 p_entry=1.000 delta=-0.0387%
2941934,S69_Complementary_ExitDiscipline,NO,1784254822.057557,0.610000,5,1784254835.283297,0.670000,0.043155,0.256845,comp_exit_discipline side=NO ask=0.610 p_entry=1.000 delta=-0.0218%
2941937,S69_Complementary_ExitDiscipline,YES,1784255124.541783,0.660000,5,1784255137.699134,0.650000,0.041543,-0.091543,comp_exit_discipline side=YES ask=0.660 p_entry=1.000 delta=0.0239%
2941944,S69_Complementary_ExitDiscipline,NO,1784255411.294258,0.610000,5,1784255424.910575,0.520000,0.043155,-0.493155,comp_exit_discipline side=NO ask=0.610 p_entry=1.000 delta=-0.0348%
2941957,S69_Complementary_ExitDiscipline,NO,1784255725.441061,0.610000,5,1784255738.60071,0.520000,0.043155,-0.493155,comp_exit_discipline side=NO ask=0.610 p_entry=1.000 delta=-0.0261%
2941965,S69_Complementary_ExitDiscipline,NO,1784256008.6339,0.620000,5,1784256021.506524,0.570000,0.043018,-0.293018,comp_exit_discipline side=NO ask=0.620 p_entry=1.000 delta=-0.0255%
2942033,S69_Complementary_ExitDiscipline,YES,1784256310.919452,0.580000,5,1784256324.157852,0.460000,0.043022,-0.643022,comp_exit_discipline side=YES ask=0.580 p_entry=1.000 delta=0.0220%
2942045,S69_Complementary_ExitDiscipline,YES,1784256610.851504,0.640000,5,1784256624.234539,0.590000,0.042467,-0.292467,comp_exit_discipline side=YES ask=0.640 p_entry=1.000 delta=0.0205%
2942060,S69_Complementary_ExitDiscipline,YES,1784256958.79351,0.700000,5,1784256972.079669,0.790000,0.038588,0.411413,comp_exit_discipline side=YES ask=0.700 p_entry=1.000 delta=0.0241%
2942148,S69_Complementary_ExitDiscipline,YES,1784257205.278246,0.600000,5,1784257218.779884,0.630000,0.043200,0.106800,comp_exit_discipline side=YES ask=0.600 p_entry=1.000 delta=0.0218%
2942165,S69_Complementary_ExitDiscipline,NO,1784257806.906509,0.650000,5,1784257819.800469,0.520000,0.042052,-0.692052,comp_exit_discipline side=NO ask=0.650 p_entry=1.000 delta=-0.0283%
2942180,S69_Complementary_ExitDiscipline,YES,1784258142.586196,0.550000,5,1784258155.977881,0.570000,0.042114,0.057886,comp_exit_discipline side=YES ask=0.550 p_entry=1.000 delta=0.0222%
2942186,S69_Complementary_ExitDiscipline,NO,1784258462.171248,0.680000,5,1784258475.4143,0.760000,0.040247,0.359753,comp_exit_discipline side=NO ask=0.680 p_entry=1.000 delta=-0.0205%
2942197,S69_Complementary_ExitDiscipline,YES,1784258721.08995,0.690000,5,1784258734.311908,0.570000,0.039462,-0.639462,comp_exit_discipline side=YES ask=0.690 p_entry=1.000 delta=0.0221%
2942217,S69_Complementary_ExitDiscipline,NO,1784259011.546655,0.680000,5,1784259024.691661,0.670000,0.040247,-0.090247,comp_exit_discipline side=NO ask=0.680 p_entry=1.000 delta=-0.0217%
2942263,S69_Complementary_ExitDiscipline,NO,1784259312.669044,0.690000,5,1784259326.004792,0.650000,0.039462,-0.239462,comp_exit_discipline side=NO ask=0.690 p_entry=1.000 delta=-0.0226%
2942302,S69_Complementary_ExitDiscipline,NO,1784259941.071404,0.700000,5,1784259954.325737,0.670000,0.038588,-0.188587,comp_exit_discipline side=NO ask=0.700 p_entry=1.000 delta=-0.0325%
2942303,S69_Complementary_ExitDiscipline,NO,1784260273.790801,0.670000,5,1784260287.137444,0.720000,0.040941,0.209059,comp_exit_discipline side=NO ask=0.670 p_entry=1.000 delta=-0.0438%
2942458,S69_Complementary_ExitDiscipline,YES,1784260538.427963,0.670000,5,1784260551.597604,0.670000,0.040941,-0.040941,comp_exit_discipline side=YES ask=0.670 p_entry=1.000 delta=0.0222%
2942683,S69_Complementary_ExitDiscipline,NO,1784260846.607609,0.700000,5,1784260860.101711,0.750000,0.038588,0.211413,comp_exit_discipline side=NO ask=0.700 p_entry=1.000 delta=-0.0687%
2942708,S69_Complementary_ExitDiscipline,YES,1784261435.790431,0.680000,5,1784261448.72886,0.680000,0.040247,-0.040247,comp_exit_discipline side=YES ask=0.680 p_entry=1.000 delta=0.0215%
2942712,S69_Complementary_ExitDiscipline,YES,1784261735.283547,0.690000,5,1784261748.84653,0.690000,0.039462,-0.039462,comp_exit_discipline side=YES ask=0.690 p_entry=1.000 delta=0.0355%
2942729,S69_Complementary_ExitDiscipline,NO,1784262015.435772,0.610000,5,1784262028.789546,0.550000,0.043155,-0.343155,comp_exit_discipline side=NO ask=0.610 p_entry=1.000 delta=-0.0201%
2942801,S69_Complementary_ExitDiscipline,YES,1784262359.090541,0.660000,5,1784262372.697732,0.570000,0.041543,-0.491543,comp_exit_discipline side=YES ask=0.660 p_entry=1.000 delta=0.0209%
2942816,S69_Complementary_ExitDiscipline,NO,1784262659.102546,0.640000,5,1784262672.806786,0.610000,0.042467,-0.192467,comp_exit_discipline side=NO ask=0.640 p_entry=1.000 delta=-0.0217%
2942856,S69_Complementary_ExitDiscipline,YES,1784262909.857545,0.610000,5,1784262923.199724,0.690000,0.043155,0.356845,comp_exit_discipline side=YES ask=0.610 p_entry=1.000 delta=0.0221%
2942867,S69_Complementary_ExitDiscipline,NO,1784263230.04131,0.660000,5,1784263243.303017,0.670000,0.041543,0.008457,comp_exit_discipline side=NO ask=0.660 p_entry=1.000 delta=-0.0212%
2942870,S69_Complementary_ExitDiscipline,YES,1784263514.559075,0.650000,5,1784263527.91158,0.680000,0.042052,0.107948,comp_exit_discipline side=YES ask=0.650 p_entry=1.000 delta=0.0203%
2942911,S69_Complementary_ExitDiscipline,NO,1784263808.0939,0.630000,5,1784263821.495147,0.570000,0.042789,-0.342789,comp_exit_discipline side=NO ask=0.630 p_entry=1.000 delta=-0.0206%
2943257,S69_Complementary_ExitDiscipline,NO,1784264143.117073,0.670000,5,1784264156.402169,0.630000,0.040941,-0.240941,comp_exit_discipline side=NO ask=0.670 p_entry=1.000 delta=-0.0493%
2943452,S69_Complementary_ExitDiscipline,NO,1784264741.243773,0.700000,5,1784264754.764892,0.720000,0.038588,0.061412,comp_exit_discipline side=NO ask=0.700 p_entry=1.000 delta=-0.0584%
2943481,S69_Complementary_ExitDiscipline,YES,1784265060.555405,0.680000,5,1784265074.400278,0.700000,0.040247,0.059753,comp_exit_discipline side=YES ask=0.680 p_entry=1.000 delta=0.0333%
2943487,S69_Complementary_ExitDiscipline,NO,1784265341.750316,0.660000,5,1784265355.551471,0.650000,0.041543,-0.091543,comp_exit_discipline side=NO ask=0.660 p_entry=1.000 delta=-0.0216%
2943503,S69_Complementary_ExitDiscipline,NO,1784265675.140875,0.700000,5,1784265688.640628,0.650000,0.038588,-0.288587,comp_exit_discipline side=NO ask=0.700 p_entry=1.000 delta=-0.0356%
2943515,S69_Complementary_ExitDiscipline,NO,1784265925.980433,0.700000,5,1784265939.655487,0.790000,0.038588,0.411413,comp_exit_discipline side=NO ask=0.700 p_entry=1.000 delta=-0.0550%
2943538,S69_Complementary_ExitDiscipline,YES,1784266209.286669,0.690000,5,1784266223.414396,0.610000,0.039462,-0.439462,comp_exit_discipline side=YES ask=0.690 p_entry=1.000 delta=0.0292%
2943542,S69_Complementary_ExitDiscipline,NO,1784266530.578762,0.700000,5,1784266544.489417,0.610000,0.038588,-0.488588,comp_exit_discipline side=NO ask=0.700 p_entry=1.000 delta=-0.0717%
2945828,S69_Complementary_ExitDiscipline,NO,1784287334.128543,0.700000,5,1784287351.195484,0.660000,0.038588,-0.238587,comp_exit_discipline side=NO ask=0.700 p_entry=1.000 delta=-0.0208%
2945848,S69_Complementary_ExitDiscipline,NO,1784287821.880631,0.690000,5,1784287838.952026,0.750000,0.039462,0.260538,comp_exit_discipline side=NO ask=0.690 p_entry=1.000 delta=-0.0319%
2945869,S69_Complementary_ExitDiscipline,YES,1784288142.587215,0.700000,5,1784288158.835279,0.770000,0.038588,0.311413,comp_exit_discipline side=YES ask=0.700 p_entry=1.000 delta=0.0455%
2945879,S69_Complementary_ExitDiscipline,NO,1784288583.389221,0.680000,5,1784288600.229427,0.790000,0.040247,0.509753,comp_exit_discipline side=NO ask=0.680 p_entry=1.000 delta=-0.0223%
2945881,S69_Complementary_ExitDiscipline,YES,1784288732.097123,0.700000,5,1784288748.798361,0.710000,0.038588,0.011412,comp_exit_discipline side=YES ask=0.700 p_entry=1.000 delta=0.0256%
2945898,S69_Complementary_ExitDiscipline,NO,1784289035.430363,0.700000,5,1784289052.03272,0.540000,0.038588,-0.838587,comp_exit_discipline side=NO ask=0.700 p_entry=1.000 delta=-0.0301%
2945924,S69_Complementary_ExitDiscipline,YES,1784289627.003807,0.690000,5,1784289645.130058,0.620000,0.039462,-0.389462,comp_exit_discipline side=YES ask=0.690 p_entry=1.000 delta=0.0265%
2945963,S69_Complementary_ExitDiscipline,YES,1784290516.287653,0.700000,5,1784290532.937883,0.750000,0.038588,0.211413,comp_exit_discipline side=YES ask=0.700 p_entry=1.000 delta=0.0394%
2946009,S69_Complementary_ExitDiscipline,NO,1784291478.704479,0.700000,5,1784291495.821958,0.590000,0.038588,-0.588588,comp_exit_discipline side=NO ask=0.700 p_entry=1.000 delta=-0.0370%
2946068,S69_Complementary_ExitDiscipline,NO,1784291743.696453,0.690000,5,1784291760.807777,0.540000,0.039462,-0.789462,comp_exit_discipline side=NO ask=0.690 p_entry=1.000 delta=-0.0235%
2946074,S69_Complementary_ExitDiscipline,NO,1784292020.054273,0.640000,5,1784292036.990578,0.460000,0.042467,-0.942467,comp_exit_discipline side=NO ask=0.640 p_entry=1.000 delta=-0.0264%
2946090,S69_Complementary_ExitDiscipline,NO,1784292347.539408,0.650000,5,1784292364.313173,0.730000,0.042052,0.357948,comp_exit_discipline side=NO ask=0.650 p_entry=1.000 delta=-0.0272%
2946155,S69_Complementary_ExitDiscipline,NO,1784292993.06161,0.670000,5,1784293009.790768,0.450000,0.040941,-1.140941,comp_exit_discipline side=NO ask=0.670 p_entry=1.000 delta=-0.0251%
2946172,S69_Complementary_ExitDiscipline,NO,1784293241.108828,0.680000,5,1784293258.749091,0.650000,0.040247,-0.190247,comp_exit_discipline side=NO ask=0.680 p_entry=1.000 delta=-0.0459%
2946176,S69_Complementary_ExitDiscipline,NO,1784293541.555607,0.590000,5,1784293558.763632,0.780000,0.043155,0.906845,comp_exit_discipline side=NO ask=0.590 p_entry=1.000 delta=-0.0204%
2946192,S69_Complementary_ExitDiscipline,NO,1784293846.642197,0.630000,5,1784293863.701703,0.550000,0.042789,-0.442789,comp_exit_discipline side=NO ask=0.630 p_entry=1.000 delta=-0.0285%
2946204,S69_Complementary_ExitDiscipline,YES,1784294145.229288,0.700000,5,1784294162.113653,0.730000,0.038588,0.111412,comp_exit_discipline side=YES ask=0.700 p_entry=1.000 delta=0.0446%
2946219,S69_Complementary_ExitDiscipline,YES,1784294415.7071,0.630000,5,1784294435.063216,0.610000,0.042789,-0.142789,comp_exit_discipline side=YES ask=0.630 p_entry=1.000 delta=0.0249%
2946223,S69_Complementary_ExitDiscipline,YES,1784294701.252717,0.570000,5,1784294706.289915,0.420000,0.042803,-0.792803,comp_exit_discipline side=YES ask=0.570 p_entry=0.998 delta=0.0208%
2946230,S69_Complementary_ExitDiscipline,YES,1784295003.398074,0.690000,5,1784295021.625698,0.740000,0.039462,0.210538,comp_exit_discipline side=YES ask=0.690 p_entry=1.000 delta=0.0872%
2946285,S69_Complementary_ExitDiscipline,YES,1784295308.008191,0.540000,5,1784295309.529616,0.530000,0.041649,-0.091649,comp_exit_discipline side=YES ask=0.540 p_entry=1.000 delta=0.0315%
2946378,S69_Complementary_ExitDiscipline,YES,1784295605.590946,0.660000,5,1784295622.95758,0.680000,0.041543,0.058457,comp_exit_discipline side=YES ask=0.660 p_entry=1.000 delta=0.0593%
2946425,S69_Complementary_ExitDiscipline,NO,1784295913.745273,0.540000,5,1784295925.642261,0.440000,0.041649,-0.541649,comp_exit_discipline side=NO ask=0.540 p_entry=1.000 delta=-0.0366%
2946460,S69_Complementary_ExitDiscipline,YES,1784296217.433473,0.570000,5,1784296234.806764,0.650000,0.042803,0.357197,comp_exit_discipline side=YES ask=0.570 p_entry=1.000 delta=0.0229%
2946483,S69_Complementary_ExitDiscipline,NO,1784296506.516811,0.590000,5,1784296516.792576,0.480000,0.043155,-0.593155,comp_exit_discipline side=NO ask=0.590 p_entry=1.000 delta=-0.0257%
2946540,S69_Complementary_ExitDiscipline,YES,1784296806.197092,0.520000,5,1784296824.688789,0.560000,0.040495,0.159505,comp_exit_discipline side=YES ask=0.520 p_entry=1.000 delta=0.0429%
2946548,S69_Complementary_ExitDiscipline,YES,1784297101.916727,0.530000,5,1784297120.002085,0.570000,0.041109,0.158891,comp_exit_discipline side=YES ask=0.530 p_entry=1.000 delta=0.0336%
2946666,S69_Complementary_ExitDiscipline,YES,1784297410.146088,0.540000,5,1784297427.928176,0.600000,0.041649,0.258351,comp_exit_discipline side=YES ask=0.540 p_entry=1.000 delta=0.0230%
2946686,S69_Complementary_ExitDiscipline,NO,1784297720.073106,0.700000,5,1784297733.984428,0.500000,0.038588,-1.038587,comp_exit_discipline side=NO ask=0.700 p_entry=1.000 delta=-0.0641%
2946696,S69_Complementary_ExitDiscipline,YES,1784298013.290779,0.580000,5,1784298030.756932,0.580000,0.043022,-0.043022,comp_exit_discipline side=YES ask=0.580 p_entry=1.000 delta=0.0324%
2946722,S69_Complementary_ExitDiscipline,YES,1784298304.070814,0.620000,5,1784298321.123702,0.730000,0.043018,0.506982,comp_exit_discipline side=YES ask=0.620 p_entry=1.000 delta=0.0381%
2946736,S69_Complementary_ExitDiscipline,NO,1784298618.414506,0.560000,5,1784298635.512324,0.660000,0.042499,0.457501,comp_exit_discipline side=NO ask=0.560 p_entry=1.000 delta=-0.0257%
2946781,S69_Complementary_ExitDiscipline,YES,1784298935.308465,0.590000,5,1784298952.202114,0.690000,0.043155,0.456845,comp_exit_discipline side=YES ask=0.590 p_entry=1.000 delta=0.0274%
2946787,S69_Complementary_ExitDiscipline,NO,1784299206.085629,0.570000,5,1784299222.92254,0.570000,0.042803,-0.042803,comp_exit_discipline side=NO ask=0.570 p_entry=1.000 delta=-0.0225%
2946808,S69_Complementary_ExitDiscipline,NO,1784299509.247409,0.610000,5,1784299518.43062,0.470000,0.043155,-0.743155,comp_exit_discipline side=NO ask=0.610 p_entry=1.000 delta=-0.0211%
2946815,S69_Complementary_ExitDiscipline,YES,1784299819.498266,0.600000,5,1784299836.129032,0.490000,0.043200,-0.593200,comp_exit_discipline side=YES ask=0.600 p_entry=1.000 delta=0.0231%
2946899,S69_Complementary_ExitDiscipline,YES,1784300114.533492,0.620000,5,1784300131.58267,0.590000,0.043018,-0.193018,comp_exit_discipline side=YES ask=0.620 p_entry=1.000 delta=0.0323%
2946909,S69_Complementary_ExitDiscipline,NO,1784300405.093433,0.610000,5,1784300414.426978,0.500000,0.043155,-0.593155,comp_exit_discipline side=NO ask=0.610 p_entry=1.000 delta=-0.0354%
2946919,S69_Complementary_ExitDiscipline,NO,1784300710.340232,0.600000,5,1784300727.046476,0.630000,0.043200,0.106800,comp_exit_discipline side=NO ask=0.600 p_entry=1.000 delta=-0.0451%
2946934,S69_Complementary_ExitDiscipline,YES,1784301004.484747,0.550000,5,1784301020.718217,0.540000,0.042114,-0.092114,comp_exit_discipline side=YES ask=0.550 p_entry=1.000 delta=0.0217%
2946950,S69_Complementary_ExitDiscipline,YES,1784301309.56404,0.610000,5,1784301325.795079,0.500000,0.043155,-0.593155,comp_exit_discipline side=YES ask=0.610 p_entry=1.000 delta=0.0272%
2946954,S69_Complementary_ExitDiscipline,NO,1784301633.183905,0.620000,5,1784301649.584465,0.490000,0.043018,-0.693018,comp_exit_discipline side=NO ask=0.620 p_entry=1.000 delta=-0.0503%
2946966,S69_Complementary_ExitDiscipline,YES,1784301923.801578,0.590000,5,1784301939.799694,0.650000,0.043155,0.256845,comp_exit_discipline side=YES ask=0.590 p_entry=1.000 delta=0.0348%
2946970,S69_Complementary_ExitDiscipline,YES,1784302214.853844,0.550000,5,1784302231.892048,0.590000,0.042114,0.157886,comp_exit_discipline side=YES ask=0.550 p_entry=1.000 delta=0.0241%
2947037,S69_Complementary_ExitDiscipline,NO,1784302511.685291,0.570000,5,1784302527.932911,0.560000,0.042803,-0.092803,comp_exit_discipline side=NO ask=0.570 p_entry=1.000 delta=-0.0279%
2947050,S69_Complementary_ExitDiscipline,NO,1784302834.392277,0.610000,5,1784302850.484793,0.630000,0.043155,0.056845,comp_exit_discipline side=NO ask=0.610 p_entry=1.000 delta=-0.0325%
2947062,S69_Complementary_ExitDiscipline,NO,1784303141.185982,0.700000,5,1784303157.102646,0.710000,0.038588,0.011412,comp_exit_discipline side=NO ask=0.700 p_entry=1.000 delta=-0.0351%
2947068,S69_Complementary_ExitDiscipline,YES,1784303405.353673,0.660000,5,1784303421.412157,0.540000,0.041543,-0.641543,comp_exit_discipline side=YES ask=0.660 p_entry=1.000 delta=0.0320%
2947286,S69_Complementary_ExitDiscipline,YES,1784303707.410561,0.670000,5,1784303723.169765,0.680000,0.040941,0.009059,comp_exit_discipline side=YES ask=0.670 p_entry=1.000 delta=0.0392%
2947322,S69_Complementary_ExitDiscipline,NO,1784304007.108628,0.620000,5,1784304024.188461,0.560000,0.043018,-0.343018,comp_exit_discipline side=NO ask=0.620 p_entry=1.000 delta=-0.0231%
2947449,S69_Complementary_ExitDiscipline,NO,1784304361.488857,0.650000,5,1784304378.700525,0.630000,0.042052,-0.142052,comp_exit_discipline side=NO ask=0.650 p_entry=1.000 delta=-0.0291%
2947461,S69_Complementary_ExitDiscipline,YES,1784304601.92766,0.640000,5,1784304618.342366,0.790000,0.042467,0.707533,comp_exit_discipline side=YES ask=0.640 p_entry=1.000 delta=0.0566%
2947474,S69_Complementary_ExitDiscipline,NO,1784304912.515945,0.660000,5,1784304928.439263,0.690000,0.041543,0.108457,comp_exit_discipline side=NO ask=0.660 p_entry=1.000 delta=-0.0501%
2947492,S69_Complementary_ExitDiscipline,NO,1784305207.304274,0.630000,5,1784305222.99309,0.530000,0.042789,-0.542789,comp_exit_discipline side=NO ask=0.630 p_entry=1.000 delta=-0.0334%
2947501,S69_Complementary_ExitDiscipline,YES,1784305520.222416,0.620000,5,1784305537.672749,0.710000,0.043018,0.406982,comp_exit_discipline side=YES ask=0.620 p_entry=1.000 delta=0.0226%
2947534,S69_Complementary_ExitDiscipline,NO,1784305848.058459,0.660000,5,1784305863.948008,0.630000,0.041543,-0.191543,comp_exit_discipline side=NO ask=0.660 p_entry=1.000 delta=-0.0277%
2947752,S69_Complementary_ExitDiscipline,YES,1784306125.718532,0.620000,5,1784306141.162435,0.610000,0.043018,-0.093018,comp_exit_discipline side=YES ask=0.620 p_entry=1.000 delta=0.0277%
2947759,S69_Complementary_ExitDiscipline,NO,1784306465.315203,0.700000,5,1784306480.517775,0.720000,0.038588,0.061412,comp_exit_discipline side=NO ask=0.700 p_entry=1.000 delta=-0.0370%
2947774,S69_Complementary_ExitDiscipline,YES,1784306710.652375,0.610000,5,1784306726.537802,0.620000,0.043155,0.006845,comp_exit_discipline side=YES ask=0.610 p_entry=1.000 delta=0.0311%
2947777,S69_Complementary_ExitDiscipline,YES,1784307018.847347,0.620000,5,1784307034.536487,0.520000,0.043018,-0.543018,comp_exit_discipline side=YES ask=0.620 p_entry=1.000 delta=0.0435%
2948438,S69_Complementary_ExitDiscipline,NO,1784307344.760747,0.650000,5,1784307359.951056,0.760000,0.042052,0.507948,comp_exit_discipline side=NO ask=0.650 p_entry=1.000 delta=-0.0287%
2948460,S69_Complementary_ExitDiscipline,YES,1784307611.63953,0.540000,5,1784307628.476478,0.630000,0.041649,0.408351,comp_exit_discipline side=YES ask=0.540 p_entry=1.000 delta=0.0205%
2948481,S69_Complementary_ExitDiscipline,YES,1784307966.992782,0.640000,5,1784307983.25037,0.640000,0.042467,-0.042467,comp_exit_discipline side=YES ask=0.640 p_entry=1.000 delta=0.0247%
2948579,S69_Complementary_ExitDiscipline,NO,1784308203.25148,0.530000,5,1784308219.839851,0.550000,0.041109,0.058891,comp_exit_discipline side=NO ask=0.530 p_entry=1.000 delta=-0.0208%
2948585,S69_Complementary_ExitDiscipline,NO,1784308503.785709,0.580000,5,1784308520.092803,0.580000,0.043022,-0.043022,comp_exit_discipline side=NO ask=0.580 p_entry=1.000 delta=-0.0238%
2948603,S69_Complementary_ExitDiscipline,YES,1784308813.425865,0.580000,5,1784308829.835327,0.560000,0.043022,-0.143022,comp_exit_discipline side=YES ask=0.580 p_entry=1.000 delta=0.0242%
2948701,S69_Complementary_ExitDiscipline,YES,1784309108.957861,0.590000,5,1784309125.235471,0.660000,0.043155,0.306845,comp_exit_discipline side=YES ask=0.590 p_entry=1.000 delta=0.0381%
2948708,S69_Complementary_ExitDiscipline,NO,1784309404.486034,0.530000,5,1784309405.649626,0.500000,0.041109,-0.191109,comp_exit_discipline side=NO ask=0.530 p_entry=1.000 delta=-0.0254%
2948758,S69_Complementary_ExitDiscipline,NO,1784309718.701452,0.660000,5,1784309735.022684,0.700000,0.041543,0.158457,comp_exit_discipline side=NO ask=0.660 p_entry=1.000 delta=-0.0211%
2948769,S69_Complementary_ExitDiscipline,NO,1784310033.661258,0.660000,5,1784310049.755619,0.720000,0.041543,0.258457,comp_exit_discipline side=NO ask=0.660 p_entry=1.000 delta=-0.0333%
2948776,S69_Complementary_ExitDiscipline,YES,1784310334.483508,0.680000,5,1784310350.653496,0.760000,0.040247,0.359753,comp_exit_discipline side=YES ask=0.680 p_entry=1.000 delta=0.0454%
2948794,S69_Complementary_ExitDiscipline,NO,1784310652.721342,0.690000,5,1784310669.185552,0.810000,0.039462,0.560538,comp_exit_discipline side=NO ask=0.690 p_entry=1.000 delta=-0.0532%
2949255,S69_Complementary_ExitDiscipline,NO,1784310912.215738,0.670000,5,1784310928.165799,0.510000,0.040941,-0.840941,comp_exit_discipline side=NO ask=0.670 p_entry=1.000 delta=-0.0400%
2949590,S69_Complementary_ExitDiscipline,YES,1784311204.938348,0.600000,5,1784311217.025287,0.470000,0.043200,-0.693200,comp_exit_discipline side=YES ask=0.600 p_entry=1.000 delta=0.0324%
2949667,S69_Complementary_ExitDiscipline,YES,1784311523.093944,0.610000,5,1784311540.165093,0.740000,0.043155,0.606845,comp_exit_discipline side=YES ask=0.610 p_entry=1.000 delta=0.0342%
2950115,S69_Complementary_ExitDiscipline,YES,1784311807.154401,0.660000,5,1784311824.255838,0.620000,0.041543,-0.241543,comp_exit_discipline side=YES ask=0.660 p_entry=1.000 delta=0.0313%
2950518,S69_Complementary_ExitDiscipline,NO,1784312113.297728,0.650000,5,1784312129.895404,0.750000,0.042052,0.457948,comp_exit_discipline side=NO ask=0.650 p_entry=1.000 delta=-0.0417%
2950526,S69_Complementary_ExitDiscipline,NO,1784312411.213378,0.620000,5,1784312427.724119,0.590000,0.043018,-0.193018,comp_exit_discipline side=NO ask=0.620 p_entry=1.000 delta=-0.0289%
2950536,S69_Complementary_ExitDiscipline,YES,1784312708.52052,0.630000,5,1784312725.047548,0.680000,0.042789,0.207211,comp_exit_discipline side=YES ask=0.630 p_entry=1.000 delta=0.0280%
2950542,S69_Complementary_ExitDiscipline,YES,1784313018.554962,0.650000,5,1784313034.698898,0.780000,0.042052,0.607948,comp_exit_discipline side=YES ask=0.650 p_entry=1.000 delta=0.0314%
2950598,S69_Complementary_ExitDiscipline,YES,1784313341.596472,0.620000,5,1784313357.631106,0.690000,0.043018,0.306982,comp_exit_discipline side=YES ask=0.620 p_entry=1.000 delta=0.0206%
2950622,S69_Complementary_ExitDiscipline,YES,1784313707.6849,0.610000,5,1784313723.731477,0.740000,0.043155,0.606845,comp_exit_discipline side=YES ask=0.610 p_entry=1.000 delta=0.0216%
2950641,S69_Complementary_ExitDiscipline,YES,1784313912.788468,0.580000,5,1784313929.327959,0.660000,0.043022,0.356978,comp_exit_discipline side=YES ask=0.580 p_entry=1.000 delta=0.0256%
2950647,S69_Complementary_ExitDiscipline,NO,1784314206.393091,0.670000,5,1784314223.195343,0.750000,0.040941,0.359059,comp_exit_discipline side=NO ask=0.670 p_entry=1.000 delta=-0.0336%
2950785,S69_Complementary_ExitDiscipline,NO,1784314527.942153,0.700000,5,1784314544.353429,0.700000,0.038588,-0.038588,comp_exit_discipline side=NO ask=0.700 p_entry=1.000 delta=-0.0688%
2950839,S69_Complementary_ExitDiscipline,NO,1784314838.963339,0.680000,5,1784314857.031595,0.650000,0.040247,-0.190247,comp_exit_discipline side=NO ask=0.680 p_entry=1.000 delta=-0.0295%
2950849,S69_Complementary_ExitDiscipline,NO,1784315152.836554,0.700000,5,1784315169.199578,0.670000,0.038588,-0.188587,comp_exit_discipline side=NO ask=0.700 p_entry=1.000 delta=-0.0585%
2950860,S69_Complementary_ExitDiscipline,NO,1784315474.81069,0.620000,5,1784315491.09296,0.650000,0.043018,0.106982,comp_exit_discipline side=NO ask=0.620 p_entry=1.000 delta=-0.0264%
2950871,S69_Complementary_ExitDiscipline,YES,1784315735.560952,0.650000,5,1784315752.488537,0.620000,0.042052,-0.192052,comp_exit_discipline side=YES ask=0.650 p_entry=1.000 delta=0.0211%
2950882,S69_Complementary_ExitDiscipline,NO,1784316007.652595,0.660000,5,1784316024.248322,0.620000,0.041543,-0.241543,comp_exit_discipline side=NO ask=0.660 p_entry=1.000 delta=-0.0447%
2950891,S69_Complementary_ExitDiscipline,NO,1784316313.485017,0.610000,5,1784316330.155856,0.490000,0.043155,-0.643155,comp_exit_discipline side=NO ask=0.610 p_entry=1.000 delta=-0.0233%
2950911,S69_Complementary_ExitDiscipline,YES,1784316608.331426,0.600000,5,1784316625.80249,0.690000,0.043200,0.406800,comp_exit_discipline side=YES ask=0.600 p_entry=1.000 delta=0.0379%
2950956,S69_Complementary_ExitDiscipline,NO,1784316905.919346,0.620000,5,1784316922.701437,0.580000,0.043018,-0.243018,comp_exit_discipline side=NO ask=0.620 p_entry=1.000 delta=-0.0209%
2950982,S69_Complementary_ExitDiscipline,NO,1784317211.793347,0.610000,5,1784317228.849381,0.600000,0.043155,-0.093155,comp_exit_discipline side=NO ask=0.610 p_entry=1.000 delta=-0.0206%
2950998,S69_Complementary_ExitDiscipline,YES,1784317510.138577,0.620000,5,1784317527.390143,0.550000,0.043018,-0.393018,comp_exit_discipline side=YES ask=0.620 p_entry=1.000 delta=0.0200%
2951004,S69_Complementary_ExitDiscipline,YES,1784317803.733478,0.650000,5,1784317820.896742,0.650000,0.042052,-0.042052,comp_exit_discipline side=YES ask=0.650 p_entry=1.000 delta=0.0266%
2951019,S69_Complementary_ExitDiscipline,NO,1784318143.783977,0.680000,5,1784318159.947798,0.730000,0.040247,0.209753,comp_exit_discipline side=NO ask=0.680 p_entry=1.000 delta=-0.0301%
2951066,S69_Complementary_ExitDiscipline,NO,1784318743.959243,0.620000,5,1784318760.466977,0.600000,0.043018,-0.143018,comp_exit_discipline side=NO ask=0.620 p_entry=1.000 delta=-0.0240%
2951078,S69_Complementary_ExitDiscipline,YES,1784319036.63522,0.650000,5,1784319053.016761,0.640000,0.042052,-0.092052,comp_exit_discipline side=YES ask=0.650 p_entry=1.000 delta=0.0221%
2951087,S69_Complementary_ExitDiscipline,NO,1784319335.093507,0.540000,5,1784319351.454795,0.480000,0.041649,-0.341649,comp_exit_discipline side=NO ask=0.540 p_entry=1.000 delta=-0.0214%
2951103,S69_Complementary_ExitDiscipline,YES,1784319616.84939,0.620000,5,1784319633.53464,0.740000,0.043018,0.556982,comp_exit_discipline side=YES ask=0.620 p_entry=1.000 delta=0.0239%
2951166,S69_Complementary_ExitDiscipline,YES,1784319962.976161,0.620000,5,1784319979.16259,0.360000,0.043018,-1.343018,comp_exit_discipline side=YES ask=0.620 p_entry=1.000 delta=0.0305%
2951175,S69_Complementary_ExitDiscipline,NO,1784320278.239309,0.670000,5,1784320296.601109,0.650000,0.040941,-0.140941,comp_exit_discipline side=NO ask=0.670 p_entry=1.000 delta=-0.0269%
2951361,S69_Complementary_ExitDiscipline,NO,1784320532.553501,0.680000,5,1784320548.685756,0.680000,0.040247,-0.040247,comp_exit_discipline side=NO ask=0.680 p_entry=1.000 delta=-0.0287%
2951362,S69_Complementary_ExitDiscipline,NO,1784320827.148101,0.700000,5,1784320842.989302,0.620000,0.038588,-0.438587,comp_exit_discipline side=NO ask=0.700 p_entry=1.000 delta=-0.0414%
2951382,S69_Complementary_ExitDiscipline,YES,1784321141.645151,0.640000,5,1784321157.282801,0.690000,0.042467,0.207533,comp_exit_discipline side=YES ask=0.640 p_entry=1.000 delta=0.0303%
2951400,S69_Complementary_ExitDiscipline,YES,1784321733.762409,0.670000,5,1784321749.116196,0.720000,0.040941,0.209059,comp_exit_discipline side=YES ask=0.670 p_entry=1.000 delta=0.0294%
2951441,S69_Complementary_ExitDiscipline,YES,1784322022.589953,0.660000,5,1784322038.444911,0.610000,0.041543,-0.291543,comp_exit_discipline side=YES ask=0.660 p_entry=1.000 delta=0.0227%
2951451,S69_Complementary_ExitDiscipline,NO,1784322308.889452,0.680000,5,1784322324.593348,0.730000,0.040247,0.209753,comp_exit_discipline side=NO ask=0.680 p_entry=1.000 delta=-0.0225%
2951467,S69_Complementary_ExitDiscipline,YES,1784322843.119266,0.650000,5,1784322858.164652,0.740000,0.042052,0.407948,comp_exit_discipline side=YES ask=0.650 p_entry=1.000 delta=0.0238%
2951482,S69_Complementary_ExitDiscipline,YES,1784322968.444084,0.670000,5,1784322983.628223,0.740000,0.040941,0.309059,comp_exit_discipline side=YES ask=0.670 p_entry=1.000 delta=0.0210%
2951492,S69_Complementary_ExitDiscipline,NO,1784323244.179581,0.680000,5,1784323259.415261,0.640000,0.040247,-0.240247,comp_exit_discipline side=NO ask=0.680 p_entry=1.000 delta=-0.0208%
2951500,S69_Complementary_ExitDiscipline,NO,1784323503.563114,0.630000,5,1784323518.363262,0.620000,0.042789,-0.092789,comp_exit_discipline side=NO ask=0.630 p_entry=1.000 delta=-0.0306%
2951520,S69_Complementary_ExitDiscipline,NO,1784323800.781249,0.530000,5,1784323816.572256,0.460000,0.041109,-0.391109,comp_exit_discipline side=NO ask=0.530 p_entry=0.994 delta=-0.0218%
2951645,S69_Complementary_ExitDiscipline,NO,1784324481.427777,0.640000,5,1784324495.96062,0.640000,0.042467,-0.042467,comp_exit_discipline side=NO ask=0.640 p_entry=1.000 delta=-0.0204%
2951651,S69_Complementary_ExitDiscipline,NO,1784324734.414198,0.660000,5,1784324749.609036,0.690000,0.041543,0.108457,comp_exit_discipline side=NO ask=0.660 p_entry=1.000 delta=-0.0222%
2951666,S69_Complementary_ExitDiscipline,NO,1784325123.761558,0.680000,5,1784325137.978338,0.710000,0.040247,0.109753,comp_exit_discipline side=NO ask=0.680 p_entry=1.000 delta=-0.0434%
2951861,S69_Complementary_ExitDiscipline,NO,1784325553.013081,0.700000,5,1784325567.641328,0.070000,0.038588,-3.188588,comp_exit_discipline side=NO ask=0.700 p_entry=1.000 delta=-0.0306%
2951909,S69_Complementary_ExitDiscipline,YES,1784325610.600053,0.650000,5,1784325626.757155,0.700000,0.042052,0.207948,comp_exit_discipline side=YES ask=0.650 p_entry=1.000 delta=0.0209%
2951972,S69_Complementary_ExitDiscipline,YES,1784325959.846896,0.590000,5,1784325974.966987,0.360000,0.043155,-1.193155,comp_exit_discipline side=YES ask=0.590 p_entry=1.000 delta=0.0201%
2951977,S69_Complementary_ExitDiscipline,YES,1784326282.238887,0.680000,5,1784326297.180509,0.710000,0.040247,0.109753,comp_exit_discipline side=YES ask=0.680 p_entry=1.000 delta=0.0251%
2952003,S69_Complementary_ExitDiscipline,NO,1784326945.305415,0.680000,5,1784326959.266351,0.580000,0.040247,-0.540247,comp_exit_discipline side=NO ask=0.680 p_entry=0.678 delta=-0.0331%
2952033,S69_Complementary_ExitDiscipline,NO,1784327553.830729,0.700000,5,1784327567.557681,0.680000,0.038588,-0.138587,comp_exit_discipline side=NO ask=0.700 p_entry=1.000 delta=-0.0382%
2952097,S69_Complementary_ExitDiscipline,NO,1784327736.23301,0.620000,5,1784327750.264048,0.480000,0.043018,-0.743018,comp_exit_discipline side=NO ask=0.620 p_entry=1.000 delta=-0.0202%
2953332,S69_Complementary_ExitDiscipline,NO,1784329557.234439,0.700000,5,1784329571.436819,0.710000,0.038588,0.011412,comp_exit_discipline side=NO ask=0.700 p_entry=1.000 delta=-0.0298%
2953348,S69_Complementary_ExitDiscipline,NO,1784329850.037081,0.700000,5,1784329863.823948,0.720000,0.038588,0.061412,comp_exit_discipline side=NO ask=0.700 p_entry=1.000 delta=-0.0204%
2953357,S69_Complementary_ExitDiscipline,YES,1784330300.7726,0.660000,5,1784330314.65496,0.490000,0.041543,-0.891543,comp_exit_discipline side=YES ask=0.660 p_entry=1.000 delta=0.0277%
2953542,S69_Complementary_ExitDiscipline,NO,1784331611.191401,0.680000,5,1784331625.190928,0.610000,0.040247,-0.390247,comp_exit_discipline side=NO ask=0.680 p_entry=1.000 delta=-0.0203%
2953557,S69_Complementary_ExitDiscipline,NO,1784331903.654636,0.620000,5,1784331917.56005,0.410000,0.043018,-1.093018,comp_exit_discipline side=NO ask=0.620 p_entry=1.000 delta=-0.0311%
2953598,S69_Complementary_ExitDiscipline,YES,1784332556.303434,0.500000,5,1784332570.032865,0.450000,0.039062,-0.289062,comp_exit_discipline side=YES ask=0.500 p_entry=1.000 delta=0.0237%
2953679,S69_Complementary_ExitDiscipline,YES,1784332832.128729,0.640000,5,1784332845.618064,0.760000,0.042467,0.557533,comp_exit_discipline side=YES ask=0.640 p_entry=1.000 delta=0.0249%
2953702,S69_Complementary_ExitDiscipline,NO,1784333208.128985,0.560000,5,1784333221.836138,0.660000,0.042499,0.457501,comp_exit_discipline side=NO ask=0.560 p_entry=1.000 delta=-0.0245%
2953747,S69_Complementary_ExitDiscipline,YES,1784333551.775012,0.670000,5,1784333565.295533,0.650000,0.040941,-0.140941,comp_exit_discipline side=YES ask=0.670 p_entry=1.000 delta=0.0207%
2953782,S69_Complementary_ExitDiscipline,YES,1784333750.712375,0.700000,5,1784333764.227418,0.710000,0.038588,0.011412,comp_exit_discipline side=YES ask=0.700 p_entry=1.000 delta=0.0207%
2953796,S69_Complementary_ExitDiscipline,NO,1784334014.669708,0.690000,5,1784334028.351253,0.690000,0.039462,-0.039462,comp_exit_discipline side=NO ask=0.690 p_entry=1.000 delta=-0.0203%
2953814,S69_Complementary_ExitDiscipline,NO,1784334654.132175,0.680000,5,1784334669.214884,0.770000,0.040247,0.409753,comp_exit_discipline side=NO ask=0.680 p_entry=1.000 delta=-0.0285%
2954332,S69_Complementary_ExitDiscipline,NO,1784336590.508145,0.290000,5,1784336604.33122,0.300000,0.015368,0.034632,comp_exit_discipline side=NO ask=0.290 p_entry=1.000 delta=-0.0208%
2954338,S69_Complementary_ExitDiscipline,NO,1784336792.588796,0.620000,5,1784336806.448254,0.440000,0.043018,-0.943018,comp_exit_discipline side=NO ask=0.620 p_entry=1.000 delta=-0.0202%
2954347,S69_Complementary_ExitDiscipline,NO,1784337113.373367,0.690000,5,1784337127.239013,0.500000,0.039462,-0.989462,comp_exit_discipline side=NO ask=0.690 p_entry=1.000 delta=-0.0245%
2954460,S69_Complementary_ExitDiscipline,NO,1784338535.649308,0.520000,5,1784338549.115068,0.490000,0.040495,-0.190495,comp_exit_discipline side=NO ask=0.520 p_entry=1.000 delta=-0.0206%
2954515,S69_Complementary_ExitDiscipline,YES,1784339477.167371,0.670000,5,1784339490.557828,0.680000,0.040941,0.009059,comp_exit_discipline side=YES ask=0.670 p_entry=1.000 delta=0.0205%
2954549,S69_Complementary_ExitDiscipline,NO,1784339950.336507,0.650000,5,1784339963.698214,0.330000,0.042052,-1.642052,comp_exit_discipline side=NO ask=0.650 p_entry=1.000 delta=-0.0245%
2954584,S69_Complementary_ExitDiscipline,NO,1784340351.360793,0.690000,5,1784340364.901332,0.630000,0.039462,-0.339462,comp_exit_discipline side=NO ask=0.690 p_entry=1.000 delta=-0.0394%
2954596,S69_Complementary_ExitDiscipline,NO,1784340615.922215,0.630000,5,1784340629.384813,0.500000,0.042789,-0.692789,comp_exit_discipline side=NO ask=0.630 p_entry=1.000 delta=-0.0303%
2954610,S69_Complementary_ExitDiscipline,YES,1784340949.740744,0.620000,5,1784340963.076252,0.710000,0.043018,0.406982,comp_exit_discipline side=YES ask=0.620 p_entry=1.000 delta=0.0223%
2954623,S69_Complementary_ExitDiscipline,YES,1784341261.627085,0.690000,5,1784341275.160317,0.720000,0.039462,0.110538,comp_exit_discipline side=YES ask=0.690 p_entry=1.000 delta=0.0205%
2954747,S69_Complementary_ExitDiscipline,YES,1784342188.626406,0.620000,5,1784342202.388221,0.480000,0.043018,-0.743018,comp_exit_discipline side=YES ask=0.620 p_entry=1.000 delta=0.0215%
2955158,S69_Complementary_ExitDiscipline,NO,1784344313.770387,0.660000,5,1784344327.754535,0.560000,0.041543,-0.541543,comp_exit_discipline side=NO ask=0.660 p_entry=1.000 delta=-0.0206%
2955172,S69_Complementary_ExitDiscipline,YES,1784344621.43279,0.510000,5,1784344634.608397,0.560000,0.039812,0.210188,comp_exit_discipline side=YES ask=0.510 p_entry=1.000 delta=0.0215%
2955340,S69_Complementary_ExitDiscipline,YES,1784346103.719607,0.560000,5,1784346116.919771,0.480000,0.042499,-0.442499,comp_exit_discipline side=YES ask=0.560 p_entry=1.000 delta=0.0219%
2955347,S69_Complementary_ExitDiscipline,NO,1784346482.863872,0.490000,5,1784346495.947167,0.490000,0.038251,-0.038251,comp_exit_discipline side=NO ask=0.490 p_entry=1.000 delta=-0.0232%
2955868,S69_Complementary_ExitDiscipline,NO,1784348329.716,0.650000,5,1784348343.004116,0.460000,0.042052,-0.992052,comp_exit_discipline side=NO ask=0.650 p_entry=1.000 delta=-0.0227%
2955884,S69_Complementary_ExitDiscipline,NO,1784348408.229659,0.690000,5,1784348421.811775,0.730000,0.039462,0.160538,comp_exit_discipline side=NO ask=0.690 p_entry=1.000 delta=-0.0202%
2956017,S69_Complementary_ExitDiscipline,NO,1784349331.760625,0.700000,5,1784349345.083601,0.750000,0.038588,0.211413,comp_exit_discipline side=NO ask=0.700 p_entry=1.000 delta=-0.0237%
2956046,S69_Complementary_ExitDiscipline,YES,1784350485.66791,0.290000,5,1784350499.009782,0.990000,0.015368,3.484632,comp_exit_discipline side=YES ask=0.290 p_entry=1.000 delta=0.0375%
2956682,S69_Complementary_ExitDiscipline,NO,1784350922.83801,0.640000,5,1784350936.463672,0.660000,0.042467,0.057533,comp_exit_discipline side=NO ask=0.640 p_entry=1.000 delta=-0.0261%
2956699,S69_Complementary_ExitDiscipline,NO,1784351519.857206,0.700000,5,1784351533.633526,0.560000,0.038588,-0.738587,comp_exit_discipline side=NO ask=0.700 p_entry=1.000 delta=-0.0218%
2956794,S69_Complementary_ExitDiscipline,YES,1784353124.233389,0.660000,5,1784353138.206246,0.720000,0.041543,0.258457,comp_exit_discipline side=YES ask=0.660 p_entry=1.000 delta=0.0222%
2956852,S69_Complementary_ExitDiscipline,YES,1784353597.605272,0.670000,5,1784353611.464061,0.760000,0.040941,0.409059,comp_exit_discipline side=YES ask=0.670 p_entry=1.000 delta=0.0292%
2956866,S69_Complementary_ExitDiscipline,NO,1784353985.174555,0.680000,5,1784353998.968713,0.690000,0.040247,0.009753,comp_exit_discipline side=NO ask=0.680 p_entry=1.000 delta=-0.0260%
2956944,S69_Complementary_ExitDiscipline,NO,1784354124.407576,0.700000,5,1784354138.93461,0.720000,0.038588,0.061412,comp_exit_discipline side=NO ask=0.700 p_entry=1.000 delta=-0.0274%
2957123,S69_Complementary_ExitDiscipline,YES,1784358235.29382,0.690000,5,1784358249.603771,0.740000,0.039462,0.210538,comp_exit_discipline side=YES ask=0.690 p_entry=1.000 delta=0.0334%
2957317,S69_Complementary_ExitDiscipline,NO,1784361050.632883,0.630000,5,1784361065.037727,0.620000,0.042789,-0.092789,comp_exit_discipline side=NO ask=0.630 p_entry=1.000 delta=-0.0201%
2957367,S69_Complementary_ExitDiscipline,NO,1784361801.385667,0.670000,5,1784361816.55729,0.740000,0.040941,0.309059,comp_exit_discipline side=NO ask=0.670 p_entry=1.000 delta=-0.0505%
2957398,S69_Complementary_ExitDiscipline,NO,1784361948.951887,0.700000,5,1784361963.856776,0.650000,0.038588,-0.288587,comp_exit_discipline side=NO ask=0.700 p_entry=1.000 delta=-0.0219%
2957451,S69_Complementary_ExitDiscipline,YES,1784363464.889665,0.610000,5,1784363479.951328,0.610000,0.043155,-0.043155,comp_exit_discipline side=YES ask=0.610 p_entry=1.000 delta=0.0207%
2957502,S69_Complementary_ExitDiscipline,NO,1784363800.297412,0.700000,5,1784363814.805393,0.670000,0.038588,-0.188587,comp_exit_discipline side=NO ask=0.700 p_entry=1.000 delta=-0.0302%
2957557,S69_Complementary_ExitDiscipline,NO,1784364081.850693,0.680000,5,1784364096.526902,0.630000,0.040247,-0.290247,comp_exit_discipline side=NO ask=0.680 p_entry=1.000 delta=-0.0211%
2957670,S69_Complementary_ExitDiscipline,NO,1784366355.608754,0.180000,5,1784366370.206787,0.790000,0.004902,3.045098,comp_exit_discipline side=NO ask=0.180 p_entry=1.000 delta=-0.0201%
2957677,S69_Complementary_ExitDiscipline,NO,1784366538.662474,0.680000,5,1784366553.997151,0.710000,0.040247,0.109753,comp_exit_discipline side=NO ask=0.680 p_entry=1.000 delta=-0.0254%
2957683,S69_Complementary_ExitDiscipline,NO,1784366924.597848,0.670000,5,1784366938.998298,0.250000,0.040941,-2.140941,comp_exit_discipline side=NO ask=0.670 p_entry=1.000 delta=-0.0202%
2958905,S69_Complementary_ExitDiscipline,YES,1784376432.745872,0.640000,5,1784376448.041183,0.870000,0.042467,1.107533,comp_exit_discipline side=YES ask=0.640 p_entry=1.000 delta=0.0493%
2958982,S69_Complementary_ExitDiscipline,NO,1784378024.503217,0.670000,5,1784378031.084438,0.220000,0.040941,-2.290941,comp_exit_discipline side=NO ask=0.670 p_entry=1.000 delta=-0.0303%
2959036,S69_Complementary_ExitDiscipline,NO,1784378426.906105,0.690000,5,1784378442.233118,0.640000,0.039462,-0.289462,comp_exit_discipline side=NO ask=0.690 p_entry=1.000 delta=-0.0292%
2959116,S69_Complementary_ExitDiscipline,NO,1784379605.588692,0.670000,5,1784379622.090556,0.670000,0.040941,-0.040941,comp_exit_discipline side=NO ask=0.670 p_entry=1.000 delta=-0.0239%
2959126,S69_Complementary_ExitDiscipline,NO,1784379953.699197,0.700000,5,1784379969.683644,0.790000,0.038588,0.411413,comp_exit_discipline side=NO ask=0.700 p_entry=1.000 delta=-0.0230%
2959141,S69_Complementary_ExitDiscipline,NO,1784380225.187625,0.700000,5,1784380240.477412,0.720000,0.038588,0.061412,comp_exit_discipline side=NO ask=0.700 p_entry=1.000 delta=-0.0411%
2959146,S69_Complementary_ExitDiscipline,YES,1784380658.378916,0.640000,5,1784380673.684501,0.670000,0.042467,0.107533,comp_exit_discipline side=YES ask=0.640 p_entry=1.000 delta=0.0206%
2959165,S69_Complementary_ExitDiscipline,YES,1784380820.75005,0.700000,5,1784380832.752448,0.470000,0.038588,-1.188588,comp_exit_discipline side=YES ask=0.700 p_entry=1.000 delta=0.0200%
2959177,S69_Complementary_ExitDiscipline,YES,1784381148.819289,0.690000,5,1784381164.306878,0.800000,0.039462,0.510538,comp_exit_discipline side=YES ask=0.690 p_entry=1.000 delta=0.0237%
2959187,S69_Complementary_ExitDiscipline,YES,1784381504.607372,0.630000,5,1784381520.284854,0.650000,0.042789,0.057211,comp_exit_discipline side=YES ask=0.630 p_entry=1.000 delta=0.0275%
2959317,S69_Complementary_ExitDiscipline,YES,1784383217.655778,0.680000,5,1784383233.424158,0.700000,0.040247,0.059753,comp_exit_discipline side=YES ask=0.680 p_entry=1.000 delta=0.0215%
2959334,S69_Complementary_ExitDiscipline,YES,1784383865.592631,0.700000,5,1784383881.54184,0.740000,0.038588,0.161413,comp_exit_discipline side=YES ask=0.700 p_entry=1.000 delta=0.0203%
2959393,S69_Complementary_ExitDiscipline,YES,1784385054.738724,0.690000,5,1784385071.147183,0.620000,0.039462,-0.389462,comp_exit_discipline side=YES ask=0.690 p_entry=1.000 delta=0.0216%
2959437,S69_Complementary_ExitDiscipline,NO,1784385536.035904,0.690000,5,1784385551.812938,0.450000,0.039462,-1.239462,comp_exit_discipline side=NO ask=0.690 p_entry=1.000 delta=-0.0256%
2959881,S69_Complementary_ExitDiscipline,YES,1784387871.217584,0.340000,5,1784387887.211268,0.690000,0.021401,1.728599,comp_exit_discipline side=YES ask=0.340 p_entry=1.000 delta=0.0202%
2960059,S69_Complementary_ExitDiscipline,YES,1784389835.891688,0.670000,5,1784389851.451227,0.710000,0.040941,0.159059,comp_exit_discipline side=YES ask=0.670 p_entry=1.000 delta=0.0201%
2960269,S69_Complementary_ExitDiscipline,NO,1784390565.909399,0.700000,5,1784390581.462228,0.530000,0.038588,-0.888587,comp_exit_discipline side=NO ask=0.700 p_entry=1.000 delta=-0.0238%
2960326,S69_Complementary_ExitDiscipline,NO,1784391631.791407,0.390000,5,1784391647.991937,0.310000,0.027591,-0.427591,comp_exit_discipline side=NO ask=0.390 p_entry=1.000 delta=-0.0264%
2960367,S69_Complementary_ExitDiscipline,YES,1784392355.362189,0.460000,5,1784392370.987857,0.400000,0.035479,-0.335479,comp_exit_discipline side=YES ask=0.460 p_entry=1.000 delta=0.0200%
2960425,S69_Complementary_ExitDiscipline,NO,1784392502.409462,0.480000,5,1784392518.724036,0.340000,0.037380,-0.737380,comp_exit_discipline side=NO ask=0.480 p_entry=1.000 delta=-0.0201%
2960475,S69_Complementary_ExitDiscipline,NO,1784393551.125274,0.300000,5,1784393552.515484,0.210000,0.016537,-0.466537,comp_exit_discipline side=NO ask=0.300 p_entry=1.000 delta=-0.0716%
2960862,S69_Complementary_ExitDiscipline,YES,1784393773.904573,0.680000,5,1784393789.56406,0.510000,0.040247,-0.890247,comp_exit_discipline side=YES ask=0.680 p_entry=1.000 delta=0.0218%
2960864,S69_Complementary_ExitDiscipline,YES,1784394019.200468,0.570000,5,1784394022.761632,0.480000,0.042803,-0.492803,comp_exit_discipline side=YES ask=0.570 p_entry=1.000 delta=0.0251%
2960981,S69_Complementary_ExitDiscipline,YES,1784394722.207132,0.680000,5,1784394738.294408,0.750000,0.040247,0.309753,comp_exit_discipline side=YES ask=0.680 p_entry=1.000 delta=0.0357%
2960991,S69_Complementary_ExitDiscipline,YES,1784394955.947105,0.700000,5,1784394972.173025,0.700000,0.038588,-0.038588,comp_exit_discipline side=YES ask=0.700 p_entry=1.000 delta=0.0204%
2961007,S69_Complementary_ExitDiscipline,YES,1784395222.857918,0.620000,5,1784395238.186899,0.640000,0.043018,0.056982,comp_exit_discipline side=YES ask=0.620 p_entry=1.000 delta=0.0401%
2961135,S69_Complementary_ExitDiscipline,NO,1784395763.117251,0.570000,5,1784395779.325243,0.170000,0.042803,-2.042803,comp_exit_discipline side=NO ask=0.570 p_entry=1.000 delta=-0.0216%
2961155,S69_Complementary_ExitDiscipline,YES,1784395822.851198,0.700000,5,1784395838.869762,0.330000,0.038588,-1.888587,comp_exit_discipline side=YES ask=0.700 p_entry=1.000 delta=0.0211%
2961250,S69_Complementary_ExitDiscipline,YES,1784396407.216266,0.580000,5,1784396423.127109,0.610000,0.043022,0.106978,comp_exit_discipline side=YES ask=0.580 p_entry=1.000 delta=0.0224%
2961273,S69_Complementary_ExitDiscipline,NO,1784396706.353456,0.530000,5,1784396722.653489,0.440000,0.041109,-0.491109,comp_exit_discipline side=NO ask=0.530 p_entry=1.000 delta=-0.0224%
2961282,S69_Complementary_ExitDiscipline,NO,1784397042.121589,0.640000,5,1784397057.944737,0.770000,0.042467,0.607533,comp_exit_discipline side=NO ask=0.640 p_entry=1.000 delta=-0.0233%
2961310,S69_Complementary_ExitDiscipline,NO,1784397378.849461,0.630000,5,1784397394.40046,0.520000,0.042789,-0.592789,comp_exit_discipline side=NO ask=0.630 p_entry=1.000 delta=-0.0224%
2961529,S69_Complementary_ExitDiscipline,NO,1784398009.77149,0.700000,5,1784398026.030099,0.660000,0.038588,-0.238587,comp_exit_discipline side=NO ask=0.700 p_entry=1.000 delta=-0.0204%
2961601,S69_Complementary_ExitDiscipline,YES,1784398763.143829,0.550000,5,1784398778.990251,0.990000,0.042114,2.157886,comp_exit_discipline side=YES ask=0.550 p_entry=1.000 delta=0.0224%
2961607,S69_Complementary_ExitDiscipline,YES,1784398884.259484,0.700000,5,1784398900.364992,0.840000,0.038588,0.661413,comp_exit_discipline side=YES ask=0.700 p_entry=1.000 delta=0.0530%
2961997,S69_Complementary_ExitDiscipline,YES,1784399104.313897,0.640000,5,1784399120.3067,0.380000,0.042467,-1.342467,comp_exit_discipline side=YES ask=0.640 p_entry=1.000 delta=0.0808%
2962151,S69_Complementary_ExitDiscipline,NO,1784399423.063378,0.670000,5,1784399439.721656,0.720000,0.040941,0.209059,comp_exit_discipline side=NO ask=0.670 p_entry=1.000 delta=-0.0257%
2962211,S69_Complementary_ExitDiscipline,YES,1784399773.790287,0.650000,5,1784399789.826771,0.650000,0.042052,-0.042052,comp_exit_discipline side=YES ask=0.650 p_entry=1.000 delta=0.0276%
2962822,S69_Complementary_ExitDiscipline,YES,1784400375.092856,0.700000,5,1784400391.109444,0.810000,0.038588,0.511413,comp_exit_discipline side=YES ask=0.700 p_entry=1.000 delta=0.0344%
2963033,S69_Complementary_ExitDiscipline,NO,1784400976.247974,0.670000,5,1784400992.313083,0.530000,0.040941,-0.740941,comp_exit_discipline side=NO ask=0.670 p_entry=1.000 delta=-0.0223%
2963053,S69_Complementary_ExitDiscipline,YES,1784401221.090195,0.530000,5,1784401238.196312,0.600000,0.041109,0.308891,comp_exit_discipline side=YES ask=0.530 p_entry=1.000 delta=0.0240%
2963089,S69_Complementary_ExitDiscipline,YES,1784402128.08599,0.700000,5,1784402144.079462,0.780000,0.038588,0.361413,comp_exit_discipline side=YES ask=0.700 p_entry=1.000 delta=0.0415%
2963175,S69_Complementary_ExitDiscipline,YES,1784403316.726036,0.690000,5,1784403332.878922,0.740000,0.039462,0.210538,comp_exit_discipline side=YES ask=0.690 p_entry=1.000 delta=0.0239%
2963268,S69_Complementary_ExitDiscipline,NO,1784404225.377698,0.700000,5,1784404241.256441,0.580000,0.038588,-0.638588,comp_exit_discipline side=NO ask=0.700 p_entry=1.000 delta=-0.0349%
2963323,S69_Complementary_ExitDiscipline,NO,1784404858.122813,0.670000,5,1784404875.105682,0.660000,0.040941,-0.090941,comp_exit_discipline side=NO ask=0.670 p_entry=1.000 delta=-0.0292%
2963343,S69_Complementary_ExitDiscipline,NO,1784405113.371171,0.570000,5,1784405129.556029,0.670000,0.042803,0.457197,comp_exit_discipline side=NO ask=0.570 p_entry=1.000 delta=-0.0239%
2963355,S69_Complementary_ExitDiscipline,YES,1784405425.689986,0.700000,5,1784405442.168255,0.750000,0.038588,0.211413,comp_exit_discipline side=YES ask=0.700 p_entry=1.000 delta=0.0221%
2963378,S69_Complementary_ExitDiscipline,YES,1784406012.318441,0.400000,5,1784406028.94674,0.700000,0.028800,1.471200,comp_exit_discipline side=YES ask=0.400 p_entry=1.000 delta=0.0336%
2963417,S69_Complementary_ExitDiscipline,YES,1784406306.412454,0.460000,5,1784406322.182911,0.440000,0.035479,-0.135479,comp_exit_discipline side=YES ask=0.460 p_entry=1.000 delta=0.0217%
2963422,S69_Complementary_ExitDiscipline,NO,1784406630.72846,0.700000,5,1784406646.561487,0.530000,0.038588,-0.888587,comp_exit_discipline side=NO ask=0.700 p_entry=1.000 delta=-0.0239%
2963474,S69_Complementary_ExitDiscipline,NO,1784406965.406534,0.690000,5,1784406981.451098,0.780000,0.039462,0.410538,comp_exit_discipline side=NO ask=0.690 p_entry=1.000 delta=-0.0282%
2963513,S69_Complementary_ExitDiscipline,YES,1784407406.351355,0.690000,5,1784407421.865127,0.810000,0.039462,0.560538,comp_exit_discipline side=YES ask=0.690 p_entry=1.000 delta=0.0237%
2963557,S69_Complementary_ExitDiscipline,YES,1784408150.263194,0.540000,5,1784408153.887929,0.260000,0.041649,-1.441649,comp_exit_discipline side=YES ask=0.540 p_entry=1.000 delta=0.0247%
2963568,S69_Complementary_ExitDiscipline,NO,1784408418.083291,0.670000,5,1784408434.253999,0.540000,0.040941,-0.690941,comp_exit_discipline side=NO ask=0.670 p_entry=1.000 delta=-0.0207%
2963589,S69_Complementary_ExitDiscipline,YES,1784409029.863577,0.650000,5,1784409045.289465,0.680000,0.042052,0.107948,comp_exit_discipline side=YES ask=0.650 p_entry=1.000 delta=0.0316%
2963677,S69_Complementary_ExitDiscipline,YES,1784409301.516092,0.590000,5,1784409316.956923,0.630000,0.043155,0.156845,comp_exit_discipline side=YES ask=0.590 p_entry=1.000 delta=0.0205%
2963688,S69_Complementary_ExitDiscipline,NO,1784409639.662939,0.580000,5,1784409641.194612,0.310000,0.043022,-1.393022,comp_exit_discipline side=NO ask=0.580 p_entry=1.000 delta=-0.0282%
2963776,S69_Complementary_ExitDiscipline,YES,1784409918.211892,0.640000,5,1784409933.349361,0.650000,0.042467,0.007533,comp_exit_discipline side=YES ask=0.640 p_entry=1.000 delta=0.0205%
2963786,S69_Complementary_ExitDiscipline,NO,1784410238.429876,0.700000,5,1784410253.469632,0.640000,0.038588,-0.338587,comp_exit_discipline side=NO ask=0.700 p_entry=1.000 delta=-0.0270%
2963915,S69_Complementary_ExitDiscipline,NO,1784410890.003791,0.630000,5,1784410904.392781,0.520000,0.042789,-0.592789,comp_exit_discipline side=NO ask=0.630 p_entry=1.000 delta=-0.0243%
2963929,S69_Complementary_ExitDiscipline,NO,1784411158.236098,0.700000,5,1784411173.36393,0.730000,0.038588,0.111412,comp_exit_discipline side=NO ask=0.700 p_entry=1.000 delta=-0.0344%
2963989,S69_Complementary_ExitDiscipline,YES,1784411432.231932,0.600000,5,1784411447.064931,0.640000,0.043200,0.156800,comp_exit_discipline side=YES ask=0.600 p_entry=1.000 delta=0.0211%
2964737,S69_Complementary_ExitDiscipline,NO,1784411777.97736,0.700000,5,1784411792.597821,0.650000,0.038588,-0.288587,comp_exit_discipline side=NO ask=0.700 p_entry=1.000 delta=-0.0285%
2964877,S69_Complementary_ExitDiscipline,NO,1784412353.841937,0.680000,5,1784412368.397093,0.760000,0.040247,0.359753,comp_exit_discipline side=NO ask=0.680 p_entry=1.000 delta=-0.0242%
2964892,S69_Complementary_ExitDiscipline,YES,1784412612.932409,0.700000,5,1784412627.544249,0.770000,0.038588,0.311413,comp_exit_discipline side=YES ask=0.700 p_entry=1.000 delta=0.0226%
2965000,S69_Complementary_ExitDiscipline,YES,1784413372.507114,0.660000,5,1784413386.494409,0.720000,0.041543,0.258457,comp_exit_discipline side=YES ask=0.660 p_entry=1.000 delta=0.0230%
2965044,S69_Complementary_ExitDiscipline,YES,1784413513.810656,0.460000,5,1784413516.106699,0.440000,0.035479,-0.135479,comp_exit_discipline side=YES ask=0.460 p_entry=1.000 delta=0.0201%
2965065,S69_Complementary_ExitDiscipline,NO,1784413881.783269,0.690000,5,1784413896.373038,0.800000,0.039462,0.510538,comp_exit_discipline side=NO ask=0.690 p_entry=1.000 delta=-0.0349%
2965128,S69_Complementary_ExitDiscipline,NO,1784414107.186861,0.630000,5,1784414121.38864,0.650000,0.042789,0.057211,comp_exit_discipline side=NO ask=0.630 p_entry=1.000 delta=-0.0204%
2965351,S69_Complementary_ExitDiscipline,NO,1784414980.531265,0.690000,5,1784414994.415911,0.920000,0.039462,1.110538,comp_exit_discipline side=NO ask=0.690 p_entry=1.000 delta=-0.0344%
2965356,S69_Complementary_ExitDiscipline,YES,1784415280.377092,0.690000,5,1784415292.445222,0.180000,0.039462,-2.589462,comp_exit_discipline side=YES ask=0.690 p_entry=1.000 delta=0.0628%
2966363,S69_Complementary_ExitDiscipline,NO,1784415880.532679,0.700000,5,1784415894.22551,0.950000,0.038588,1.211413,comp_exit_discipline side=NO ask=0.700 p_entry=1.000 delta=-0.0319%
2966451,S69_Complementary_ExitDiscipline,NO,1784416238.185021,0.670000,5,1784416251.94511,0.600000,0.040941,-0.390941,comp_exit_discipline side=NO ask=0.670 p_entry=1.000 delta=-0.0201%
2966536,S69_Complementary_ExitDiscipline,YES,1784416805.72777,0.670000,5,1784416819.528312,0.620000,0.040941,-0.290941,comp_exit_discipline side=YES ask=0.670 p_entry=1.000 delta=0.0255%
2966562,S69_Complementary_ExitDiscipline,YES,1784417207.701259,0.690000,5,1784417221.516388,0.790000,0.039462,0.460538,comp_exit_discipline side=YES ask=0.690 p_entry=1.000 delta=0.0544%
2966620,S69_Complementary_ExitDiscipline,NO,1784417561.195097,0.610000,5,1784417574.850384,0.580000,0.043155,-0.193155,comp_exit_discipline side=NO ask=0.610 p_entry=1.000 delta=-0.0224%
2966724,S69_Complementary_ExitDiscipline,YES,1784417887.785856,0.670000,5,1784417901.116388,0.730000,0.040941,0.259059,comp_exit_discipline side=YES ask=0.670 p_entry=1.000 delta=0.0211%
2966804,S69_Complementary_ExitDiscipline,NO,1784418013.594909,0.700000,5,1784418027.168285,0.740000,0.038588,0.161413,comp_exit_discipline side=NO ask=0.700 p_entry=1.000 delta=-0.0267%
2966865,S69_Complementary_ExitDiscipline,NO,1784418669.196379,0.670000,5,1784418682.855936,0.680000,0.040941,0.009059,comp_exit_discipline side=NO ask=0.670 p_entry=1.000 delta=-0.0201%
2966949,S69_Complementary_ExitDiscipline,YES,1784419324.825225,0.670000,5,1784419338.326249,0.770000,0.040941,0.459059,comp_exit_discipline side=YES ask=0.670 p_entry=1.000 delta=0.0271%
2966961,S69_Complementary_ExitDiscipline,NO,1784419738.393663,0.640000,5,1784419752.334519,0.360000,0.042467,-1.442467,comp_exit_discipline side=NO ask=0.640 p_entry=1.000 delta=-0.0237%
2967037,S69_Complementary_ExitDiscipline,NO,1784420595.381218,0.700000,5,1784420608.531639,0.480000,0.038588,-1.138588,comp_exit_discipline side=NO ask=0.700 p_entry=1.000 delta=-0.0212%
2967046,S69_Complementary_ExitDiscipline,YES,1784420779.174266,0.670000,5,1784420792.731297,0.810000,0.040941,0.659059,comp_exit_discipline side=YES ask=0.670 p_entry=1.000 delta=0.0446%
2967065,S69_Complementary_ExitDiscipline,YES,1784421084.80246,0.650000,5,1784421098.226428,0.690000,0.042052,0.157948,comp_exit_discipline side=YES ask=0.650 p_entry=1.000 delta=0.0203%
2967117,S69_Complementary_ExitDiscipline,NO,1784421357.649788,0.700000,5,1784421371.392214,0.590000,0.038588,-0.588588,comp_exit_discipline side=NO ask=0.700 p_entry=1.000 delta=-0.0225%
2967226,S69_Complementary_ExitDiscipline,YES,1784422079.564117,0.700000,5,1784422093.346619,0.800000,0.038588,0.461413,comp_exit_discipline side=YES ask=0.700 p_entry=1.000 delta=0.0202%
2967247,S69_Complementary_ExitDiscipline,YES,1784422404.845343,0.670000,5,1784422418.603579,0.620000,0.040941,-0.290941,comp_exit_discipline side=YES ask=0.670 p_entry=1.000 delta=0.0371%
2967260,S69_Complementary_ExitDiscipline,NO,1784422710.226526,0.700000,5,1784422723.591912,0.730000,0.038588,0.111412,comp_exit_discipline side=NO ask=0.700 p_entry=1.000 delta=-0.0209%
2967884,S69_Complementary_ExitDiscipline,NO,1784426493.09801,0.690000,5,1784426506.339296,0.690000,0.039462,-0.039462,comp_exit_discipline side=NO ask=0.690 p_entry=1.000 delta=-0.0818%
2967912,S69_Complementary_ExitDiscipline,YES,1784426727.907051,0.640000,5,1784426741.466811,0.600000,0.042467,-0.242467,comp_exit_discipline side=YES ask=0.640 p_entry=1.000 delta=0.0222%
2967926,S69_Complementary_ExitDiscipline,YES,1784427012.984585,0.690000,5,1784427026.200001,0.700000,0.039462,0.010538,comp_exit_discipline side=YES ask=0.690 p_entry=1.000 delta=0.0285%
2967953,S69_Complementary_ExitDiscipline,YES,1784427321.260195,0.630000,5,1784427334.446949,0.690000,0.042789,0.257211,comp_exit_discipline side=YES ask=0.630 p_entry=1.000 delta=0.0226%
2967969,S69_Complementary_ExitDiscipline,NO,1784427613.956676,0.640000,5,1784427627.139707,0.590000,0.042467,-0.292467,comp_exit_discipline side=NO ask=0.640 p_entry=1.000 delta=-0.0327%
2968042,S69_Complementary_ExitDiscipline,YES,1784428510.528708,0.680000,5,1784428523.618005,0.700000,0.040247,0.059753,comp_exit_discipline side=YES ask=0.680 p_entry=1.000 delta=0.0237%
2968131,S69_Complementary_ExitDiscipline,NO,1784429485.754054,0.630000,5,1784429499.160695,0.550000,0.042789,-0.442789,comp_exit_discipline side=NO ask=0.630 p_entry=1.000 delta=-0.0244%
2968144,S69_Complementary_ExitDiscipline,YES,1784430006.395821,0.680000,5,1784430020.162079,0.520000,0.040247,-0.840247,comp_exit_discipline side=YES ask=0.680 p_entry=1.000 delta=0.0229%
2968229,S69_Complementary_ExitDiscipline,NO,1784431267.351063,0.670000,5,1784431281.000994,0.790000,0.040941,0.559059,comp_exit_discipline side=NO ask=0.670 p_entry=1.000 delta=-0.0219%
2968243,S69_Complementary_ExitDiscipline,YES,1784431596.945046,0.700000,5,1784431610.063903,0.830000,0.038588,0.611412,comp_exit_discipline side=YES ask=0.700 p_entry=1.000 delta=0.0290%
2968310,S69_Complementary_ExitDiscipline,YES,1784432119.240553,0.640000,5,1784432132.674641,0.590000,0.042467,-0.292467,comp_exit_discipline side=YES ask=0.640 p_entry=1.000 delta=0.0233%
2968401,S69_Complementary_ExitDiscipline,YES,1784432882.212257,0.650000,5,1784432895.485876,0.750000,0.042052,0.457948,comp_exit_discipline side=YES ask=0.650 p_entry=1.000 delta=0.0201%
2968664,S69_Complementary_ExitDiscipline,YES,1784433367.733468,0.680000,5,1784433381.040518,0.610000,0.040247,-0.390247,comp_exit_discipline side=YES ask=0.680 p_entry=1.000 delta=0.0239%
2969035,S69_Complementary_ExitDiscipline,NO,1784433729.800763,0.670000,5,1784433743.175347,0.540000,0.040941,-0.690941,comp_exit_discipline side=NO ask=0.670 p_entry=1.000 delta=-0.0255%
2969057,S69_Complementary_ExitDiscipline,NO,1784433998.395112,0.680000,5,1784434012.155659,0.780000,0.040247,0.459753,comp_exit_discipline side=NO ask=0.680 p_entry=1.000 delta=-0.0310%
2969070,S69_Complementary_ExitDiscipline,NO,1784434446.588605,0.630000,5,1784434451.935915,0.170000,0.042789,-2.342789,comp_exit_discipline side=NO ask=0.630 p_entry=1.000 delta=-0.0224%
2969080,S69_Complementary_ExitDiscipline,YES,1784434548.727247,0.650000,5,1784434562.606689,0.600000,0.042052,-0.292052,comp_exit_discipline side=YES ask=0.650 p_entry=1.000 delta=0.0220%
2969204,S69_Complementary_ExitDiscipline,NO,1784435581.075866,0.700000,5,1784435594.564029,0.680000,0.038588,-0.138587,comp_exit_discipline side=NO ask=0.700 p_entry=1.000 delta=-0.0217%
2969321,S69_Complementary_ExitDiscipline,YES,1784436428.104435,0.640000,5,1784436441.884012,0.530000,0.042467,-0.592467,comp_exit_discipline side=YES ask=0.640 p_entry=1.000 delta=0.0316%
2969836,S69_Complementary_ExitDiscipline,NO,1784437569.119341,0.700000,5,1784437583.675448,0.640000,0.038588,-0.338587,comp_exit_discipline side=NO ask=0.700 p_entry=1.000 delta=-0.0286%
2969915,S69_Complementary_ExitDiscipline,YES,1784438266.379245,0.600000,5,1784438274.687349,0.300000,0.043200,-1.543200,comp_exit_discipline side=YES ask=0.600 p_entry=1.000 delta=0.0213%
2969957,S69_Complementary_ExitDiscipline,YES,1784438730.902811,0.660000,5,1784438744.306801,0.350000,0.041543,-1.591543,comp_exit_discipline side=YES ask=0.660 p_entry=1.000 delta=0.0202%
2970021,S69_Complementary_ExitDiscipline,NO,1784439337.546935,0.700000,5,1784439351.069531,0.540000,0.038588,-0.838587,comp_exit_discipline side=NO ask=0.700 p_entry=1.000 delta=-0.0242%
2970074,S69_Complementary_ExitDiscipline,YES,1784440226.019248,0.670000,5,1784440239.85789,0.820000,0.040941,0.709059,comp_exit_discipline side=YES ask=0.670 p_entry=1.000 delta=0.0219%
2970154,S69_Complementary_ExitDiscipline,NO,1784442446.307356,0.700000,5,1784442460.49759,0.740000,0.038588,0.161413,comp_exit_discipline side=NO ask=0.700 p_entry=1.000 delta=-0.0216%
2970218,S69_Complementary_ExitDiscipline,NO,1784442952.565262,0.660000,5,1784442966.974067,0.680000,0.041543,0.058457,comp_exit_discipline side=NO ask=0.660 p_entry=1.000 delta=-0.0235%
2970423,S69_Complementary_ExitDiscipline,NO,1784447213.66857,0.690000,5,1784447228.250793,0.480000,0.039462,-1.089462,comp_exit_discipline side=NO ask=0.690 p_entry=1.000 delta=-0.0222%
2970433,S69_Complementary_ExitDiscipline,YES,1784447683.592465,0.330000,5,1784447697.902065,0.010000,0.020165,-1.620165,comp_exit_discipline side=YES ask=0.330 p_entry=1.000 delta=0.0208%
2970474,S69_Complementary_ExitDiscipline,NO,1784447816.358398,0.680000,5,1784447831.170368,0.740000,0.040247,0.259753,comp_exit_discipline side=NO ask=0.680 p_entry=1.000 delta=-0.0373%
2970507,S69_Complementary_ExitDiscipline,NO,1784448547.716068,0.680000,5,1784448562.203565,0.630000,0.040247,-0.290247,comp_exit_discipline side=NO ask=0.680 p_entry=1.000 delta=-0.0360%
2970517,S69_Complementary_ExitDiscipline,YES,1784448790.284177,0.530000,5,1784448804.85336,0.620000,0.041109,0.408891,comp_exit_discipline side=YES ask=0.530 p_entry=1.000 delta=0.0278%
2970542,S69_Complementary_ExitDiscipline,NO,1784449107.190294,0.630000,5,1784449121.982412,0.700000,0.042789,0.307211,comp_exit_discipline side=NO ask=0.630 p_entry=1.000 delta=-0.0239%
2970588,S69_Complementary_ExitDiscipline,NO,1784449305.061241,0.650000,5,1784449319.683888,0.630000,0.042052,-0.142052,comp_exit_discipline side=NO ask=0.650 p_entry=1.000 delta=-0.0255%
2970599,S69_Complementary_ExitDiscipline,YES,1784449502.492592,0.550000,5,1784449517.543728,0.500000,0.042114,-0.292114,comp_exit_discipline side=YES ask=0.550 p_entry=1.000 delta=0.0356%
2970671,S69_Complementary_ExitDiscipline,NO,1784450125.608604,0.680000,5,1784450140.602284,0.660000,0.040247,-0.140247,comp_exit_discipline side=NO ask=0.680 p_entry=1.000 delta=-0.0248%
2970751,S69_Complementary_ExitDiscipline,NO,1784450417.753181,0.680000,5,1784450432.936427,0.600000,0.040247,-0.440247,comp_exit_discipline side=NO ask=0.680 p_entry=1.000 delta=-0.0219%
2970778,S69_Complementary_ExitDiscipline,YES,1784451004.589956,0.670000,5,1784451019.747126,0.630000,0.040941,-0.240941,comp_exit_discipline side=YES ask=0.670 p_entry=1.000 delta=0.0220%
2970883,S69_Complementary_ExitDiscipline,NO,1784451925.399352,0.670000,5,1784451940.588953,0.700000,0.040941,0.109059,comp_exit_discipline side=NO ask=0.670 p_entry=1.000 delta=-0.0221%
2970892,S69_Complementary_ExitDiscipline,NO,1784452291.357186,0.700000,5,1784452306.478323,0.630000,0.038588,-0.388588,comp_exit_discipline side=NO ask=0.700 p_entry=1.000 delta=-0.0247%
2970905,S69_Complementary_ExitDiscipline,NO,1784452517.281528,0.700000,5,1784452532.65146,0.710000,0.038588,0.011412,comp_exit_discipline side=NO ask=0.700 p_entry=1.000 delta=-0.0226%
2970920,S69_Complementary_ExitDiscipline,NO,1784452898.037553,0.650000,5,1784452913.03632,0.710000,0.042052,0.257948,comp_exit_discipline side=NO ask=0.650 p_entry=1.000 delta=-0.0297%
2970989,S69_Complementary_ExitDiscipline,NO,1784453823.742499,0.350000,5,1784453839.282044,0.610000,0.022643,1.277357,comp_exit_discipline side=NO ask=0.350 p_entry=1.000 delta=-0.0265%
2971016,S69_Complementary_ExitDiscipline,NO,1784454050.250148,0.430000,5,1784454066.104261,0.400000,0.032290,-0.182290,comp_exit_discipline side=NO ask=0.430 p_entry=1.000 delta=-0.0202%
2971020,S69_Complementary_ExitDiscipline,YES,1784454493.136151,0.640000,5,1784454507.947748,0.760000,0.042467,0.557533,comp_exit_discipline side=YES ask=0.640 p_entry=1.000 delta=0.0291%
2971037,S69_Complementary_ExitDiscipline,NO,1784454751.920554,0.660000,5,1784454766.973252,0.530000,0.041543,-0.691543,comp_exit_discipline side=NO ask=0.660 p_entry=1.000 delta=-0.0249%
2971183,S69_Complementary_ExitDiscipline,NO,1784454981.475448,0.590000,5,1784454997.118825,0.580000,0.043155,-0.093155,comp_exit_discipline side=NO ask=0.590 p_entry=1.000 delta=-0.0201%
2971222,S69_Complementary_ExitDiscipline,NO,1784455228.501753,0.660000,5,1784455244.808126,0.640000,0.041543,-0.141543,comp_exit_discipline side=NO ask=0.660 p_entry=1.000 delta=-0.0204%
2971231,S69_Complementary_ExitDiscipline,NO,1784455548.195339,0.680000,5,1784455563.983322,0.670000,0.040247,-0.090247,comp_exit_discipline side=NO ask=0.680 p_entry=1.000 delta=-0.0337%
2971241,S69_Complementary_ExitDiscipline,YES,1784455858.979309,0.700000,5,1784455875.151427,0.790000,0.038588,0.411413,comp_exit_discipline side=YES ask=0.700 p_entry=1.000 delta=0.0225%
2971272,S69_Complementary_ExitDiscipline,NO,1784456763.741077,0.530000,5,1784456779.103569,0.440000,0.041109,-0.491109,comp_exit_discipline side=NO ask=0.530 p_entry=1.000 delta=-0.0201%
2971287,S69_Complementary_ExitDiscipline,NO,1784457192.057832,0.670000,5,1784457207.710962,0.630000,0.040941,-0.240941,comp_exit_discipline side=NO ask=0.670 p_entry=1.000 delta=-0.0204%
2971333,S69_Complementary_ExitDiscipline,NO,1784457529.524338,0.610000,5,1784457545.342047,0.430000,0.043155,-0.943155,comp_exit_discipline side=NO ask=0.610 p_entry=1.000 delta=-0.0221%
2971348,S69_Complementary_ExitDiscipline,YES,1784457663.02406,0.700000,5,1784457678.880675,0.720000,0.038588,0.061412,comp_exit_discipline side=YES ask=0.700 p_entry=1.000 delta=0.0202%
2971360,S69_Complementary_ExitDiscipline,YES,1784458000.045605,0.520000,5,1784458015.485109,0.570000,0.040495,0.209505,comp_exit_discipline side=YES ask=0.520 p_entry=1.000 delta=0.0420%
2971371,S69_Complementary_ExitDiscipline,NO,1784458245.185018,0.650000,5,1784458260.615992,0.680000,0.042052,0.107948,comp_exit_discipline side=NO ask=0.650 p_entry=1.000 delta=-0.0200%
2971385,S69_Complementary_ExitDiscipline,NO,1784458722.581153,0.700000,5,1784458737.705138,0.730000,0.038588,0.111412,comp_exit_discipline side=NO ask=0.700 p_entry=0.656 delta=-0.0204%
2971429,S69_Complementary_ExitDiscipline,YES,1784459779.141325,0.650000,5,1784459795.607325,0.550000,0.042052,-0.542052,comp_exit_discipline side=YES ask=0.650 p_entry=1.000 delta=0.0238%
2971444,S69_Complementary_ExitDiscipline,YES,1784460136.694405,0.700000,5,1784460146.671488,0.310000,0.038588,-1.988587,comp_exit_discipline side=YES ask=0.700 p_entry=1.000 delta=0.0246%
2971585,S69_Complementary_ExitDiscipline,NO,1784461953.8451,0.630000,5,1784461969.440499,0.650000,0.042789,0.057211,comp_exit_discipline side=NO ask=0.630 p_entry=1.000 delta=-0.0256%
2971744,S69_Complementary_ExitDiscipline,NO,1784462179.408286,0.690000,5,1784462195.172223,0.490000,0.039462,-1.039462,comp_exit_discipline side=NO ask=0.690 p_entry=1.000 delta=-0.0348%
2971763,S69_Complementary_ExitDiscipline,NO,1784462444.851398,0.660000,5,1784462461.406332,0.700000,0.041543,0.158457,comp_exit_discipline side=NO ask=0.660 p_entry=1.000 delta=-0.0203%
2971786,S69_Complementary_ExitDiscipline,NO,1784462758.059394,0.700000,5,1784462774.525183,0.590000,0.038588,-0.588588,comp_exit_discipline side=NO ask=0.700 p_entry=1.000 delta=-0.0223%
2971816,S69_Complementary_ExitDiscipline,YES,1784463334.926509,0.700000,5,1784463350.79094,0.770000,0.038588,0.311413,comp_exit_discipline side=YES ask=0.700 p_entry=1.000 delta=0.0208%
2971826,S69_Complementary_ExitDiscipline,YES,1784463631.589513,0.690000,5,1784463647.491203,0.790000,0.039462,0.460538,comp_exit_discipline side=YES ask=0.690 p_entry=1.000 delta=0.0336%
2971828,S69_Complementary_ExitDiscipline,NO,1784463943.812844,0.660000,5,1784463959.440876,0.670000,0.041543,0.008457,comp_exit_discipline side=NO ask=0.660 p_entry=1.000 delta=-0.0286%
2971841,S69_Complementary_ExitDiscipline,YES,1784464243.144885,0.690000,5,1784464258.723302,0.640000,0.039462,-0.289462,comp_exit_discipline side=YES ask=0.690 p_entry=1.000 delta=0.0369%
2971893,S69_Complementary_ExitDiscipline,YES,1784464542.385375,0.700000,5,1784464557.707073,0.620000,0.038588,-0.438587,comp_exit_discipline side=YES ask=0.700 p_entry=1.000 delta=0.0299%
2971906,S69_Complementary_ExitDiscipline,NO,1784464864.737123,0.570000,5,1784464880.175552,0.640000,0.042803,0.307197,comp_exit_discipline side=NO ask=0.570 p_entry=1.000 delta=-0.0210%
2971916,S69_Complementary_ExitDiscipline,NO,1784465141.712899,0.680000,5,1784465157.091551,0.770000,0.040247,0.409753,comp_exit_discipline side=NO ask=0.680 p_entry=1.000 delta=-0.0215%
2972020,S69_Complementary_ExitDiscipline,NO,1784466392.442461,0.700000,5,1784466408.019302,0.720000,0.038588,0.061412,comp_exit_discipline side=NO ask=0.700 p_entry=1.000 delta=-0.0371%
2972026,S69_Complementary_ExitDiscipline,NO,1784466650.393423,0.700000,5,1784466666.494889,0.780000,0.038588,0.361413,comp_exit_discipline side=NO ask=0.700 p_entry=1.000 delta=-0.0367%
2972041,S69_Complementary_ExitDiscipline,NO,1784466962.643823,0.530000,5,1784466964.045323,0.320000,0.041109,-1.091109,comp_exit_discipline side=NO ask=0.530 p_entry=1.000 delta=-0.0256%
2972051,S69_Complementary_ExitDiscipline,YES,1784467239.866764,0.670000,5,1784467255.562906,0.550000,0.040941,-0.640941,comp_exit_discipline side=YES ask=0.670 p_entry=1.000 delta=0.0267%
2972057,S69_Complementary_ExitDiscipline,YES,1784467575.450586,0.690000,5,1784467591.074521,0.810000,0.039462,0.560538,comp_exit_discipline side=YES ask=0.690 p_entry=1.000 delta=0.0200%
2972104,S69_Complementary_ExitDiscipline,YES,1784467843.926623,0.700000,5,1784467859.629111,0.780000,0.038588,0.361413,comp_exit_discipline side=YES ask=0.700 p_entry=1.000 delta=0.0209%
2972156,S69_Complementary_ExitDiscipline,NO,1784468259.820206,0.700000,5,1784468275.554422,0.750000,0.038588,0.211413,comp_exit_discipline side=NO ask=0.700 p_entry=1.000 delta=-0.0332%
2972215,S69_Complementary_ExitDiscipline,NO,1784468461.350797,0.700000,5,1784468477.305579,0.680000,0.038588,-0.138587,comp_exit_discipline side=NO ask=0.700 p_entry=1.000 delta=-0.0210%
2972280,S69_Complementary_ExitDiscipline,NO,1784469951.103989,0.700000,5,1784469967.611641,0.640000,0.038588,-0.338587,comp_exit_discipline side=NO ask=0.700 p_entry=1.000 delta=-0.0219%
2972355,S69_Complementary_ExitDiscipline,NO,1784471236.410891,0.700000,5,1784471252.351967,0.710000,0.038588,0.011412,comp_exit_discipline side=NO ask=0.700 p_entry=1.000 delta=-0.0269%
2972369,S69_Complementary_ExitDiscipline,NO,1784471424.030908,0.700000,5,1784471440.718629,0.690000,0.038588,-0.088588,comp_exit_discipline side=NO ask=0.700 p_entry=1.000 delta=-0.0212%
2972421,S69_Complementary_ExitDiscipline,YES,1784471716.612406,0.690000,5,1784471732.795851,0.550000,0.039462,-0.739462,comp_exit_discipline side=YES ask=0.690 p_entry=1.000 delta=0.0236%
2972455,S69_Complementary_ExitDiscipline,YES,1784472640.21317,0.680000,5,1784472650.324919,0.360000,0.040247,-1.640247,comp_exit_discipline side=YES ask=0.680 p_entry=1.000 delta=0.0544%
2972480,S69_Complementary_ExitDiscipline,YES,1784473227.810163,0.680000,5,1784473244.340571,0.630000,0.040247,-0.290247,comp_exit_discipline side=YES ask=0.680 p_entry=1.000 delta=0.0213%
2972492,S69_Complementary_ExitDiscipline,NO,1784473527.989784,0.700000,5,1784473543.925531,0.630000,0.038588,-0.388588,comp_exit_discipline side=NO ask=0.700 p_entry=1.000 delta=-0.0205%
2972497,S69_Complementary_ExitDiscipline,NO,1784473801.959062,0.620000,5,1784473818.808895,0.530000,0.043018,-0.493018,comp_exit_discipline side=NO ask=0.620 p_entry=1.000 delta=-0.0228%
2972512,S69_Complementary_ExitDiscipline,YES,1784474114.673935,0.690000,5,1784474130.637726,0.620000,0.039462,-0.389462,comp_exit_discipline side=YES ask=0.690 p_entry=1.000 delta=0.0209%
2972542,S69_Complementary_ExitDiscipline,NO,1784474485.285505,0.650000,5,1784474501.109632,0.800000,0.042052,0.707948,comp_exit_discipline side=NO ask=0.650 p_entry=1.000 delta=-0.0283%
2972635,S69_Complementary_ExitDiscipline,YES,1784475743.616749,0.630000,5,1784475759.787596,0.630000,0.042789,-0.042789,comp_exit_discipline side=YES ask=0.630 p_entry=1.000 delta=0.0226%
2972643,S69_Complementary_ExitDiscipline,YES,1784476005.442691,0.700000,5,1784476016.000345,0.400000,0.038588,-1.538587,comp_exit_discipline side=YES ask=0.700 p_entry=1.000 delta=0.0200%
2972660,S69_Complementary_ExitDiscipline,NO,1784476358.72169,0.690000,5,1784476374.460911,0.690000,0.039462,-0.039462,comp_exit_discipline side=NO ask=0.690 p_entry=1.000 delta=-0.0296%
2972966,S69_Complementary_ExitDiscipline,NO,1784477018.900799,0.670000,5,1784477035.133724,0.630000,0.040941,-0.240941,comp_exit_discipline side=NO ask=0.670 p_entry=1.000 delta=-0.0228%
2972996,S69_Complementary_ExitDiscipline,YES,1784477175.813433,0.520000,5,1784477192.614934,0.480000,0.040495,-0.240495,comp_exit_discipline side=YES ask=0.520 p_entry=1.000 delta=0.0265%
2973024,S69_Complementary_ExitDiscipline,NO,1784477854.385013,0.680000,5,1784477857.345883,0.360000,0.040247,-1.640247,comp_exit_discipline side=NO ask=0.680 p_entry=1.000 delta=-0.0310%
2973032,S69_Complementary_ExitDiscipline,YES,1784478054.787818,0.680000,5,1784478071.443177,0.690000,0.040247,0.009753,comp_exit_discipline side=YES ask=0.680 p_entry=1.000 delta=0.0202%
2973162,S69_Complementary_ExitDiscipline,YES,1784479231.588426,0.680000,5,1784479247.490013,0.680000,0.040247,-0.040247,comp_exit_discipline side=YES ask=0.680 p_entry=1.000 delta=0.0228%
2973192,S69_Complementary_ExitDiscipline,NO,1784479575.140213,0.700000,5,1784479591.857684,0.700000,0.038588,-0.038588,comp_exit_discipline side=NO ask=0.700 p_entry=1.000 delta=-0.0207%
2973212,S69_Complementary_ExitDiscipline,NO,1784479897.901778,0.700000,5,1784479913.769922,0.740000,0.038588,0.161413,comp_exit_discipline side=NO ask=0.700 p_entry=1.000 delta=-0.0224%
2973669,S69_Complementary_ExitDiscipline,NO,1784480490.83265,0.630000,5,1784480508.379356,0.830000,0.042789,0.957211,comp_exit_discipline side=NO ask=0.630 p_entry=1.000 delta=-0.0200%
2973678,S69_Complementary_ExitDiscipline,YES,1784480756.182773,0.700000,5,1784480772.957516,0.770000,0.038588,0.311413,comp_exit_discipline side=YES ask=0.700 p_entry=1.000 delta=0.0585%
2973703,S69_Complementary_ExitDiscipline,YES,1784481307.247225,0.660000,5,1784481323.600592,0.670000,0.041543,0.008457,comp_exit_discipline side=YES ask=0.660 p_entry=1.000 delta=0.0298%
2973714,S69_Complementary_ExitDiscipline,YES,1784481697.570049,0.660000,5,1784481713.695554,0.820000,0.041543,0.758457,comp_exit_discipline side=YES ask=0.660 p_entry=1.000 delta=0.0233%
2973726,S69_Complementary_ExitDiscipline,NO,1784481952.849215,0.680000,5,1784481969.594079,0.740000,0.040247,0.259753,comp_exit_discipline side=NO ask=0.680 p_entry=1.000 delta=-0.0429%
2973749,S69_Complementary_ExitDiscipline,NO,1784482223.600737,0.690000,5,1784482240.038902,0.430000,0.039462,-1.339462,comp_exit_discipline side=NO ask=0.690 p_entry=1.000 delta=-0.0215%
2973795,S69_Complementary_ExitDiscipline,YES,1784482516.302193,0.700000,5,1784482576.449057,0.830000,0.038588,0.611412,comp_exit_discipline side=YES ask=0.700 p_entry=1.000 delta=0.0232%
2974013,S69_Complementary_ExitDiscipline,NO,1784483157.020033,0.690000,5,1784483173.727383,0.660000,0.039462,-0.189462,comp_exit_discipline side=NO ask=0.690 p_entry=1.000 delta=-0.0314%
2974027,S69_Complementary_ExitDiscipline,NO,1784483497.713398,0.670000,5,1784483514.230123,0.700000,0.040941,0.109059,comp_exit_discipline side=NO ask=0.670 p_entry=1.000 delta=-0.0249%
2974061,S69_Complementary_ExitDiscipline,NO,1784483827.852392,0.670000,5,1784483844.521889,0.770000,0.040941,0.459059,comp_exit_discipline side=NO ask=0.670 p_entry=1.000 delta=-0.0206%
2974283,S69_Complementary_ExitDiscipline,NO,1784484043.200888,0.630000,5,1784484060.497624,0.350000,0.042789,-1.442789,comp_exit_discipline side=NO ask=0.630 p_entry=1.000 delta=-0.0229%
2974289,S69_Complementary_ExitDiscipline,NO,1784484332.657952,0.640000,5,1784484349.111678,0.670000,0.042467,0.107533,comp_exit_discipline side=NO ask=0.640 p_entry=1.000 delta=-0.0209%
2974386,S69_Complementary_ExitDiscipline,YES,1784484611.608647,0.630000,5,1784484628.515009,0.500000,0.042789,-0.692789,comp_exit_discipline side=YES ask=0.630 p_entry=1.000 delta=0.0222%
2974396,S69_Complementary_ExitDiscipline,NO,1784484953.32041,0.700000,5,1784484970.216342,0.730000,0.038588,0.111412,comp_exit_discipline side=NO ask=0.700 p_entry=1.000 delta=-0.0262%
2974411,S69_Complementary_ExitDiscipline,NO,1784485316.201261,0.460000,5,1784485332.825057,0.380000,0.035479,-0.435479,comp_exit_discipline side=NO ask=0.460 p_entry=1.000 delta=-0.0235%
2974424,S69_Complementary_ExitDiscipline,NO,1784485562.246599,0.680000,5,1784485579.411139,0.520000,0.040247,-0.840247,comp_exit_discipline side=NO ask=0.680 p_entry=1.000 delta=-0.0202%
2974445,S69_Complementary_ExitDiscipline,NO,1784485807.885996,0.620000,5,1784485825.817037,0.650000,0.043018,0.106982,comp_exit_discipline side=NO ask=0.620 p_entry=1.000 delta=-0.0288%
2974508,S69_Complementary_ExitDiscipline,NO,1784486807.452877,0.700000,5,1784486824.767239,0.800000,0.038588,0.461413,comp_exit_discipline side=NO ask=0.700 p_entry=1.000 delta=-0.0372%
2974539,S69_Complementary_ExitDiscipline,NO,1784487016.312734,0.670000,5,1784487033.126239,0.750000,0.040941,0.359059,comp_exit_discipline side=NO ask=0.670 p_entry=1.000 delta=-0.0231%
2976509,S69_Complementary_ExitDiscipline,NO,1784487629.311494,0.610000,5,1784487647.343011,0.630000,0.043155,0.056845,comp_exit_discipline side=NO ask=0.610 p_entry=1.000 delta=-0.0247%
2977253,S69_Complementary_ExitDiscipline,YES,1784487922.779337,0.630000,5,1784487939.583954,0.580000,0.042789,-0.292789,comp_exit_discipline side=YES ask=0.630 p_entry=1.000 delta=0.0214%
2977287,S69_Complementary_ExitDiscipline,NO,1784489001.735482,0.660000,5,1784489017.985413,0.650000,0.041543,-0.091543,comp_exit_discipline side=NO ask=0.660 p_entry=1.000 delta=-0.0260%
2977312,S69_Complementary_ExitDiscipline,NO,1784489483.251052,0.700000,5,1784489500.513233,0.660000,0.038588,-0.238587,comp_exit_discipline side=NO ask=0.700 p_entry=1.000 delta=-0.0292%
2977366,S69_Complementary_ExitDiscipline,YES,1784489845.19561,0.570000,5,1784489861.388561,0.740000,0.042803,0.807197,comp_exit_discipline side=YES ask=0.570 p_entry=1.000 delta=0.0213%
2977440,S69_Complementary_ExitDiscipline,NO,1784490372.639916,0.700000,5,1784490389.106669,0.690000,0.038588,-0.088588,comp_exit_discipline side=NO ask=0.700 p_entry=1.000 delta=-0.0203%
2977469,S69_Complementary_ExitDiscipline,NO,1784490640.532099,0.700000,5,1784490657.056795,0.740000,0.038588,0.161413,comp_exit_discipline side=NO ask=0.700 p_entry=1.000 delta=-0.0275%
2977516,S69_Complementary_ExitDiscipline,YES,1784491048.090477,0.640000,5,1784491065.869527,0.910000,0.042467,1.307533,comp_exit_discipline side=YES ask=0.640 p_entry=1.000 delta=0.0254%
2977613,S69_Complementary_ExitDiscipline,YES,1784491848.126851,0.640000,5,1784491864.271542,0.580000,0.042467,-0.342467,comp_exit_discipline side=YES ask=0.640 p_entry=1.000 delta=0.0222%
2977743,S69_Complementary_ExitDiscipline,NO,1784492756.049337,0.690000,5,1784492773.021442,0.820000,0.039462,0.610538,comp_exit_discipline side=NO ask=0.690 p_entry=1.000 delta=-0.0242%
2977997,S69_Complementary_ExitDiscipline,NO,1784493650.9994,0.660000,5,1784493667.114228,0.550000,0.041543,-0.591543,comp_exit_discipline side=NO ask=0.660 p_entry=1.000 delta=-0.0215%
2978076,S69_Complementary_ExitDiscipline,NO,1784494645.817737,0.630000,5,1784494661.636307,0.710000,0.042789,0.357211,comp_exit_discipline side=NO ask=0.630 p_entry=1.000 delta=-0.0255%
2978133,S69_Complementary_ExitDiscipline,YES,1784494898.13106,0.640000,5,1784494913.67301,0.710000,0.042467,0.307533,comp_exit_discipline side=YES ask=0.640 p_entry=1.000 delta=0.0206%
2978148,S69_Complementary_ExitDiscipline,NO,1784495136.879817,0.660000,5,1784495151.828623,0.750000,0.041543,0.408457,comp_exit_discipline side=NO ask=0.660 p_entry=1.000 delta=-0.0229%
2978201,S69_Complementary_ExitDiscipline,NO,1784496317.650802,0.680000,5,1784496332.605284,0.520000,0.040247,-0.840247,comp_exit_discipline side=NO ask=0.680 p_entry=1.000 delta=-0.0206%
2978264,S69_Complementary_ExitDiscipline,NO,1784497123.128938,0.670000,5,1784497133.9289,0.210000,0.040941,-2.340941,comp_exit_discipline side=NO ask=0.670 p_entry=1.000 delta=-0.0211%
2978293,S69_Complementary_ExitDiscipline,YES,1784497532.107556,0.660000,5,1784497585.204306,0.880000,0.041543,1.058457,comp_exit_discipline side=YES ask=0.660 p_entry=1.000 delta=0.0239%
2978306,S69_Complementary_ExitDiscipline,NO,1784497869.969172,0.650000,5,1784497884.800678,0.520000,0.042052,-0.692052,comp_exit_discipline side=NO ask=0.650 p_entry=1.000 delta=-0.0221%
2978315,S69_Complementary_ExitDiscipline,NO,1784498193.69636,0.680000,5,1784498207.874094,0.830000,0.040247,0.709753,comp_exit_discipline side=NO ask=0.680 p_entry=1.000 delta=-0.0442%
2978330,S69_Complementary_ExitDiscipline,NO,1784498419.489204,0.680000,5,1784498422.138579,0.510000,0.040247,-0.890247,comp_exit_discipline side=NO ask=0.680 p_entry=1.000 delta=-0.0214%
2978346,S69_Complementary_ExitDiscipline,NO,1784498709.751892,0.660000,5,1784498724.633117,0.700000,0.041543,0.158457,comp_exit_discipline side=NO ask=0.660 p_entry=1.000 delta=-0.0218%
2978362,S69_Complementary_ExitDiscipline,YES,1784499025.287029,0.600000,5,1784499040.098921,0.650000,0.043200,0.206800,comp_exit_discipline side=YES ask=0.600 p_entry=1.000 delta=0.0351%
2978379,S69_Complementary_ExitDiscipline,YES,1784499303.344481,0.550000,5,1784499318.26355,0.650000,0.042114,0.457886,comp_exit_discipline side=YES ask=0.550 p_entry=1.000 delta=0.0242%
2978429,S69_Complementary_ExitDiscipline,NO,1784499601.459746,0.590000,5,1784499605.4872,0.490000,0.043155,-0.543155,comp_exit_discipline side=NO ask=0.590 p_entry=1.000 delta=-0.0227%
2978577,S69_Complementary_ExitDiscipline,YES,1784499985.909831,0.600000,5,1784500000.251079,0.600000,0.043200,-0.043200,comp_exit_discipline side=YES ask=0.600 p_entry=1.000 delta=0.0208%
2978588,S69_Complementary_ExitDiscipline,YES,1784500243.574279,0.590000,5,1784500258.181322,0.510000,0.043155,-0.443155,comp_exit_discipline side=YES ask=0.590 p_entry=1.000 delta=0.0253%
2978644,S69_Complementary_ExitDiscipline,NO,1784500555.887614,0.620000,5,1784500570.355967,0.680000,0.043018,0.256982,comp_exit_discipline side=NO ask=0.620 p_entry=1.000 delta=-0.0249%
2978674,S69_Complementary_ExitDiscipline,NO,1784500813.175666,0.660000,5,1784500827.073139,0.660000,0.041543,-0.041543,comp_exit_discipline side=NO ask=0.660 p_entry=1.000 delta=-0.0266%
2978684,S69_Complementary_ExitDiscipline,NO,1784501103.880255,0.570000,5,1784501118.496938,0.700000,0.042803,0.607197,comp_exit_discipline side=NO ask=0.570 p_entry=1.000 delta=-0.0294%
2978698,S69_Complementary_ExitDiscipline,NO,1784501439.986002,0.620000,5,1784501453.72904,0.620000,0.043018,-0.043018,comp_exit_discipline side=NO ask=0.620 p_entry=1.000 delta=-0.0264%
2978708,S69_Complementary_ExitDiscipline,NO,1784501768.980511,0.670000,5,1784501782.626601,0.650000,0.040941,-0.140941,comp_exit_discipline side=NO ask=0.670 p_entry=1.000 delta=-0.0213%
2978734,S69_Complementary_ExitDiscipline,NO,1784502009.026466,0.660000,5,1784502036.251941,0.830000,0.041543,0.808457,comp_exit_discipline side=NO ask=0.660 p_entry=1.000 delta=-0.0272%
2978746,S69_Complementary_ExitDiscipline,NO,1784502343.6476,0.620000,5,1784502352.100472,0.400000,0.043018,-1.143018,comp_exit_discipline side=NO ask=0.620 p_entry=1.000 delta=-0.0214%
2978753,S69_Complementary_ExitDiscipline,NO,1784502623.314547,0.650000,5,1784502637.306462,0.490000,0.042052,-0.842052,comp_exit_discipline side=NO ask=0.650 p_entry=1.000 delta=-0.0304%
2978759,S69_Complementary_ExitDiscipline,NO,1784502927.996387,0.700000,5,1784502942.010963,0.730000,0.038588,0.111412,comp_exit_discipline side=NO ask=0.700 p_entry=1.000 delta=-0.0351%
2978775,S69_Complementary_ExitDiscipline,NO,1784503213.330874,0.670000,5,1784503227.551561,0.700000,0.040941,0.109059,comp_exit_discipline side=NO ask=0.670 p_entry=1.000 delta=-0.0228%
2978819,S69_Complementary_ExitDiscipline,YES,1784503533.134233,0.620000,5,1784503546.701828,0.610000,0.043018,-0.093018,comp_exit_discipline side=YES ask=0.620 p_entry=1.000 delta=0.0217%
2978843,S69_Complementary_ExitDiscipline,YES,1784504125.602851,0.670000,5,1784504139.576694,0.590000,0.040941,-0.440941,comp_exit_discipline side=YES ask=0.670 p_entry=1.000 delta=0.0230%
2978848,S69_Complementary_ExitDiscipline,NO,1784504405.855913,0.620000,5,1784504412.5599,0.380000,0.043018,-1.243018,comp_exit_discipline side=NO ask=0.620 p_entry=1.000 delta=-0.0223%
2978861,S69_Complementary_ExitDiscipline,YES,1784504703.752797,0.620000,5,1784504715.681507,0.360000,0.043018,-1.343018,comp_exit_discipline side=YES ask=0.620 p_entry=1.000 delta=0.0300%
2978877,S69_Complementary_ExitDiscipline,YES,1784505050.607785,0.660000,5,1784505064.588127,0.620000,0.041543,-0.241543,comp_exit_discipline side=YES ask=0.660 p_entry=1.000 delta=0.0203%
2978898,S69_Complementary_ExitDiscipline,YES,1784505339.9212,0.610000,5,1784505353.5762,0.530000,0.043155,-0.443155,comp_exit_discipline side=YES ask=0.610 p_entry=1.000 delta=0.0209%
2978936,S69_Complementary_ExitDiscipline,NO,1784505614.960175,0.700000,5,1784505628.864212,0.810000,0.038588,0.511413,comp_exit_discipline side=NO ask=0.700 p_entry=1.000 delta=-0.0569%
2978938,S69_Complementary_ExitDiscipline,YES,1784505923.283202,0.600000,5,1784505936.736166,0.720000,0.043200,0.556800,comp_exit_discipline side=YES ask=0.600 p_entry=1.000 delta=0.0261%
2978951,S69_Complementary_ExitDiscipline,YES,1784506202.99478,0.600000,5,1784506216.557675,0.550000,0.043200,-0.293200,comp_exit_discipline side=YES ask=0.600 p_entry=1.000 delta=0.0205%
2978961,S69_Complementary_ExitDiscipline,YES,1784506512.02024,0.580000,5,1784506525.383435,0.600000,0.043022,0.056978,comp_exit_discipline side=YES ask=0.580 p_entry=1.000 delta=0.0321%
2978968,S69_Complementary_ExitDiscipline,NO,1784506804.505312,0.640000,5,1784506817.72369,0.680000,0.042467,0.157533,comp_exit_discipline side=NO ask=0.640 p_entry=1.000 delta=-0.0254%
2978976,S69_Complementary_ExitDiscipline,NO,1784507111.524842,0.660000,5,1784507124.65341,0.630000,0.041543,-0.191543,comp_exit_discipline side=NO ask=0.660 p_entry=1.000 delta=-0.0502%
2978998,S69_Complementary_ExitDiscipline,NO,1784507415.6113,0.630000,5,1784507429.221122,0.670000,0.042789,0.157211,comp_exit_discipline side=NO ask=0.630 p_entry=1.000 delta=-0.0203%
2979018,S69_Complementary_ExitDiscipline,NO,1784507721.605434,0.550000,5,1784507726.365001,0.400000,0.042114,-0.792114,comp_exit_discipline side=NO ask=0.550 p_entry=1.000 delta=-0.0201%
2979081,S69_Complementary_ExitDiscipline,NO,1784508006.476389,0.520000,5,1784508019.859924,0.550000,0.040495,0.109505,comp_exit_discipline side=NO ask=0.520 p_entry=1.000 delta=-0.0226%
2979098,S69_Complementary_ExitDiscipline,NO,1784508309.557477,0.610000,5,1784508322.89306,0.670000,0.043155,0.256845,comp_exit_discipline side=NO ask=0.610 p_entry=1.000 delta=-0.0244%
2979114,S69_Complementary_ExitDiscipline,NO,1784508642.607276,0.570000,5,1784508656.101819,0.610000,0.042803,0.157197,comp_exit_discipline side=NO ask=0.570 p_entry=1.000 delta=-0.0217%
2979123,S69_Complementary_ExitDiscipline,NO,1784508955.730206,0.610000,5,1784508969.17726,0.560000,0.043155,-0.293155,comp_exit_discipline side=NO ask=0.610 p_entry=1.000 delta=-0.0268%
2979315,S69_Complementary_ExitDiscipline,YES,1784509224.679135,0.580000,5,1784509238.042521,0.480000,0.043022,-0.543022,comp_exit_discipline side=YES ask=0.580 p_entry=1.000 delta=0.0279%
2979322,S69_Complementary_ExitDiscipline,YES,1784509518.386232,0.530000,5,1784509532.033555,0.640000,0.041109,0.508891,comp_exit_discipline side=YES ask=0.530 p_entry=1.000 delta=0.0253%
2979331,S69_Complementary_ExitDiscipline,YES,1784509806.884353,0.610000,5,1784509813.928564,0.510000,0.043155,-0.543155,comp_exit_discipline side=YES ask=0.610 p_entry=1.000 delta=0.0206%
2979347,S69_Complementary_ExitDiscipline,NO,1784510121.949595,0.660000,5,1784510135.472385,0.610000,0.041543,-0.291543,comp_exit_discipline side=NO ask=0.660 p_entry=1.000 delta=-0.0422%
2979354,S69_Complementary_ExitDiscipline,NO,1784510431.814459,0.580000,5,1784510445.156066,0.620000,0.043022,0.156978,comp_exit_discipline side=NO ask=0.580 p_entry=1.000 delta=-0.0209%
2979383,S69_Complementary_ExitDiscipline,NO,1784510708.164182,0.610000,5,1784510715.056248,0.430000,0.043155,-0.943155,comp_exit_discipline side=NO ask=0.610 p_entry=1.000 delta=-0.0269%
2979392,S69_Complementary_ExitDiscipline,NO,1784511016.422315,0.630000,5,1784511025.231387,0.440000,0.042789,-0.992789,comp_exit_discipline side=NO ask=0.630 p_entry=1.000 delta=-0.0249%
2979448,S69_Complementary_ExitDiscipline,NO,1784511355.814165,0.700000,5,1784511369.419719,0.710000,0.038588,0.011412,comp_exit_discipline side=NO ask=0.700 p_entry=1.000 delta=-0.0256%
2979523,S69_Complementary_ExitDiscipline,YES,1784511620.715375,0.570000,5,1784511633.904765,0.570000,0.042803,-0.042803,comp_exit_discipline side=YES ask=0.570 p_entry=1.000 delta=0.0200%
2979532,S69_Complementary_ExitDiscipline,NO,1784511938.892859,0.600000,5,1784511952.376563,0.820000,0.043200,1.056800,comp_exit_discipline side=NO ask=0.600 p_entry=1.000 delta=-0.0204%
2979564,S69_Complementary_ExitDiscipline,NO,1784512511.510203,0.580000,5,1784512524.526754,0.440000,0.043022,-0.743022,comp_exit_discipline side=NO ask=0.580 p_entry=1.000 delta=-0.0220%
2979578,S69_Complementary_ExitDiscipline,YES,1784512825.623743,0.670000,5,1784512839.267283,0.780000,0.040941,0.509059,comp_exit_discipline side=YES ask=0.670 p_entry=1.000 delta=0.0219%
2979588,S69_Complementary_ExitDiscipline,NO,1784513102.64063,0.540000,5,1784513115.984147,0.590000,0.041649,0.208351,comp_exit_discipline side=NO ask=0.540 p_entry=1.000 delta=-0.0226%
2979614,S69_Complementary_ExitDiscipline,NO,1784513453.106004,0.700000,5,1784513466.875036,0.730000,0.038588,0.111412,comp_exit_discipline side=NO ask=0.700 p_entry=1.000 delta=-0.0611%
2979634,S69_Complementary_ExitDiscipline,NO,1784513729.360819,0.610000,5,1784513742.42033,0.780000,0.043155,0.806845,comp_exit_discipline side=NO ask=0.610 p_entry=1.000 delta=-0.0223%
2979643,S69_Complementary_ExitDiscipline,NO,1784514005.508568,0.640000,5,1784514018.97792,0.730000,0.042467,0.407533,comp_exit_discipline side=NO ask=0.640 p_entry=1.000 delta=-0.0500%
2979661,S69_Complementary_ExitDiscipline,YES,1784514323.567098,0.680000,5,1784514336.638637,0.620000,0.040247,-0.340247,comp_exit_discipline side=YES ask=0.680 p_entry=1.000 delta=0.0331%
2979678,S69_Complementary_ExitDiscipline,NO,1784514603.538119,0.560000,5,1784514607.024299,0.420000,0.042499,-0.742499,comp_exit_discipline side=NO ask=0.560 p_entry=1.000 delta=-0.0205%
2979732,S69_Complementary_ExitDiscipline,YES,1784514915.991735,0.610000,5,1784514929.118796,0.560000,0.043155,-0.293155,comp_exit_discipline side=YES ask=0.610 p_entry=1.000 delta=0.0294%
2979830,S69_Complementary_ExitDiscipline,NO,1784515219.759358,0.610000,5,1784515233.20852,0.570000,0.043155,-0.243155,comp_exit_discipline side=NO ask=0.610 p_entry=1.000 delta=-0.0235%
2979846,S69_Complementary_ExitDiscipline,YES,1784515528.282637,0.640000,5,1784515541.215322,0.750000,0.042467,0.507533,comp_exit_discipline side=YES ask=0.640 p_entry=1.000 delta=0.0222%
2979855,S69_Complementary_ExitDiscipline,YES,1784515810.730461,0.520000,5,1784515813.271064,0.460000,0.040495,-0.340495,comp_exit_discipline side=YES ask=0.520 p_entry=1.000 delta=0.0224%
2979872,S69_Complementary_ExitDiscipline,NO,1784516143.95008,0.700000,5,1784516157.276071,0.660000,0.038588,-0.238587,comp_exit_discipline side=NO ask=0.700 p_entry=1.000 delta=-0.0365%
2979891,S69_Complementary_ExitDiscipline,YES,1784516495.372293,0.690000,5,1784516508.724159,0.640000,0.039462,-0.289462,comp_exit_discipline side=YES ask=0.690 p_entry=1.000 delta=0.0480%
2979897,S69_Complementary_ExitDiscipline,NO,1784516740.639935,0.670000,5,1784516753.970706,0.860000,0.040941,0.909059,comp_exit_discipline side=NO ask=0.670 p_entry=1.000 delta=-0.0242%
2979926,S69_Complementary_ExitDiscipline,NO,1784517099.53657,0.700000,5,1784517112.883491,0.820000,0.038588,0.561412,comp_exit_discipline side=NO ask=0.700 p_entry=1.000 delta=-0.0502%
2979951,S69_Complementary_ExitDiscipline,NO,1784517307.278988,0.620000,5,1784517320.736927,0.700000,0.043018,0.356982,comp_exit_discipline side=NO ask=0.620 p_entry=1.000 delta=-0.0274%
2979960,S69_Complementary_ExitDiscipline,NO,1784517609.374631,0.600000,5,1784517622.570738,0.660000,0.043200,0.256800,comp_exit_discipline side=NO ask=0.600 p_entry=1.000 delta=-0.0230%
2979964,S69_Complementary_ExitDiscipline,NO,1784517912.972934,0.700000,5,1784517926.146127,0.610000,0.038588,-0.488588,comp_exit_discipline side=NO ask=0.700 p_entry=1.000 delta=-0.0322%
2979980,S69_Complementary_ExitDiscipline,NO,1784518206.870774,0.630000,5,1784518220.275299,0.550000,0.042789,-0.442789,comp_exit_discipline side=NO ask=0.630 p_entry=1.000 delta=-0.0208%
2980024,S69_Complementary_ExitDiscipline,NO,1784518516.200793,0.630000,5,1784518529.476585,0.420000,0.042789,-1.092789,comp_exit_discipline side=NO ask=0.630 p_entry=1.000 delta=-0.0209%
2980084,S69_Complementary_ExitDiscipline,YES,1784518826.954515,0.660000,5,1784518840.060434,0.560000,0.041543,-0.541543,comp_exit_discipline side=YES ask=0.660 p_entry=1.000 delta=0.0242%
2980096,S69_Complementary_ExitDiscipline,YES,1784519112.234419,0.520000,5,1784519119.035935,0.450000,0.040495,-0.390495,comp_exit_discipline side=YES ask=0.520 p_entry=1.000 delta=0.0272%
2980108,S69_Complementary_ExitDiscipline,YES,1784519437.131809,0.660000,5,1784519450.508225,0.530000,0.041543,-0.691543,comp_exit_discipline side=YES ask=0.660 p_entry=1.000 delta=0.0238%
2980618,S69_Complementary_ExitDiscipline,NO,1784519753.263896,0.650000,5,1784519766.877291,0.710000,0.042052,0.257948,comp_exit_discipline side=NO ask=0.650 p_entry=1.000 delta=-0.0209%
2981091,S69_Complementary_ExitDiscipline,NO,1784520014.792281,0.700000,5,1784520028.646458,0.670000,0.038588,-0.188587,comp_exit_discipline side=NO ask=0.700 p_entry=1.000 delta=-0.0251%
2981106,S69_Complementary_ExitDiscipline,NO,1784520320.243542,0.700000,5,1784520333.851517,0.790000,0.038588,0.411413,comp_exit_discipline side=NO ask=0.700 p_entry=1.000 delta=-0.0282%
2981149,S69_Complementary_ExitDiscipline,YES,1784520624.805073,0.700000,5,1784520638.320526,0.720000,0.038588,0.061412,comp_exit_discipline side=YES ask=0.700 p_entry=1.000 delta=0.0301%
2981200,S69_Complementary_ExitDiscipline,YES,1784521254.744407,0.680000,5,1784521268.090664,0.640000,0.040247,-0.240247,comp_exit_discipline side=YES ask=0.680 p_entry=1.000 delta=0.0242%
2981347,S69_Complementary_ExitDiscipline,NO,1784521927.19814,0.700000,5,1784521940.940158,0.430000,0.038588,-1.388588,comp_exit_discipline side=NO ask=0.700 p_entry=1.000 delta=-0.0526%
2981392,S69_Complementary_ExitDiscipline,YES,1784522115.788819,0.700000,5,1784522128.995183,0.700000,0.038588,-0.038588,comp_exit_discipline side=YES ask=0.700 p_entry=1.000 delta=0.0231%
2981487,S69_Complementary_ExitDiscipline,NO,1784522549.619042,0.680000,5,1784522562.982705,0.600000,0.040247,-0.440247,comp_exit_discipline side=NO ask=0.680 p_entry=1.000 delta=-0.0494%
2981496,S69_Complementary_ExitDiscipline,NO,1784522711.934361,0.680000,5,1784522725.256258,0.640000,0.040247,-0.240247,comp_exit_discipline side=NO ask=0.680 p_entry=1.000 delta=-0.0264%
2981547,S69_Complementary_ExitDiscipline,NO,1784523013.456406,0.610000,5,1784523026.855978,0.660000,0.043155,0.206845,comp_exit_discipline side=NO ask=0.610 p_entry=1.000 delta=-0.0239%
2982253,S69_Complementary_ExitDiscipline,YES,1784523321.184336,0.680000,5,1784523334.380866,0.690000,0.040247,0.009753,comp_exit_discipline side=YES ask=0.680 p_entry=1.000 delta=0.0273%
2985218,S69_Complementary_ExitDiscipline,YES,1784523606.099022,0.610000,5,1784523620.400525,0.580000,0.043155,-0.193155,comp_exit_discipline side=YES ask=0.610 p_entry=1.000 delta=0.0206%
2985237,S69_Complementary_ExitDiscipline,NO,1784523920.44661,0.700000,5,1784523934.322766,0.640000,0.038588,-0.338587,comp_exit_discipline side=NO ask=0.700 p_entry=1.000 delta=-0.0763%
2985257,S69_Complementary_ExitDiscipline,NO,1784524212.24788,0.580000,5,1784524225.780016,0.510000,0.043022,-0.393022,comp_exit_discipline side=NO ask=0.580 p_entry=1.000 delta=-0.0207%
2985266,S69_Complementary_ExitDiscipline,NO,1784524507.844372,0.550000,5,1784524521.752942,0.640000,0.042114,0.407886,comp_exit_discipline side=NO ask=0.550 p_entry=1.000 delta=-0.0339%
2985278,S69_Complementary_ExitDiscipline,YES,1784524818.616582,0.610000,5,1784524832.56018,0.530000,0.043155,-0.443155,comp_exit_discipline side=YES ask=0.610 p_entry=1.000 delta=0.0237%
2985348,S69_Complementary_ExitDiscipline,NO,1784525110.786553,0.590000,5,1784525124.497875,0.490000,0.043155,-0.543155,comp_exit_discipline side=NO ask=0.590 p_entry=1.000 delta=-0.0273%
2985362,S69_Complementary_ExitDiscipline,NO,1784525407.521518,0.510000,5,1784525421.688202,0.580000,0.039812,0.310188,comp_exit_discipline side=NO ask=0.510 p_entry=1.000 delta=-0.0221%
2985372,S69_Complementary_ExitDiscipline,NO,1784525707.364648,0.610000,5,1784525721.328508,0.500000,0.043155,-0.593155,comp_exit_discipline side=NO ask=0.610 p_entry=1.000 delta=-0.0374%
2985427,S69_Complementary_ExitDiscipline,YES,1784526019.62771,0.670000,5,1784526033.604528,0.590000,0.040941,-0.440941,comp_exit_discipline side=YES ask=0.670 p_entry=1.000 delta=0.0415%
2985443,S69_Complementary_ExitDiscipline,NO,1784526316.268007,0.690000,5,1784526330.300454,0.680000,0.039462,-0.089462,comp_exit_discipline side=NO ask=0.690 p_entry=1.000 delta=-0.0421%
2985448,S69_Complementary_ExitDiscipline,NO,1784526661.41589,0.650000,5,1784526675.561018,0.690000,0.042052,0.157948,comp_exit_discipline side=NO ask=0.650 p_entry=1.000 delta=-0.0300%
2985496,S69_Complementary_ExitDiscipline,NO,1784526928.881206,0.520000,5,1784526931.785302,0.400000,0.040495,-0.640495,comp_exit_discipline side=NO ask=0.520 p_entry=1.000 delta=-0.0204%
2985507,S69_Complementary_ExitDiscipline,YES,1784527204.941621,0.540000,5,1784527220.621553,0.560000,0.041649,0.058351,comp_exit_discipline side=YES ask=0.540 p_entry=1.000 delta=0.0233%
2985514,S69_Complementary_ExitDiscipline,NO,1784527532.928469,0.690000,5,1784527547.36569,0.800000,0.039462,0.510538,comp_exit_discipline side=NO ask=0.690 p_entry=1.000 delta=-0.0254%
2985527,S69_Complementary_ExitDiscipline,NO,1784527805.614101,0.660000,5,1784527820.001853,0.670000,0.041543,0.008457,comp_exit_discipline side=NO ask=0.660 p_entry=1.000 delta=-0.0315%
2985535,S69_Complementary_ExitDiscipline,YES,1784528189.691559,0.700000,5,1784528203.456873,0.430000,0.038588,-1.388588,comp_exit_discipline side=YES ask=0.700 p_entry=1.000 delta=0.0339%
2985549,S69_Complementary_ExitDiscipline,YES,1784528427.739202,0.670000,5,1784528442.046091,0.670000,0.040941,-0.040941,comp_exit_discipline side=YES ask=0.670 p_entry=1.000 delta=0.0222%
2985552,S69_Complementary_ExitDiscipline,YES,1784528760.864152,0.660000,5,1784528775.019639,0.580000,0.041543,-0.441543,comp_exit_discipline side=YES ask=0.660 p_entry=1.000 delta=0.0224%
2985557,S69_Complementary_ExitDiscipline,NO,1784529029.587652,0.640000,5,1784529044.201421,0.520000,0.042467,-0.642467,comp_exit_discipline side=NO ask=0.640 p_entry=1.000 delta=-0.0250%
2985610,S69_Complementary_ExitDiscipline,NO,1784529351.047234,0.630000,5,1784529365.650283,0.650000,0.042789,0.057211,comp_exit_discipline side=NO ask=0.630 p_entry=1.000 delta=-0.0321%
2985629,S69_Complementary_ExitDiscipline,NO,1784529603.740009,0.560000,5,1784529618.096244,0.630000,0.042499,0.307501,comp_exit_discipline side=NO ask=0.560 p_entry=1.000 delta=-0.0208%
2985632,S69_Complementary_ExitDiscipline,NO,1784529908.447287,0.560000,5,1784529922.7878,0.490000,0.042499,-0.392499,comp_exit_discipline side=NO ask=0.560 p_entry=1.000 delta=-0.0314%
2985646,S69_Complementary_ExitDiscipline,NO,1784530204.39814,0.540000,5,1784530206.897974,0.420000,0.041649,-0.641649,comp_exit_discipline side=NO ask=0.540 p_entry=1.000 delta=-0.0241%
2985665,S69_Complementary_ExitDiscipline,YES,1784530527.878751,0.670000,5,1784530542.377901,0.610000,0.040941,-0.340941,comp_exit_discipline side=YES ask=0.670 p_entry=1.000 delta=0.0308%
2985667,S69_Complementary_ExitDiscipline,YES,1784530830.136382,0.670000,5,1784530845.259505,0.570000,0.040941,-0.540941,comp_exit_discipline side=YES ask=0.670 p_entry=1.000 delta=0.0302%
2985686,S69_Complementary_ExitDiscipline,NO,1784531112.350912,0.620000,5,1784531127.505095,0.520000,0.043018,-0.543018,comp_exit_discipline side=NO ask=0.620 p_entry=1.000 delta=-0.0224%
2985692,S69_Complementary_ExitDiscipline,NO,1784531447.960805,0.670000,5,1784531462.869462,0.540000,0.040941,-0.690941,comp_exit_discipline side=NO ask=0.670 p_entry=1.000 delta=-0.0268%
2985710,S69_Complementary_ExitDiscipline,NO,1784531772.844584,0.650000,5,1784531787.747959,0.480000,0.042052,-0.892052,comp_exit_discipline side=NO ask=0.650 p_entry=1.000 delta=-0.0256%
2985712,S69_Complementary_ExitDiscipline,NO,1784532014.714027,0.680000,5,1784532029.426675,0.680000,0.040247,-0.040247,comp_exit_discipline side=NO ask=0.680 p_entry=1.000 delta=-0.0240%
2985730,S69_Complementary_ExitDiscipline,YES,1784532311.89747,0.500000,5,1784532316.356925,0.470000,0.039062,-0.189063,comp_exit_discipline side=YES ask=0.500 p_entry=1.000 delta=0.0208%
2985750,S69_Complementary_ExitDiscipline,YES,1784532618.714997,0.610000,5,1784532633.788206,0.650000,0.043155,0.156845,comp_exit_discipline side=YES ask=0.610 p_entry=1.000 delta=0.0233%
2985793,S69_Complementary_ExitDiscipline,NO,1784532925.092771,0.640000,5,1784532939.78281,0.730000,0.042467,0.407533,comp_exit_discipline side=NO ask=0.640 p_entry=1.000 delta=-0.0338%
2985801,S69_Complementary_ExitDiscipline,NO,1784533211.946094,0.500000,5,1784533226.583077,0.490000,0.039062,-0.089062,comp_exit_discipline side=NO ask=0.500 p_entry=1.000 delta=-0.0228%
2985815,S69_Complementary_ExitDiscipline,YES,1784533558.257025,0.690000,5,1784533573.581726,0.440000,0.039462,-1.289462,comp_exit_discipline side=YES ask=0.690 p_entry=1.000 delta=0.0609%
2985819,S69_Complementary_ExitDiscipline,NO,1784533812.663244,0.610000,5,1784533827.863698,0.590000,0.043155,-0.143155,comp_exit_discipline side=NO ask=0.610 p_entry=1.000 delta=-0.0250%
2985854,S69_Complementary_ExitDiscipline,NO,1784534117.651041,0.640000,5,1784534132.427121,0.460000,0.042467,-0.942467,comp_exit_discipline side=NO ask=0.640 p_entry=1.000 delta=-0.0253%
2985868,S69_Complementary_ExitDiscipline,NO,1784534405.095618,0.610000,5,1784534421.253569,0.540000,0.043155,-0.393155,comp_exit_discipline side=NO ask=0.610 p_entry=1.000 delta=-0.0200%
2985915,S69_Complementary_ExitDiscipline,NO,1784534734.54388,0.640000,5,1784534750.39862,0.680000,0.042467,0.157533,comp_exit_discipline side=NO ask=0.640 p_entry=1.000 delta=-0.0219%
2985988,S69_Complementary_ExitDiscipline,NO,1784535042.32993,0.530000,5,1784535057.38723,0.300000,0.041109,-1.191109,comp_exit_discipline side=NO ask=0.530 p_entry=1.000 delta=-0.0201%
2986006,S69_Complementary_ExitDiscipline,NO,1784535330.360455,0.680000,5,1784535345.690163,0.380000,0.040247,-1.540247,comp_exit_discipline side=NO ask=0.680 p_entry=1.000 delta=-0.0458%
2986014,S69_Complementary_ExitDiscipline,NO,1784535649.760803,0.700000,5,1784535665.352226,0.600000,0.038588,-0.538587,comp_exit_discipline side=NO ask=0.700 p_entry=1.000 delta=-0.0722%
2986022,S69_Complementary_ExitDiscipline,NO,1784535959.805753,0.370000,5,1784535975.42288,0.410000,0.025130,0.174870,comp_exit_discipline side=NO ask=0.370 p_entry=1.000 delta=-0.0204%
2986033,S69_Complementary_ExitDiscipline,NO,1784536471.311168,0.270000,5,1784536486.699783,0.260000,0.013111,-0.063111,comp_exit_discipline side=NO ask=0.270 p_entry=1.000 delta=-0.0219%
2986083,S69_Complementary_ExitDiscipline,YES,1784536503.572659,0.600000,5,1784536519.381701,0.710000,0.043200,0.506800,comp_exit_discipline side=YES ask=0.600 p_entry=1.000 delta=0.0413%
2986113,S69_Complementary_ExitDiscipline,NO,1784536906.704389,0.700000,5,1784536922.484103,0.500000,0.038588,-1.038587,comp_exit_discipline side=NO ask=0.700 p_entry=1.000 delta=-0.0254%
2986122,S69_Complementary_ExitDiscipline,YES,1784537116.735749,0.670000,5,1784537132.288127,0.720000,0.040941,0.209059,comp_exit_discipline side=YES ask=0.670 p_entry=1.000 delta=0.0247%
2986139,S69_Complementary_ExitDiscipline,YES,1784537418.607317,0.680000,5,1784537434.167854,0.600000,0.040247,-0.440247,comp_exit_discipline side=YES ask=0.680 p_entry=1.000 delta=0.0243%
2986143,S69_Complementary_ExitDiscipline,YES,1784537719.189359,0.610000,5,1784537734.460673,0.600000,0.043155,-0.093155,comp_exit_discipline side=YES ask=0.610 p_entry=1.000 delta=0.0271%
2986157,S69_Complementary_ExitDiscipline,YES,1784538063.106925,0.520000,5,1784538079.699782,0.300000,0.040495,-1.140495,comp_exit_discipline side=YES ask=0.520 p_entry=1.000 delta=0.0210%
2986174,S69_Complementary_ExitDiscipline,NO,1784538328.512663,0.680000,5,1784538345.584085,0.710000,0.040247,0.109753,comp_exit_discipline side=NO ask=0.680 p_entry=1.000 delta=-0.0219%
2986184,S69_Complementary_ExitDiscipline,YES,1784538639.105549,0.580000,5,1784538655.008096,0.620000,0.043022,0.156978,comp_exit_discipline side=YES ask=0.580 p_entry=1.000 delta=0.0450%
2986191,S69_Complementary_ExitDiscipline,YES,1784538945.520238,0.700000,5,1784538961.186211,0.500000,0.038588,-1.038587,comp_exit_discipline side=YES ask=0.700 p_entry=1.000 delta=0.0647%
2986213,S69_Complementary_ExitDiscipline,YES,1784539211.705833,0.700000,5,1784539228.012163,0.660000,0.038588,-0.238587,comp_exit_discipline side=YES ask=0.700 p_entry=1.000 delta=0.0308%
2986225,S69_Complementary_ExitDiscipline,YES,1784539550.343806,0.650000,5,1784539565.949496,0.600000,0.042052,-0.292052,comp_exit_discipline side=YES ask=0.650 p_entry=1.000 delta=0.0344%
2986228,S69_Complementary_ExitDiscipline,NO,1784539827.280221,0.630000,5,1784539843.883846,0.450000,0.042789,-0.942789,comp_exit_discipline side=NO ask=0.630 p_entry=1.000 delta=-0.0202%
2986288,S69_Complementary_ExitDiscipline,YES,1784540186.425823,0.450000,5,1784540202.869679,0.410000,0.034457,-0.234457,comp_exit_discipline side=YES ask=0.450 p_entry=1.000 delta=0.0201%
2986300,S69_Complementary_ExitDiscipline,YES,1784540413.467209,0.450000,5,1784540420.843152,0.480000,0.034457,0.115543,comp_exit_discipline side=YES ask=0.450 p_entry=1.000 delta=0.0222%
2986314,S69_Complementary_ExitDiscipline,YES,1784540717.113801,0.680000,5,1784540733.424059,0.450000,0.040247,-1.190247,comp_exit_discipline side=YES ask=0.680 p_entry=1.000 delta=0.0218%
2986316,S69_Complementary_ExitDiscipline,YES,1784541067.759532,0.670000,5,1784541083.795237,0.710000,0.040941,0.159059,comp_exit_discipline side=YES ask=0.670 p_entry=1.000 delta=0.0275%
2986396,S69_Complementary_ExitDiscipline,NO,1784541324.540252,0.700000,5,1784541340.45229,0.660000,0.038588,-0.238587,comp_exit_discipline side=NO ask=0.700 p_entry=1.000 delta=-0.0239%
2986411,S69_Complementary_ExitDiscipline,NO,1784541694.635787,0.690000,5,1784541710.930256,0.740000,0.039462,0.210538,comp_exit_discipline side=NO ask=0.690 p_entry=1.000 delta=-0.0481%
2986416,S69_Complementary_ExitDiscipline,NO,1784542008.992483,0.700000,5,1784542024.887432,0.710000,0.038588,0.011412,comp_exit_discipline side=NO ask=0.700 p_entry=1.000 delta=-0.0396%
2986519,S69_Complementary_ExitDiscipline,YES,1784542300.102231,0.700000,5,1784542316.589145,0.770000,0.038588,0.311413,comp_exit_discipline side=YES ask=0.700 p_entry=1.000 delta=0.0435%
2986528,S69_Complementary_ExitDiscipline,NO,1784542549.949785,0.700000,5,1784542566.502696,0.710000,0.038588,0.011412,comp_exit_discipline side=NO ask=0.700 p_entry=1.000 delta=-0.0319%
2986539,S69_Complementary_ExitDiscipline,YES,1784542894.294112,0.690000,5,1784542910.933773,0.660000,0.039462,-0.189462,comp_exit_discipline side=YES ask=0.690 p_entry=1.000 delta=0.0454%
2986552,S69_Complementary_ExitDiscipline,YES,1784543120.711884,0.620000,5,1784543133.684622,0.270000,0.043018,-1.793018,comp_exit_discipline side=YES ask=0.620 p_entry=1.000 delta=0.0224%
2986561,S69_Complementary_ExitDiscipline,NO,1784543426.70335,0.690000,5,1784543443.136555,0.730000,0.039462,0.160538,comp_exit_discipline side=NO ask=0.690 p_entry=1.000 delta=-0.0274%
2986614,S69_Complementary_ExitDiscipline,NO,1784543709.56119,0.660000,5,1784543725.507614,0.640000,0.041543,-0.141543,comp_exit_discipline side=NO ask=0.660 p_entry=1.000 delta=-0.0214%
2986743,S69_Complementary_ExitDiscipline,NO,1784544045.950718,0.700000,5,1784544062.041242,0.660000,0.038588,-0.238587,comp_exit_discipline side=NO ask=0.700 p_entry=1.000 delta=-0.0308%
2986757,S69_Complementary_ExitDiscipline,NO,1784544321.3668,0.640000,5,1784544337.633387,0.590000,0.042467,-0.292467,comp_exit_discipline side=NO ask=0.640 p_entry=1.000 delta=-0.0230%
2986768,S69_Complementary_ExitDiscipline,NO,1784544691.216036,0.680000,5,1784544708.012812,0.670000,0.040247,-0.090247,comp_exit_discipline side=NO ask=0.680 p_entry=1.000 delta=-0.0324%
2987063,S69_Complementary_ExitDiscipline,NO,1784544954.922222,0.690000,5,1784544971.581392,0.720000,0.039462,0.110538,comp_exit_discipline side=NO ask=0.690 p_entry=1.000 delta=-0.0208%
2987158,S69_Complementary_ExitDiscipline,NO,1784545474.093395,0.480000,5,1784545479.498783,0.300000,0.037380,-0.937380,comp_exit_discipline side=NO ask=0.480 p_entry=1.000 delta=-0.0420%
2987172,S69_Complementary_ExitDiscipline,YES,1784545503.519001,0.590000,5,1784545520.426886,0.800000,0.043155,1.006845,comp_exit_discipline side=YES ask=0.590 p_entry=1.000 delta=0.0252%
2987184,S69_Complementary_ExitDiscipline,NO,1784545849.544841,0.680000,5,1784545866.60207,0.660000,0.040247,-0.140247,comp_exit_discipline side=NO ask=0.680 p_entry=1.000 delta=-0.0230%
2987194,S69_Complementary_ExitDiscipline,NO,1784546145.155919,0.700000,5,1784546162.191036,0.710000,0.038588,0.011412,comp_exit_discipline side=NO ask=0.700 p_entry=1.000 delta=-0.0362%
2987215,S69_Complementary_ExitDiscipline,NO,1784546506.827273,0.690000,5,1784546523.866776,0.680000,0.039462,-0.089462,comp_exit_discipline side=NO ask=0.690 p_entry=1.000 delta=-0.0334%
2987312,S69_Complementary_ExitDiscipline,YES,1784547013.679198,0.630000,5,1784547031.461926,0.890000,0.042789,1.257211,comp_exit_discipline side=YES ask=0.630 p_entry=1.000 delta=0.1067%
2987354,S69_Complementary_ExitDiscipline,NO,1784547311.892592,0.590000,5,1784547319.790836,0.470000,0.043155,-0.643155,comp_exit_discipline side=NO ask=0.590 p_entry=1.000 delta=-0.0349%
2987372,S69_Complementary_ExitDiscipline,YES,1784547608.358875,0.520000,5,1784547625.294218,0.560000,0.040495,0.159505,comp_exit_discipline side=YES ask=0.520 p_entry=1.000 delta=0.0235%
2987378,S69_Complementary_ExitDiscipline,YES,1784547910.201112,0.540000,5,1784547927.225052,0.690000,0.041649,0.708351,comp_exit_discipline side=YES ask=0.540 p_entry=1.000 delta=0.0284%
2987391,S69_Complementary_ExitDiscipline,NO,1784548211.622896,0.660000,5,1784548228.647803,0.660000,0.041543,-0.041543,comp_exit_discipline side=NO ask=0.660 p_entry=1.000 delta=-0.0485%
2987500,S69_Complementary_ExitDiscipline,NO,1784548527.997192,0.700000,5,1784548544.603943,0.600000,0.038588,-0.538587,comp_exit_discipline side=NO ask=0.700 p_entry=1.000 delta=-0.0438%
2987515,S69_Complementary_ExitDiscipline,NO,1784548812.882816,0.660000,5,1784548831.994506,0.600000,0.041543,-0.341543,comp_exit_discipline side=NO ask=0.660 p_entry=1.000 delta=-0.0425%
2987527,S69_Complementary_ExitDiscipline,NO,1784549115.265746,0.590000,5,1784549132.401557,0.470000,0.043155,-0.643155,comp_exit_discipline side=NO ask=0.590 p_entry=1.000 delta=-0.0303%
2987540,S69_Complementary_ExitDiscipline,NO,1784549414.829436,0.580000,5,1784549431.994433,0.510000,0.043022,-0.393022,comp_exit_discipline side=NO ask=0.580 p_entry=1.000 delta=-0.0223%
2987554,S69_Complementary_ExitDiscipline,YES,1784549712.008641,0.650000,5,1784549730.780778,0.540000,0.042052,-0.592052,comp_exit_discipline side=YES ask=0.650 p_entry=1.000 delta=0.0283%
2987627,S69_Complementary_ExitDiscipline,NO,1784550015.285274,0.550000,5,1784550033.096465,0.590000,0.042114,0.157886,comp_exit_discipline side=NO ask=0.550 p_entry=1.000 delta=-0.0256%
2987732,S69_Complementary_ExitDiscipline,NO,1784550307.202654,0.690000,5,1784550324.195778,0.630000,0.039462,-0.339462,comp_exit_discipline side=NO ask=0.690 p_entry=1.000 delta=-0.0276%
2987738,S69_Complementary_ExitDiscipline,YES,1784550687.560358,0.670000,5,1784550704.094506,0.610000,0.040941,-0.340941,comp_exit_discipline side=YES ask=0.670 p_entry=1.000 delta=0.0233%
2987786,S69_Complementary_ExitDiscipline,YES,1784550910.282662,0.610000,5,1784550928.718009,0.660000,0.043155,0.206845,comp_exit_discipline side=YES ask=0.610 p_entry=1.000 delta=0.0203%
2987825,S69_Complementary_ExitDiscipline,NO,1784551275.049599,0.640000,5,1784551292.832168,0.540000,0.042467,-0.542467,comp_exit_discipline side=NO ask=0.640 p_entry=1.000 delta=-0.0237%
2987849,S69_Complementary_ExitDiscipline,NO,1784551856.660999,0.590000,5,1784551859.630891,0.420000,0.043155,-0.893155,comp_exit_discipline side=NO ask=0.590 p_entry=1.000 delta=-0.0212%
2987910,S69_Complementary_ExitDiscipline,YES,1784552143.690659,0.700000,5,1784552149.728383,0.500000,0.038588,-1.038587,comp_exit_discipline side=YES ask=0.700 p_entry=1.000 delta=0.0283%
2987917,S69_Complementary_ExitDiscipline,YES,1784552403.636277,0.600000,5,1784552422.136413,0.650000,0.043200,0.206800,comp_exit_discipline side=YES ask=0.600 p_entry=1.000 delta=0.0233%
2987935,S69_Complementary_ExitDiscipline,YES,1784552763.883379,0.700000,5,1784552780.798194,0.630000,0.038588,-0.388588,comp_exit_discipline side=YES ask=0.700 p_entry=1.000 delta=0.0380%
2988028,S69_Complementary_ExitDiscipline,NO,1784553040.416829,0.670000,5,1784553056.55665,0.720000,0.040941,0.209059,comp_exit_discipline side=NO ask=0.670 p_entry=1.000 delta=-0.0298%
2988037,S69_Complementary_ExitDiscipline,YES,1784553449.909762,0.650000,5,1784553466.371332,0.700000,0.042052,0.207948,comp_exit_discipline side=YES ask=0.650 p_entry=1.000 delta=0.0214%
2988076,S69_Complementary_ExitDiscipline,YES,1784554206.759378,0.660000,5,1784554224.976049,0.710000,0.041543,0.208457,comp_exit_discipline side=YES ask=0.660 p_entry=1.000 delta=0.0536%
2988127,S69_Complementary_ExitDiscipline,YES,1784554510.482239,0.600000,5,1784554527.450796,0.650000,0.043200,0.206800,comp_exit_discipline side=YES ask=0.600 p_entry=1.000 delta=0.0233%
2988295,S69_Complementary_ExitDiscipline,YES,1784554805.314002,0.620000,5,1784554824.693139,0.530000,0.043018,-0.493018,comp_exit_discipline side=YES ask=0.620 p_entry=1.000 delta=0.0238%
2988311,S69_Complementary_ExitDiscipline,NO,1784555120.475908,0.580000,5,1784555129.140984,0.450000,0.043022,-0.693022,comp_exit_discipline side=NO ask=0.580 p_entry=1.000 delta=-0.0234%
2988321,S69_Complementary_ExitDiscipline,YES,1784555415.520704,0.570000,5,1784555433.464107,0.530000,0.042803,-0.242803,comp_exit_discipline side=YES ask=0.570 p_entry=1.000 delta=0.0204%
2988339,S69_Complementary_ExitDiscipline,YES,1784555708.537144,0.580000,5,1784555725.594429,0.720000,0.043022,0.656978,comp_exit_discipline side=YES ask=0.580 p_entry=1.000 delta=0.0239%
2988367,S69_Complementary_ExitDiscipline,YES,1784556023.535284,0.580000,5,1784556042.138882,0.600000,0.043022,0.056978,comp_exit_discipline side=YES ask=0.580 p_entry=1.000 delta=0.0264%
2988378,S69_Complementary_ExitDiscipline,NO,1784556317.35527,0.650000,5,1784556322.51792,0.490000,0.042052,-0.842052,comp_exit_discipline side=NO ask=0.650 p_entry=1.000 delta=-0.0398%
2988519,S69_Complementary_ExitDiscipline,NO,1784556609.034409,0.630000,5,1784556626.31351,0.650000,0.042789,0.057211,comp_exit_discipline side=NO ask=0.630 p_entry=1.000 delta=-0.0538%
2988533,S69_Complementary_ExitDiscipline,NO,1784556907.669198,0.590000,5,1784556911.621959,0.470000,0.043155,-0.643155,comp_exit_discipline side=NO ask=0.590 p_entry=1.000 delta=-0.0558%
2988543,S69_Complementary_ExitDiscipline,NO,1784557206.080409,0.610000,5,1784557210.671815,0.420000,0.043155,-0.993155,comp_exit_discipline side=NO ask=0.610 p_entry=1.000 delta=-0.0652%
2988588,S69_Complementary_ExitDiscipline,YES,1784557505.394494,0.580000,5,1784557521.680726,0.440000,0.043022,-0.743022,comp_exit_discipline side=YES ask=0.580 p_entry=1.000 delta=0.0215%
2988612,S69_Complementary_ExitDiscipline,NO,1784557810.981031,0.580000,5,1784557819.873629,0.470000,0.043022,-0.593022,comp_exit_discipline side=NO ask=0.580 p_entry=1.000 delta=-0.0204%
2988654,S69_Complementary_ExitDiscipline,NO,1784558106.790294,0.550000,5,1784558124.309731,0.620000,0.042114,0.307886,comp_exit_discipline side=NO ask=0.550 p_entry=1.000 delta=-0.0281%
2988669,S69_Complementary_ExitDiscipline,YES,1784558447.916869,0.620000,5,1784558465.790766,0.780000,0.043018,0.756982,comp_exit_discipline side=YES ask=0.620 p_entry=1.000 delta=0.0321%
2988686,S69_Complementary_ExitDiscipline,NO,1784558708.475403,0.610000,5,1784558725.998346,0.440000,0.043155,-0.893155,comp_exit_discipline side=NO ask=0.610 p_entry=1.000 delta=-0.0497%
2988697,S69_Complementary_ExitDiscipline,NO,1784559003.274409,0.560000,5,1784559013.018248,0.490000,0.042499,-0.392499,comp_exit_discipline side=NO ask=0.560 p_entry=1.000 delta=-0.0354%
2988810,S69_Complementary_ExitDiscipline,NO,1784559304.071669,0.550000,5,1784559312.146717,0.490000,0.042114,-0.342114,comp_exit_discipline side=NO ask=0.550 p_entry=1.000 delta=-0.0209%
2988833,S69_Complementary_ExitDiscipline,YES,1784559602.23819,0.630000,5,1784559610.622718,0.500000,0.042789,-0.692789,comp_exit_discipline side=YES ask=0.630 p_entry=1.000 delta=0.0379%
2988834,S69_Complementary_ExitDiscipline,NO,1784559921.74715,0.630000,5,1784559939.502111,0.690000,0.042789,0.257211,comp_exit_discipline side=NO ask=0.630 p_entry=1.000 delta=-0.0394%
2988850,S69_Complementary_ExitDiscipline,YES,1784560209.58197,0.530000,5,1784560227.260572,0.700000,0.041109,0.808891,comp_exit_discipline side=YES ask=0.530 p_entry=1.000 delta=0.0328%
2988862,S69_Complementary_ExitDiscipline,NO,1784560515.906813,0.630000,5,1784560533.549886,0.600000,0.042789,-0.192789,comp_exit_discipline side=NO ask=0.630 p_entry=1.000 delta=-0.0324%
2988878,S69_Complementary_ExitDiscipline,YES,1784560815.464235,0.530000,5,1784560833.316232,0.410000,0.041109,-0.641109,comp_exit_discipline side=YES ask=0.530 p_entry=1.000 delta=0.0219%
2988937,S69_Complementary_ExitDiscipline,NO,1784561112.567204,0.660000,5,1784561128.512835,0.500000,0.041543,-0.841543,comp_exit_discipline side=NO ask=0.660 p_entry=1.000 delta=-0.0548%
2988944,S69_Complementary_ExitDiscipline,YES,1784561404.631455,0.550000,5,1784561424.32202,0.550000,0.042114,-0.042114,comp_exit_discipline side=YES ask=0.550 p_entry=1.000 delta=0.0252%
2989007,S69_Complementary_ExitDiscipline,NO,1784561707.484822,0.610000,5,1784561724.767946,0.540000,0.043155,-0.393155,comp_exit_discipline side=NO ask=0.610 p_entry=1.000 delta=-0.0230%
2989026,S69_Complementary_ExitDiscipline,YES,1784562010.705981,0.570000,5,1784562027.832419,0.600000,0.042803,0.107197,comp_exit_discipline side=YES ask=0.570 p_entry=1.000 delta=0.0227%
2989034,S69_Complementary_ExitDiscipline,YES,1784562301.740877,0.510000,5,1784562319.514836,0.580000,0.039812,0.310188,comp_exit_discipline side=YES ask=0.510 p_entry=1.000 delta=0.0316%
2989051,S69_Complementary_ExitDiscipline,YES,1784562605.258738,0.590000,5,1784562622.538913,0.530000,0.043155,-0.343155,comp_exit_discipline side=YES ask=0.590 p_entry=1.000 delta=0.0670%
2989594,S69_Complementary_ExitDiscipline,YES,1784562905.912442,0.520000,5,1784562922.727167,0.680000,0.040495,0.759505,comp_exit_discipline side=YES ask=0.520 p_entry=1.000 delta=0.0235%
2989898,S69_Complementary_ExitDiscipline,YES,1784563205.00716,0.550000,5,1784563224.079995,0.560000,0.042114,0.007886,comp_exit_discipline side=YES ask=0.550 p_entry=1.000 delta=0.0204%
2989913,S69_Complementary_ExitDiscipline,NO,1784563522.479084,0.650000,5,1784563539.806607,0.630000,0.042052,-0.142052,comp_exit_discipline side=NO ask=0.650 p_entry=1.000 delta=-0.0290%
2989970,S69_Complementary_ExitDiscipline,YES,1784563817.10163,0.610000,5,1784563835.078608,0.660000,0.043155,0.206845,comp_exit_discipline side=YES ask=0.610 p_entry=1.000 delta=0.0316%
