market_id,strategy,side,entry_time,entry_price,shares,exit_time,exit_price,fee_paid,pnl,reason
2933913,S52_Liquidity_Momentum,YES,1784200814.485597,0.640000,5,1784200815.21533,0.630000,0.042467,-0.092467,liquidity_momentum side=YES infl=0.0400 thr=0.0100 ask=0.640 delta=0.0108%
2933923,S52_Liquidity_Momentum,NO,1784201126.382241,0.620000,5,1784201127.68476,0.610000,0.043018,-0.093018,liquidity_momentum side=NO infl=-0.0600 thr=0.0100 ask=0.620 delta=-0.0150%
2933933,S52_Liquidity_Momentum,NO,1784201407.409094,0.480000,5,1784201410.496207,0.450000,0.037380,-0.187380,liquidity_momentum side=NO infl=-0.1000 thr=0.0100 ask=0.480 delta=-0.0114%
2933981,S52_Liquidity_Momentum,YES,1784201708.627788,0.610000,5,1784201710.689454,0.610000,0.043155,-0.043155,liquidity_momentum side=YES infl=0.1500 thr=0.0145 ask=0.610 delta=0.0143%
2934021,S52_Liquidity_Momentum,YES,1784202023.091624,0.530000,5,1784202025.094255,0.540000,0.041109,0.008891,liquidity_momentum side=YES infl=0.0100 thr=0.0100 ask=0.530 delta=0.0110%
2934041,S52_Liquidity_Momentum,NO,1784202445.116846,0.680000,5,1784202446.592462,0.660000,0.040247,-0.140247,liquidity_momentum side=NO infl=-0.0700 thr=0.0400 ask=0.680 delta=-0.0248%
2934049,S52_Liquidity_Momentum,YES,1784202601.765793,0.550000,5,1784202604.854733,0.590000,0.042114,0.157886,liquidity_momentum side=YES infl=0.0700 thr=0.0235 ask=0.550 delta=0.0123%
2934267,S52_Liquidity_Momentum,YES,1784202907.353388,0.590000,5,1784202909.312387,0.590000,0.043155,-0.043155,liquidity_momentum side=YES infl=0.0300 thr=0.0290 ask=0.590 delta=0.0112%
2934325,S52_Liquidity_Momentum,NO,1784203212.911438,0.640000,5,1784203214.301786,0.630000,0.042467,-0.092467,liquidity_momentum side=NO infl=-0.0100 thr=0.0100 ask=0.640 delta=-0.0173%
2934344,S52_Liquidity_Momentum,YES,1784203505.060593,0.610000,5,1784203507.006805,0.630000,0.043155,0.056845,liquidity_momentum side=YES infl=0.0700 thr=0.0600 ask=0.610 delta=0.0134%
2934354,S52_Liquidity_Momentum,YES,1784203838.834301,0.540000,5,1784203840.293925,0.530000,0.041649,-0.091649,liquidity_momentum side=YES infl=0.0400 thr=0.0100 ask=0.540 delta=0.0107%
2934361,S52_Liquidity_Momentum,NO,1784204118.816807,0.600000,5,1784204120.393922,0.580000,0.043200,-0.143200,liquidity_momentum side=NO infl=-0.0100 thr=0.0100 ask=0.600 delta=-0.0163%
2934379,S52_Liquidity_Momentum,YES,1784204412.263988,0.630000,5,1784204416.794368,0.650000,0.042789,0.057211,liquidity_momentum side=YES infl=0.0600 thr=0.0100 ask=0.630 delta=0.0120%
2934391,S52_Liquidity_Momentum,NO,1784204719.626413,0.540000,5,1784204721.891731,0.510000,0.041649,-0.191649,liquidity_momentum side=NO infl=-0.0100 thr=0.0100 ask=0.540 delta=-0.0114%
2934397,S52_Liquidity_Momentum,YES,1784205006.617447,0.670000,5,1784205009.786395,0.590000,0.040941,-0.440941,liquidity_momentum side=YES infl=0.0800 thr=0.0800 ask=0.670 delta=0.0245%
2934447,S52_Liquidity_Momentum,YES,1784205301.656709,0.560000,5,1784205303.299398,0.570000,0.042499,0.007501,liquidity_momentum side=YES infl=0.1300 thr=0.0400 ask=0.560 delta=0.0111%
2934490,S52_Liquidity_Momentum,NO,1784205621.948849,0.560000,5,1784205623.33675,0.550000,0.042499,-0.092499,liquidity_momentum side=NO infl=-0.0300 thr=0.0100 ask=0.560 delta=-0.0215%
2934493,S52_Liquidity_Momentum,NO,1784205920.664675,0.590000,5,1784205923.030578,0.540000,0.043155,-0.293155,liquidity_momentum side=NO infl=-0.0100 thr=0.0100 ask=0.590 delta=-0.0270%
2934513,S52_Liquidity_Momentum,NO,1784206214.497831,0.530000,5,1784206215.883163,0.520000,0.041109,-0.091109,liquidity_momentum side=NO infl=-0.0800 thr=0.0100 ask=0.530 delta=-0.0185%
2934573,S52_Liquidity_Momentum,NO,1784206527.477778,0.690000,5,1784206528.809704,0.680000,0.039462,-0.089462,liquidity_momentum side=NO infl=-0.0500 thr=0.0175 ask=0.690 delta=-0.0632%
2934577,S52_Liquidity_Momentum,NO,1784206805.279526,0.560000,5,1784206808.860695,0.290000,0.042499,-1.392499,liquidity_momentum side=NO infl=-0.0600 thr=0.0400 ask=0.560 delta=-0.0102%
2934590,S52_Liquidity_Momentum,YES,1784207105.162517,0.540000,5,1784207106.528818,0.530000,0.041649,-0.091649,liquidity_momentum side=YES infl=0.0100 thr=0.0100 ask=0.540 delta=0.0152%
2934605,S52_Liquidity_Momentum,YES,1784207432.968564,0.670000,5,1784207435.765935,0.710000,0.040941,0.159059,liquidity_momentum side=YES infl=0.0100 thr=0.0100 ask=0.670 delta=0.0270%
2934623,S52_Liquidity_Momentum,YES,1784207740.337004,0.550000,5,1784207741.681132,0.540000,0.042114,-0.092114,liquidity_momentum side=YES infl=0.0100 thr=0.0100 ask=0.550 delta=0.0111%
2934636,S52_Liquidity_Momentum,YES,1784208020.981427,0.570000,5,1784208021.223595,0.560000,0.042803,-0.092803,liquidity_momentum side=YES infl=0.0400 thr=0.0100 ask=0.570 delta=0.0146%
2934650,S52_Liquidity_Momentum,NO,1784208306.285263,0.690000,5,1784208307.606442,0.680000,0.039462,-0.089462,liquidity_momentum side=NO infl=-0.0200 thr=0.0195 ask=0.690 delta=-0.0332%
2934730,S52_Liquidity_Momentum,YES,1784208603.097204,0.670000,5,1784208604.556571,0.610000,0.040941,-0.340941,liquidity_momentum side=YES infl=0.2000 thr=0.0620 ask=0.670 delta=0.0599%
2934777,S52_Liquidity_Momentum,YES,1784208904.470759,0.500000,5,1784208912.187611,0.420000,0.039062,-0.439062,liquidity_momentum side=YES infl=0.1100 thr=0.0600 ask=0.500 delta=0.0181%
2934814,S52_Liquidity_Momentum,YES,1784209206.18241,0.550000,5,1784209208.203053,0.570000,0.042114,0.057886,liquidity_momentum side=YES infl=0.0500 thr=0.0210 ask=0.550 delta=0.0119%
2934831,S52_Liquidity_Momentum,YES,1784209505.854673,0.620000,5,1784209509.837,0.680000,0.043018,0.256982,liquidity_momentum side=YES infl=0.0500 thr=0.0400 ask=0.620 delta=0.0251%
2934863,S52_Liquidity_Momentum,NO,1784209804.427743,0.530000,5,1784209806.303152,0.470000,0.041109,-0.341109,liquidity_momentum side=NO infl=-0.0500 thr=0.0280 ask=0.530 delta=-0.0194%
2934877,S52_Liquidity_Momentum,NO,1784210105.155967,0.560000,5,1784210108.943174,0.590000,0.042499,0.107501,liquidity_momentum side=NO infl=-0.0600 thr=0.0250 ask=0.560 delta=-0.0321%
2934890,S52_Liquidity_Momentum,YES,1784210404.525995,0.560000,5,1784210405.337659,0.540000,0.042499,-0.142499,liquidity_momentum side=YES infl=0.0800 thr=0.0585 ask=0.560 delta=0.0181%
2934906,S52_Liquidity_Momentum,YES,1784210703.539085,0.580000,5,1784210706.482787,0.560000,0.043022,-0.143022,liquidity_momentum side=YES infl=0.0600 thr=0.0400 ask=0.580 delta=0.0203%
2934922,S52_Liquidity_Momentum,NO,1784211005.559066,0.560000,5,1784211007.000526,0.550000,0.042499,-0.092499,liquidity_momentum side=NO infl=-0.0100 thr=0.0020 ask=0.560 delta=-0.0118%
2934932,S52_Liquidity_Momentum,NO,1784211317.663025,0.680000,5,1784211319.054841,0.670000,0.040247,-0.090247,liquidity_momentum side=NO infl=-0.0200 thr=0.0100 ask=0.680 delta=-0.0622%
2934949,S52_Liquidity_Momentum,NO,1784211609.281557,0.620000,5,1784211609.951892,0.620000,0.043018,-0.043018,liquidity_momentum side=NO infl=-0.0100 thr=0.0100 ask=0.620 delta=-0.0272%
2934961,S52_Liquidity_Momentum,NO,1784211908.270706,0.660000,5,1784211912.492792,0.650000,0.041543,-0.091543,liquidity_momentum side=NO infl=-0.0300 thr=0.0240 ask=0.660 delta=-0.0560%
2934977,S52_Liquidity_Momentum,YES,1784212204.806725,0.520000,5,1784212211.826743,0.620000,0.040495,0.459505,liquidity_momentum side=YES infl=0.0100 thr=0.0100 ask=0.520 delta=0.0112%
2935023,S52_Liquidity_Momentum,NO,1784212502.751962,0.560000,5,1784212504.237503,0.540000,0.042499,-0.142499,liquidity_momentum side=NO infl=-0.0200 thr=0.0110 ask=0.560 delta=-0.0102%
2935037,S52_Liquidity_Momentum,YES,1784212804.022752,0.530000,5,1784212804.309686,0.520000,0.041109,-0.091109,liquidity_momentum side=YES infl=0.0100 thr=0.0100 ask=0.530 delta=0.0150%
2935060,S52_Liquidity_Momentum,NO,1784213110.182827,0.580000,5,1784213114.317157,0.470000,0.043022,-0.593022,liquidity_momentum side=NO infl=-0.0100 thr=0.0100 ask=0.580 delta=-0.0234%
2935061,S52_Liquidity_Momentum,NO,1784213403.01524,0.490000,5,1784213405.13323,0.460000,0.038251,-0.188251,liquidity_momentum side=NO infl=-0.0900 thr=0.0400 ask=0.490 delta=-0.0192%
2935086,S52_Liquidity_Momentum,NO,1784213713.470783,0.630000,5,1784213716.250372,0.610000,0.042789,-0.142789,liquidity_momentum side=NO infl=-0.0700 thr=0.0335 ask=0.630 delta=-0.0501%
2935087,S52_Liquidity_Momentum,NO,1784214003.21357,0.460000,5,1784214007.020054,0.380000,0.035479,-0.435479,liquidity_momentum side=NO infl=-0.1100 thr=0.0820 ask=0.460 delta=-0.0109%
2935106,S52_Liquidity_Momentum,NO,1784214312.91489,0.690000,5,1784214315.261702,0.690000,0.039462,-0.039462,liquidity_momentum side=NO infl=-0.0600 thr=0.0400 ask=0.690 delta=-0.0794%
2935124,S52_Liquidity_Momentum,NO,1784214614.323997,0.500000,5,1784214618.871295,0.420000,0.039062,-0.439062,liquidity_momentum side=NO infl=-0.1000 thr=0.0400 ask=0.500 delta=-0.0182%
2935166,S52_Liquidity_Momentum,YES,1784214905.598791,0.620000,5,1784214906.997603,0.600000,0.043018,-0.143018,liquidity_momentum side=YES infl=0.0100 thr=0.0100 ask=0.620 delta=0.0403%
2935175,S52_Liquidity_Momentum,YES,1784215201.453138,0.530000,5,1784215201.896795,0.520000,0.041109,-0.091109,liquidity_momentum side=YES infl=0.0600 thr=0.0350 ask=0.530 delta=0.0169%
2935185,S52_Liquidity_Momentum,NO,1784215506.225191,0.530000,5,1784215508.700312,0.450000,0.041109,-0.441109,liquidity_momentum side=NO infl=-0.0200 thr=0.0100 ask=0.530 delta=-0.0106%
2935211,S52_Liquidity_Momentum,NO,1784215822.804112,0.700000,5,1784215824.521582,0.680000,0.038588,-0.138587,liquidity_momentum side=NO infl=-0.0100 thr=0.0100 ask=0.700 delta=-0.0644%
2935252,S52_Liquidity_Momentum,NO,1784216110.806117,0.580000,5,1784216113.9584,0.540000,0.043022,-0.243022,liquidity_momentum side=NO infl=-0.0400 thr=0.0100 ask=0.580 delta=-0.0215%
2935260,S52_Liquidity_Momentum,NO,1784216434.49113,0.640000,5,1784216436.281331,0.620000,0.042467,-0.142467,liquidity_momentum side=NO infl=-0.0800 thr=0.0100 ask=0.640 delta=-0.0449%
2935273,S52_Liquidity_Momentum,NO,1784216728.018696,0.700000,5,1784216729.32011,0.690000,0.038588,-0.088588,liquidity_momentum side=NO infl=-0.0100 thr=0.0100 ask=0.700 delta=-0.0483%
2935293,S52_Liquidity_Momentum,YES,1784217004.87009,0.570000,5,1784217006.044818,0.550000,0.042803,-0.142803,liquidity_momentum side=YES infl=0.0200 thr=0.0100 ask=0.570 delta=0.0137%
2935486,S52_Liquidity_Momentum,NO,1784217320.292951,0.560000,5,1784217321.121356,0.550000,0.042499,-0.092499,liquidity_momentum side=NO infl=-0.0200 thr=0.0100 ask=0.560 delta=-0.0142%
2935536,S52_Liquidity_Momentum,YES,1784217606.125367,0.550000,5,1784217609.664641,0.480000,0.042114,-0.392114,liquidity_momentum side=YES infl=0.0800 thr=0.0450 ask=0.550 delta=0.0112%
2935547,S52_Liquidity_Momentum,NO,1784217910.611163,0.600000,5,1784217912.002037,0.580000,0.043200,-0.143200,liquidity_momentum side=NO infl=-0.0200 thr=0.0200 ask=0.600 delta=-0.0330%
2935556,S52_Liquidity_Momentum,NO,1784218226.240418,0.700000,5,1784218229.140417,0.680000,0.038588,-0.138587,liquidity_momentum side=NO infl=-0.0200 thr=0.0100 ask=0.700 delta=-0.0680%
2935578,S52_Liquidity_Momentum,NO,1784218512.407081,0.630000,5,1784218513.784501,0.620000,0.042789,-0.092789,liquidity_momentum side=NO infl=-0.0200 thr=0.0200 ask=0.630 delta=-0.0424%
2935583,S52_Liquidity_Momentum,NO,1784218880.204251,0.700000,5,1784218882.957082,0.720000,0.038588,0.061412,liquidity_momentum side=NO infl=-0.0100 thr=0.0100 ask=0.700 delta=-0.0645%
2935593,S52_Liquidity_Momentum,YES,1784219131.265155,0.640000,5,1784219132.353812,0.620000,0.042467,-0.142467,liquidity_momentum side=YES infl=0.2400 thr=0.0170 ask=0.640 delta=0.0161%
2935604,S52_Liquidity_Momentum,YES,1784219407.519269,0.600000,5,1784219410.629947,0.600000,0.043200,-0.043200,liquidity_momentum side=YES infl=0.0700 thr=0.0400 ask=0.600 delta=0.0192%
2935659,S52_Liquidity_Momentum,NO,1784219733.918086,0.680000,5,1784219735.341972,0.640000,0.040247,-0.240247,liquidity_momentum side=NO infl=-0.0100 thr=0.0100 ask=0.680 delta=-0.0427%
2935671,S52_Liquidity_Momentum,YES,1784220003.496846,0.580000,5,1784220005.219821,0.550000,0.043022,-0.193022,liquidity_momentum side=YES infl=0.0300 thr=0.0100 ask=0.580 delta=0.0126%
2935691,S52_Liquidity_Momentum,YES,1784220321.721526,0.570000,5,1784220322.98046,0.560000,0.042803,-0.092803,liquidity_momentum side=YES infl=0.0100 thr=0.0100 ask=0.570 delta=0.0115%
2935693,S52_Liquidity_Momentum,YES,1784220626.691628,0.670000,5,1784220631.947817,0.740000,0.040941,0.309059,liquidity_momentum side=YES infl=0.1700 thr=0.0400 ask=0.670 delta=0.0342%
2936247,S52_Liquidity_Momentum,YES,1784220913.645433,0.660000,5,1784220914.052243,0.650000,0.041543,-0.091543,liquidity_momentum side=YES infl=0.0200 thr=0.0100 ask=0.660 delta=0.0204%
2936266,S52_Liquidity_Momentum,NO,1784221211.927631,0.610000,5,1784221213.511691,0.590000,0.043155,-0.143155,liquidity_momentum side=NO infl=-0.0100 thr=0.0100 ask=0.610 delta=-0.0221%
2936273,S52_Liquidity_Momentum,NO,1784221511.824012,0.530000,5,1784221513.740076,0.500000,0.041109,-0.191109,liquidity_momentum side=NO infl=-0.0100 thr=0.0100 ask=0.530 delta=-0.0137%
2936343,S52_Liquidity_Momentum,YES,1784221817.918625,0.600000,5,1784221819.156549,0.590000,0.043200,-0.093200,liquidity_momentum side=YES infl=0.1000 thr=0.0100 ask=0.600 delta=0.0181%
2936346,S52_Liquidity_Momentum,YES,1784222103.869161,0.590000,5,1784222104.472751,0.580000,0.043155,-0.093155,liquidity_momentum side=YES infl=0.0100 thr=0.0100 ask=0.590 delta=0.0131%
2936368,S52_Liquidity_Momentum,YES,1784222404.006108,0.610000,5,1784222405.418343,0.600000,0.043155,-0.093155,liquidity_momentum side=YES infl=0.1000 thr=0.0400 ask=0.610 delta=0.0216%
2936522,S52_Liquidity_Momentum,NO,1784222708.549012,0.640000,5,1784222709.997752,0.630000,0.042467,-0.092467,liquidity_momentum side=NO infl=-0.0100 thr=0.0100 ask=0.640 delta=-0.0432%
2936536,S52_Liquidity_Momentum,YES,1784223006.264698,0.540000,5,1784223008.099671,0.580000,0.041649,0.158351,liquidity_momentum side=YES infl=0.0400 thr=0.0100 ask=0.540 delta=0.0128%
2936584,S52_Liquidity_Momentum,NO,1784223343.521018,0.620000,5,1784223345.656315,0.600000,0.043018,-0.143018,liquidity_momentum side=NO infl=-0.0100 thr=0.0100 ask=0.620 delta=-0.0204%
2936593,S52_Liquidity_Momentum,NO,1784223619.62068,0.700000,5,1784223620.849637,0.690000,0.038588,-0.088588,liquidity_momentum side=NO infl=-0.0200 thr=0.0105 ask=0.700 delta=-0.0505%
2936613,S52_Liquidity_Momentum,YES,1784223902.590483,0.550000,5,1784223904.971101,0.550000,0.042114,-0.042114,liquidity_momentum side=YES infl=0.0100 thr=0.0020 ask=0.550 delta=0.0102%
2936631,S52_Liquidity_Momentum,NO,1784224230.539189,0.680000,5,1784224230.906692,0.670000,0.040247,-0.090247,liquidity_momentum side=NO infl=-0.0300 thr=0.0100 ask=0.680 delta=-0.0527%
2936666,S52_Liquidity_Momentum,NO,1784224814.886552,0.570000,5,1784224816.352045,0.550000,0.042803,-0.142803,liquidity_momentum side=NO infl=-0.0200 thr=0.0100 ask=0.570 delta=-0.0210%
2936676,S52_Liquidity_Momentum,NO,1784225175.525536,0.590000,5,1784225176.797549,0.580000,0.043155,-0.093155,liquidity_momentum side=NO infl=-0.0900 thr=0.0100 ask=0.590 delta=-0.0172%
2936747,S52_Liquidity_Momentum,YES,1784225414.947144,0.590000,5,1784225416.26396,0.580000,0.043155,-0.093155,liquidity_momentum side=YES infl=0.0100 thr=0.0100 ask=0.590 delta=0.0101%
2936791,S52_Liquidity_Momentum,NO,1784225708.685193,0.580000,5,1784225710.099618,0.570000,0.043022,-0.093022,liquidity_momentum side=NO infl=-0.0700 thr=0.0600 ask=0.580 delta=-0.0205%
2936854,S52_Liquidity_Momentum,NO,1784226002.848607,0.590000,5,1784226003.734006,0.580000,0.043155,-0.093155,liquidity_momentum side=NO infl=-0.0500 thr=0.0430 ask=0.590 delta=-0.0114%
2936934,S52_Liquidity_Momentum,NO,1784226329.94876,0.630000,5,1784226333.554708,0.460000,0.042789,-0.892789,liquidity_momentum side=NO infl=-0.0100 thr=0.0005 ask=0.630 delta=-0.0181%
2937046,S52_Liquidity_Momentum,NO,1784226610.221497,0.610000,5,1784226611.927444,0.590000,0.043155,-0.143155,liquidity_momentum side=NO infl=-0.0100 thr=0.0100 ask=0.610 delta=-0.0209%
2937142,S52_Liquidity_Momentum,NO,1784226911.217699,0.670000,5,1784226915.662612,0.590000,0.040941,-0.440941,liquidity_momentum side=NO infl=-0.0400 thr=0.0400 ask=0.670 delta=-0.0500%
2937159,S52_Liquidity_Momentum,NO,1784227212.395327,0.690000,5,1784227213.904239,0.670000,0.039462,-0.139462,liquidity_momentum side=NO infl=-0.0300 thr=0.0275 ask=0.690 delta=-0.0358%
2937169,S52_Liquidity_Momentum,NO,1784227507.747551,0.570000,5,1784227509.537466,0.520000,0.042803,-0.292803,liquidity_momentum side=NO infl=-0.0100 thr=nan ask=0.570 delta=-0.0131%
2937182,S52_Liquidity_Momentum,YES,1784227826.201303,0.600000,5,1784227826.320496,0.590000,0.043200,-0.093200,liquidity_momentum side=YES infl=0.0100 thr=0.0100 ask=0.600 delta=0.0108%
2937288,S52_Liquidity_Momentum,NO,1784228117.169035,0.660000,5,1784228119.556711,0.560000,0.041543,-0.541543,liquidity_momentum side=NO infl=-0.0400 thr=0.0100 ask=0.660 delta=-0.0270%
2937377,S52_Liquidity_Momentum,NO,1784228404.845937,0.600000,5,1784228406.845939,0.540000,0.043200,-0.343200,liquidity_momentum side=NO infl=-0.0800 thr=0.0500 ask=0.600 delta=-0.0234%
2937380,S52_Liquidity_Momentum,YES,1784228727.361178,0.650000,5,1784228728.615169,0.640000,0.042052,-0.092052,liquidity_momentum side=YES infl=0.1500 thr=0.0125 ask=0.650 delta=0.0138%
2937400,S52_Liquidity_Momentum,NO,1784229008.907,0.660000,5,1784229012.607495,0.700000,0.041543,0.158457,liquidity_momentum side=NO infl=-0.0100 thr=0.0100 ask=0.660 delta=-0.0211%
2937410,S52_Liquidity_Momentum,NO,1784229320.809647,0.650000,5,1784229322.442181,0.620000,0.042052,-0.192052,liquidity_momentum side=NO infl=-0.0100 thr=0.0100 ask=0.650 delta=-0.0196%
2937426,S52_Liquidity_Momentum,YES,1784229674.919885,0.660000,5,1784229676.376463,0.650000,0.041543,-0.091543,liquidity_momentum side=YES infl=0.0100 thr=0.0100 ask=0.660 delta=0.0231%
2937435,S52_Liquidity_Momentum,YES,1784229901.94394,0.600000,5,1784229906.909056,0.600000,0.043200,-0.043200,liquidity_momentum side=YES infl=0.1200 thr=0.0420 ask=0.600 delta=0.0104%
2937452,S52_Liquidity_Momentum,NO,1784230206.550789,0.620000,5,1784230209.128524,0.590000,0.043018,-0.193018,liquidity_momentum side=NO infl=-0.1000 thr=0.0570 ask=0.620 delta=-0.0215%
2937491,S52_Liquidity_Momentum,NO,1784230521.658815,0.630000,5,1784230526.58975,0.600000,0.042789,-0.192789,liquidity_momentum side=NO infl=-0.0200 thr=0.0130 ask=0.630 delta=-0.0174%
2937499,S52_Liquidity_Momentum,NO,1784230856.586608,0.700000,5,1784230857.957191,0.690000,0.038588,-0.088588,liquidity_momentum side=NO infl=-0.0600 thr=0.0100 ask=0.700 delta=-0.0499%
2937509,S52_Liquidity_Momentum,NO,1784231193.265035,0.640000,5,1784231194.780875,0.630000,0.042467,-0.092467,liquidity_momentum side=NO infl=-0.0100 thr=0.0100 ask=0.640 delta=-0.0151%
2937568,S52_Liquidity_Momentum,YES,1784231432.207861,0.690000,5,1784231433.447069,0.680000,0.039462,-0.089462,liquidity_momentum side=YES infl=0.2000 thr=0.0400 ask=0.690 delta=0.0158%
2937638,S52_Liquidity_Momentum,YES,1784231707.114705,0.590000,5,1784231709.16387,0.630000,0.043155,0.156845,liquidity_momentum side=YES infl=0.0100 thr=0.0100 ask=0.590 delta=0.0170%
2937677,S52_Liquidity_Momentum,NO,1784232004.958806,0.580000,5,1784232006.31043,0.570000,0.043022,-0.093022,liquidity_momentum side=NO infl=-0.0600 thr=0.0600 ask=0.580 delta=-0.0107%
2937700,S52_Liquidity_Momentum,YES,1784232338.504205,0.660000,5,1784232340.632837,0.660000,0.041543,-0.041543,liquidity_momentum side=YES infl=0.2200 thr=0.0080 ask=0.660 delta=0.0178%
2937708,S52_Liquidity_Momentum,NO,1784232605.504373,0.630000,5,1784232607.966708,0.560000,0.042789,-0.392789,liquidity_momentum side=NO infl=-0.0200 thr=0.0110 ask=0.630 delta=-0.0121%
2937720,S52_Liquidity_Momentum,NO,1784232907.35969,0.690000,5,1784232912.164908,0.710000,0.039462,0.060538,liquidity_momentum side=NO infl=-0.0300 thr=0.0290 ask=0.690 delta=-0.0292%
2937729,S52_Liquidity_Momentum,YES,1784233223.189927,0.670000,5,1784233226.705859,0.680000,0.040941,0.009059,liquidity_momentum side=YES infl=0.0300 thr=0.0040 ask=0.670 delta=0.0122%
2937736,S52_Liquidity_Momentum,NO,1784233530.707193,0.700000,5,1784233532.028703,0.690000,0.038588,-0.088588,liquidity_momentum side=NO infl=-0.0100 thr=0.0100 ask=0.700 delta=-0.0329%
2937751,S52_Liquidity_Momentum,NO,1784233857.579079,0.690000,5,1784233860.434775,0.680000,0.039462,-0.089462,liquidity_momentum side=NO infl=-0.2100 thr=0.0100 ask=0.690 delta=-0.0393%
2937794,S52_Liquidity_Momentum,YES,1784234137.02683,0.550000,5,1784234137.569235,0.540000,0.042114,-0.092114,liquidity_momentum side=YES infl=0.0300 thr=0.0160 ask=0.550 delta=0.0113%
2937826,S52_Liquidity_Momentum,NO,1784234444.512243,0.700000,5,1784234445.772718,0.670000,0.038588,-0.188587,liquidity_momentum side=NO infl=-0.0200 thr=0.0100 ask=0.700 delta=-0.0164%
2937834,S52_Liquidity_Momentum,NO,1784234806.694979,0.640000,5,1784234808.14736,0.610000,0.042467,-0.192467,liquidity_momentum side=NO infl=-0.0100 thr=0.0100 ask=0.640 delta=-0.0118%
2937846,S52_Liquidity_Momentum,NO,1784235043.540051,0.700000,5,1784235045.293713,0.680000,0.038588,-0.138587,liquidity_momentum side=NO infl=-0.0400 thr=0.0100 ask=0.700 delta=-0.0210%
2937859,S52_Liquidity_Momentum,YES,1784235537.684176,0.540000,5,1784235542.794898,0.500000,0.041649,-0.241649,liquidity_momentum side=YES infl=0.0400 thr=nan ask=0.540 delta=0.0262%
2937879,S52_Liquidity_Momentum,YES,1784235661.715013,0.650000,5,1784235662.998886,0.640000,0.042052,-0.092052,liquidity_momentum side=YES infl=0.0100 thr=0.0100 ask=0.650 delta=0.0102%
2937884,S52_Liquidity_Momentum,YES,1784235925.690598,0.700000,5,1784235928.52913,0.720000,0.038588,0.061412,liquidity_momentum side=YES infl=0.0300 thr=0.0100 ask=0.700 delta=0.0125%
2937905,S52_Liquidity_Momentum,NO,1784236266.954252,0.660000,5,1784236267.078683,0.650000,0.041543,-0.091543,liquidity_momentum side=NO infl=-0.0100 thr=0.0100 ask=0.660 delta=-0.0112%
2937922,S52_Liquidity_Momentum,YES,1784236666.488313,0.690000,5,1784236667.690604,0.680000,0.039462,-0.089462,liquidity_momentum side=YES infl=0.0100 thr=0.0100 ask=0.690 delta=0.0141%
2937925,S52_Liquidity_Momentum,NO,1784236826.240822,0.670000,5,1784236827.932393,0.640000,0.040941,-0.190941,liquidity_momentum side=NO infl=-0.0100 thr=0.0100 ask=0.670 delta=-0.0125%
2937934,S52_Liquidity_Momentum,NO,1784237117.193775,0.600000,5,1784237118.338713,0.580000,0.043200,-0.143200,liquidity_momentum side=NO infl=-0.0300 thr=nan ask=0.600 delta=-0.0105%
2937940,S52_Liquidity_Momentum,NO,1784237418.911947,0.480000,5,1784237420.122254,0.470000,0.037380,-0.087380,liquidity_momentum side=NO infl=-0.0400 thr=0.0400 ask=0.480 delta=-0.0104%
2937993,S52_Liquidity_Momentum,YES,1784237717.266881,0.520000,5,1784237717.651419,0.500000,0.040495,-0.140495,liquidity_momentum side=YES infl=0.0300 thr=0.0295 ask=0.520 delta=0.0121%
2937997,S52_Liquidity_Momentum,NO,1784238003.348567,0.380000,5,1784238003.749631,0.370000,0.026366,-0.076366,liquidity_momentum side=NO infl=-0.0400 thr=0.0400 ask=0.380 delta=-0.0165%
2938024,S52_Liquidity_Momentum,NO,1784238405.257219,0.690000,5,1784238406.45464,0.680000,0.039462,-0.089462,liquidity_momentum side=NO infl=-0.1400 thr=0.0100 ask=0.690 delta=-0.0341%
2938435,S52_Liquidity_Momentum,NO,1784239590.241789,0.690000,5,1784239596.626761,0.560000,0.039462,-0.689462,liquidity_momentum side=NO infl=-0.1400 thr=0.0100 ask=0.690 delta=-0.0224%
2938439,S52_Liquidity_Momentum,NO,1784239822.675789,0.510000,5,1784239823.969128,0.480000,0.039812,-0.189812,liquidity_momentum side=NO infl=-0.0500 thr=0.0400 ask=0.510 delta=-0.0270%
2938449,S52_Liquidity_Momentum,NO,1784240113.362327,0.700000,5,1784240114.487074,0.690000,0.038588,-0.088588,liquidity_momentum side=NO infl=-0.0200 thr=0.0100 ask=0.700 delta=-0.0319%
2938468,S52_Liquidity_Momentum,NO,1784240431.088562,0.700000,5,1784240432.466119,0.660000,0.038588,-0.238587,liquidity_momentum side=NO infl=-0.0500 thr=0.0390 ask=0.700 delta=-0.0481%
2938471,S52_Liquidity_Momentum,NO,1784240714.816355,0.580000,5,1784240722.045513,0.590000,0.043022,0.006978,liquidity_momentum side=NO infl=-0.0200 thr=0.0100 ask=0.580 delta=-0.0111%
2938488,S52_Liquidity_Momentum,YES,1784241009.353549,0.620000,5,1784241010.720774,0.620000,0.043018,-0.043018,liquidity_momentum side=YES infl=0.0600 thr=0.0600 ask=0.620 delta=0.0112%
2938530,S52_Liquidity_Momentum,YES,1784241489.739928,0.690000,5,1784241494.020318,0.940000,0.039462,1.210538,liquidity_momentum side=YES infl=0.0100 thr=0.0100 ask=0.690 delta=0.0300%
2938546,S52_Liquidity_Momentum,NO,1784241735.96359,0.690000,5,1784241738.928503,0.620000,0.039462,-0.389462,liquidity_momentum side=NO infl=-0.4700 thr=0.0100 ask=0.690 delta=-0.0642%
2938557,S52_Liquidity_Momentum,NO,1784241978.607539,0.560000,5,1784241979.041998,0.580000,0.042499,0.057501,liquidity_momentum side=NO infl=-0.0600 thr=0.0355 ask=0.560 delta=-0.0416%
2938563,S52_Liquidity_Momentum,NO,1784242258.270988,0.510000,5,1784242259.280552,0.500000,0.039812,-0.089812,liquidity_momentum side=NO infl=-0.1600 thr=0.0220 ask=0.510 delta=-0.0337%
2938872,S52_Liquidity_Momentum,YES,1784242503.549323,0.690000,5,1784242504.099739,0.670000,0.039462,-0.139462,liquidity_momentum side=YES infl=0.0300 thr=0.0300 ask=0.690 delta=0.0107%
2940872,S52_Liquidity_Momentum,NO,1784242805.274224,0.640000,5,1784242810.113946,0.490000,0.042467,-0.792467,liquidity_momentum side=NO infl=-0.2100 thr=0.1000 ask=0.640 delta=-0.0325%
2940896,S52_Liquidity_Momentum,NO,1784243470.554328,0.390000,5,1784243472.252802,0.410000,0.027591,0.072409,liquidity_momentum side=NO infl=-0.0400 thr=0.0200 ask=0.390 delta=-0.0115%
2940904,S52_Liquidity_Momentum,NO,1784243705.698525,0.560000,5,1784243706.831133,0.550000,0.042499,-0.092499,liquidity_momentum side=NO infl=-0.0500 thr=0.0320 ask=0.560 delta=-0.0123%
2940920,S52_Liquidity_Momentum,NO,1784244010.647154,0.670000,5,1784244013.9305,0.600000,0.040941,-0.390941,liquidity_momentum side=NO infl=-0.0700 thr=0.0455 ask=0.670 delta=-0.0269%
2940928,S52_Liquidity_Momentum,YES,1784244321.157599,0.650000,5,1784244322.288241,0.640000,0.042052,-0.092052,liquidity_momentum side=YES infl=0.0100 thr=0.0100 ask=0.650 delta=0.0110%
2940939,S52_Liquidity_Momentum,NO,1784244610.716483,0.660000,5,1784244612.02022,0.620000,0.041543,-0.241543,liquidity_momentum side=NO infl=-0.0300 thr=0.0295 ask=0.660 delta=-0.0394%
2940986,S52_Liquidity_Momentum,YES,1784244918.903025,0.630000,5,1784244921.038358,0.520000,0.042789,-0.592789,liquidity_momentum side=YES infl=0.0100 thr=0.0100 ask=0.630 delta=0.0110%
2940993,S52_Liquidity_Momentum,NO,1784245204.330286,0.540000,5,1784245204.675158,0.570000,0.041649,0.108351,liquidity_momentum side=NO infl=-0.1400 thr=0.0400 ask=0.540 delta=-0.0124%
2941006,S52_Liquidity_Momentum,NO,1784245556.207192,0.700000,5,1784245563.628492,0.540000,0.038588,-0.838587,liquidity_momentum side=NO infl=-0.2200 thr=0.0400 ask=0.700 delta=-0.0614%
2941021,S52_Liquidity_Momentum,YES,1784245808.552444,0.570000,5,1784245812.478985,0.560000,0.042803,-0.092803,liquidity_momentum side=YES infl=0.0100 thr=0.0100 ask=0.570 delta=0.0101%
2941036,S52_Liquidity_Momentum,YES,1784246103.16574,0.560000,5,1784246104.08415,0.550000,0.042499,-0.092499,liquidity_momentum side=YES infl=0.0100 thr=0.0100 ask=0.560 delta=0.0135%
2941053,S52_Liquidity_Momentum,NO,1784246406.373934,0.530000,5,1784246406.987236,0.550000,0.041109,0.058891,liquidity_momentum side=NO infl=-0.0600 thr=0.0570 ask=0.530 delta=-0.0102%
2941084,S52_Liquidity_Momentum,NO,1784246703.697844,0.570000,5,1784246704.155898,0.560000,0.042803,-0.092803,liquidity_momentum side=NO infl=-0.0400 thr=0.0290 ask=0.570 delta=-0.0133%
2941095,S52_Liquidity_Momentum,YES,1784247011.965656,0.600000,5,1784247016.107045,0.680000,0.043200,0.356800,liquidity_momentum side=YES infl=0.0100 thr=0.0100 ask=0.600 delta=0.0110%
2941115,S52_Liquidity_Momentum,NO,1784247312.192194,0.590000,5,1784247314.907869,0.560000,0.043155,-0.193155,liquidity_momentum side=NO infl=-0.0100 thr=0.0100 ask=0.590 delta=-0.0104%
2941128,S52_Liquidity_Momentum,NO,1784247610.078818,0.560000,5,1784247611.216962,0.550000,0.042499,-0.092499,liquidity_momentum side=NO infl=-0.0200 thr=0.0100 ask=0.560 delta=-0.0141%
2941133,S52_Liquidity_Momentum,NO,1784247913.069551,0.640000,5,1784247916.091056,0.610000,0.042467,-0.192467,liquidity_momentum side=NO infl=-0.0600 thr=0.0140 ask=0.640 delta=-0.0166%
2941139,S52_Liquidity_Momentum,NO,1784248217.78396,0.620000,5,1784248218.911999,0.600000,0.043018,-0.143018,liquidity_momentum side=NO infl=-0.0400 thr=0.0400 ask=0.620 delta=-0.0206%
2941171,S52_Liquidity_Momentum,NO,1784248534.428723,0.630000,5,1784248535.644037,0.610000,0.042789,-0.142789,liquidity_momentum side=NO infl=-0.0100 thr=0.0100 ask=0.630 delta=-0.0280%
2941199,S52_Liquidity_Momentum,YES,1784248810.975101,0.670000,5,1784248813.121211,0.710000,0.040941,0.159059,liquidity_momentum side=YES infl=0.0300 thr=0.0200 ask=0.670 delta=0.0239%
2941224,S52_Liquidity_Momentum,YES,1784249105.8976,0.580000,5,1784249106.826865,0.570000,0.043022,-0.093022,liquidity_momentum side=YES infl=0.1100 thr=0.0205 ask=0.580 delta=0.0129%
2941252,S52_Liquidity_Momentum,NO,1784249404.158844,0.580000,5,1784249405.878812,0.490000,0.043022,-0.493022,liquidity_momentum side=NO infl=-0.0400 thr=0.0400 ask=0.580 delta=-0.0154%
2941372,S52_Liquidity_Momentum,YES,1784249705.679434,0.630000,5,1784249707.240525,0.630000,0.042789,-0.042789,liquidity_momentum side=YES infl=0.0400 thr=0.0400 ask=0.630 delta=0.0187%
2941612,S52_Liquidity_Momentum,NO,1784250006.085192,0.590000,5,1784250006.923081,0.660000,0.043155,0.306845,liquidity_momentum side=NO infl=-0.0600 thr=0.0600 ask=0.590 delta=-0.0111%
2941671,S52_Liquidity_Momentum,NO,1784250308.876952,0.580000,5,1784250309.100328,0.570000,0.043022,-0.093022,liquidity_momentum side=NO infl=-0.0100 thr=0.0100 ask=0.580 delta=-0.0118%
2941717,S52_Liquidity_Momentum,YES,1784250605.662674,0.620000,5,1784250607.527096,0.590000,0.043018,-0.193018,liquidity_momentum side=YES infl=0.0700 thr=0.0600 ask=0.620 delta=0.0145%
2941733,S52_Liquidity_Momentum,YES,1784250903.308271,0.560000,5,1784250903.643371,0.550000,0.042499,-0.092499,liquidity_momentum side=YES infl=0.0100 thr=0.0100 ask=0.560 delta=0.0108%
2941761,S52_Liquidity_Momentum,NO,1784251207.216047,0.630000,5,1784251207.57219,0.620000,0.042789,-0.092789,liquidity_momentum side=NO infl=-0.0400 thr=0.0370 ask=0.630 delta=-0.0177%
2941787,S52_Liquidity_Momentum,NO,1784251591.011749,0.640000,5,1784251591.32169,0.630000,0.042467,-0.092467,liquidity_momentum side=NO infl=-0.0100 thr=0.0100 ask=0.640 delta=-0.0125%
2941801,S52_Liquidity_Momentum,YES,1784251801.464727,0.570000,5,1784251806.998447,0.490000,0.042803,-0.442803,liquidity_momentum side=YES infl=0.1800 thr=0.0480 ask=0.570 delta=0.0108%
2941837,S52_Liquidity_Momentum,NO,1784252117.501175,0.520000,5,1784252117.85357,0.520000,0.040495,-0.040495,liquidity_momentum side=NO infl=-0.0200 thr=0.0200 ask=0.520 delta=-0.0111%
2941844,S52_Liquidity_Momentum,NO,1784252412.381108,0.560000,5,1784252413.781268,0.570000,0.042499,0.007501,liquidity_momentum side=NO infl=-0.0500 thr=0.0100 ask=0.560 delta=-0.0153%
2941857,S52_Liquidity_Momentum,NO,1784252704.921246,0.560000,5,1784252707.81261,0.580000,0.042499,0.057501,liquidity_momentum side=NO infl=-0.0900 thr=0.0540 ask=0.560 delta=-0.0107%
2941872,S52_Liquidity_Momentum,NO,1784253008.254146,0.560000,5,1784253010.070453,0.570000,0.042499,0.007501,liquidity_momentum side=NO infl=-0.0300 thr=0.0100 ask=0.560 delta=-0.0155%
2941882,S52_Liquidity_Momentum,NO,1784253308.876333,0.520000,5,1784253310.41391,0.500000,0.040495,-0.140495,liquidity_momentum side=NO infl=-0.0100 thr=0.0100 ask=0.520 delta=-0.0248%
2941892,S52_Liquidity_Momentum,NO,1784253610.023867,0.590000,5,1784253610.804939,0.590000,0.043155,-0.043155,liquidity_momentum side=NO infl=-0.0400 thr=0.0400 ask=0.590 delta=-0.0430%
2941907,S52_Liquidity_Momentum,NO,1784253918.015373,0.540000,5,1784253918.455593,0.530000,0.041649,-0.091649,liquidity_momentum side=NO infl=-0.0100 thr=0.0100 ask=0.540 delta=-0.0145%
2941910,S52_Liquidity_Momentum,NO,1784254216.1302,0.530000,5,1784254217.986269,0.530000,0.041109,-0.041109,liquidity_momentum side=NO infl=-0.1100 thr=0.0400 ask=0.530 delta=-0.0201%
2941923,S52_Liquidity_Momentum,YES,1784254562.749011,0.530000,5,1784254563.492452,0.520000,0.041109,-0.091109,liquidity_momentum side=YES infl=0.0100 thr=0.0100 ask=0.530 delta=0.0153%
2941934,S52_Liquidity_Momentum,NO,1784254822.057557,0.610000,5,1784254826.667947,0.600000,0.043155,-0.093155,liquidity_momentum side=NO infl=-0.0100 thr=0.0100 ask=0.610 delta=-0.0218%
2941937,S52_Liquidity_Momentum,YES,1784255124.541783,0.660000,5,1784255126.286791,0.680000,0.041543,0.058457,liquidity_momentum side=YES infl=0.0100 thr=0.0005 ask=0.660 delta=0.0239%
2941944,S52_Liquidity_Momentum,NO,1784255410.589394,0.650000,5,1784255412.304801,0.600000,0.042052,-0.292052,liquidity_momentum side=NO infl=-0.0100 thr=0.0100 ask=0.650 delta=-0.0179%
2941957,S52_Liquidity_Momentum,NO,1784255724.778453,0.620000,5,1784255730.890642,0.570000,0.043018,-0.293018,liquidity_momentum side=NO infl=-0.0300 thr=0.0100 ask=0.620 delta=-0.0153%
2941965,S52_Liquidity_Momentum,NO,1784256010.606958,0.590000,5,1784256013.491849,0.580000,0.043155,-0.093155,liquidity_momentum side=NO infl=-0.0500 thr=0.0450 ask=0.590 delta=-0.0253%
2942033,S52_Liquidity_Momentum,YES,1784256306.72203,0.580000,5,1784256308.720686,0.580000,0.043022,-0.043022,liquidity_momentum side=YES infl=0.0800 thr=0.0100 ask=0.580 delta=0.0167%
2942045,S52_Liquidity_Momentum,YES,1784256605.352606,0.620000,5,1784256606.444848,0.610000,0.043018,-0.093018,liquidity_momentum side=YES infl=0.0100 thr=0.0100 ask=0.620 delta=0.0123%
2942060,S52_Liquidity_Momentum,YES,1784256923.982802,0.620000,5,1784256924.71472,0.600000,0.043018,-0.143018,liquidity_momentum side=YES infl=0.0200 thr=0.0110 ask=0.620 delta=0.0106%
2942148,S52_Liquidity_Momentum,YES,1784257203.434481,0.670000,5,1784257206.796873,0.580000,0.040941,-0.490941,liquidity_momentum side=YES infl=0.0900 thr=0.0510 ask=0.670 delta=0.0188%
2942155,S52_Liquidity_Momentum,NO,1784257501.80102,0.480000,5,1784257504.580473,0.400000,0.037380,-0.437380,liquidity_momentum side=NO infl=-0.0700 thr=0.0250 ask=0.480 delta=-0.0118%
2942165,S52_Liquidity_Momentum,NO,1784257806.788899,0.650000,5,1784257807.549239,0.640000,0.042052,-0.092052,liquidity_momentum side=NO infl=-0.0100 thr=0.0100 ask=0.650 delta=-0.0160%
2942180,S52_Liquidity_Momentum,YES,1784258143.119014,0.560000,5,1784258144.123901,0.550000,0.042499,-0.092499,liquidity_momentum side=YES infl=0.0200 thr=0.0200 ask=0.560 delta=0.0166%
2942186,S52_Liquidity_Momentum,NO,1784258452.855049,0.600000,5,1784258454.015381,0.590000,0.043200,-0.093200,liquidity_momentum side=NO infl=-0.0300 thr=0.0100 ask=0.600 delta=-0.0167%
2942197,S52_Liquidity_Momentum,YES,1784258716.122064,0.590000,5,1784258717.763145,0.640000,0.043155,0.206845,liquidity_momentum side=YES infl=0.0300 thr=0.0100 ask=0.590 delta=0.0112%
2942217,S52_Liquidity_Momentum,NO,1784259024.24394,0.670000,5,1784259027.297178,0.700000,0.040941,0.109059,liquidity_momentum side=NO infl=-0.0700 thr=0.0400 ask=0.670 delta=-0.0283%
2942263,S52_Liquidity_Momentum,NO,1784259308.199769,0.600000,5,1784259316.717527,0.690000,0.043200,0.406800,liquidity_momentum side=NO infl=-0.0300 thr=0.0100 ask=0.600 delta=-0.0111%
2942302,S52_Liquidity_Momentum,NO,1784259933.348523,0.640000,5,1784259933.467516,0.630000,0.042467,-0.092467,liquidity_momentum side=NO infl=-0.0800 thr=0.0100 ask=0.640 delta=-0.0185%
2942303,S52_Liquidity_Momentum,NO,1784260251.084206,0.640000,5,1784260251.518143,0.640000,0.042467,-0.042467,liquidity_momentum side=NO infl=-0.0400 thr=0.0100 ask=0.640 delta=-0.0132%
2942458,S52_Liquidity_Momentum,YES,1784260530.458208,0.590000,5,1784260531.573164,0.580000,0.043155,-0.093155,liquidity_momentum side=YES infl=0.0100 thr=0.0100 ask=0.590 delta=0.0126%
2942683,S52_Liquidity_Momentum,NO,1784260846.607609,0.700000,5,1784260848.090667,0.670000,0.038588,-0.188587,liquidity_momentum side=NO infl=-0.2200 thr=0.0100 ask=0.700 delta=-0.0687%
2942694,S52_Liquidity_Momentum,YES,1784261161.355861,0.490000,5,1784261162.143127,0.480000,0.038251,-0.088251,liquidity_momentum side=YES infl=0.0100 thr=0.0100 ask=0.490 delta=0.0119%
2942708,S52_Liquidity_Momentum,YES,1784261435.790431,0.680000,5,1784261436.859641,0.670000,0.040247,-0.090247,liquidity_momentum side=YES infl=0.0400 thr=0.0100 ask=0.680 delta=0.0215%
2942712,S52_Liquidity_Momentum,YES,1784261716.708023,0.650000,5,1784261717.62159,0.630000,0.042052,-0.142052,liquidity_momentum side=YES infl=0.2100 thr=0.0100 ask=0.650 delta=0.0159%
2942729,S52_Liquidity_Momentum,NO,1784262005.197301,0.600000,5,1784262008.474139,0.480000,0.043200,-0.643200,liquidity_momentum side=NO infl=-0.1400 thr=0.0600 ask=0.600 delta=-0.0180%
2942801,S52_Liquidity_Momentum,YES,1784262346.339893,0.590000,5,1784262347.447789,0.580000,0.043155,-0.093155,liquidity_momentum side=YES infl=0.0600 thr=0.0100 ask=0.590 delta=0.0116%
2942816,S52_Liquidity_Momentum,NO,1784262630.930622,0.600000,5,1784262632.066245,0.590000,0.043200,-0.093200,liquidity_momentum side=NO infl=-0.0100 thr=0.0100 ask=0.600 delta=-0.0138%
2942856,S52_Liquidity_Momentum,YES,1784262903.261775,0.600000,5,1784262904.444751,0.590000,0.043200,-0.093200,liquidity_momentum side=YES infl=0.0400 thr=0.0400 ask=0.600 delta=0.0126%
2942867,S52_Liquidity_Momentum,NO,1784263230.04131,0.660000,5,1784263231.741005,0.630000,0.041543,-0.191543,liquidity_momentum side=NO infl=-0.0100 thr=0.0100 ask=0.660 delta=-0.0212%
2942870,S52_Liquidity_Momentum,YES,1784263505.098923,0.590000,5,1784263505.861048,0.590000,0.043155,-0.043155,liquidity_momentum side=YES infl=0.0500 thr=0.0100 ask=0.590 delta=0.0160%
2942911,S52_Liquidity_Momentum,NO,1784263816.94396,0.670000,5,1784263818.032487,0.660000,0.040941,-0.090941,liquidity_momentum side=NO infl=-0.0100 thr=0.0100 ask=0.670 delta=-0.0240%
2943257,S52_Liquidity_Momentum,NO,1784264103.297908,0.500000,5,1784264103.518741,0.490000,0.039062,-0.089062,liquidity_momentum side=NO infl=-0.1400 thr=0.0060 ask=0.500 delta=-0.0125%
2943452,S52_Liquidity_Momentum,YES,1784264716.440272,0.640000,5,1784264716.642789,0.630000,0.042467,-0.092467,liquidity_momentum side=YES infl=0.0100 thr=0.0100 ask=0.640 delta=0.0112%
2943481,S52_Liquidity_Momentum,YES,1784265021.34962,0.650000,5,1784265023.420802,0.650000,0.042052,-0.042052,liquidity_momentum side=YES infl=0.0100 thr=0.0100 ask=0.650 delta=0.0145%
2943487,S52_Liquidity_Momentum,NO,1784265317.915186,0.590000,5,1784265319.051319,0.580000,0.043155,-0.093155,liquidity_momentum side=NO infl=-0.0400 thr=0.0200 ask=0.590 delta=-0.0147%
2943503,S52_Liquidity_Momentum,NO,1784265614.68983,0.640000,5,1784265615.810699,0.630000,0.042467,-0.092467,liquidity_momentum side=NO infl=-0.0100 thr=0.0100 ask=0.640 delta=-0.0112%
2943515,S52_Liquidity_Momentum,NO,1784265925.980433,0.700000,5,1784265929.496046,0.750000,0.038588,0.211413,liquidity_momentum side=NO infl=-0.0900 thr=0.0200 ask=0.700 delta=-0.0550%
2943538,S52_Liquidity_Momentum,YES,1784266207.099175,0.670000,5,1784266208.906483,0.670000,0.040941,-0.040941,liquidity_momentum side=YES infl=0.0900 thr=0.0400 ask=0.670 delta=0.0140%
2943542,S52_Liquidity_Momentum,NO,1784266530.578762,0.700000,5,1784266531.544002,0.700000,0.038588,-0.038588,liquidity_momentum side=NO infl=-0.0300 thr=0.0100 ask=0.700 delta=-0.0717%
2945828,S52_Liquidity_Momentum,NO,1784287213.53572,0.610000,5,1784287217.201984,0.570000,0.043155,-0.243155,liquidity_momentum side=NO infl=-0.0400 thr=0.0145 ask=0.610 delta=-0.0131%
2945839,S52_Liquidity_Momentum,YES,1784287562.597523,0.640000,5,1784287562.736062,0.630000,0.042467,-0.092467,liquidity_momentum side=YES infl=0.0100 thr=0.0100 ask=0.640 delta=0.0121%
2945848,S52_Liquidity_Momentum,NO,1784287821.880631,0.690000,5,1784287826.417446,0.700000,0.039462,0.010538,liquidity_momentum side=NO infl=-0.1100 thr=0.0580 ask=0.690 delta=-0.0319%
2945879,S52_Liquidity_Momentum,YES,1784288428.717022,0.560000,5,1784288429.448857,0.540000,0.042499,-0.142499,liquidity_momentum side=YES infl=0.0200 thr=0.0100 ask=0.560 delta=0.0109%
2945881,S52_Liquidity_Momentum,YES,1784288709.866478,0.580000,5,1784288710.304041,0.560000,0.043022,-0.143022,liquidity_momentum side=YES infl=0.0200 thr=0.0100 ask=0.580 delta=0.0103%
2945898,S52_Liquidity_Momentum,NO,1784289035.430363,0.700000,5,1784289036.824336,0.690000,0.038588,-0.088588,liquidity_momentum side=NO infl=-0.0200 thr=0.0100 ask=0.700 delta=-0.0301%
2945911,S52_Liquidity_Momentum,YES,1784289312.160601,0.610000,5,1784289312.976854,0.600000,0.043155,-0.093155,liquidity_momentum side=YES infl=0.1000 thr=0.0550 ask=0.610 delta=0.0115%
2945924,S52_Liquidity_Momentum,YES,1784289604.119807,0.600000,5,1784289605.719059,0.590000,0.043200,-0.093200,liquidity_momentum side=YES infl=0.0400 thr=0.0195 ask=0.600 delta=0.0110%
2945945,S52_Liquidity_Momentum,NO,1784289915.744389,0.530000,5,1784289917.943494,0.460000,0.041109,-0.391109,liquidity_momentum side=NO infl=-0.1100 thr=0.0100 ask=0.530 delta=-0.0102%
2945954,S52_Liquidity_Momentum,NO,1784290239.322082,0.580000,5,1784290242.014582,0.530000,0.043022,-0.293022,liquidity_momentum side=NO infl=-0.0700 thr=0.0100 ask=0.580 delta=-0.0133%
2945963,S52_Liquidity_Momentum,YES,1784290501.632406,0.570000,5,1784290505.021201,0.680000,0.042803,0.507197,liquidity_momentum side=YES infl=0.0100 thr=0.0050 ask=0.570 delta=0.0104%
2945982,S52_Liquidity_Momentum,NO,1784290827.363176,0.540000,5,1784290829.701122,0.500000,0.041649,-0.241649,liquidity_momentum side=NO infl=-0.0200 thr=0.0100 ask=0.540 delta=-0.0162%
2945998,S52_Liquidity_Momentum,NO,1784291106.789906,0.620000,5,1784291109.260076,0.550000,0.043018,-0.393018,liquidity_momentum side=NO infl=-0.1400 thr=0.0400 ask=0.620 delta=-0.0177%
2946009,S52_Liquidity_Momentum,NO,1784291478.704479,0.700000,5,1784291487.00764,0.740000,0.038588,0.161413,liquidity_momentum side=NO infl=-0.0700 thr=0.0200 ask=0.700 delta=-0.0370%
2946068,S52_Liquidity_Momentum,NO,1784291744.502495,0.680000,5,1784291747.387326,0.660000,0.040247,-0.140247,liquidity_momentum side=NO infl=-0.0200 thr=0.0100 ask=0.680 delta=-0.0235%
2946074,S52_Liquidity_Momentum,NO,1784292014.447729,0.670000,5,1784292016.917339,0.620000,0.040941,-0.290941,liquidity_momentum side=NO infl=-0.0100 thr=0.0100 ask=0.670 delta=-0.0121%
2946090,S52_Liquidity_Momentum,NO,1784292317.060724,0.560000,5,1784292319.279565,0.570000,0.042499,0.007501,liquidity_momentum side=NO infl=-0.0300 thr=0.0100 ask=0.560 delta=-0.0120%
2946099,S52_Liquidity_Momentum,NO,1784292603.237411,0.480000,5,1784292606.659159,0.370000,0.037380,-0.587380,liquidity_momentum side=NO infl=-0.0500 thr=0.0400 ask=0.480 delta=-0.0161%
2946155,S52_Liquidity_Momentum,YES,1784292909.907096,0.590000,5,1784292911.477442,0.590000,0.043155,-0.043155,liquidity_momentum side=YES infl=0.0100 thr=0.0100 ask=0.590 delta=0.0114%
2946172,S52_Liquidity_Momentum,NO,1784293228.576563,0.650000,5,1784293228.741303,0.640000,0.042052,-0.092052,liquidity_momentum side=NO infl=-0.0200 thr=0.0200 ask=0.650 delta=-0.0144%
2946176,S52_Liquidity_Momentum,NO,1784293540.026078,0.600000,5,1784293540.968816,0.590000,0.043200,-0.093200,liquidity_momentum side=NO infl=-0.0200 thr=0.0100 ask=0.600 delta=-0.0118%
2946192,S52_Liquidity_Momentum,YES,1784293807.053567,0.580000,5,1784293807.523137,0.570000,0.043022,-0.093022,liquidity_momentum side=YES infl=0.1100 thr=0.0065 ask=0.580 delta=0.0141%
2946204,S52_Liquidity_Momentum,YES,1784294138.201632,0.600000,5,1784294138.336286,0.590000,0.043200,-0.093200,liquidity_momentum side=YES infl=0.0100 thr=0.0100 ask=0.600 delta=0.0162%
2946219,S52_Liquidity_Momentum,YES,1784294405.173843,0.590000,5,1784294405.33919,0.580000,0.043155,-0.093155,liquidity_momentum side=YES infl=0.1000 thr=0.0140 ask=0.590 delta=0.0167%
2946223,S52_Liquidity_Momentum,YES,1784294701.828656,0.540000,5,1784294707.017578,0.420000,0.041649,-0.641649,liquidity_momentum side=YES infl=0.0700 thr=0.0600 ask=0.540 delta=0.0208%
2946230,S52_Liquidity_Momentum,YES,1784295002.018206,0.640000,5,1784295003.741931,0.640000,0.042467,-0.042467,liquidity_momentum side=YES infl=0.1500 thr=0.0800 ask=0.640 delta=0.0191%
2946285,S52_Liquidity_Momentum,YES,1784295303.473737,0.640000,5,1784295303.627279,0.630000,0.042467,-0.092467,liquidity_momentum side=YES infl=0.0600 thr=0.0400 ask=0.640 delta=0.0467%
2946378,S52_Liquidity_Momentum,YES,1784295605.724385,0.670000,5,1784295607.709196,0.650000,0.040941,-0.140941,liquidity_momentum side=YES infl=0.0300 thr=0.0300 ask=0.670 delta=0.0593%
2946425,S52_Liquidity_Momentum,NO,1784295907.856544,0.520000,5,1784295909.889812,0.480000,0.040495,-0.240495,liquidity_momentum side=NO infl=-0.0300 thr=0.0300 ask=0.520 delta=-0.0141%
2946460,S52_Liquidity_Momentum,YES,1784296208.146865,0.510000,5,1784296210.858155,0.570000,0.039812,0.260188,liquidity_momentum side=YES infl=0.0100 thr=0.0100 ask=0.510 delta=0.0122%
2946483,S52_Liquidity_Momentum,NO,1784296510.706842,0.600000,5,1784296513.10956,0.540000,0.043200,-0.343200,liquidity_momentum side=NO infl=-0.0800 thr=0.0100 ask=0.600 delta=-0.0342%
2946540,S52_Liquidity_Momentum,YES,1784296805.008895,0.490000,5,1784296805.225017,0.470000,0.038251,-0.138251,liquidity_momentum side=YES infl=0.0100 thr=0.0100 ask=0.490 delta=0.0188%
2946548,S52_Liquidity_Momentum,YES,1784297101.916727,0.530000,5,1784297104.369531,0.590000,0.041109,0.258891,liquidity_momentum side=YES infl=0.0800 thr=0.0325 ask=0.530 delta=0.0336%
2946666,S52_Liquidity_Momentum,YES,1784297410.146088,0.540000,5,1784297412.505619,0.550000,0.041649,0.008351,liquidity_momentum side=YES infl=0.0100 thr=0.0100 ask=0.540 delta=0.0230%
2946686,S52_Liquidity_Momentum,NO,1784297720.822396,0.690000,5,1784297721.707719,0.690000,0.039462,-0.039462,liquidity_momentum side=NO infl=-0.0300 thr=0.0220 ask=0.690 delta=-0.0641%
2946696,S52_Liquidity_Momentum,YES,1784298003.030619,0.550000,5,1784298004.932652,0.520000,0.042114,-0.192114,liquidity_momentum side=YES infl=0.0700 thr=0.0430 ask=0.550 delta=0.0258%
2946722,S52_Liquidity_Momentum,YES,1784298304.070814,0.620000,5,1784298305.191345,0.610000,0.043018,-0.093018,liquidity_momentum side=YES infl=0.0800 thr=0.0550 ask=0.620 delta=0.0381%
2946736,S52_Liquidity_Momentum,NO,1784298608.226939,0.510000,5,1784298612.925592,0.480000,0.039812,-0.189812,liquidity_momentum side=NO infl=-0.0600 thr=0.0200 ask=0.510 delta=-0.0122%
2946781,S52_Liquidity_Momentum,NO,1784298904.648004,0.490000,5,1784298906.096505,0.480000,0.038251,-0.088251,liquidity_momentum side=NO infl=-0.0100 thr=0.0100 ask=0.490 delta=-0.0151%
2946787,S52_Liquidity_Momentum,NO,1784299206.33946,0.530000,5,1784299214.105938,0.610000,0.041109,0.358891,liquidity_momentum side=NO infl=-0.0500 thr=0.0370 ask=0.530 delta=-0.0225%
2946808,S52_Liquidity_Momentum,NO,1784299506.314635,0.550000,5,1784299509.247409,0.600000,0.042114,0.207886,liquidity_momentum side=NO infl=-0.0700 thr=0.0540 ask=0.550 delta=-0.0155%
2946815,S52_Liquidity_Momentum,NO,1784299812.659868,0.520000,5,1784299813.993563,0.500000,0.040495,-0.140495,liquidity_momentum side=NO infl=-0.0200 thr=0.0100 ask=0.520 delta=-0.0143%
2946899,S52_Liquidity_Momentum,NO,1784300102.268318,0.520000,5,1784300104.947808,0.530000,0.040495,0.009505,liquidity_momentum side=NO infl=-0.0100 thr=0.0100 ask=0.520 delta=-0.0144%
2946909,S52_Liquidity_Momentum,NO,1784300413.213373,0.640000,5,1784300418.930972,0.580000,0.042467,-0.342467,liquidity_momentum side=NO infl=-0.0800 thr=0.0505 ask=0.640 delta=-0.0540%
2946919,S52_Liquidity_Momentum,NO,1784300710.340232,0.600000,5,1784300713.665265,0.560000,0.043200,-0.243200,liquidity_momentum side=NO infl=-0.0100 thr=0.0100 ask=0.600 delta=-0.0451%
2946934,S52_Liquidity_Momentum,YES,1784301004.484747,0.550000,5,1784301009.824173,0.640000,0.042114,0.407886,liquidity_momentum side=YES infl=0.0100 thr=0.0100 ask=0.550 delta=0.0217%
2946950,S52_Liquidity_Momentum,NO,1784301306.240357,0.540000,5,1784301311.792475,0.430000,0.041649,-0.591649,liquidity_momentum side=NO infl=-0.0500 thr=0.0100 ask=0.540 delta=-0.0105%
2946954,S52_Liquidity_Momentum,YES,1784301605.55312,0.580000,5,1784301606.630484,0.560000,0.043022,-0.143022,liquidity_momentum side=YES infl=0.1300 thr=0.0410 ask=0.580 delta=0.0144%
2946966,S52_Liquidity_Momentum,YES,1784301907.661639,0.600000,5,1784301910.351307,0.540000,0.043200,-0.343200,liquidity_momentum side=YES infl=0.1000 thr=0.0190 ask=0.600 delta=0.0274%
2946970,S52_Liquidity_Momentum,YES,1784302208.716774,0.540000,5,1784302211.512532,0.540000,0.041649,-0.041649,liquidity_momentum side=YES infl=0.0100 thr=0.0100 ask=0.540 delta=0.0151%
2947037,S52_Liquidity_Momentum,NO,1784302506.733939,0.540000,5,1784302510.627675,0.590000,0.041649,0.208351,liquidity_momentum side=NO infl=-0.0100 thr=0.0100 ask=0.540 delta=-0.0194%
2947050,S52_Liquidity_Momentum,NO,1784302834.392277,0.610000,5,1784302835.720941,0.600000,0.043155,-0.093155,liquidity_momentum side=NO infl=-0.0400 thr=0.0100 ask=0.610 delta=-0.0325%
2947062,S52_Liquidity_Momentum,NO,1784303110.389167,0.580000,5,1784303112.444678,0.530000,0.043022,-0.293022,liquidity_momentum side=NO infl=-0.0200 thr=0.0140 ask=0.580 delta=-0.0196%
2947068,S52_Liquidity_Momentum,YES,1784303404.356793,0.610000,5,1784303407.596721,0.680000,0.043155,0.306845,liquidity_momentum side=YES infl=0.1200 thr=0.0100 ask=0.610 delta=0.0124%
2947286,S52_Liquidity_Momentum,YES,1784303706.360989,0.610000,5,1784303709.192884,0.670000,0.043155,0.256845,liquidity_momentum side=YES infl=0.0600 thr=0.0370 ask=0.610 delta=0.0175%
2947322,S52_Liquidity_Momentum,NO,1784304013.099463,0.560000,5,1784304014.853942,0.560000,0.042499,-0.042499,liquidity_momentum side=NO infl=-0.0900 thr=0.0300 ask=0.560 delta=-0.0178%
2947449,S52_Liquidity_Momentum,NO,1784304308.664291,0.580000,5,1784304311.531173,0.520000,0.043022,-0.343022,liquidity_momentum side=NO infl=-0.0200 thr=0.0100 ask=0.580 delta=-0.0155%
2947461,S52_Liquidity_Momentum,YES,1784304601.92766,0.640000,5,1784304606.04809,0.740000,0.042467,0.457533,liquidity_momentum side=YES infl=0.2300 thr=0.0880 ask=0.640 delta=0.0566%
2947474,S52_Liquidity_Momentum,NO,1784304912.758139,0.660000,5,1784304913.796545,0.650000,0.041543,-0.091543,liquidity_momentum side=NO infl=-0.0100 thr=0.0100 ask=0.660 delta=-0.0501%
2947492,S52_Liquidity_Momentum,NO,1784305210.787584,0.640000,5,1784305212.078484,0.630000,0.042467,-0.092467,liquidity_momentum side=NO infl=-0.0100 thr=0.0100 ask=0.640 delta=-0.0363%
2947501,S52_Liquidity_Momentum,YES,1784305509.842972,0.600000,5,1784305510.382824,0.590000,0.043200,-0.093200,liquidity_momentum side=YES infl=0.0200 thr=0.0100 ask=0.600 delta=0.0121%
2947534,S52_Liquidity_Momentum,YES,1784305835.525899,0.560000,5,1784305836.513127,0.550000,0.042499,-0.092499,liquidity_momentum side=YES infl=0.0300 thr=0.0165 ask=0.560 delta=0.0105%
2947752,S52_Liquidity_Momentum,YES,1784306112.850417,0.600000,5,1784306115.896452,0.600000,0.043200,-0.043200,liquidity_momentum side=YES infl=0.0200 thr=0.0200 ask=0.600 delta=0.0131%
2947759,S52_Liquidity_Momentum,NO,1784306436.456241,0.660000,5,1784306436.990403,0.650000,0.041543,-0.091543,liquidity_momentum side=NO infl=-0.0100 thr=0.0100 ask=0.660 delta=-0.0141%
2947774,S52_Liquidity_Momentum,YES,1784306705.691686,0.570000,5,1784306707.187196,0.560000,0.042803,-0.092803,liquidity_momentum side=YES infl=0.0200 thr=0.0100 ask=0.570 delta=0.0152%
2947777,S52_Liquidity_Momentum,YES,1784307005.594302,0.520000,5,1784307006.48641,0.510000,0.040495,-0.090495,liquidity_momentum side=YES infl=0.0300 thr=0.0100 ask=0.520 delta=0.0103%
2948438,S52_Liquidity_Momentum,NO,1784307344.760747,0.650000,5,1784307348.338529,0.660000,0.042052,0.007948,liquidity_momentum side=NO infl=-0.0100 thr=0.0100 ask=0.650 delta=-0.0287%
2948460,S52_Liquidity_Momentum,YES,1784307608.703563,0.580000,5,1784307610.403127,0.570000,0.043022,-0.093022,liquidity_momentum side=YES infl=0.0500 thr=0.0310 ask=0.580 delta=0.0125%
2948481,S52_Liquidity_Momentum,YES,1784307904.530805,0.550000,5,1784307907.245415,0.510000,0.042114,-0.242114,liquidity_momentum side=YES infl=0.0700 thr=0.0680 ask=0.550 delta=0.0159%
2948579,S52_Liquidity_Momentum,NO,1784308203.25148,0.530000,5,1784308205.033295,0.510000,0.041109,-0.141109,liquidity_momentum side=NO infl=-0.0900 thr=0.0100 ask=0.530 delta=-0.0208%
2948585,S52_Liquidity_Momentum,NO,1784308506.487815,0.590000,5,1784308506.65955,0.580000,0.043155,-0.093155,liquidity_momentum side=NO infl=-0.0600 thr=0.0200 ask=0.590 delta=-0.0401%
2948701,S52_Liquidity_Momentum,YES,1784309108.957861,0.590000,5,1784309110.019724,0.560000,0.043155,-0.193155,liquidity_momentum side=YES infl=0.0400 thr=0.0100 ask=0.590 delta=0.0381%
2948708,S52_Liquidity_Momentum,NO,1784309404.353067,0.570000,5,1784309405.796152,0.500000,0.042803,-0.392803,liquidity_momentum side=NO infl=-0.0500 thr=0.0100 ask=0.570 delta=-0.0254%
2948758,S52_Liquidity_Momentum,YES,1784309701.70775,0.510000,5,1784309703.064505,0.500000,0.039812,-0.089812,liquidity_momentum side=YES infl=0.0200 thr=0.0100 ask=0.510 delta=0.0151%
2948769,S52_Liquidity_Momentum,NO,1784310007.020523,0.530000,5,1784310008.667561,0.500000,0.041109,-0.191109,liquidity_momentum side=NO infl=-0.0200 thr=0.0165 ask=0.530 delta=-0.0167%
2948776,S52_Liquidity_Momentum,NO,1784310303.29825,0.530000,5,1784310304.857646,0.500000,0.041109,-0.191109,liquidity_momentum side=NO infl=-0.0900 thr=0.0780 ask=0.530 delta=-0.0119%
2948794,S52_Liquidity_Momentum,YES,1784310603.638899,0.520000,5,1784310604.792163,0.510000,0.040495,-0.090495,liquidity_momentum side=YES infl=0.0200 thr=0.0100 ask=0.520 delta=0.0127%
2949255,S52_Liquidity_Momentum,NO,1784310911.951773,0.690000,5,1784310914.585344,0.610000,0.039462,-0.439462,liquidity_momentum side=NO infl=-0.0200 thr=0.0100 ask=0.690 delta=-0.0400%
2949590,S52_Liquidity_Momentum,NO,1784311202.203788,0.530000,5,1784311207.858409,0.380000,0.041109,-0.791109,liquidity_momentum side=NO infl=-0.0100 thr=0.0100 ask=0.530 delta=-0.0120%
2949667,S52_Liquidity_Momentum,NO,1784311505.240584,0.550000,5,1784311508.211056,0.520000,0.042114,-0.192114,liquidity_momentum side=NO infl=-0.0200 thr=0.0160 ask=0.550 delta=-0.0185%
2950115,S52_Liquidity_Momentum,YES,1784311803.502469,0.550000,5,1784311804.524433,0.540000,0.042114,-0.092114,liquidity_momentum side=YES infl=0.0700 thr=0.0090 ask=0.550 delta=0.0145%
2950518,S52_Liquidity_Momentum,NO,1784312113.158345,0.670000,5,1784312115.008823,0.630000,0.040941,-0.240941,liquidity_momentum side=NO infl=-0.0100 thr=0.0100 ask=0.670 delta=-0.0417%
2950526,S52_Liquidity_Momentum,NO,1784312411.213378,0.620000,5,1784312412.65756,0.610000,0.043018,-0.093018,liquidity_momentum side=NO infl=-0.0100 thr=0.0100 ask=0.620 delta=-0.0289%
2950536,S52_Liquidity_Momentum,NO,1784312702.41031,0.460000,5,1784312708.841436,0.380000,0.035479,-0.435479,liquidity_momentum side=NO infl=-0.0900 thr=0.0680 ask=0.460 delta=-0.0113%
2950542,S52_Liquidity_Momentum,NO,1784313003.487736,0.560000,5,1784313006.931751,0.420000,0.042499,-0.742499,liquidity_momentum side=NO infl=-0.0600 thr=0.0400 ask=0.560 delta=-0.0138%
2950598,S52_Liquidity_Momentum,YES,1784313325.094517,0.580000,5,1784313327.617798,0.580000,0.043022,-0.043022,liquidity_momentum side=YES infl=0.0200 thr=0.0100 ask=0.580 delta=0.0132%
2950622,S52_Liquidity_Momentum,NO,1784313622.995886,0.600000,5,1784313624.381657,0.590000,0.043200,-0.093200,liquidity_momentum side=NO infl=-0.0100 thr=0.0100 ask=0.600 delta=-0.0131%
2950641,S52_Liquidity_Momentum,YES,1784313912.788468,0.580000,5,1784313914.462719,0.580000,0.043022,-0.043022,liquidity_momentum side=YES infl=0.1100 thr=0.0065 ask=0.580 delta=0.0256%
2950647,S52_Liquidity_Momentum,NO,1784314207.359255,0.670000,5,1784314212.14265,0.720000,0.040941,0.209059,liquidity_momentum side=NO infl=-0.0200 thr=0.0200 ask=0.670 delta=-0.0479%
2950785,S52_Liquidity_Momentum,NO,1784314527.942153,0.700000,5,1784314531.843311,0.680000,0.038588,-0.138587,liquidity_momentum side=NO infl=-0.1000 thr=0.0100 ask=0.700 delta=-0.0688%
2950839,S52_Liquidity_Momentum,NO,1784314802.812573,0.540000,5,1784314806.455379,0.560000,0.041649,0.058351,liquidity_momentum side=NO infl=-0.0100 thr=0.0100 ask=0.540 delta=-0.0101%
2950849,S52_Liquidity_Momentum,NO,1784315152.836554,0.700000,5,1784315154.385933,0.680000,0.038588,-0.138587,liquidity_momentum side=NO infl=-0.0200 thr=0.0100 ask=0.700 delta=-0.0585%
2950860,S52_Liquidity_Momentum,NO,1784315417.031919,0.540000,5,1784315423.957397,0.420000,0.041649,-0.641649,liquidity_momentum side=NO infl=-0.0100 thr=0.0100 ask=0.540 delta=-0.0131%
2950871,S52_Liquidity_Momentum,NO,1784315707.053404,0.530000,5,1784315709.81573,0.410000,0.041109,-0.641109,liquidity_momentum side=NO infl=-0.0100 thr=0.0100 ask=0.530 delta=-0.0103%
2950882,S52_Liquidity_Momentum,NO,1784316008.487823,0.650000,5,1784316011.690524,0.580000,0.042052,-0.392052,liquidity_momentum side=NO infl=-0.0200 thr=0.0200 ask=0.650 delta=-0.0459%
2950891,S52_Liquidity_Momentum,NO,1784316313.485017,0.610000,5,1784316314.806248,0.600000,0.043155,-0.093155,liquidity_momentum side=NO infl=-0.0100 thr=0.0100 ask=0.610 delta=-0.0233%
2950911,S52_Liquidity_Momentum,YES,1784316605.595263,0.680000,5,1784316612.318944,0.680000,0.040247,-0.040247,liquidity_momentum side=YES infl=0.2200 thr=0.0660 ask=0.680 delta=0.0105%
2950956,S52_Liquidity_Momentum,NO,1784316906.365932,0.610000,5,1784316909.001562,0.550000,0.043155,-0.343155,liquidity_momentum side=NO infl=-0.0200 thr=0.0190 ask=0.610 delta=-0.0209%
2950982,S52_Liquidity_Momentum,NO,1784317211.793347,0.610000,5,1784317213.335433,0.600000,0.043155,-0.093155,liquidity_momentum side=NO infl=-0.0100 thr=0.0100 ask=0.610 delta=-0.0206%
2950998,S52_Liquidity_Momentum,YES,1784317532.2926,0.610000,5,1784317534.090402,0.660000,0.043155,0.206845,liquidity_momentum side=YES infl=0.0600 thr=0.0400 ask=0.610 delta=0.0220%
2951004,S52_Liquidity_Momentum,YES,1784317801.798833,0.550000,5,1784317804.290869,0.630000,0.042114,0.357886,liquidity_momentum side=YES infl=0.1000 thr=0.0490 ask=0.550 delta=0.0137%
2951019,S52_Liquidity_Momentum,NO,1784318102.771235,0.520000,5,1784318104.462266,0.470000,0.040495,-0.290495,liquidity_momentum side=NO infl=-0.1500 thr=0.1040 ask=0.520 delta=-0.0190%
2951066,S52_Liquidity_Momentum,YES,1784318715.545158,0.630000,5,1784318717.830583,0.600000,0.042789,-0.192789,liquidity_momentum side=YES infl=0.1600 thr=0.0100 ask=0.630 delta=0.0177%
2951078,S52_Liquidity_Momentum,YES,1784319034.106909,0.680000,5,1784319034.686623,0.670000,0.040247,-0.090247,liquidity_momentum side=YES infl=0.1100 thr=0.0100 ask=0.680 delta=0.0222%
2951087,S52_Liquidity_Momentum,NO,1784319305.721382,0.530000,5,1784319307.192194,0.520000,0.041109,-0.091109,liquidity_momentum side=NO infl=-0.0100 thr=0.0100 ask=0.530 delta=-0.0112%
2951103,S52_Liquidity_Momentum,YES,1784319615.20235,0.610000,5,1784319616.333025,0.600000,0.043155,-0.093155,liquidity_momentum side=YES infl=0.1200 thr=0.0065 ask=0.610 delta=0.0152%
2951166,S52_Liquidity_Momentum,YES,1784319910.437457,0.620000,5,1784319913.223703,0.640000,0.043018,0.056982,liquidity_momentum side=YES infl=0.0500 thr=0.0250 ask=0.620 delta=0.0125%
2951175,S52_Liquidity_Momentum,YES,1784320255.493764,0.600000,5,1784320259.233642,0.630000,0.043200,0.106800,liquidity_momentum side=YES infl=0.0100 thr=0.0100 ask=0.600 delta=0.0109%
2951361,S52_Liquidity_Momentum,NO,1784320517.902956,0.640000,5,1784320518.317348,0.630000,0.042467,-0.092467,liquidity_momentum side=NO infl=-0.0100 thr=0.0100 ask=0.640 delta=-0.0198%
2951362,S52_Liquidity_Momentum,NO,1784320827.148101,0.700000,5,1784320828.881648,0.670000,0.038588,-0.188587,liquidity_momentum side=NO infl=-0.1000 thr=0.0370 ask=0.700 delta=-0.0414%
2951382,S52_Liquidity_Momentum,YES,1784321106.629568,0.510000,5,1784321108.535632,0.540000,0.039812,0.110188,liquidity_momentum side=YES infl=0.0500 thr=0.0330 ask=0.510 delta=0.0101%
2951389,S52_Liquidity_Momentum,NO,1784321417.856688,0.560000,5,1784321420.367644,0.540000,0.042499,-0.142499,liquidity_momentum side=NO infl=-0.0400 thr=0.0100 ask=0.560 delta=-0.0151%
2951400,S52_Liquidity_Momentum,YES,1784321705.8921,0.590000,5,1784321706.591091,0.580000,0.043155,-0.093155,liquidity_momentum side=YES infl=0.0900 thr=0.0800 ask=0.590 delta=0.0135%
2951441,S52_Liquidity_Momentum,YES,1784322018.662188,0.540000,5,1784322024.991481,0.670000,0.041649,0.608351,liquidity_momentum side=YES infl=0.0400 thr=0.0100 ask=0.540 delta=0.0172%
2951451,S52_Liquidity_Momentum,NO,1784322361.299673,0.690000,5,1784322363.31291,0.670000,0.039462,-0.139462,liquidity_momentum side=NO infl=-0.2800 thr=0.0100 ask=0.690 delta=-0.0418%
2951467,S52_Liquidity_Momentum,NO,1784322613.058223,0.620000,5,1784322614.325221,0.610000,0.043018,-0.093018,liquidity_momentum side=NO infl=-0.0400 thr=0.0100 ask=0.620 delta=-0.0124%
2951482,S52_Liquidity_Momentum,YES,1784322912.106248,0.640000,5,1784322913.116546,0.630000,0.042467,-0.092467,liquidity_momentum side=YES infl=0.2600 thr=0.0100 ask=0.640 delta=0.0174%
2951492,S52_Liquidity_Momentum,NO,1784323223.129156,0.670000,5,1784323223.774143,0.660000,0.040941,-0.090941,liquidity_momentum side=NO infl=-0.0200 thr=0.0125 ask=0.670 delta=-0.0186%
2951500,S52_Liquidity_Momentum,NO,1784323503.945988,0.600000,5,1784323505.724995,0.600000,0.043200,-0.043200,liquidity_momentum side=NO infl=-0.1300 thr=0.1130 ask=0.600 delta=-0.0306%
2951520,S52_Liquidity_Momentum,NO,1784323801.472717,0.520000,5,1784323806.340729,0.420000,0.040495,-0.540495,liquidity_momentum side=NO infl=-0.1100 thr=0.0550 ask=0.520 delta=-0.0217%
2951564,S52_Liquidity_Momentum,NO,1784324220.00695,0.700000,5,1784324225.26513,0.410000,0.038588,-1.488588,liquidity_momentum side=NO infl=-0.0200 thr=0.0100 ask=0.700 delta=-0.0166%
2951645,S52_Liquidity_Momentum,NO,1784324468.454624,0.610000,5,1784324470.63492,0.580000,0.043155,-0.193155,liquidity_momentum side=NO infl=-0.0100 thr=0.0100 ask=0.610 delta=-0.0149%
2951651,S52_Liquidity_Momentum,NO,1784324734.414198,0.660000,5,1784324735.379072,0.660000,0.041543,-0.041543,liquidity_momentum side=NO infl=-0.0100 thr=0.0100 ask=0.660 delta=-0.0222%
2951666,S52_Liquidity_Momentum,NO,1784325026.48981,0.580000,5,1784325027.44848,0.570000,0.043022,-0.093022,liquidity_momentum side=NO infl=-0.0200 thr=0.0100 ask=0.580 delta=-0.0103%
2951861,S52_Liquidity_Momentum,NO,1784325373.822431,0.620000,5,1784325374.429001,0.630000,0.043018,0.006982,liquidity_momentum side=NO infl=-0.0400 thr=0.0100 ask=0.620 delta=-0.0106%
2951909,S52_Liquidity_Momentum,YES,1784325610.600053,0.650000,5,1784325611.910157,0.640000,0.042052,-0.092052,liquidity_momentum side=YES infl=0.1900 thr=0.0175 ask=0.650 delta=0.0209%
2951972,S52_Liquidity_Momentum,YES,1784325905.196542,0.480000,5,1784325906.413665,0.470000,0.037380,-0.087380,liquidity_momentum side=YES infl=0.0300 thr=0.0210 ask=0.480 delta=0.0109%
2951977,S52_Liquidity_Momentum,YES,1784326221.934551,0.660000,5,1784326222.214349,0.650000,0.041543,-0.091543,liquidity_momentum side=YES infl=0.0100 thr=0.0100 ask=0.660 delta=0.0177%
2951994,S52_Liquidity_Momentum,NO,1784326516.745013,0.620000,5,1784326517.626184,0.620000,0.043018,-0.043018,liquidity_momentum side=NO infl=-0.0100 thr=0.0100 ask=0.620 delta=-0.0147%
2952003,S52_Liquidity_Momentum,NO,1784326898.752716,0.620000,5,1784326899.915822,0.610000,0.043018,-0.093018,liquidity_momentum side=NO infl=-0.0100 thr=0.0100 ask=0.620 delta=-0.0163%
2952012,S52_Liquidity_Momentum,YES,1784327148.119949,0.650000,5,1784327149.954117,0.650000,0.042052,-0.042052,liquidity_momentum side=YES infl=0.0500 thr=0.0080 ask=0.650 delta=0.0102%
2952033,S52_Liquidity_Momentum,YES,1784327415.473842,0.640000,5,1784327416.643017,0.630000,0.042467,-0.092467,liquidity_momentum side=YES infl=0.0400 thr=0.0100 ask=0.640 delta=0.0103%
2952097,S52_Liquidity_Momentum,NO,1784327708.676607,0.560000,5,1784327709.999973,0.520000,0.042499,-0.242499,liquidity_momentum side=NO infl=-0.0300 thr=0.0280 ask=0.560 delta=-0.0115%
2952110,S52_Liquidity_Momentum,YES,1784328025.529519,0.680000,5,1784328025.748007,0.670000,0.040247,-0.090247,liquidity_momentum side=YES infl=0.0100 thr=0.0100 ask=0.680 delta=0.0111%
2952126,S52_Liquidity_Momentum,YES,1784328346.593362,0.680000,5,1784328347.312367,0.670000,0.040247,-0.090247,liquidity_momentum side=YES infl=0.0900 thr=0.0100 ask=0.680 delta=0.0101%
2952140,S52_Liquidity_Momentum,YES,1784328713.276393,0.670000,5,1784328713.718676,0.660000,0.040941,-0.090941,liquidity_momentum side=YES infl=0.0300 thr=0.0100 ask=0.670 delta=0.0186%
2953311,S52_Liquidity_Momentum,NO,1784329096.739066,0.530000,5,1784329101.187564,0.310000,0.041109,-1.141109,liquidity_momentum side=NO infl=-0.0600 thr=0.0100 ask=0.530 delta=-0.0136%
2953316,S52_Liquidity_Momentum,NO,1784329219.954427,0.700000,5,1784329221.009339,0.690000,0.038588,-0.088588,liquidity_momentum side=NO infl=-0.0100 thr=0.0100 ask=0.700 delta=-0.0120%
2953332,S52_Liquidity_Momentum,NO,1784329557.234439,0.700000,5,1784329558.515657,0.690000,0.038588,-0.088588,liquidity_momentum side=NO infl=-0.0100 thr=0.0100 ask=0.700 delta=-0.0298%
2953348,S52_Liquidity_Momentum,NO,1784329829.505882,0.670000,5,1784329829.878433,0.660000,0.040941,-0.090941,liquidity_momentum side=NO infl=-0.0200 thr=0.0100 ask=0.670 delta=-0.0127%
2953357,S52_Liquidity_Momentum,YES,1784330250.087995,0.500000,5,1784330251.33537,0.490000,0.039062,-0.089062,liquidity_momentum side=YES infl=0.0400 thr=0.0200 ask=0.500 delta=0.0146%
2953378,S52_Liquidity_Momentum,YES,1784330456.729258,0.670000,5,1784330457.865876,0.660000,0.040941,-0.090941,liquidity_momentum side=YES infl=0.0100 thr=0.0100 ask=0.670 delta=0.0103%
2953497,S52_Liquidity_Momentum,NO,1784331511.557584,0.700000,5,1784331515.091345,0.680000,0.038588,-0.138587,liquidity_momentum side=NO infl=-0.0500 thr=0.0100 ask=0.700 delta=-0.0118%
2953542,S52_Liquidity_Momentum,NO,1784331611.191401,0.680000,5,1784331613.470507,0.590000,0.040247,-0.490247,liquidity_momentum side=NO infl=-0.1000 thr=0.0330 ask=0.680 delta=-0.0203%
2953557,S52_Liquidity_Momentum,NO,1784331902.112321,0.650000,5,1784331904.855817,0.610000,0.042052,-0.242052,liquidity_momentum side=NO infl=-0.0600 thr=0.0520 ask=0.650 delta=-0.0183%
2953577,S52_Liquidity_Momentum,YES,1784332449.416282,0.640000,5,1784332450.5821,0.630000,0.042467,-0.092467,liquidity_momentum side=YES infl=0.0500 thr=0.0400 ask=0.640 delta=0.0130%
2953598,S52_Liquidity_Momentum,YES,1784332528.706951,0.670000,5,1784332529.610215,0.660000,0.040941,-0.090941,liquidity_momentum side=YES infl=0.0600 thr=0.0100 ask=0.670 delta=0.0117%
2953679,S52_Liquidity_Momentum,YES,1784332834.94816,0.650000,5,1784332838.572715,0.770000,0.042052,0.557948,liquidity_momentum side=YES infl=0.0200 thr=0.0135 ask=0.650 delta=0.0247%
2953747,S52_Liquidity_Momentum,YES,1784333402.109942,0.580000,5,1784333402.446758,0.570000,0.043022,-0.093022,liquidity_momentum side=YES infl=0.1000 thr=0.0860 ask=0.580 delta=0.0112%
2953782,S52_Liquidity_Momentum,YES,1784333733.589451,0.650000,5,1784333736.562727,0.660000,0.042052,0.007948,liquidity_momentum side=YES infl=0.0100 thr=0.0100 ask=0.650 delta=0.0105%
2953796,S52_Liquidity_Momentum,NO,1784334014.669708,0.690000,5,1784334018.049604,0.650000,0.039462,-0.239462,liquidity_momentum side=NO infl=-0.0300 thr=0.0100 ask=0.690 delta=-0.0203%
2953801,S52_Liquidity_Momentum,YES,1784334375.115843,0.690000,5,1784334376.253297,0.680000,0.039462,-0.089462,liquidity_momentum side=YES infl=0.0100 thr=0.0100 ask=0.690 delta=0.0105%
2953814,S52_Liquidity_Momentum,NO,1784334619.338346,0.670000,5,1784334620.45757,0.660000,0.040941,-0.090941,liquidity_momentum side=NO infl=-0.0600 thr=0.0100 ask=0.670 delta=-0.0180%
2954023,S52_Liquidity_Momentum,NO,1784334960.94412,0.700000,5,1784334961.958564,0.690000,0.038588,-0.088588,liquidity_momentum side=NO infl=-0.0100 thr=0.0100 ask=0.700 delta=-0.0131%
2954082,S52_Liquidity_Momentum,YES,1784335351.93474,0.690000,5,1784335353.517726,0.700000,0.039462,0.010538,liquidity_momentum side=YES infl=0.0200 thr=0.0100 ask=0.690 delta=0.0103%
2954105,S52_Liquidity_Momentum,NO,1784335646.481143,0.460000,5,1784335646.989064,0.440000,0.035479,-0.135479,liquidity_momentum side=NO infl=-0.0100 thr=nan ask=0.460 delta=-0.0109%
2954123,S52_Liquidity_Momentum,NO,1784335843.310683,0.450000,5,1784335844.515191,0.430000,0.034457,-0.134457,liquidity_momentum side=NO infl=-0.0500 thr=0.0300 ask=0.450 delta=-0.0256%
2954332,S52_Liquidity_Momentum,NO,1784336428.800443,0.430000,5,1784336430.488156,0.380000,0.032290,-0.282290,liquidity_momentum side=NO infl=-0.0200 thr=0.0200 ask=0.430 delta=-0.0171%
2954338,S52_Liquidity_Momentum,NO,1784336709.699435,0.630000,5,1784336709.812133,0.630000,0.042789,-0.042789,liquidity_momentum side=NO infl=-0.0100 thr=0.0100 ask=0.630 delta=-0.0102%
2954347,S52_Liquidity_Momentum,NO,1784337113.373367,0.690000,5,1784337114.787258,0.540000,0.039462,-0.789462,liquidity_momentum side=NO infl=-0.1000 thr=0.0100 ask=0.690 delta=-0.0245%
2954362,S52_Liquidity_Momentum,YES,1784337440.044685,0.690000,5,1784337442.400305,0.740000,0.039462,0.210538,liquidity_momentum side=YES infl=0.0300 thr=0.0100 ask=0.690 delta=0.0176%
2954375,S52_Liquidity_Momentum,NO,1784337680.768666,0.440000,5,1784337683.604448,0.400000,0.033392,-0.233392,liquidity_momentum side=NO infl=-0.0100 thr=0.0100 ask=0.440 delta=-0.0113%
2954401,S52_Liquidity_Momentum,NO,1784337927.824196,0.500000,5,1784337928.830575,0.490000,0.039062,-0.089062,liquidity_momentum side=NO infl=-0.0600 thr=0.0100 ask=0.500 delta=-0.0104%
2954419,S52_Liquidity_Momentum,NO,1784338211.57857,0.650000,5,1784338214.099407,0.610000,0.042052,-0.242052,liquidity_momentum side=NO infl=-0.0200 thr=0.0115 ask=0.650 delta=-0.0130%
2954460,S52_Liquidity_Momentum,NO,1784338528.418793,0.520000,5,1784338529.129083,0.520000,0.040495,-0.040495,liquidity_momentum side=NO infl=-0.0100 thr=0.0100 ask=0.520 delta=-0.0108%
2954471,S52_Liquidity_Momentum,NO,1784338819.969197,0.610000,5,1784338822.358806,0.570000,0.043155,-0.243155,liquidity_momentum side=NO infl=-0.0100 thr=0.0100 ask=0.610 delta=-0.0106%
2954515,S52_Liquidity_Momentum,YES,1784339437.56337,0.580000,5,1784339438.629642,0.570000,0.043022,-0.093022,liquidity_momentum side=YES infl=0.0100 thr=0.0050 ask=0.580 delta=0.0102%
2954549,S52_Liquidity_Momentum,NO,1784339789.282401,0.510000,5,1784339790.66457,0.510000,0.039812,-0.039812,liquidity_momentum side=NO infl=-0.0900 thr=0.0100 ask=0.510 delta=-0.0109%
2954569,S52_Liquidity_Momentum,YES,1784340042.486632,0.680000,5,1784340044.620435,0.690000,0.040247,0.009753,liquidity_momentum side=YES infl=0.0400 thr=0.0100 ask=0.680 delta=0.0113%
2954584,S52_Liquidity_Momentum,NO,1784340351.360793,0.690000,5,1784340353.308594,0.700000,0.039462,0.010538,liquidity_momentum side=NO infl=-0.0700 thr=0.0100 ask=0.690 delta=-0.0394%
2954596,S52_Liquidity_Momentum,NO,1784340613.923532,0.550000,5,1784340614.154672,0.550000,0.042114,-0.042114,liquidity_momentum side=NO infl=-0.0100 thr=0.0100 ask=0.550 delta=-0.0148%
2954610,S52_Liquidity_Momentum,YES,1784340949.740744,0.620000,5,1784340952.851657,0.630000,0.043018,0.006982,liquidity_momentum side=YES infl=0.0100 thr=0.0100 ask=0.620 delta=0.0223%
2954623,S52_Liquidity_Momentum,YES,1784341228.894888,0.660000,5,1784341230.755468,0.640000,0.041543,-0.141543,liquidity_momentum side=YES infl=0.0100 thr=0.0100 ask=0.660 delta=0.0123%
2954649,S52_Liquidity_Momentum,YES,1784341554.409818,0.600000,5,1784341555.531165,0.590000,0.043200,-0.093200,liquidity_momentum side=YES infl=0.0400 thr=0.0100 ask=0.600 delta=0.0101%
2954661,S52_Liquidity_Momentum,YES,1784341825.043552,0.650000,5,1784341826.129246,0.640000,0.042052,-0.092052,liquidity_momentum side=YES infl=0.0100 thr=0.0100 ask=0.650 delta=0.0128%
2954747,S52_Liquidity_Momentum,YES,1784342169.212683,0.460000,5,1784342175.563757,0.670000,0.035479,1.014521,liquidity_momentum side=YES infl=0.0100 thr=0.0100 ask=0.460 delta=0.0109%
2954868,S52_Liquidity_Momentum,YES,1784342788.286055,0.500000,5,1784342790.93039,0.620000,0.039062,0.560938,liquidity_momentum side=YES infl=0.0100 thr=0.0100 ask=0.500 delta=0.0116%
2954945,S52_Liquidity_Momentum,NO,1784343151.868557,0.500000,5,1784343154.409701,0.510000,0.039062,0.010937,liquidity_momentum side=NO infl=-0.0100 thr=0.0100 ask=0.500 delta=-0.0155%
2954982,S52_Liquidity_Momentum,NO,1784343319.292722,0.660000,5,1784343323.222741,0.580000,0.041543,-0.441543,liquidity_momentum side=NO infl=-0.0400 thr=0.0100 ask=0.660 delta=-0.0108%
2955034,S52_Liquidity_Momentum,NO,1784343859.632577,0.700000,5,1784343861.609111,0.730000,0.038588,0.111412,liquidity_momentum side=NO infl=-0.0800 thr=0.0200 ask=0.700 delta=-0.0148%
2955158,S52_Liquidity_Momentum,NO,1784344310.722538,0.440000,5,1784344310.822635,0.430000,0.033392,-0.083392,liquidity_momentum side=NO infl=-0.0100 thr=0.0100 ask=0.440 delta=-0.0110%
2955172,S52_Liquidity_Momentum,YES,1784344501.295543,0.390000,5,1784344501.424006,0.380000,0.027591,-0.077591,liquidity_momentum side=YES infl=0.0500 thr=0.0350 ask=0.390 delta=0.0170%
2955191,S52_Liquidity_Momentum,YES,1784344943.656335,0.540000,5,1784344944.777922,0.530000,0.041649,-0.091649,liquidity_momentum side=YES infl=0.0100 thr=0.0100 ask=0.540 delta=0.0151%
2955340,S52_Liquidity_Momentum,NO,1784346004.78511,0.540000,5,1784346005.682009,0.530000,0.041649,-0.091649,liquidity_momentum side=NO infl=-0.1200 thr=0.0780 ask=0.540 delta=-0.0101%
2955347,S52_Liquidity_Momentum,NO,1784346413.827311,0.490000,5,1784346414.472608,0.480000,0.038251,-0.088251,liquidity_momentum side=NO infl=-0.0100 thr=0.0100 ask=0.490 delta=-0.0102%
2955363,S52_Liquidity_Momentum,NO,1784346615.760028,0.590000,5,1784346616.895367,0.580000,0.043155,-0.093155,liquidity_momentum side=NO infl=-0.0400 thr=0.0100 ask=0.590 delta=-0.0114%
2955512,S52_Liquidity_Momentum,NO,1784346933.137726,0.500000,5,1784346934.344193,0.490000,0.039062,-0.089062,liquidity_momentum side=NO infl=-0.0500 thr=0.0100 ask=0.500 delta=-0.0102%
2955723,S52_Liquidity_Momentum,NO,1784347224.020705,0.660000,5,1784347224.598419,0.650000,0.041543,-0.091543,liquidity_momentum side=NO infl=-0.0200 thr=0.0100 ask=0.660 delta=-0.0121%
2955868,S52_Liquidity_Momentum,NO,1784348116.195743,0.700000,5,1784348117.332616,0.690000,0.038588,-0.088588,liquidity_momentum side=NO infl=-0.0100 thr=0.0100 ask=0.700 delta=-0.0110%
2955884,S52_Liquidity_Momentum,NO,1784348451.859488,0.700000,5,1784348454.042653,0.720000,0.038588,0.061412,liquidity_momentum side=NO infl=-0.0600 thr=0.0100 ask=0.700 delta=-0.0352%
2955955,S52_Liquidity_Momentum,YES,1784348742.128197,0.660000,5,1784348743.228718,0.650000,0.041543,-0.091543,liquidity_momentum side=YES infl=0.0100 thr=0.0100 ask=0.660 delta=0.0129%
2956017,S52_Liquidity_Momentum,NO,1784349331.760625,0.700000,5,1784349332.946853,0.680000,0.038588,-0.138587,liquidity_momentum side=NO infl=-0.0400 thr=0.0100 ask=0.700 delta=-0.0237%
2956023,S52_Liquidity_Momentum,YES,1784349741.597763,0.690000,5,1784349743.549327,0.690000,0.039462,-0.039462,liquidity_momentum side=YES infl=0.0100 thr=0.0100 ask=0.690 delta=0.0138%
2956046,S52_Liquidity_Momentum,YES,1784350454.24606,0.490000,5,1784350454.363833,0.450000,0.038251,-0.238251,liquidity_momentum side=YES infl=0.0600 thr=0.0100 ask=0.490 delta=0.0102%
2956682,S52_Liquidity_Momentum,NO,1784350916.915028,0.600000,5,1784350917.05045,0.600000,0.043200,-0.043200,liquidity_momentum side=NO infl=-0.0100 thr=0.0100 ask=0.600 delta=-0.0159%
2956691,S52_Liquidity_Momentum,YES,1784351150.065844,0.640000,5,1784351151.519589,0.580000,0.042467,-0.342467,liquidity_momentum side=YES infl=0.0100 thr=0.0100 ask=0.640 delta=0.0108%
2956699,S52_Liquidity_Momentum,NO,1784351519.857206,0.700000,5,1784351521.050331,0.660000,0.038588,-0.238587,liquidity_momentum side=NO infl=-0.1400 thr=0.0100 ask=0.700 delta=-0.0218%
2956712,S52_Liquidity_Momentum,YES,1784351813.999249,0.640000,5,1784351817.876424,0.670000,0.042467,0.107533,liquidity_momentum side=YES infl=0.0100 thr=0.0100 ask=0.640 delta=0.0106%
2956728,S52_Liquidity_Momentum,YES,1784352025.847709,0.640000,5,1784352027.027117,0.630000,0.042467,-0.092467,liquidity_momentum side=YES infl=0.0100 thr=0.0100 ask=0.640 delta=0.0100%
2956733,S52_Liquidity_Momentum,YES,1784352334.257334,0.650000,5,1784352334.696091,0.640000,0.042052,-0.092052,liquidity_momentum side=YES infl=0.0100 thr=0.0100 ask=0.650 delta=0.0101%
2956749,S52_Liquidity_Momentum,YES,1784352619.284414,0.700000,5,1784352619.766103,0.690000,0.038588,-0.088588,liquidity_momentum side=YES infl=0.0600 thr=0.0095 ask=0.700 delta=0.0111%
2956794,S52_Liquidity_Momentum,NO,1784353053.015792,0.680000,5,1784353054.658558,0.670000,0.040247,-0.090247,liquidity_momentum side=NO infl=-0.0100 thr=0.0100 ask=0.680 delta=-0.0107%
2956852,S52_Liquidity_Momentum,NO,1784353514.739723,0.680000,5,1784353517.400516,0.340000,0.040247,-1.740247,liquidity_momentum side=NO infl=-0.0100 thr=0.0100 ask=0.680 delta=-0.0145%
2956866,S52_Liquidity_Momentum,NO,1784353985.174555,0.680000,5,1784353988.014386,0.630000,0.040247,-0.290247,liquidity_momentum side=NO infl=-0.1900 thr=0.0100 ask=0.680 delta=-0.0260%
2956944,S52_Liquidity_Momentum,NO,1784354111.243222,0.530000,5,1784354115.919222,0.710000,0.041109,0.858891,liquidity_momentum side=NO infl=-0.0100 thr=0.0025 ask=0.530 delta=-0.0103%
2956959,S52_Liquidity_Momentum,NO,1784354494.696687,0.660000,5,1784354496.049303,0.640000,0.041543,-0.141543,liquidity_momentum side=NO infl=-0.0100 thr=0.0100 ask=0.660 delta=-0.0143%
2956970,S52_Liquidity_Momentum,YES,1784354871.328082,0.600000,5,1784354871.686448,0.580000,0.043200,-0.143200,liquidity_momentum side=YES infl=0.0100 thr=0.0100 ask=0.600 delta=0.0107%
2956983,S52_Liquidity_Momentum,YES,1784355508.200159,0.610000,5,1784355510.878507,0.600000,0.043155,-0.093155,liquidity_momentum side=YES infl=0.0700 thr=0.0100 ask=0.610 delta=0.0177%
2957005,S52_Liquidity_Momentum,NO,1784355929.991984,0.670000,5,1784355932.779856,0.620000,0.040941,-0.290941,liquidity_momentum side=NO infl=-0.0100 thr=0.0100 ask=0.670 delta=-0.0106%
2957017,S52_Liquidity_Momentum,NO,1784356233.779027,0.670000,5,1784356234.955387,0.660000,0.040941,-0.090941,liquidity_momentum side=NO infl=-0.0300 thr=0.0100 ask=0.670 delta=-0.0100%
2957057,S52_Liquidity_Momentum,NO,1784356654.05844,0.700000,5,1784356654.512268,0.700000,0.038588,-0.038588,liquidity_momentum side=NO infl=-0.0100 thr=0.0100 ask=0.700 delta=-0.0153%
2957123,S52_Liquidity_Momentum,YES,1784358038.093189,0.680000,5,1784358041.082628,0.660000,0.040247,-0.140247,liquidity_momentum side=YES infl=0.0200 thr=0.0200 ask=0.680 delta=0.0135%
2957150,S52_Liquidity_Momentum,YES,1784358687.649038,0.670000,5,1784358688.696534,0.660000,0.040941,-0.090941,liquidity_momentum side=YES infl=0.0100 thr=0.0100 ask=0.670 delta=0.0178%
2957181,S52_Liquidity_Momentum,NO,1784359621.980936,0.430000,5,1784359623.145163,0.420000,0.032290,-0.082290,liquidity_momentum side=NO infl=-0.0100 thr=0.0100 ask=0.430 delta=-0.0100%
2957194,S52_Liquidity_Momentum,NO,1784359808.334138,0.670000,5,1784359811.438598,0.640000,0.040941,-0.190941,liquidity_momentum side=NO infl=-0.0100 thr=0.0100 ask=0.670 delta=-0.0124%
2957285,S52_Liquidity_Momentum,NO,1784360412.272359,0.680000,5,1784360413.501498,0.660000,0.040247,-0.140247,liquidity_momentum side=NO infl=-0.0600 thr=0.0100 ask=0.680 delta=-0.0129%
2957317,S52_Liquidity_Momentum,NO,1784361021.827493,0.660000,5,1784361022.997599,0.630000,0.041543,-0.191543,liquidity_momentum side=NO infl=-0.0200 thr=0.0100 ask=0.660 delta=-0.0199%
2957355,S52_Liquidity_Momentum,YES,1784361451.750396,0.430000,5,1784361451.988813,0.370000,0.032290,-0.332290,liquidity_momentum side=YES infl=0.0900 thr=0.0100 ask=0.430 delta=0.0129%
2957367,S52_Liquidity_Momentum,NO,1784361601.457474,0.490000,5,1784361603.227609,0.380000,0.038251,-0.588251,liquidity_momentum side=NO infl=-0.0100 thr=0.0050 ask=0.490 delta=-0.0110%
2957398,S52_Liquidity_Momentum,NO,1784361948.951887,0.700000,5,1784361950.111978,0.690000,0.038588,-0.088588,liquidity_momentum side=NO infl=-0.0200 thr=0.0100 ask=0.700 delta=-0.0219%
2957409,S52_Liquidity_Momentum,YES,1784362230.307506,0.690000,5,1784362237.607435,0.610000,0.039462,-0.439462,liquidity_momentum side=YES infl=0.0100 thr=0.0100 ask=0.690 delta=0.0167%
2957437,S52_Liquidity_Momentum,NO,1784362830.662801,0.670000,5,1784362831.219831,0.660000,0.040941,-0.090941,liquidity_momentum side=NO infl=-0.0400 thr=0.0100 ask=0.670 delta=-0.0124%
2957442,S52_Liquidity_Momentum,NO,1784363210.715853,0.430000,5,1784363213.579762,0.440000,0.032290,0.017710,liquidity_momentum side=NO infl=-0.0400 thr=0.0100 ask=0.430 delta=-0.0104%
2957451,S52_Liquidity_Momentum,YES,1784363459.723463,0.610000,5,1784363461.339811,0.620000,0.043155,0.006845,liquidity_momentum side=YES infl=0.0300 thr=0.0100 ask=0.610 delta=0.0180%
2957502,S52_Liquidity_Momentum,NO,1784363740.319897,0.700000,5,1784363741.132356,0.700000,0.038588,-0.038588,liquidity_momentum side=NO infl=-0.0200 thr=0.0100 ask=0.700 delta=-0.0140%
2957557,S52_Liquidity_Momentum,NO,1784364077.085432,0.690000,5,1784364080.785092,0.710000,0.039462,0.060538,liquidity_momentum side=NO infl=-0.0400 thr=0.0100 ask=0.690 delta=-0.0176%
2957577,S52_Liquidity_Momentum,YES,1784364360.782416,0.630000,5,1784364362.478334,0.660000,0.042789,0.107211,liquidity_momentum side=YES infl=0.0100 thr=0.0100 ask=0.630 delta=0.0107%
2957583,S52_Liquidity_Momentum,NO,1784364778.412658,0.700000,5,1784364779.612135,0.690000,0.038588,-0.088588,liquidity_momentum side=NO infl=-0.1000 thr=0.0100 ask=0.700 delta=-0.0115%
2957595,S52_Liquidity_Momentum,NO,1784365146.641913,0.700000,5,1784365152.31661,0.290000,0.038588,-2.088588,liquidity_momentum side=NO infl=-0.1900 thr=0.0100 ask=0.700 delta=-0.0124%
2957654,S52_Liquidity_Momentum,YES,1784365930.262766,0.640000,5,1784365930.905363,0.630000,0.042467,-0.092467,liquidity_momentum side=YES infl=0.0400 thr=0.0100 ask=0.640 delta=0.0139%
2957670,S52_Liquidity_Momentum,NO,1784366328.95481,0.400000,5,1784366330.327956,0.390000,0.028800,-0.078800,liquidity_momentum side=NO infl=-1.0200 thr=0.0100 ask=0.400 delta=-0.0190%
2957677,S52_Liquidity_Momentum,NO,1784366460.721452,0.700000,5,1784366460.851944,0.710000,0.038588,0.011412,liquidity_momentum side=NO infl=-0.0400 thr=0.0100 ask=0.700 delta=-0.0132%
2957683,S52_Liquidity_Momentum,NO,1784366839.803564,0.690000,5,1784366844.116724,0.680000,0.039462,-0.089462,liquidity_momentum side=NO infl=-0.0400 thr=0.0100 ask=0.690 delta=-0.0195%
2957694,S52_Liquidity_Momentum,YES,1784367050.468009,0.620000,5,1784367052.836091,0.590000,0.043018,-0.193018,liquidity_momentum side=YES infl=0.0100 thr=0.0100 ask=0.620 delta=0.0103%
2957741,S52_Liquidity_Momentum,YES,1784367405.248022,0.640000,5,1784367408.078688,0.690000,0.042467,0.207533,liquidity_momentum side=YES infl=0.0100 thr=0.0100 ask=0.640 delta=0.0106%
2958123,S52_Liquidity_Momentum,YES,1784370960.45885,0.680000,5,1784370963.577252,0.500000,0.040247,-0.940247,liquidity_momentum side=YES infl=0.0200 thr=0.0100 ask=0.680 delta=0.0113%
2958179,S52_Liquidity_Momentum,YES,1784371931.527416,0.650000,5,1784371934.14168,0.690000,0.042052,0.157948,liquidity_momentum side=YES infl=0.0100 thr=0.0100 ask=0.650 delta=0.0115%
2958398,S52_Liquidity_Momentum,YES,1784372943.964025,0.540000,5,1784372946.324613,0.530000,0.041649,-0.091649,liquidity_momentum side=YES infl=0.0400 thr=0.0100 ask=0.540 delta=0.0101%
2958877,S52_Liquidity_Momentum,YES,1784376009.30727,0.650000,5,1784376011.505061,0.640000,0.042052,-0.092052,liquidity_momentum side=YES infl=0.1500 thr=0.0600 ask=0.650 delta=0.0138%
2958905,S52_Liquidity_Momentum,YES,1784376305.028054,0.560000,5,1784376306.096357,0.550000,0.042499,-0.092499,liquidity_momentum side=YES infl=0.0600 thr=0.0260 ask=0.560 delta=0.0115%
2958916,S52_Liquidity_Momentum,YES,1784376611.99098,0.610000,5,1784376615.307851,0.520000,0.043155,-0.493155,liquidity_momentum side=YES infl=0.1000 thr=0.0600 ask=0.610 delta=0.0126%
2958934,S52_Liquidity_Momentum,YES,1784376909.239047,0.620000,5,1784376910.567637,0.610000,0.043018,-0.093018,liquidity_momentum side=YES infl=0.0600 thr=0.0400 ask=0.620 delta=0.0106%
2958948,S52_Liquidity_Momentum,YES,1784377201.857147,0.620000,5,1784377203.88078,0.580000,0.043018,-0.243018,liquidity_momentum side=YES infl=0.2000 thr=0.0825 ask=0.620 delta=0.0111%
2958982,S52_Liquidity_Momentum,NO,1784378024.503217,0.670000,5,1784378031.622588,0.210000,0.040941,-2.340941,liquidity_momentum side=NO infl=-0.1000 thr=0.0100 ask=0.670 delta=-0.0303%
2959036,S52_Liquidity_Momentum,NO,1784378426.906105,0.690000,5,1784378428.340383,0.670000,0.039462,-0.139462,liquidity_momentum side=NO infl=-0.0500 thr=0.0400 ask=0.690 delta=-0.0292%
2959060,S52_Liquidity_Momentum,YES,1784379026.257145,0.640000,5,1784379027.417926,0.630000,0.042467,-0.092467,liquidity_momentum side=YES infl=0.0100 thr=0.0100 ask=0.640 delta=0.0118%
2959097,S52_Liquidity_Momentum,YES,1784379431.881746,0.620000,5,1784379432.820381,0.610000,0.043018,-0.093018,liquidity_momentum side=YES infl=0.0700 thr=0.0100 ask=0.620 delta=0.0122%
2959116,S52_Liquidity_Momentum,NO,1784379615.209235,0.670000,5,1784379619.47142,0.650000,0.040941,-0.140941,liquidity_momentum side=NO infl=-0.0200 thr=0.0200 ask=0.670 delta=-0.0350%
2959126,S52_Liquidity_Momentum,NO,1784379907.453319,0.510000,5,1784379908.232715,0.500000,0.039812,-0.089812,liquidity_momentum side=NO infl=-0.2000 thr=0.0190 ask=0.510 delta=-0.0117%
2959141,S52_Liquidity_Momentum,NO,1784380234.58476,0.700000,5,1784380236.786335,0.710000,0.038588,0.011412,liquidity_momentum side=NO infl=-0.1200 thr=0.0210 ask=0.700 delta=-0.0416%
2959146,S52_Liquidity_Momentum,YES,1784380503.563101,0.610000,5,1784380503.700092,0.590000,0.043155,-0.143155,liquidity_momentum side=YES infl=0.0100 thr=0.0100 ask=0.610 delta=0.0111%
2959165,S52_Liquidity_Momentum,YES,1784380810.683766,0.670000,5,1784380811.356608,0.660000,0.040941,-0.090941,liquidity_momentum side=YES infl=0.0200 thr=0.0120 ask=0.670 delta=0.0123%
2959177,S52_Liquidity_Momentum,YES,1784381149.415122,0.690000,5,1784381149.939461,0.680000,0.039462,-0.089462,liquidity_momentum side=YES infl=0.0100 thr=0.0100 ask=0.690 delta=0.0237%
2959187,S52_Liquidity_Momentum,YES,1784381430.858663,0.650000,5,1784381431.737453,0.640000,0.042052,-0.092052,liquidity_momentum side=YES infl=0.0100 thr=0.0100 ask=0.650 delta=0.0101%
2959239,S52_Liquidity_Momentum,NO,1784381724.393605,0.690000,5,1784381725.702126,0.680000,0.039462,-0.089462,liquidity_momentum side=NO infl=-0.0200 thr=0.0125 ask=0.690 delta=-0.0152%
2959249,S52_Liquidity_Momentum,YES,1784382050.127788,0.640000,5,1784382051.412428,0.630000,0.042467,-0.092467,liquidity_momentum side=YES infl=0.0100 thr=0.0100 ask=0.640 delta=0.0110%
2959277,S52_Liquidity_Momentum,YES,1784382403.594871,0.520000,5,1784382403.842634,0.510000,0.040495,-0.090495,liquidity_momentum side=YES infl=0.0100 thr=0.0100 ask=0.520 delta=0.0169%
2959287,S52_Liquidity_Momentum,YES,1784382611.055806,0.630000,5,1784382612.095414,0.620000,0.042789,-0.092789,liquidity_momentum side=YES infl=0.1400 thr=0.0400 ask=0.630 delta=0.0145%
2959317,S52_Liquidity_Momentum,YES,1784383202.620745,0.670000,5,1784383204.367424,0.680000,0.040941,0.009059,liquidity_momentum side=YES infl=0.1900 thr=0.0850 ask=0.670 delta=0.0114%
2959325,S52_Liquidity_Momentum,YES,1784383501.49922,0.490000,5,1784383503.41058,0.530000,0.038251,0.161749,liquidity_momentum side=YES infl=0.0500 thr=0.0250 ask=0.490 delta=0.0116%
2959334,S52_Liquidity_Momentum,YES,1784383849.417371,0.680000,5,1784383851.171512,0.680000,0.040247,-0.040247,liquidity_momentum side=YES infl=0.0100 thr=0.0100 ask=0.680 delta=0.0122%
2959354,S52_Liquidity_Momentum,NO,1784384117.195715,0.650000,5,1784384118.917314,0.670000,0.042052,0.057948,liquidity_momentum side=NO infl=-0.0100 thr=0.0100 ask=0.650 delta=-0.0133%
2959365,S52_Liquidity_Momentum,YES,1784384494.33212,0.670000,5,1784384495.585485,0.660000,0.040941,-0.090941,liquidity_momentum side=YES infl=0.0100 thr=0.0090 ask=0.670 delta=0.0110%
2959372,S52_Liquidity_Momentum,YES,1784384749.793919,0.580000,5,1784384751.045721,0.570000,0.043022,-0.093022,liquidity_momentum side=YES infl=0.0500 thr=0.0100 ask=0.580 delta=0.0108%
2959393,S52_Liquidity_Momentum,YES,1784385017.609659,0.640000,5,1784385018.495203,0.630000,0.042467,-0.092467,liquidity_momentum side=YES infl=0.2600 thr=0.0670 ask=0.640 delta=0.0143%
2959437,S52_Liquidity_Momentum,NO,1784385536.035904,0.690000,5,1784385546.418726,0.500000,0.039462,-0.989462,liquidity_momentum side=NO infl=-0.4200 thr=0.0100 ask=0.690 delta=-0.0256%
2959470,S52_Liquidity_Momentum,NO,1784385643.809266,0.700000,5,1784385648.955554,0.740000,0.038588,0.161413,liquidity_momentum side=NO infl=-0.1000 thr=0.0100 ask=0.700 delta=-0.0188%
2959489,S52_Liquidity_Momentum,NO,1784386102.4531,0.700000,5,1784386106.888027,0.740000,0.038588,0.161413,liquidity_momentum side=NO infl=-0.3300 thr=0.0100 ask=0.700 delta=-0.0182%
2959500,S52_Liquidity_Momentum,NO,1784386366.928812,0.670000,5,1784386373.341453,0.600000,0.040941,-0.390941,liquidity_momentum side=NO infl=-0.2800 thr=0.0600 ask=0.670 delta=-0.0141%
2959634,S52_Liquidity_Momentum,YES,1784386929.023253,0.400000,5,1784386929.850078,0.350000,0.028800,-0.278800,liquidity_momentum side=YES infl=0.1000 thr=0.0400 ask=0.400 delta=0.0101%
2959675,S52_Liquidity_Momentum,YES,1784387171.945511,0.690000,5,1784387173.387231,0.690000,0.039462,-0.039462,liquidity_momentum side=YES infl=0.0100 thr=0.0100 ask=0.690 delta=0.0164%
2959691,S52_Liquidity_Momentum,NO,1784387459.133384,0.500000,5,1784387459.51824,0.490000,0.039062,-0.089062,liquidity_momentum side=NO infl=-0.5200 thr=0.0600 ask=0.500 delta=-0.0129%
2959881,S52_Liquidity_Momentum,YES,1784387770.952664,0.400000,5,1784387775.144541,0.350000,0.028800,-0.278800,liquidity_momentum side=YES infl=0.0600 thr=0.0600 ask=0.400 delta=0.0108%
2960009,S52_Liquidity_Momentum,YES,1784388908.603939,0.450000,5,1784388917.045406,0.470000,0.034457,0.065543,liquidity_momentum side=YES infl=0.0600 thr=0.0400 ask=0.450 delta=0.0105%
2960033,S52_Liquidity_Momentum,NO,1784389475.698969,0.210000,5,1784389477.328944,0.190000,0.007225,-0.107225,liquidity_momentum side=NO infl=-0.0700 thr=0.0600 ask=0.210 delta=-0.0105%
2960049,S52_Liquidity_Momentum,NO,1784389540.600264,0.330000,5,1784389542.140479,0.260000,0.020165,-0.370165,liquidity_momentum side=NO infl=-0.0900 thr=0.0400 ask=0.330 delta=-0.0170%
2960059,S52_Liquidity_Momentum,YES,1784389809.521101,0.680000,5,1784389811.464808,0.700000,0.040247,0.059753,liquidity_momentum side=YES infl=0.0700 thr=0.0400 ask=0.680 delta=0.0148%
2960255,S52_Liquidity_Momentum,YES,1784390183.108291,0.340000,5,1784390184.127019,0.320000,0.021401,-0.121401,liquidity_momentum side=YES infl=0.0600 thr=0.0400 ask=0.340 delta=0.0115%
2960269,S52_Liquidity_Momentum,NO,1784390565.909399,0.700000,5,1784390568.962058,0.560000,0.038588,-0.738587,liquidity_momentum side=NO infl=-0.0900 thr=0.0100 ask=0.700 delta=-0.0238%
2960289,S52_Liquidity_Momentum,NO,1784390818.944375,0.340000,5,1784390820.195542,0.330000,0.021401,-0.071401,liquidity_momentum side=NO infl=-0.0400 thr=0.0400 ask=0.340 delta=-0.0150%
2960302,S52_Liquidity_Momentum,YES,1784391039.984429,0.690000,5,1784391040.511455,0.720000,0.039462,0.110538,liquidity_momentum side=YES infl=0.0200 thr=0.0105 ask=0.690 delta=0.0102%
2960326,S52_Liquidity_Momentum,NO,1784391632.046734,0.330000,5,1784391634.930204,0.260000,0.020165,-0.370165,liquidity_momentum side=NO infl=-0.1200 thr=0.0600 ask=0.330 delta=-0.0264%
2960332,S52_Liquidity_Momentum,YES,1784391910.196933,0.650000,5,1784391915.441342,0.580000,0.042052,-0.392052,liquidity_momentum side=YES infl=0.0100 thr=0.0100 ask=0.650 delta=0.0108%
2960367,S52_Liquidity_Momentum,YES,1784392310.382801,0.510000,5,1784392311.683775,0.500000,0.039812,-0.089812,liquidity_momentum side=YES infl=0.0300 thr=0.0100 ask=0.510 delta=0.0102%
2960425,S52_Liquidity_Momentum,NO,1784392501.537798,0.500000,5,1784392501.679006,0.490000,0.039062,-0.089062,liquidity_momentum side=NO infl=-0.0100 thr=0.0050 ask=0.500 delta=-0.0201%
2960475,S52_Liquidity_Momentum,NO,1784393551.125274,0.300000,5,1784393561.0256,0.080000,0.016537,-1.116538,liquidity_momentum side=NO infl=-1.1100 thr=0.0400 ask=0.300 delta=-0.0716%
2960862,S52_Liquidity_Momentum,NO,1784393716.985774,0.520000,5,1784393717.23708,0.530000,0.040495,0.009505,liquidity_momentum side=NO infl=-0.0400 thr=0.0400 ask=0.520 delta=-0.0134%
2960864,S52_Liquidity_Momentum,NO,1784394052.589357,0.460000,5,1784394053.882665,0.450000,0.035479,-0.085479,liquidity_momentum side=NO infl=-0.0500 thr=0.0400 ask=0.460 delta=-0.0104%
2960881,S52_Liquidity_Momentum,NO,1784394411.39386,0.650000,5,1784394413.837157,0.620000,0.042052,-0.192052,liquidity_momentum side=NO infl=-0.0400 thr=0.0400 ask=0.650 delta=-0.0143%
2960981,S52_Liquidity_Momentum,YES,1784394642.026569,0.670000,5,1784394642.341321,0.650000,0.040941,-0.140941,liquidity_momentum side=YES infl=0.0100 thr=0.0100 ask=0.670 delta=0.0116%
2960991,S52_Liquidity_Momentum,YES,1784394952.961729,0.700000,5,1784394954.452458,0.680000,0.038588,-0.138587,liquidity_momentum side=YES infl=0.1800 thr=0.0200 ask=0.700 delta=0.0182%
2961007,S52_Liquidity_Momentum,YES,1784395208.899743,0.600000,5,1784395209.028518,0.590000,0.043200,-0.093200,liquidity_momentum side=YES infl=0.1200 thr=0.0400 ask=0.600 delta=0.0117%
2961135,S52_Liquidity_Momentum,NO,1784395579.681939,0.630000,5,1784395580.954948,0.620000,0.042789,-0.092789,liquidity_momentum side=NO infl=-0.0100 thr=0.0100 ask=0.630 delta=-0.0110%
2961155,S52_Liquidity_Momentum,YES,1784395807.081602,0.680000,5,1784395811.338861,0.620000,0.040247,-0.340247,liquidity_momentum side=YES infl=0.1800 thr=0.0310 ask=0.680 delta=0.0104%
2961250,S52_Liquidity_Momentum,YES,1784396406.216447,0.510000,5,1784396415.638066,0.610000,0.039812,0.460188,liquidity_momentum side=YES infl=0.0100 thr=0.0100 ask=0.510 delta=0.0150%
2961273,S52_Liquidity_Momentum,NO,1784396706.216697,0.510000,5,1784396709.724415,0.530000,0.039812,0.060188,liquidity_momentum side=NO infl=-0.0700 thr=0.0600 ask=0.510 delta=-0.0172%
2961282,S52_Liquidity_Momentum,NO,1784397039.338312,0.600000,5,1784397039.805234,0.590000,0.043200,-0.093200,liquidity_momentum side=NO infl=-0.1200 thr=0.0400 ask=0.600 delta=-0.0237%
2961310,S52_Liquidity_Momentum,NO,1784397381.383752,0.660000,5,1784397383.055056,0.640000,0.041543,-0.141543,liquidity_momentum side=NO infl=-0.0800 thr=0.0400 ask=0.660 delta=-0.0251%
2961509,S52_Liquidity_Momentum,NO,1784397740.281289,0.420000,5,1784397741.682704,0.360000,0.031154,-0.331154,liquidity_momentum side=NO infl=-0.1400 thr=0.0400 ask=0.420 delta=-0.0101%
2961529,S52_Liquidity_Momentum,NO,1784397921.486453,0.660000,5,1784397926.319237,0.610000,0.041543,-0.291543,liquidity_momentum side=NO infl=-0.1100 thr=0.0100 ask=0.660 delta=-0.0161%
2961601,S52_Liquidity_Momentum,YES,1784398608.57871,0.610000,5,1784398609.89084,0.600000,0.043155,-0.093155,liquidity_momentum side=YES infl=0.0100 thr=0.0100 ask=0.610 delta=0.0131%
2961607,S52_Liquidity_Momentum,YES,1784398816.99265,0.530000,5,1784398817.134392,0.500000,0.041109,-0.191109,liquidity_momentum side=YES infl=0.0400 thr=0.0400 ask=0.530 delta=0.0108%
2961997,S52_Liquidity_Momentum,YES,1784399101.846291,0.500000,5,1784399102.518591,0.490000,0.039062,-0.089062,liquidity_momentum side=YES infl=0.0200 thr=0.0100 ask=0.500 delta=0.0178%
2962151,S52_Liquidity_Momentum,NO,1784399423.063378,0.670000,5,1784399424.514454,0.660000,0.040941,-0.090941,liquidity_momentum side=NO infl=-0.0600 thr=0.0100 ask=0.670 delta=-0.0257%
2962211,S52_Liquidity_Momentum,YES,1784399764.009242,0.580000,5,1784399765.844735,0.600000,0.043022,0.056978,liquidity_momentum side=YES infl=0.0400 thr=0.0100 ask=0.580 delta=0.0106%
2962522,S52_Liquidity_Momentum,NO,1784400074.136741,0.640000,5,1784400075.420621,0.630000,0.042467,-0.092467,liquidity_momentum side=NO infl=-0.0100 thr=0.0100 ask=0.640 delta=-0.0101%
2962822,S52_Liquidity_Momentum,YES,1784400348.189969,0.680000,5,1784400353.696386,0.680000,0.040247,-0.040247,liquidity_momentum side=YES infl=0.0200 thr=0.0100 ask=0.680 delta=0.0104%
2963033,S52_Liquidity_Momentum,NO,1784400975.478295,0.700000,5,1784400978.518113,0.680000,0.038588,-0.138587,liquidity_momentum side=NO infl=-0.1000 thr=0.0100 ask=0.700 delta=-0.0181%
2963053,S52_Liquidity_Momentum,YES,1784401210.782629,0.570000,5,1784401211.390559,0.560000,0.042803,-0.092803,liquidity_momentum side=YES infl=0.0100 thr=0.0100 ask=0.570 delta=0.0116%
2963064,S52_Liquidity_Momentum,YES,1784401503.329915,0.610000,5,1784401503.616174,0.600000,0.043155,-0.093155,liquidity_momentum side=YES infl=0.1400 thr=0.0570 ask=0.610 delta=0.0100%
2963071,S52_Liquidity_Momentum,NO,1784401806.095132,0.610000,5,1784401807.585803,0.600000,0.043155,-0.093155,liquidity_momentum side=NO infl=-0.0100 thr=0.0100 ask=0.610 delta=-0.0120%
2963089,S52_Liquidity_Momentum,YES,1784402104.454512,0.580000,5,1784402105.236417,0.570000,0.043022,-0.093022,liquidity_momentum side=YES infl=0.1000 thr=0.0200 ask=0.580 delta=0.0117%
2963108,S52_Liquidity_Momentum,YES,1784402454.30639,0.590000,5,1784402457.551921,0.550000,0.043155,-0.243155,liquidity_momentum side=YES infl=0.0100 thr=0.0100 ask=0.590 delta=0.0139%
2963113,S52_Liquidity_Momentum,YES,1784402746.845229,0.500000,5,1784402750.840225,0.440000,0.039062,-0.339062,liquidity_momentum side=YES infl=0.0400 thr=0.0400 ask=0.500 delta=0.0101%
2963121,S52_Liquidity_Momentum,YES,1784403070.430898,0.640000,5,1784403071.187701,0.620000,0.042467,-0.142467,liquidity_momentum side=YES infl=0.0100 thr=0.0100 ask=0.640 delta=0.0114%
2963175,S52_Liquidity_Momentum,YES,1784403309.721834,0.620000,5,1784403311.858847,0.630000,0.043018,0.006982,liquidity_momentum side=YES infl=0.0200 thr=0.0100 ask=0.620 delta=0.0125%
2963244,S52_Liquidity_Momentum,NO,1784403629.580689,0.660000,5,1784403633.043772,0.610000,0.041543,-0.291543,liquidity_momentum side=NO infl=-0.0400 thr=0.0100 ask=0.660 delta=-0.0157%
2963268,S52_Liquidity_Momentum,NO,1784404213.213503,0.600000,5,1784404214.588389,0.590000,0.043200,-0.093200,liquidity_momentum side=NO infl=-0.0100 thr=0.0100 ask=0.600 delta=-0.0156%
2963300,S52_Liquidity_Momentum,YES,1784404680.493915,0.640000,5,1784404682.293729,0.640000,0.042467,-0.042467,liquidity_momentum side=YES infl=0.0400 thr=0.0100 ask=0.640 delta=0.0109%
2963323,S52_Liquidity_Momentum,NO,1784404839.312571,0.640000,5,1784404840.025181,0.630000,0.042467,-0.092467,liquidity_momentum side=NO infl=-0.0600 thr=0.0550 ask=0.640 delta=-0.0198%
2963343,S52_Liquidity_Momentum,NO,1784405114.340815,0.570000,5,1784405114.731245,0.560000,0.042803,-0.092803,liquidity_momentum side=NO infl=-0.0100 thr=0.0100 ask=0.570 delta=-0.0239%
2963355,S52_Liquidity_Momentum,YES,1784405415.289857,0.690000,5,1784405418.170898,0.710000,0.039462,0.060538,liquidity_momentum side=YES infl=0.0200 thr=0.0200 ask=0.690 delta=0.0107%
2963378,S52_Liquidity_Momentum,YES,1784406008.064257,0.400000,5,1784406011.31376,0.380000,0.028800,-0.128800,liquidity_momentum side=YES infl=0.0400 thr=0.0400 ask=0.400 delta=0.0107%
2963417,S52_Liquidity_Momentum,YES,1784406304.333888,0.450000,5,1784406307.59892,0.450000,0.034457,-0.034457,liquidity_momentum side=YES infl=0.0100 thr=0.0100 ask=0.450 delta=0.0144%
2963422,S52_Liquidity_Momentum,NO,1784406631.682903,0.670000,5,1784406633.329351,0.660000,0.040941,-0.090941,liquidity_momentum side=NO infl=-0.1200 thr=0.0600 ask=0.670 delta=-0.0239%
2963474,S52_Liquidity_Momentum,NO,1784406931.192902,0.520000,5,1784406932.14908,0.540000,0.040495,0.059505,liquidity_momentum side=NO infl=-0.0500 thr=0.0400 ask=0.520 delta=-0.0164%
2963513,S52_Liquidity_Momentum,YES,1784407406.351355,0.690000,5,1784407409.160172,0.730000,0.039462,0.160538,liquidity_momentum side=YES infl=0.1700 thr=0.0100 ask=0.690 delta=0.0237%
2963525,S52_Liquidity_Momentum,YES,1784407501.695129,0.610000,5,1784407504.353082,0.620000,0.043155,0.006845,liquidity_momentum side=YES infl=0.2000 thr=0.0865 ask=0.610 delta=0.0142%
2963538,S52_Liquidity_Momentum,NO,1784407832.827474,0.630000,5,1784407834.517928,0.580000,0.042789,-0.292789,liquidity_momentum side=NO infl=-0.0100 thr=0.0100 ask=0.630 delta=-0.0102%
2963557,S52_Liquidity_Momentum,YES,1784408116.968249,0.440000,5,1784408117.731864,0.420000,0.033392,-0.133392,liquidity_momentum side=YES infl=0.0500 thr=0.0400 ask=0.440 delta=0.0111%
2963568,S52_Liquidity_Momentum,NO,1784408418.951261,0.650000,5,1784408420.269291,0.640000,0.042052,-0.092052,liquidity_momentum side=NO infl=-0.0500 thr=0.0400 ask=0.650 delta=-0.0207%
2963581,S52_Liquidity_Momentum,YES,1784408736.005306,0.620000,5,1784408736.522881,0.610000,0.043018,-0.093018,liquidity_momentum side=YES infl=0.0400 thr=0.0270 ask=0.620 delta=0.0154%
2963589,S52_Liquidity_Momentum,YES,1784409003.088192,0.550000,5,1784409003.730605,0.540000,0.042114,-0.092114,liquidity_momentum side=YES infl=0.0400 thr=0.0385 ask=0.550 delta=0.0108%
2963677,S52_Liquidity_Momentum,YES,1784409301.516092,0.590000,5,1784409311.188991,0.610000,0.043155,0.056845,liquidity_momentum side=YES infl=0.1900 thr=0.0700 ask=0.590 delta=0.0205%
2963688,S52_Liquidity_Momentum,NO,1784409639.662939,0.580000,5,1784409642.782074,0.280000,0.043022,-1.543022,liquidity_momentum side=NO infl=-0.4300 thr=0.0100 ask=0.580 delta=-0.0282%
2963776,S52_Liquidity_Momentum,YES,1784409911.046644,0.650000,5,1784409912.446238,0.640000,0.042052,-0.092052,liquidity_momentum side=YES infl=0.0600 thr=0.0340 ask=0.650 delta=0.0109%
2963786,S52_Liquidity_Momentum,NO,1784410238.429876,0.700000,5,1784410239.951463,0.680000,0.038588,-0.138587,liquidity_momentum side=NO infl=-0.0600 thr=0.0100 ask=0.700 delta=-0.0270%
2963888,S52_Liquidity_Momentum,NO,1784410580.858571,0.700000,5,1784410582.150054,0.690000,0.038588,-0.088588,liquidity_momentum side=NO infl=-0.0200 thr=0.0100 ask=0.700 delta=-0.0141%
2963915,S52_Liquidity_Momentum,NO,1784410849.407193,0.640000,5,1784410849.647162,0.630000,0.042467,-0.092467,liquidity_momentum side=NO infl=-0.0100 thr=0.0015 ask=0.640 delta=-0.0108%
2963929,S52_Liquidity_Momentum,NO,1784411128.23545,0.630000,5,1784411129.445683,0.620000,0.042789,-0.092789,liquidity_momentum side=NO infl=-0.0400 thr=0.0400 ask=0.630 delta=-0.0135%
2963989,S52_Liquidity_Momentum,YES,1784411418.74088,0.640000,5,1784411425.498686,0.610000,0.042467,-0.192467,liquidity_momentum side=YES infl=0.0400 thr=0.0100 ask=0.640 delta=0.0104%
2964737,S52_Liquidity_Momentum,NO,1784411704.072406,0.570000,5,1784411706.168331,0.550000,0.042803,-0.142803,liquidity_momentum side=NO infl=-0.0100 thr=0.0045 ask=0.570 delta=-0.0110%
2964870,S52_Liquidity_Momentum,YES,1784412004.780463,0.690000,5,1784412005.743107,0.640000,0.039462,-0.289462,liquidity_momentum side=YES infl=0.4100 thr=0.0900 ask=0.690 delta=0.0144%
2964877,S52_Liquidity_Momentum,NO,1784412353.600378,0.680000,5,1784412354.797712,0.670000,0.040247,-0.090247,liquidity_momentum side=NO infl=-0.1500 thr=0.0200 ask=0.680 delta=-0.0170%
2964892,S52_Liquidity_Momentum,YES,1784412611.134082,0.690000,5,1784412612.135452,0.680000,0.039462,-0.089462,liquidity_momentum side=YES infl=0.1100 thr=0.0400 ask=0.690 delta=0.0169%
2964918,S52_Liquidity_Momentum,NO,1784413028.352204,0.660000,5,1784413030.515309,0.570000,0.041543,-0.491543,liquidity_momentum side=NO infl=-0.2500 thr=0.0100 ask=0.660 delta=-0.0184%
2965000,S52_Liquidity_Momentum,YES,1784413372.641179,0.660000,5,1784413374.328209,0.670000,0.041543,0.008457,liquidity_momentum side=YES infl=0.0400 thr=0.0100 ask=0.660 delta=0.0230%
2965044,S52_Liquidity_Momentum,NO,1784413549.527135,0.700000,5,1784413550.643703,0.690000,0.038588,-0.088588,liquidity_momentum side=NO infl=-0.0100 thr=0.0100 ask=0.700 delta=-0.0175%
2965065,S52_Liquidity_Momentum,NO,1784413816.454315,0.610000,5,1784413817.62324,0.600000,0.043155,-0.093155,liquidity_momentum side=NO infl=-0.0100 thr=0.0100 ask=0.610 delta=-0.0140%
2965128,S52_Liquidity_Momentum,NO,1784414106.943055,0.660000,5,1784414112.056315,0.600000,0.041543,-0.341543,liquidity_momentum side=NO infl=-0.0600 thr=0.0320 ask=0.660 delta=-0.0150%
2965328,S52_Liquidity_Momentum,YES,1784414411.349808,0.620000,5,1784414412.925192,0.620000,0.043018,-0.043018,liquidity_momentum side=YES infl=0.0100 thr=0.0100 ask=0.620 delta=0.0128%
2965351,S52_Liquidity_Momentum,NO,1784414711.254091,0.660000,5,1784414713.210501,0.640000,0.041543,-0.141543,liquidity_momentum side=NO infl=-0.0100 thr=0.0100 ask=0.660 delta=-0.0155%
2965356,S52_Liquidity_Momentum,YES,1784415022.519559,0.610000,5,1784415024.455524,0.640000,0.043155,0.106845,liquidity_momentum side=YES infl=0.0200 thr=0.0100 ask=0.610 delta=0.0106%
2966339,S52_Liquidity_Momentum,NO,1784415314.905056,0.560000,5,1784415315.012641,0.570000,0.042499,0.007501,liquidity_momentum side=NO infl=-0.0400 thr=0.0100 ask=0.560 delta=-0.0113%
2966363,S52_Liquidity_Momentum,NO,1784415781.127155,0.620000,5,1784415783.823414,0.530000,0.043018,-0.493018,liquidity_momentum side=NO infl=-0.0700 thr=0.0100 ask=0.620 delta=-0.0153%
2966385,S52_Liquidity_Momentum,YES,1784415976.559662,0.690000,5,1784415978.017881,0.670000,0.039462,-0.139462,liquidity_momentum side=YES infl=0.1100 thr=0.0100 ask=0.690 delta=0.0102%
2966451,S52_Liquidity_Momentum,NO,1784416237.722328,0.680000,5,1784416240.652504,0.570000,0.040247,-0.590247,liquidity_momentum side=NO infl=-0.0100 thr=0.0100 ask=0.680 delta=-0.0201%
2966509,S52_Liquidity_Momentum,YES,1784416517.938761,0.670000,5,1784416520.72818,0.670000,0.040941,-0.040941,liquidity_momentum side=YES infl=0.0600 thr=0.0100 ask=0.670 delta=0.0105%
2966536,S52_Liquidity_Momentum,YES,1784416805.72777,0.670000,5,1784416806.667864,0.660000,0.040941,-0.090941,liquidity_momentum side=YES infl=0.0700 thr=0.0440 ask=0.670 delta=0.0255%
2966562,S52_Liquidity_Momentum,YES,1784417114.130402,0.630000,5,1784417115.222331,0.620000,0.042789,-0.092789,liquidity_momentum side=YES infl=0.0100 thr=0.0100 ask=0.630 delta=0.0156%
2966620,S52_Liquidity_Momentum,YES,1784417430.886554,0.600000,5,1784417432.473322,0.590000,0.043200,-0.093200,liquidity_momentum side=YES infl=0.0100 thr=0.0100 ask=0.600 delta=0.0121%
2966724,S52_Liquidity_Momentum,NO,1784417736.987458,0.660000,5,1784417737.549832,0.650000,0.041543,-0.091543,liquidity_momentum side=NO infl=-0.0100 thr=0.0100 ask=0.660 delta=-0.0111%
2966804,S52_Liquidity_Momentum,NO,1784418013.594909,0.700000,5,1784418017.252106,0.700000,0.038588,-0.038588,liquidity_momentum side=NO infl=-0.0100 thr=0.0100 ask=0.700 delta=-0.0267%
2966846,S52_Liquidity_Momentum,YES,1784418327.144502,0.540000,5,1784418327.2618,0.530000,0.041649,-0.091649,liquidity_momentum side=YES infl=0.0200 thr=0.0100 ask=0.540 delta=0.0187%
2966865,S52_Liquidity_Momentum,NO,1784418626.825426,0.700000,5,1784418627.919566,0.690000,0.038588,-0.088588,liquidity_momentum side=NO infl=-0.0200 thr=0.0100 ask=0.700 delta=-0.0175%
2966886,S52_Liquidity_Momentum,YES,1784418914.116683,0.590000,5,1784418915.214722,0.580000,0.043155,-0.093155,liquidity_momentum side=YES infl=0.0400 thr=0.0100 ask=0.590 delta=0.0135%
2966949,S52_Liquidity_Momentum,YES,1784419214.91191,0.650000,5,1784419215.281296,0.640000,0.042052,-0.092052,liquidity_momentum side=YES infl=0.0100 thr=0.0100 ask=0.650 delta=0.0133%
2966961,S52_Liquidity_Momentum,YES,1784419683.314276,0.640000,5,1784419692.786779,0.550000,0.042467,-0.492467,liquidity_momentum side=YES infl=0.0200 thr=0.0100 ask=0.640 delta=0.0163%
2966998,S52_Liquidity_Momentum,NO,1784419819.500935,0.580000,5,1784419823.894993,0.540000,0.043022,-0.243022,liquidity_momentum side=NO infl=-0.0400 thr=0.0400 ask=0.580 delta=-0.0121%
2967013,S52_Liquidity_Momentum,YES,1784420253.228262,0.680000,5,1784420255.219927,0.700000,0.040247,0.059753,liquidity_momentum side=YES infl=0.0200 thr=0.0100 ask=0.680 delta=0.0141%
2967037,S52_Liquidity_Momentum,NO,1784420554.604451,0.440000,5,1784420555.829427,0.430000,0.033392,-0.083392,liquidity_momentum side=NO infl=-0.0100 thr=0.0100 ask=0.440 delta=-0.0105%
2967046,S52_Liquidity_Momentum,YES,1784420715.832301,0.500000,5,1784420717.970793,0.540000,0.039062,0.160938,liquidity_momentum side=YES infl=0.0100 thr=0.0100 ask=0.500 delta=0.0112%
2967065,S52_Liquidity_Momentum,YES,1784421007.311771,0.620000,5,1784421009.089792,0.620000,0.043018,-0.043018,liquidity_momentum side=YES infl=0.0100 thr=0.0100 ask=0.620 delta=0.0169%
2967117,S52_Liquidity_Momentum,NO,1784421340.523999,0.680000,5,1784421342.80009,0.660000,0.040247,-0.140247,liquidity_momentum side=NO infl=-0.0200 thr=0.0100 ask=0.680 delta=-0.0174%
2967210,S52_Liquidity_Momentum,YES,1784421629.449082,0.620000,5,1784421630.931037,0.620000,0.043018,-0.043018,liquidity_momentum side=YES infl=0.0400 thr=0.0005 ask=0.620 delta=0.0102%
2967247,S52_Liquidity_Momentum,YES,1784422226.98841,0.680000,5,1784422227.864101,0.670000,0.040247,-0.090247,liquidity_momentum side=YES infl=0.0100 thr=0.0100 ask=0.680 delta=0.0103%
2967260,S52_Liquidity_Momentum,NO,1784422519.6557,0.620000,5,1784422520.792835,0.610000,0.043018,-0.093018,liquidity_momentum side=NO infl=-0.0400 thr=0.0100 ask=0.620 delta=-0.0123%
2967455,S52_Liquidity_Momentum,YES,1784422826.387494,0.590000,5,1784422827.478987,0.580000,0.043155,-0.093155,liquidity_momentum side=YES infl=0.0200 thr=0.0100 ask=0.590 delta=0.0105%
2967489,S52_Liquidity_Momentum,NO,1784423910.660921,0.700000,5,1784423912.075877,0.680000,0.038588,-0.138587,liquidity_momentum side=NO infl=-0.1000 thr=0.0100 ask=0.700 delta=-0.0121%
2967502,S52_Liquidity_Momentum,YES,1784424223.799878,0.360000,5,1784424225.728171,0.480000,0.023888,0.576112,liquidity_momentum side=YES infl=0.0600 thr=0.0100 ask=0.360 delta=0.0129%
2967536,S52_Liquidity_Momentum,YES,1784424324.585081,0.520000,5,1784424326.100477,0.470000,0.040495,-0.290495,liquidity_momentum side=YES infl=0.1100 thr=0.0600 ask=0.520 delta=0.0105%
2967884,S52_Liquidity_Momentum,NO,1784426493.09801,0.690000,5,1784426494.661181,0.670000,0.039462,-0.139462,liquidity_momentum side=NO infl=-0.1800 thr=0.0100 ask=0.690 delta=-0.0818%
2967912,S52_Liquidity_Momentum,YES,1784426702.11924,0.570000,5,1784426703.789151,0.530000,0.042803,-0.242803,liquidity_momentum side=YES infl=0.0300 thr=0.0280 ask=0.570 delta=0.0141%
2967926,S52_Liquidity_Momentum,YES,1784427005.920764,0.610000,5,1784427008.020771,0.630000,0.043155,0.056845,liquidity_momentum side=YES infl=0.0600 thr=0.0490 ask=0.610 delta=0.0111%
2967953,S52_Liquidity_Momentum,YES,1784427309.009804,0.650000,5,1784427311.139326,0.640000,0.042052,-0.092052,liquidity_momentum side=YES infl=0.0500 thr=0.0400 ask=0.650 delta=0.0121%
2967969,S52_Liquidity_Momentum,NO,1784427614.405366,0.630000,5,1784427615.490183,0.620000,0.042789,-0.092789,liquidity_momentum side=NO infl=-0.0200 thr=0.0100 ask=0.630 delta=-0.0328%
2967990,S52_Liquidity_Momentum,YES,1784428221.631478,0.680000,5,1784428221.846276,0.650000,0.040247,-0.190247,liquidity_momentum side=YES infl=0.0400 thr=0.0360 ask=0.680 delta=0.0118%
2968042,S52_Liquidity_Momentum,YES,1784428507.125978,0.620000,5,1784428509.923998,0.660000,0.043018,0.156982,liquidity_momentum side=YES infl=0.0400 thr=0.0085 ask=0.620 delta=0.0192%
2968101,S52_Liquidity_Momentum,NO,1784428830.545632,0.640000,5,1784428831.076716,0.630000,0.042467,-0.092467,liquidity_momentum side=NO infl=-0.0100 thr=0.0100 ask=0.640 delta=-0.0111%
2968131,S52_Liquidity_Momentum,NO,1784429485.754054,0.630000,5,1784429486.42028,0.620000,0.042789,-0.092789,liquidity_momentum side=NO infl=-0.0200 thr=0.0100 ask=0.630 delta=-0.0244%
2968140,S52_Liquidity_Momentum,YES,1784429723.183998,0.630000,5,1784429724.289705,0.620000,0.042789,-0.092789,liquidity_momentum side=YES infl=0.0100 thr=0.0050 ask=0.630 delta=0.0105%
2968144,S52_Liquidity_Momentum,YES,1784430016.946524,0.590000,5,1784430017.932215,0.570000,0.043155,-0.143155,liquidity_momentum side=YES infl=0.0500 thr=0.0400 ask=0.590 delta=0.0143%
2968205,S52_Liquidity_Momentum,YES,1784430654.479722,0.650000,5,1784430656.527355,0.600000,0.042052,-0.292052,liquidity_momentum side=YES infl=0.0400 thr=0.0100 ask=0.650 delta=0.0105%
2968229,S52_Liquidity_Momentum,NO,1784431267.239313,0.680000,5,1784431269.908002,0.680000,0.040247,-0.040247,liquidity_momentum side=NO infl=-0.0100 thr=0.0100 ask=0.680 delta=-0.0219%
2968243,S52_Liquidity_Momentum,YES,1784431596.945046,0.700000,5,1784431599.118465,0.710000,0.038588,0.011412,liquidity_momentum side=YES infl=0.0600 thr=0.0100 ask=0.700 delta=0.0290%
2968262,S52_Liquidity_Momentum,YES,1784431857.898832,0.660000,5,1784431860.192253,0.660000,0.041543,-0.041543,liquidity_momentum side=YES infl=0.0100 thr=0.0040 ask=0.660 delta=0.0101%
2968310,S52_Liquidity_Momentum,YES,1784432119.79861,0.670000,5,1784432122.387822,0.610000,0.040941,-0.340941,liquidity_momentum side=YES infl=0.0900 thr=0.0400 ask=0.670 delta=0.0238%
2968363,S52_Liquidity_Momentum,YES,1784432420.509288,0.660000,5,1784432422.232948,0.660000,0.041543,-0.041543,liquidity_momentum side=YES infl=0.0100 thr=0.0085 ask=0.660 delta=0.0108%
2968401,S52_Liquidity_Momentum,YES,1784432865.517731,0.680000,5,1784432865.860091,0.670000,0.040247,-0.090247,liquidity_momentum side=YES infl=0.1200 thr=0.0100 ask=0.680 delta=0.0128%
2968664,S52_Liquidity_Momentum,NO,1784433307.220391,0.700000,5,1784433307.561441,0.690000,0.038588,-0.088588,liquidity_momentum side=NO infl=-0.0100 thr=0.0100 ask=0.700 delta=-0.0145%
2969035,S52_Liquidity_Momentum,NO,1784433606.879929,0.570000,5,1784433609.428477,0.490000,0.042803,-0.442803,liquidity_momentum side=NO infl=-0.1000 thr=0.0920 ask=0.570 delta=-0.0106%
2969070,S52_Liquidity_Momentum,NO,1784434315.058475,0.680000,5,1784434315.630944,0.670000,0.040247,-0.090247,liquidity_momentum side=NO infl=-0.0100 thr=0.0100 ask=0.680 delta=-0.0125%
2969080,S52_Liquidity_Momentum,YES,1784434523.853776,0.690000,5,1784434528.007485,0.700000,0.039462,0.010538,liquidity_momentum side=YES infl=0.1700 thr=0.0100 ask=0.690 delta=0.0103%
2969090,S52_Liquidity_Momentum,YES,1784434839.984151,0.660000,5,1784434842.470725,0.670000,0.041543,0.008457,liquidity_momentum side=YES infl=0.1200 thr=0.0100 ask=0.660 delta=0.0134%
2969194,S52_Liquidity_Momentum,YES,1784435184.321028,0.660000,5,1784435185.646287,0.660000,0.041543,-0.041543,liquidity_momentum side=YES infl=0.0100 thr=0.0100 ask=0.660 delta=0.0160%
2969204,S52_Liquidity_Momentum,NO,1784435581.075866,0.700000,5,1784435582.825436,0.680000,0.038588,-0.138587,liquidity_momentum side=NO infl=-0.1200 thr=0.0100 ask=0.700 delta=-0.0217%
2969303,S52_Liquidity_Momentum,NO,1784436032.35742,0.680000,5,1784436033.349928,0.680000,0.040247,-0.040247,liquidity_momentum side=NO infl=-0.0100 thr=0.0100 ask=0.680 delta=-0.0110%
2969321,S52_Liquidity_Momentum,NO,1784436496.045339,0.680000,5,1784436497.138963,0.670000,0.040247,-0.090247,liquidity_momentum side=NO infl=-0.3000 thr=0.0100 ask=0.680 delta=-0.0207%
2969828,S52_Liquidity_Momentum,YES,1784437221.518178,0.700000,5,1784437224.285541,0.750000,0.038588,0.211413,liquidity_momentum side=YES infl=0.0200 thr=0.0100 ask=0.700 delta=0.0191%
2969836,S52_Liquidity_Momentum,NO,1784437569.119341,0.700000,5,1784437569.497134,0.700000,0.038588,-0.038588,liquidity_momentum side=NO infl=-0.0200 thr=0.0100 ask=0.700 delta=-0.0286%
2969915,S52_Liquidity_Momentum,YES,1784438175.787426,0.590000,5,1784438176.949659,0.580000,0.043155,-0.093155,liquidity_momentum side=YES infl=0.0100 thr=0.0100 ask=0.590 delta=0.0110%
2969957,S52_Liquidity_Momentum,YES,1784438706.154433,0.500000,5,1784438710.858944,0.590000,0.039062,0.410937,liquidity_momentum side=YES infl=0.0100 thr=0.0100 ask=0.500 delta=0.0192%
2970021,S52_Liquidity_Momentum,NO,1784439337.546935,0.700000,5,1784439341.305066,0.520000,0.038588,-0.938587,liquidity_momentum side=NO infl=-0.3100 thr=0.0400 ask=0.700 delta=-0.0242%
2970074,S52_Liquidity_Momentum,YES,1784440226.615788,0.640000,5,1784440227.410685,0.630000,0.042467,-0.092467,liquidity_momentum side=YES infl=0.0700 thr=0.0180 ask=0.640 delta=0.0173%
2970088,S52_Liquidity_Momentum,NO,1784440582.736255,0.670000,5,1784440584.892415,0.710000,0.040941,0.159059,liquidity_momentum side=NO infl=-0.1400 thr=0.0100 ask=0.670 delta=-0.0171%
2970154,S52_Liquidity_Momentum,NO,1784442446.307356,0.700000,5,1784442452.291937,0.750000,0.038588,0.211413,liquidity_momentum side=NO infl=-0.0800 thr=0.0100 ask=0.700 delta=-0.0216%
2970218,S52_Liquidity_Momentum,NO,1784442952.565262,0.660000,5,1784442958.831364,0.620000,0.041543,-0.241543,liquidity_momentum side=NO infl=-0.1600 thr=0.0100 ask=0.660 delta=-0.0235%
2970229,S52_Liquidity_Momentum,NO,1784443477.179725,0.670000,5,1784443478.372725,0.440000,0.040941,-1.190941,liquidity_momentum side=NO infl=-0.9700 thr=0.0100 ask=0.670 delta=-0.0147%
2970251,S52_Liquidity_Momentum,YES,1784443915.190157,0.670000,5,1784443917.789142,0.680000,0.040941,0.009059,liquidity_momentum side=YES infl=0.0100 thr=0.0100 ask=0.670 delta=0.0153%
2970274,S52_Liquidity_Momentum,YES,1784444539.547575,0.650000,5,1784444540.814973,0.640000,0.042052,-0.092052,liquidity_momentum side=YES infl=0.0100 thr=0.0100 ask=0.650 delta=0.0114%
2970292,S52_Liquidity_Momentum,NO,1784445026.216097,0.650000,5,1784445027.425766,0.640000,0.042052,-0.092052,liquidity_momentum side=NO infl=-0.0100 thr=0.0100 ask=0.650 delta=-0.0100%
2970341,S52_Liquidity_Momentum,NO,1784446006.359526,0.700000,5,1784446008.643023,0.710000,0.038588,0.011412,liquidity_momentum side=NO infl=-0.0800 thr=0.0100 ask=0.700 delta=-0.0137%
2970423,S52_Liquidity_Momentum,NO,1784447213.66857,0.690000,5,1784447214.882095,0.680000,0.039462,-0.089462,liquidity_momentum side=NO infl=-0.0500 thr=0.0100 ask=0.690 delta=-0.0222%
2970433,S52_Liquidity_Momentum,YES,1784447405.747933,0.640000,5,1784447406.360421,0.630000,0.042467,-0.092467,liquidity_momentum side=YES infl=0.0800 thr=0.0400 ask=0.640 delta=0.0113%
2970474,S52_Liquidity_Momentum,NO,1784447808.526976,0.700000,5,1784447808.629252,0.710000,0.038588,0.011412,liquidity_momentum side=NO infl=-0.0400 thr=0.0100 ask=0.700 delta=-0.0111%
2970480,S52_Liquidity_Momentum,YES,1784448010.888086,0.570000,5,1784448017.099824,0.390000,0.042803,-0.942803,liquidity_momentum side=YES infl=0.0100 thr=0.0100 ask=0.570 delta=0.0102%
2970507,S52_Liquidity_Momentum,NO,1784448547.716068,0.680000,5,1784448549.283788,0.710000,0.040247,0.109753,liquidity_momentum side=NO infl=-0.2900 thr=0.0400 ask=0.680 delta=-0.0360%
2970517,S52_Liquidity_Momentum,YES,1784448746.045075,0.700000,5,1784448747.567038,0.690000,0.038588,-0.088588,liquidity_momentum side=YES infl=0.0400 thr=0.0100 ask=0.700 delta=0.0164%
2970542,S52_Liquidity_Momentum,YES,1784448913.719191,0.440000,5,1784448914.320419,0.430000,0.033392,-0.083392,liquidity_momentum side=YES infl=0.0100 thr=0.0100 ask=0.440 delta=0.0152%
2970588,S52_Liquidity_Momentum,NO,1784449289.160644,0.630000,5,1784449291.553504,0.620000,0.042789,-0.092789,liquidity_momentum side=NO infl=-0.0100 thr=0.0100 ask=0.630 delta=-0.0132%
2970599,S52_Liquidity_Momentum,YES,1784449502.492592,0.550000,5,1784449504.009388,0.530000,0.042114,-0.142114,liquidity_momentum side=YES infl=0.1100 thr=0.0820 ask=0.550 delta=0.0356%
2970616,S52_Liquidity_Momentum,YES,1784450061.733819,0.340000,5,1784450065.906481,0.400000,0.021401,0.278599,liquidity_momentum side=YES infl=0.0900 thr=0.0100 ask=0.340 delta=0.0141%
2970671,S52_Liquidity_Momentum,NO,1784450125.608604,0.680000,5,1784450126.444499,0.680000,0.040247,-0.040247,liquidity_momentum side=NO infl=-0.0100 thr=0.0100 ask=0.680 delta=-0.0248%
2970751,S52_Liquidity_Momentum,NO,1784450417.753181,0.680000,5,1784450422.818687,0.440000,0.040247,-1.240247,liquidity_momentum side=NO infl=-0.0100 thr=0.0100 ask=0.680 delta=-0.0219%
2970769,S52_Liquidity_Momentum,YES,1784450806.148877,0.690000,5,1784450807.373382,0.680000,0.039462,-0.089462,liquidity_momentum side=YES infl=0.0100 thr=0.0100 ask=0.690 delta=0.0124%
2970778,S52_Liquidity_Momentum,YES,1784451005.538271,0.670000,5,1784451006.91813,0.670000,0.040941,-0.040941,liquidity_momentum side=YES infl=0.0100 thr=0.0100 ask=0.670 delta=0.0220%
2970872,S52_Liquidity_Momentum,YES,1784451661.689545,0.630000,5,1784451663.223883,0.620000,0.042789,-0.092789,liquidity_momentum side=YES infl=0.0100 thr=0.0100 ask=0.630 delta=0.0105%
2970883,S52_Liquidity_Momentum,NO,1784451925.399352,0.670000,5,1784451926.708011,0.650000,0.040941,-0.140941,liquidity_momentum side=NO infl=-0.0400 thr=0.0295 ask=0.670 delta=-0.0221%
2970892,S52_Liquidity_Momentum,NO,1784452291.357186,0.700000,5,1784452293.515749,0.550000,0.038588,-0.788587,liquidity_momentum side=NO infl=-0.2500 thr=0.0100 ask=0.700 delta=-0.0247%
2970905,S52_Liquidity_Momentum,NO,1784452517.281528,0.700000,5,1784452520.237444,0.650000,0.038588,-0.288587,liquidity_momentum side=NO infl=-0.0300 thr=0.0100 ask=0.700 delta=-0.0226%
2970920,S52_Liquidity_Momentum,NO,1784452852.653718,0.580000,5,1784452854.240184,0.550000,0.043022,-0.193022,liquidity_momentum side=NO infl=-0.0100 thr=0.0100 ask=0.580 delta=-0.0134%
2970935,S52_Liquidity_Momentum,YES,1784453191.008067,0.690000,5,1784453192.727216,0.720000,0.039462,0.110538,liquidity_momentum side=YES infl=0.0100 thr=0.0100 ask=0.690 delta=0.0109%
2970940,S52_Liquidity_Momentum,YES,1784453541.025039,0.630000,5,1784453551.157053,0.660000,0.042789,0.107211,liquidity_momentum side=YES infl=0.0100 thr=0.0100 ask=0.630 delta=0.0179%
2970989,S52_Liquidity_Momentum,NO,1784453820.193488,0.380000,5,1784453820.358949,0.390000,0.026366,0.023634,liquidity_momentum side=NO infl=-0.0400 thr=0.0400 ask=0.380 delta=-0.0131%
2971016,S52_Liquidity_Momentum,NO,1784454036.282479,0.390000,5,1784454036.821836,0.400000,0.027591,0.022409,liquidity_momentum side=NO infl=-0.1000 thr=0.0400 ask=0.390 delta=-0.0118%
2971020,S52_Liquidity_Momentum,NO,1784454381.194612,0.440000,5,1784454381.443049,0.450000,0.033392,0.016608,liquidity_momentum side=NO infl=-0.0400 thr=0.0400 ask=0.440 delta=-0.0180%
2971037,S52_Liquidity_Momentum,YES,1784454722.528547,0.660000,5,1784454724.361082,0.500000,0.041543,-0.841543,liquidity_momentum side=YES infl=0.0200 thr=0.0100 ask=0.660 delta=0.0108%
2971183,S52_Liquidity_Momentum,NO,1784454949.432298,0.630000,5,1784454949.781198,0.620000,0.042789,-0.092789,liquidity_momentum side=NO infl=-0.0100 thr=0.0100 ask=0.630 delta=-0.0112%
2971222,S52_Liquidity_Momentum,NO,1784455227.61433,0.620000,5,1784455230.961117,0.640000,0.043018,0.056982,liquidity_momentum side=NO infl=-0.0300 thr=0.0100 ask=0.620 delta=-0.0108%
2971231,S52_Liquidity_Momentum,NO,1784455548.195339,0.680000,5,1784455550.895262,0.680000,0.040247,-0.040247,liquidity_momentum side=NO infl=-0.2200 thr=0.0100 ask=0.680 delta=-0.0337%
2971241,S52_Liquidity_Momentum,YES,1784455825.708108,0.680000,5,1784455827.046658,0.670000,0.040247,-0.090247,liquidity_momentum side=YES infl=0.0100 thr=0.0100 ask=0.680 delta=0.0121%
2971246,S52_Liquidity_Momentum,YES,1784456212.777982,0.660000,5,1784456214.14606,0.650000,0.041543,-0.091543,liquidity_momentum side=YES infl=0.0100 thr=0.0100 ask=0.660 delta=0.0118%
2971272,S52_Liquidity_Momentum,NO,1784456750.885343,0.420000,5,1784456752.848273,0.400000,0.031154,-0.131154,liquidity_momentum side=NO infl=-0.0600 thr=0.0100 ask=0.420 delta=-0.0107%
2971287,S52_Liquidity_Momentum,NO,1784457088.596891,0.630000,5,1784457091.393329,0.630000,0.042789,-0.042789,liquidity_momentum side=NO infl=-0.0400 thr=0.0400 ask=0.630 delta=-0.0102%
2971333,S52_Liquidity_Momentum,YES,1784457367.044577,0.610000,5,1784457368.995543,0.610000,0.043155,-0.043155,liquidity_momentum side=YES infl=0.0600 thr=0.0100 ask=0.610 delta=0.0103%
2971348,S52_Liquidity_Momentum,YES,1784457634.065429,0.490000,5,1784457634.685033,0.480000,0.038251,-0.088251,liquidity_momentum side=YES infl=0.0100 thr=0.0020 ask=0.490 delta=0.0108%
2971360,S52_Liquidity_Momentum,YES,1784457916.198217,0.550000,5,1784457917.228029,0.540000,0.042114,-0.092114,liquidity_momentum side=YES infl=0.0100 thr=0.0100 ask=0.550 delta=0.0132%
2971371,S52_Liquidity_Momentum,NO,1784458213.194654,0.580000,5,1784458214.303742,0.570000,0.043022,-0.093022,liquidity_momentum side=NO infl=-0.0100 thr=0.0100 ask=0.580 delta=-0.0123%
2971385,S52_Liquidity_Momentum,YES,1784458521.247687,0.670000,5,1784458522.132408,0.660000,0.040941,-0.090941,liquidity_momentum side=YES infl=0.1800 thr=0.0100 ask=0.670 delta=0.0121%
2971414,S52_Liquidity_Momentum,NO,1784459413.490519,0.580000,5,1784459417.810756,0.560000,0.043022,-0.143022,liquidity_momentum side=NO infl=-0.0600 thr=0.0100 ask=0.580 delta=-0.0119%
2971429,S52_Liquidity_Momentum,YES,1784459779.659151,0.650000,5,1784459783.865819,0.600000,0.042052,-0.292052,liquidity_momentum side=YES infl=0.0100 thr=0.0100 ask=0.650 delta=0.0174%
2971444,S52_Liquidity_Momentum,YES,1784460067.845373,0.630000,5,1784460069.1244,0.620000,0.042789,-0.092789,liquidity_momentum side=YES infl=0.0100 thr=0.0100 ask=0.630 delta=0.0161%
2971450,S52_Liquidity_Momentum,NO,1784460324.467084,0.700000,5,1784460328.350046,0.710000,0.038588,0.011412,liquidity_momentum side=NO infl=-0.0400 thr=0.0100 ask=0.700 delta=-0.0179%
2971464,S52_Liquidity_Momentum,YES,1784460690.516333,0.640000,5,1784460692.946102,0.640000,0.042467,-0.042467,liquidity_momentum side=YES infl=0.0100 thr=0.0100 ask=0.640 delta=0.0130%
2971515,S52_Liquidity_Momentum,YES,1784460989.005969,0.660000,5,1784460990.147648,0.650000,0.041543,-0.091543,liquidity_momentum side=YES infl=0.0100 thr=0.0100 ask=0.660 delta=0.0183%
2971558,S52_Liquidity_Momentum,NO,1784461303.144009,0.650000,5,1784461305.452889,0.640000,0.042052,-0.092052,liquidity_momentum side=NO infl=-0.1500 thr=0.0100 ask=0.650 delta=-0.0184%
2971562,S52_Liquidity_Momentum,YES,1784461529.444026,0.610000,5,1784461530.02338,0.600000,0.043155,-0.093155,liquidity_momentum side=YES infl=0.0800 thr=0.0400 ask=0.610 delta=0.0111%
2971585,S52_Liquidity_Momentum,NO,1784461855.512132,0.690000,5,1784461857.394448,0.650000,0.039462,-0.239462,liquidity_momentum side=NO infl=-0.1000 thr=0.0100 ask=0.690 delta=-0.0148%
2971744,S52_Liquidity_Momentum,NO,1784462179.408286,0.690000,5,1784462180.891466,0.600000,0.039462,-0.489462,liquidity_momentum side=NO infl=-0.1100 thr=0.0100 ask=0.690 delta=-0.0348%
2971763,S52_Liquidity_Momentum,NO,1784462425.542936,0.630000,5,1784462426.717054,0.620000,0.042789,-0.092789,liquidity_momentum side=NO infl=-0.0100 thr=0.0100 ask=0.630 delta=-0.0109%
2971786,S52_Liquidity_Momentum,NO,1784462758.059394,0.700000,5,1784462759.918628,0.680000,0.038588,-0.138587,liquidity_momentum side=NO infl=-0.0700 thr=0.0200 ask=0.700 delta=-0.0223%
2971796,S52_Liquidity_Momentum,YES,1784463012.557504,0.570000,5,1784463015.909186,0.610000,0.042803,0.157197,liquidity_momentum side=YES infl=0.1000 thr=0.0400 ask=0.570 delta=0.0116%
2971816,S52_Liquidity_Momentum,YES,1784463326.108383,0.700000,5,1784463327.470808,0.690000,0.038588,-0.088588,liquidity_momentum side=YES infl=0.0300 thr=0.0280 ask=0.700 delta=0.0139%
2971826,S52_Liquidity_Momentum,YES,1784463631.455241,0.690000,5,1784463632.769475,0.680000,0.039462,-0.089462,liquidity_momentum side=YES infl=0.3600 thr=0.0100 ask=0.690 delta=0.0336%
2971828,S52_Liquidity_Momentum,YES,1784463924.284285,0.660000,5,1784463927.058637,0.660000,0.041543,-0.041543,liquidity_momentum side=YES infl=0.0800 thr=0.0400 ask=0.660 delta=0.0189%
2971841,S52_Liquidity_Momentum,NO,1784464204.61338,0.360000,5,1784464208.183876,0.310000,0.023888,-0.273888,liquidity_momentum side=NO infl=-0.1300 thr=0.0780 ask=0.360 delta=-0.0135%
2971893,S52_Liquidity_Momentum,YES,1784464549.095111,0.660000,5,1784464550.357284,0.650000,0.041543,-0.091543,liquidity_momentum side=YES infl=0.0600 thr=0.0100 ask=0.660 delta=0.0208%
2971906,S52_Liquidity_Momentum,NO,1784464851.824743,0.570000,5,1784464854.301423,0.540000,0.042803,-0.192803,liquidity_momentum side=NO infl=-0.0400 thr=0.0100 ask=0.570 delta=-0.0150%
2971916,S52_Liquidity_Momentum,NO,1784465132.162484,0.670000,5,1784465133.180938,0.670000,0.040941,-0.040941,liquidity_momentum side=NO infl=-0.0100 thr=0.0100 ask=0.670 delta=-0.0176%
2971934,S52_Liquidity_Momentum,YES,1784465442.468787,0.630000,5,1784465443.791179,0.620000,0.042789,-0.092789,liquidity_momentum side=YES infl=0.0100 thr=0.0100 ask=0.630 delta=0.0117%
2971992,S52_Liquidity_Momentum,YES,1784465729.070255,0.610000,5,1784465729.329839,0.590000,0.043155,-0.143155,liquidity_momentum side=YES infl=0.0100 thr=0.0100 ask=0.610 delta=0.0121%
2972009,S52_Liquidity_Momentum,NO,1784466029.410223,0.650000,5,1784466032.294654,0.720000,0.042052,0.307948,liquidity_momentum side=NO infl=-0.0800 thr=0.0400 ask=0.650 delta=-0.0177%
2972020,S52_Liquidity_Momentum,YES,1784466333.137869,0.660000,5,1784466334.584858,0.660000,0.041543,-0.041543,liquidity_momentum side=YES infl=0.0100 thr=0.0100 ask=0.660 delta=0.0140%
2972026,S52_Liquidity_Momentum,NO,1784466623.406832,0.660000,5,1784466625.999615,0.750000,0.041543,0.408457,liquidity_momentum side=NO infl=-0.0100 thr=0.0100 ask=0.660 delta=-0.0106%
2972041,S52_Liquidity_Momentum,NO,1784466962.643823,0.530000,5,1784466965.580403,0.310000,0.041109,-1.141109,liquidity_momentum side=NO infl=-0.6500 thr=0.0100 ask=0.530 delta=-0.0256%
2972051,S52_Liquidity_Momentum,YES,1784467239.866764,0.670000,5,1784467241.166058,0.660000,0.040941,-0.090941,liquidity_momentum side=YES infl=0.0800 thr=0.0100 ask=0.670 delta=0.0267%
2972104,S52_Liquidity_Momentum,YES,1784467831.319337,0.630000,5,1784467832.048197,0.620000,0.042789,-0.092789,liquidity_momentum side=YES infl=0.0100 thr=0.0100 ask=0.630 delta=0.0101%
2972156,S52_Liquidity_Momentum,YES,1784468172.246024,0.700000,5,1784468172.511753,0.690000,0.038588,-0.088588,liquidity_momentum side=YES infl=0.0100 thr=0.0100 ask=0.700 delta=0.0117%
2972215,S52_Liquidity_Momentum,NO,1784468414.117924,0.620000,5,1784468415.320637,0.610000,0.043018,-0.093018,liquidity_momentum side=NO infl=-0.0900 thr=0.0600 ask=0.620 delta=-0.0161%
2972226,S52_Liquidity_Momentum,YES,1784468740.947842,0.680000,5,1784468741.193756,0.660000,0.040247,-0.140247,liquidity_momentum side=YES infl=0.0100 thr=0.0100 ask=0.680 delta=0.0102%
2972241,S52_Liquidity_Momentum,YES,1784469054.112948,0.610000,5,1784469055.454303,0.600000,0.043155,-0.093155,liquidity_momentum side=YES infl=0.0100 thr=0.0100 ask=0.610 delta=0.0102%
2972254,S52_Liquidity_Momentum,NO,1784469364.908506,0.700000,5,1784469365.189701,0.700000,0.038588,-0.038588,liquidity_momentum side=NO infl=-0.0100 thr=0.0100 ask=0.700 delta=-0.0166%
2972269,S52_Liquidity_Momentum,NO,1784469680.858543,0.570000,5,1784469683.664261,0.580000,0.042803,0.007197,liquidity_momentum side=NO infl=-0.0400 thr=0.0100 ask=0.570 delta=-0.0104%
2972280,S52_Liquidity_Momentum,NO,1784469944.802895,0.700000,5,1784469946.050948,0.690000,0.038588,-0.088588,liquidity_momentum side=NO infl=-0.0200 thr=0.0100 ask=0.700 delta=-0.0167%
2972319,S52_Liquidity_Momentum,YES,1784470303.107497,0.650000,5,1784470305.364003,0.750000,0.042052,0.457948,liquidity_momentum side=YES infl=0.0100 thr=0.0100 ask=0.650 delta=0.0159%
2972332,S52_Liquidity_Momentum,NO,1784470554.15428,0.700000,5,1784470557.469518,0.760000,0.038588,0.261412,liquidity_momentum side=NO infl=-0.0200 thr=0.0100 ask=0.700 delta=-0.0109%
2972355,S52_Liquidity_Momentum,NO,1784471236.410891,0.700000,5,1784471240.640249,0.660000,0.038588,-0.238587,liquidity_momentum side=NO infl=-0.2600 thr=0.0100 ask=0.700 delta=-0.0269%
2972369,S52_Liquidity_Momentum,NO,1784471424.030908,0.700000,5,1784471424.753216,0.700000,0.038588,-0.038588,liquidity_momentum side=NO infl=-0.0500 thr=0.0100 ask=0.700 delta=-0.0212%
2972421,S52_Liquidity_Momentum,YES,1784471717.00955,0.690000,5,1784471717.899228,0.680000,0.039462,-0.089462,liquidity_momentum side=YES infl=0.0100 thr=0.0100 ask=0.690 delta=0.0236%
2972433,S52_Liquidity_Momentum,NO,1784472102.003609,0.700000,5,1784472105.067884,0.720000,0.038588,0.061412,liquidity_momentum side=NO infl=-0.0300 thr=0.0100 ask=0.700 delta=-0.0179%
2972448,S52_Liquidity_Momentum,YES,1784472328.293009,0.540000,5,1784472329.598495,0.530000,0.041649,-0.091649,liquidity_momentum side=YES infl=0.0200 thr=0.0200 ask=0.540 delta=0.0104%
2972455,S52_Liquidity_Momentum,YES,1784472646.522122,0.530000,5,1784472650.453912,0.360000,0.041109,-0.891109,liquidity_momentum side=YES infl=0.0500 thr=0.0400 ask=0.530 delta=0.0153%
2972465,S52_Liquidity_Momentum,NO,1784473171.0222,0.650000,5,1784473184.705254,0.580000,0.042052,-0.392052,liquidity_momentum side=NO infl=-0.1600 thr=0.0100 ask=0.650 delta=-0.0147%
2972480,S52_Liquidity_Momentum,YES,1784473227.375813,0.670000,5,1784473228.094417,0.670000,0.040941,-0.040941,liquidity_momentum side=YES infl=0.1200 thr=0.0310 ask=0.670 delta=0.0213%
2972492,S52_Liquidity_Momentum,NO,1784473514.044841,0.680000,5,1784473515.015406,0.670000,0.040247,-0.090247,liquidity_momentum side=NO infl=-0.0100 thr=0.0100 ask=0.680 delta=-0.0120%
2972497,S52_Liquidity_Momentum,NO,1784473802.927928,0.600000,5,1784473810.213368,0.650000,0.043200,0.206800,liquidity_momentum side=NO infl=-0.0600 thr=0.0500 ask=0.600 delta=-0.0228%
2972512,S52_Liquidity_Momentum,YES,1784474110.802775,0.680000,5,1784474112.278146,0.670000,0.040247,-0.090247,liquidity_momentum side=YES infl=0.0800 thr=0.0400 ask=0.680 delta=0.0138%
2972542,S52_Liquidity_Momentum,NO,1784474431.70688,0.660000,5,1784474432.865635,0.650000,0.041543,-0.091543,liquidity_momentum side=NO infl=-0.0200 thr=0.0100 ask=0.660 delta=-0.0111%
2972561,S52_Liquidity_Momentum,YES,1784474802.890362,0.620000,5,1784474805.656925,0.630000,0.043018,0.006982,liquidity_momentum side=YES infl=0.0100 thr=0.0100 ask=0.620 delta=0.0108%
2972579,S52_Liquidity_Momentum,NO,1784475034.412665,0.650000,5,1784475035.747613,0.640000,0.042052,-0.092052,liquidity_momentum side=NO infl=-0.0100 thr=0.0100 ask=0.650 delta=-0.0143%
2972622,S52_Liquidity_Momentum,YES,1784475320.87245,0.680000,5,1784475322.526232,0.720000,0.040247,0.159753,liquidity_momentum side=YES infl=0.0100 thr=0.0100 ask=0.680 delta=0.0176%
2972635,S52_Liquidity_Momentum,YES,1784475712.869008,0.560000,5,1784475714.159516,0.550000,0.042499,-0.092499,liquidity_momentum side=YES infl=0.0100 thr=0.0100 ask=0.560 delta=0.0137%
2972643,S52_Liquidity_Momentum,YES,1784475998.997806,0.640000,5,1784476002.817232,0.730000,0.042467,0.407533,liquidity_momentum side=YES infl=0.0100 thr=0.0100 ask=0.640 delta=0.0113%
2972660,S52_Liquidity_Momentum,NO,1784476358.72169,0.690000,5,1784476360.68087,0.610000,0.039462,-0.439462,liquidity_momentum side=NO infl=-0.2500 thr=0.0100 ask=0.690 delta=-0.0296%
2972955,S52_Liquidity_Momentum,NO,1784476741.902241,0.700000,5,1784476743.26102,0.690000,0.038588,-0.088588,liquidity_momentum side=NO infl=-0.0300 thr=0.0100 ask=0.700 delta=-0.0175%
2972966,S52_Liquidity_Momentum,NO,1784477018.900799,0.670000,5,1784477022.296235,0.690000,0.040941,0.059059,liquidity_momentum side=NO infl=-0.2900 thr=0.0100 ask=0.670 delta=-0.0228%
2972996,S52_Liquidity_Momentum,YES,1784477125.268307,0.590000,5,1784477125.693417,0.580000,0.043155,-0.093155,liquidity_momentum side=YES infl=0.0100 thr=0.0100 ask=0.590 delta=0.0103%
2973008,S52_Liquidity_Momentum,NO,1784477491.908544,0.680000,5,1784477494.212098,0.550000,0.040247,-0.690247,liquidity_momentum side=NO infl=-0.0100 thr=0.0100 ask=0.680 delta=-0.0148%
2973024,S52_Liquidity_Momentum,NO,1784477713.467285,0.670000,5,1784477716.671795,0.620000,0.040941,-0.290941,liquidity_momentum side=NO infl=-0.0200 thr=0.0150 ask=0.670 delta=-0.0108%
2973032,S52_Liquidity_Momentum,YES,1784478050.606934,0.680000,5,1784478052.01689,0.670000,0.040247,-0.090247,liquidity_momentum side=YES infl=0.0100 thr=0.0100 ask=0.680 delta=0.0177%
2973071,S52_Liquidity_Momentum,NO,1784478636.583628,0.610000,5,1784478637.988091,0.600000,0.043155,-0.093155,liquidity_momentum side=NO infl=-0.0100 thr=0.0100 ask=0.610 delta=-0.0113%
2973142,S52_Liquidity_Momentum,NO,1784478925.586266,0.640000,5,1784478927.022494,0.630000,0.042467,-0.092467,liquidity_momentum side=NO infl=-0.0100 thr=0.0100 ask=0.640 delta=-0.0100%
2973162,S52_Liquidity_Momentum,YES,1784479210.988165,0.660000,5,1784479211.394204,0.610000,0.041543,-0.291543,liquidity_momentum side=YES infl=0.0600 thr=0.0400 ask=0.660 delta=0.0159%
2973192,S52_Liquidity_Momentum,YES,1784479528.322163,0.620000,5,1784479530.097548,0.620000,0.043018,-0.043018,liquidity_momentum side=YES infl=0.0100 thr=0.0100 ask=0.620 delta=0.0139%
2973212,S52_Liquidity_Momentum,NO,1784479822.726159,0.620000,5,1784479825.626336,0.560000,0.043018,-0.343018,liquidity_momentum side=NO infl=-0.2000 thr=0.0160 ask=0.620 delta=-0.0183%
2973648,S52_Liquidity_Momentum,NO,1784480216.759461,0.610000,5,1784480217.491677,0.600000,0.043155,-0.093155,liquidity_momentum side=NO infl=-0.0300 thr=0.0100 ask=0.610 delta=-0.0105%
2973669,S52_Liquidity_Momentum,YES,1784480478.108721,0.650000,5,1784480479.584208,0.640000,0.042052,-0.092052,liquidity_momentum side=YES infl=0.0500 thr=0.0100 ask=0.650 delta=0.0168%
2973678,S52_Liquidity_Momentum,YES,1784480741.179572,0.660000,5,1784480744.344287,0.710000,0.041543,0.208457,liquidity_momentum side=YES infl=0.1400 thr=0.0100 ask=0.660 delta=0.0173%
2973688,S52_Liquidity_Momentum,YES,1784481046.26971,0.670000,5,1784481048.121413,0.640000,0.040941,-0.190941,liquidity_momentum side=YES infl=0.0600 thr=0.0100 ask=0.670 delta=0.0106%
2973703,S52_Liquidity_Momentum,YES,1784481304.300352,0.570000,5,1784481307.895608,0.640000,0.042803,0.307197,liquidity_momentum side=YES infl=0.0600 thr=0.0510 ask=0.570 delta=0.0143%
2973714,S52_Liquidity_Momentum,YES,1784481695.598217,0.510000,5,1784481701.307949,0.710000,0.039812,0.960188,liquidity_momentum side=YES infl=0.0100 thr=0.0100 ask=0.510 delta=0.0130%
2973726,S52_Liquidity_Momentum,NO,1784481952.849215,0.680000,5,1784481954.412155,0.630000,0.040247,-0.290247,liquidity_momentum side=NO infl=-0.2000 thr=0.0100 ask=0.680 delta=-0.0429%
2973749,S52_Liquidity_Momentum,NO,1784482210.237449,0.630000,5,1784482211.630415,0.620000,0.042789,-0.092789,liquidity_momentum side=NO infl=-0.0100 thr=0.0100 ask=0.630 delta=-0.0168%
2973795,S52_Liquidity_Momentum,YES,1784482513.892641,0.650000,5,1784482518.253539,0.720000,0.042052,0.307948,liquidity_momentum side=YES infl=0.0100 thr=0.0100 ask=0.650 delta=0.0187%
2974013,S52_Liquidity_Momentum,NO,1784483127.494461,0.660000,5,1784483131.491368,0.640000,0.041543,-0.141543,liquidity_momentum side=NO infl=-0.0500 thr=0.0100 ask=0.660 delta=-0.0109%
2974027,S52_Liquidity_Momentum,NO,1784483497.713398,0.670000,5,1784483498.768406,0.660000,0.040941,-0.090941,liquidity_momentum side=NO infl=-0.1000 thr=0.0100 ask=0.670 delta=-0.0249%
2974061,S52_Liquidity_Momentum,YES,1784483733.519765,0.610000,5,1784483734.916498,0.600000,0.043155,-0.093155,liquidity_momentum side=YES infl=0.0100 thr=0.0100 ask=0.610 delta=0.0104%
2974283,S52_Liquidity_Momentum,NO,1784484020.999339,0.650000,5,1784484024.557427,0.550000,0.042052,-0.542052,liquidity_momentum side=NO infl=-0.0100 thr=0.0100 ask=0.650 delta=-0.0109%
2974289,S52_Liquidity_Momentum,NO,1784484303.885595,0.390000,5,1784484307.370055,0.420000,0.027591,0.122409,liquidity_momentum side=NO infl=-0.3300 thr=0.0800 ask=0.390 delta=-0.0107%
2974386,S52_Liquidity_Momentum,YES,1784484604.025803,0.610000,5,1784484605.514915,0.600000,0.043155,-0.093155,liquidity_momentum side=YES infl=0.0800 thr=0.0600 ask=0.610 delta=0.0150%
2974396,S52_Liquidity_Momentum,NO,1784484953.32041,0.700000,5,1784484954.375719,0.680000,0.038588,-0.138587,liquidity_momentum side=NO infl=-0.0200 thr=0.0100 ask=0.700 delta=-0.0262%
2974411,S52_Liquidity_Momentum,NO,1784485206.213119,0.520000,5,1784485207.61195,0.510000,0.040495,-0.090495,liquidity_momentum side=NO infl=-0.1800 thr=0.0800 ask=0.520 delta=-0.0102%
2974424,S52_Liquidity_Momentum,NO,1784485521.652707,0.610000,5,1784485526.204174,0.610000,0.043155,-0.043155,liquidity_momentum side=NO infl=-0.0100 thr=0.0100 ask=0.610 delta=-0.0131%
2974445,S52_Liquidity_Momentum,NO,1784485807.885996,0.620000,5,1784485809.957938,0.570000,0.043018,-0.293018,liquidity_momentum side=NO infl=-0.1600 thr=0.0760 ask=0.620 delta=-0.0288%
2974491,S52_Liquidity_Momentum,YES,1784486149.587234,0.570000,5,1784486152.35928,0.550000,0.042803,-0.142803,liquidity_momentum side=YES infl=0.0100 thr=0.0100 ask=0.570 delta=0.0109%
2974503,S52_Liquidity_Momentum,NO,1784486622.213727,0.690000,5,1784486625.308764,0.710000,0.039462,0.060538,liquidity_momentum side=NO infl=-0.0600 thr=0.0100 ask=0.690 delta=-0.0109%
2974508,S52_Liquidity_Momentum,YES,1784486762.389729,0.570000,5,1784486763.662013,0.560000,0.042803,-0.092803,liquidity_momentum side=YES infl=0.0300 thr=0.0100 ask=0.570 delta=0.0142%
2974539,S52_Liquidity_Momentum,NO,1784487017.045702,0.670000,5,1784487017.493257,0.660000,0.040941,-0.090941,liquidity_momentum side=NO infl=-0.0100 thr=0.0100 ask=0.670 delta=-0.0231%
2975042,S52_Liquidity_Momentum,NO,1784487411.990063,0.700000,5,1784487413.527593,0.680000,0.038588,-0.138587,liquidity_momentum side=NO infl=-0.0100 thr=0.0100 ask=0.700 delta=-0.0189%
2976509,S52_Liquidity_Momentum,YES,1784487602.704883,0.660000,5,1784487604.151613,0.650000,0.041543,-0.091543,liquidity_momentum side=YES infl=0.1800 thr=0.0550 ask=0.660 delta=0.0172%
2977253,S52_Liquidity_Momentum,YES,1784487903.821354,0.610000,5,1784487904.831763,0.600000,0.043155,-0.093155,liquidity_momentum side=YES infl=0.1700 thr=0.0340 ask=0.610 delta=0.0142%
2977262,S52_Liquidity_Momentum,NO,1784488204.443557,0.600000,5,1784488206.13802,0.590000,0.043200,-0.093200,liquidity_momentum side=NO infl=-0.0900 thr=0.0540 ask=0.600 delta=-0.0147%
2977282,S52_Liquidity_Momentum,YES,1784488512.609605,0.670000,5,1784488513.988304,0.660000,0.040941,-0.090941,liquidity_momentum side=YES infl=0.0100 thr=0.0100 ask=0.670 delta=0.0118%
2977287,S52_Liquidity_Momentum,YES,1784488860.434928,0.690000,5,1784488862.464094,0.690000,0.039462,-0.039462,liquidity_momentum side=YES infl=0.0100 thr=0.0100 ask=0.690 delta=0.0140%
2977300,S52_Liquidity_Momentum,NO,1784489199.145458,0.650000,5,1784489200.046204,0.640000,0.042052,-0.092052,liquidity_momentum side=NO infl=-0.0100 thr=0.0100 ask=0.650 delta=-0.0109%
2977312,S52_Liquidity_Momentum,NO,1784489424.841902,0.660000,5,1784489426.828589,0.640000,0.041543,-0.141543,liquidity_momentum side=NO infl=-0.0100 thr=0.0100 ask=0.660 delta=-0.0116%
2977366,S52_Liquidity_Momentum,YES,1784489845.19561,0.570000,5,1784489848.574537,0.610000,0.042803,0.157197,liquidity_momentum side=YES infl=0.0100 thr=0.0100 ask=0.570 delta=0.0213%
2977432,S52_Liquidity_Momentum,NO,1784490019.607144,0.590000,5,1784490020.035353,0.590000,0.043155,-0.043155,liquidity_momentum side=NO infl=-0.0100 thr=0.0100 ask=0.590 delta=-0.0102%
2977440,S52_Liquidity_Momentum,NO,1784490372.639916,0.700000,5,1784490374.003333,0.650000,0.038588,-0.288587,liquidity_momentum side=NO infl=-0.1200 thr=0.0100 ask=0.700 delta=-0.0203%
2977469,S52_Liquidity_Momentum,NO,1784490607.365041,0.640000,5,1784490608.4708,0.630000,0.042467,-0.092467,liquidity_momentum side=NO infl=-0.0800 thr=0.0600 ask=0.640 delta=-0.0161%
2977516,S52_Liquidity_Momentum,YES,1784491048.849164,0.640000,5,1784491053.251403,0.840000,0.042467,0.957533,liquidity_momentum side=YES infl=0.0100 thr=0.0100 ask=0.640 delta=0.0147%
2977538,S52_Liquidity_Momentum,YES,1784491209.055496,0.690000,5,1784491217.95028,0.740000,0.039462,0.210538,liquidity_momentum side=YES infl=0.0600 thr=0.0200 ask=0.690 delta=0.0221%
2977584,S52_Liquidity_Momentum,YES,1784491610.625351,0.670000,5,1784491610.769882,0.660000,0.040941,-0.090941,liquidity_momentum side=YES infl=0.0100 thr=nan ask=0.670 delta=0.0133%
2977613,S52_Liquidity_Momentum,YES,1784491848.542626,0.640000,5,1784491851.265115,0.610000,0.042467,-0.192467,liquidity_momentum side=YES infl=0.0100 thr=0.0100 ask=0.640 delta=0.0222%
2977731,S52_Liquidity_Momentum,NO,1784492406.358294,0.660000,5,1784492408.118878,0.640000,0.041543,-0.141543,liquidity_momentum side=NO infl=-0.0500 thr=0.0400 ask=0.660 delta=-0.0128%
2977743,S52_Liquidity_Momentum,NO,1784492756.049337,0.690000,5,1784492757.763331,0.660000,0.039462,-0.189462,liquidity_momentum side=NO infl=-0.0700 thr=0.0100 ask=0.690 delta=-0.0242%
2977830,S52_Liquidity_Momentum,YES,1784493353.066904,0.680000,5,1784493354.841353,0.680000,0.040247,-0.040247,liquidity_momentum side=YES infl=0.0200 thr=0.0100 ask=0.680 delta=0.0101%
2977997,S52_Liquidity_Momentum,NO,1784493623.243448,0.620000,5,1784493624.608038,0.610000,0.043018,-0.093018,liquidity_momentum side=NO infl=-0.0400 thr=0.0100 ask=0.620 delta=-0.0135%
2978026,S52_Liquidity_Momentum,YES,1784493993.889544,0.550000,5,1784493994.029405,0.540000,0.042114,-0.092114,liquidity_momentum side=YES infl=0.0200 thr=0.0100 ask=0.550 delta=0.0134%
2978050,S52_Liquidity_Momentum,NO,1784494320.960851,0.700000,5,1784494323.360793,0.650000,0.038588,-0.288587,liquidity_momentum side=NO infl=-0.0300 thr=0.0100 ask=0.700 delta=-0.0129%
2978076,S52_Liquidity_Momentum,YES,1784494558.503482,0.670000,5,1784494558.768717,0.660000,0.040941,-0.090941,liquidity_momentum side=YES infl=0.0100 thr=0.0100 ask=0.670 delta=0.0100%
2978133,S52_Liquidity_Momentum,YES,1784494821.268174,0.540000,5,1784494822.581673,0.530000,0.041649,-0.091649,liquidity_momentum side=YES infl=0.0100 thr=0.0100 ask=0.540 delta=0.0111%
2978148,S52_Liquidity_Momentum,NO,1784495136.879817,0.660000,5,1784495138.272577,0.630000,0.041543,-0.191543,liquidity_momentum side=NO infl=-0.2400 thr=0.0100 ask=0.660 delta=-0.0229%
2978156,S52_Liquidity_Momentum,NO,1784495449.32493,0.670000,5,1784495450.286207,0.670000,0.040941,-0.040941,liquidity_momentum side=NO infl=-0.0100 thr=0.0100 ask=0.670 delta=-0.0121%
2978184,S52_Liquidity_Momentum,NO,1784496017.995438,0.610000,5,1784496022.732882,0.560000,0.043155,-0.293155,liquidity_momentum side=NO infl=-0.0400 thr=0.0400 ask=0.610 delta=-0.0119%
2978201,S52_Liquidity_Momentum,NO,1784496315.962018,0.700000,5,1784496317.150922,0.690000,0.038588,-0.088588,liquidity_momentum side=NO infl=-0.0200 thr=0.0195 ask=0.700 delta=-0.0149%
2978264,S52_Liquidity_Momentum,NO,1784497123.128938,0.670000,5,1784497125.170764,0.440000,0.040941,-1.190941,liquidity_momentum side=NO infl=-0.3600 thr=0.0100 ask=0.670 delta=-0.0211%
2978293,S52_Liquidity_Momentum,YES,1784497532.107556,0.660000,5,1784497573.580142,0.830000,0.041543,0.808457,liquidity_momentum side=YES infl=0.0100 thr=0.0100 ask=0.660 delta=0.0239%
2978306,S52_Liquidity_Momentum,NO,1784497857.298236,0.590000,5,1784497858.467378,0.580000,0.043155,-0.093155,liquidity_momentum side=NO infl=-0.0100 thr=0.0100 ask=0.590 delta=-0.0101%
2978315,S52_Liquidity_Momentum,NO,1784498128.933228,0.640000,5,1784498130.154695,0.630000,0.042467,-0.092467,liquidity_momentum side=NO infl=-0.0100 thr=0.0100 ask=0.640 delta=-0.0140%
2978330,S52_Liquidity_Momentum,NO,1784498419.489204,0.680000,5,1784498423.359929,0.510000,0.040247,-0.890247,liquidity_momentum side=NO infl=-0.1200 thr=0.0100 ask=0.680 delta=-0.0214%
2978346,S52_Liquidity_Momentum,NO,1784498724.015571,0.700000,5,1784498724.633117,0.700000,0.038588,-0.038588,liquidity_momentum side=NO infl=-0.0500 thr=0.0145 ask=0.700 delta=-0.0662%
2978362,S52_Liquidity_Momentum,NO,1784499012.546326,0.570000,5,1784499014.887779,0.480000,0.042803,-0.492803,liquidity_momentum side=NO infl=-0.0500 thr=0.0110 ask=0.570 delta=-0.0167%
2978379,S52_Liquidity_Momentum,YES,1784499303.344481,0.550000,5,1784499304.615873,0.540000,0.042114,-0.092114,liquidity_momentum side=YES infl=0.0600 thr=0.0550 ask=0.550 delta=0.0242%
2978429,S52_Liquidity_Momentum,NO,1784499601.993651,0.590000,5,1784499602.693424,0.580000,0.043155,-0.093155,liquidity_momentum side=NO infl=-0.0200 thr=0.0190 ask=0.590 delta=-0.0227%
2978577,S52_Liquidity_Momentum,YES,1784499915.458384,0.520000,5,1784499916.452909,0.510000,0.040495,-0.090495,liquidity_momentum side=YES infl=0.0100 thr=0.0100 ask=0.520 delta=0.0115%
2978588,S52_Liquidity_Momentum,YES,1784500243.032148,0.570000,5,1784500245.005954,0.630000,0.042803,0.257197,liquidity_momentum side=YES infl=0.0100 thr=0.0100 ask=0.570 delta=0.0156%
2978644,S52_Liquidity_Momentum,NO,1784500509.131905,0.560000,5,1784500510.283777,0.550000,0.042499,-0.092499,liquidity_momentum side=NO infl=-0.0200 thr=0.0100 ask=0.560 delta=-0.0110%
2978674,S52_Liquidity_Momentum,NO,1784500805.051938,0.580000,5,1784500805.494981,0.570000,0.043022,-0.093022,liquidity_momentum side=NO infl=-0.0100 thr=0.0100 ask=0.580 delta=-0.0133%
2978684,S52_Liquidity_Momentum,NO,1784501103.740056,0.600000,5,1784501105.088153,0.560000,0.043200,-0.243200,liquidity_momentum side=NO infl=-0.1300 thr=0.0510 ask=0.600 delta=-0.0294%
2978698,S52_Liquidity_Momentum,NO,1784501418.147193,0.610000,5,1784501420.658277,0.600000,0.043155,-0.093155,liquidity_momentum side=NO infl=-0.0100 thr=0.0100 ask=0.610 delta=-0.0139%
2978708,S52_Liquidity_Momentum,NO,1784501727.505964,0.660000,5,1784501731.289454,0.530000,0.041543,-0.691543,liquidity_momentum side=NO infl=-0.1300 thr=0.0100 ask=0.660 delta=-0.0109%
2978734,S52_Liquidity_Momentum,NO,1784502016.215214,0.670000,5,1784502038.974403,0.830000,0.040941,0.759059,liquidity_momentum side=NO infl=-0.0700 thr=0.0550 ask=0.670 delta=-0.0399%
2978746,S52_Liquidity_Momentum,NO,1784502334.955578,0.560000,5,1784502336.109065,0.550000,0.042499,-0.092499,liquidity_momentum side=NO infl=-0.0100 thr=0.0060 ask=0.560 delta=-0.0137%
2978753,S52_Liquidity_Momentum,NO,1784502615.910809,0.600000,5,1784502616.773722,0.600000,0.043200,-0.043200,liquidity_momentum side=NO infl=-0.0100 thr=0.0100 ask=0.600 delta=-0.0157%
2978759,S52_Liquidity_Momentum,NO,1784502927.996387,0.700000,5,1784502929.165364,0.690000,0.038588,-0.088588,liquidity_momentum side=NO infl=-0.0300 thr=0.0105 ask=0.700 delta=-0.0351%
2978775,S52_Liquidity_Momentum,NO,1784503219.299292,0.640000,5,1784503220.815562,0.640000,0.042467,-0.042467,liquidity_momentum side=NO infl=-0.0500 thr=0.0400 ask=0.640 delta=-0.0295%
2978819,S52_Liquidity_Momentum,YES,1784503516.381569,0.670000,5,1784503516.834782,0.660000,0.040941,-0.090941,liquidity_momentum side=YES infl=0.0100 thr=0.0100 ask=0.670 delta=0.0256%
2978830,S52_Liquidity_Momentum,NO,1784503815.467654,0.590000,5,1784503818.534414,0.360000,0.043155,-1.193155,liquidity_momentum side=NO infl=-0.0100 thr=0.0100 ask=0.590 delta=-0.0129%
2978843,S52_Liquidity_Momentum,YES,1784504122.27217,0.600000,5,1784504123.417695,0.590000,0.043200,-0.093200,liquidity_momentum side=YES infl=0.0500 thr=0.0400 ask=0.600 delta=0.0122%
2978848,S52_Liquidity_Momentum,NO,1784504410.495246,0.600000,5,1784504412.444103,0.380000,0.043200,-1.143200,liquidity_momentum side=NO infl=-0.2600 thr=0.0400 ask=0.600 delta=-0.0244%
2978861,S52_Liquidity_Momentum,YES,1784504704.192768,0.650000,5,1784504705.365304,0.640000,0.042052,-0.092052,liquidity_momentum side=YES infl=0.0600 thr=0.0450 ask=0.650 delta=0.0300%
2978877,S52_Liquidity_Momentum,YES,1784505012.705568,0.630000,5,1784505013.146351,0.620000,0.042789,-0.092789,liquidity_momentum side=YES infl=0.0400 thr=0.0100 ask=0.630 delta=0.0109%
2978898,S52_Liquidity_Momentum,YES,1784505305.805727,0.570000,5,1784505306.669079,0.560000,0.042803,-0.092803,liquidity_momentum side=YES infl=0.0700 thr=0.0265 ask=0.570 delta=0.0124%
2978936,S52_Liquidity_Momentum,NO,1784505614.960175,0.700000,5,1784505616.323193,0.690000,0.038588,-0.088588,liquidity_momentum side=NO infl=-0.0400 thr=0.0400 ask=0.700 delta=-0.0569%
2978938,S52_Liquidity_Momentum,YES,1784505909.470514,0.610000,5,1784505910.601944,0.600000,0.043155,-0.093155,liquidity_momentum side=YES infl=0.0100 thr=0.0100 ask=0.610 delta=0.0130%
2978951,S52_Liquidity_Momentum,YES,1784506202.99478,0.600000,5,1784506203.762559,0.590000,0.043200,-0.093200,liquidity_momentum side=YES infl=0.1500 thr=0.0800 ask=0.600 delta=0.0205%
2978961,S52_Liquidity_Momentum,NO,1784506501.592078,0.530000,5,1784506503.832619,0.530000,0.041109,-0.041109,liquidity_momentum side=NO infl=-0.2000 thr=0.1270 ask=0.530 delta=-0.0113%
2978968,S52_Liquidity_Momentum,NO,1784506805.080015,0.620000,5,1784506807.626059,0.670000,0.043018,0.206982,liquidity_momentum side=NO infl=-0.0700 thr=0.0400 ask=0.620 delta=-0.0254%
2978976,S52_Liquidity_Momentum,NO,1784507111.629471,0.650000,5,1784507112.730122,0.640000,0.042052,-0.092052,liquidity_momentum side=NO infl=-0.0400 thr=0.0400 ask=0.650 delta=-0.0502%
2978998,S52_Liquidity_Momentum,NO,1784507416.629813,0.610000,5,1784507417.737114,0.600000,0.043155,-0.093155,liquidity_momentum side=NO infl=-0.0500 thr=0.0400 ask=0.610 delta=-0.0209%
2979018,S52_Liquidity_Momentum,NO,1784507705.70871,0.540000,5,1784507706.802669,0.530000,0.041649,-0.091649,liquidity_momentum side=NO infl=-0.0200 thr=0.0100 ask=0.540 delta=-0.0141%
2979081,S52_Liquidity_Momentum,NO,1784508005.590217,0.580000,5,1784508007.58964,0.510000,0.043022,-0.393022,liquidity_momentum side=NO infl=-0.0900 thr=0.0510 ask=0.580 delta=-0.0182%
2979098,S52_Liquidity_Momentum,NO,1784508302.591345,0.550000,5,1784508303.767494,0.540000,0.042114,-0.092114,liquidity_momentum side=NO infl=-0.0200 thr=0.0100 ask=0.550 delta=-0.0168%
2979114,S52_Liquidity_Momentum,NO,1784508608.579352,0.450000,5,1784508612.231435,0.430000,0.034457,-0.134457,liquidity_momentum side=NO infl=-0.2000 thr=0.0600 ask=0.450 delta=-0.0129%
2979123,S52_Liquidity_Momentum,NO,1784508921.121319,0.510000,5,1784508922.264809,0.500000,0.039812,-0.089812,liquidity_momentum side=NO infl=-0.0600 thr=0.0100 ask=0.510 delta=-0.0123%
2979315,S52_Liquidity_Momentum,YES,1784509206.188918,0.580000,5,1784509208.095264,0.520000,0.043022,-0.343022,liquidity_momentum side=YES infl=0.1000 thr=0.0600 ask=0.580 delta=0.0100%
2979322,S52_Liquidity_Momentum,YES,1784509526.875967,0.610000,5,1784509529.733174,0.580000,0.043155,-0.193155,liquidity_momentum side=YES infl=0.0400 thr=0.0100 ask=0.610 delta=0.0150%
2979331,S52_Liquidity_Momentum,YES,1784509806.188129,0.570000,5,1784509810.537128,0.550000,0.042803,-0.142803,liquidity_momentum side=YES infl=0.0800 thr=0.0450 ask=0.570 delta=0.0155%
2979347,S52_Liquidity_Momentum,YES,1784510108.239098,0.540000,5,1784510109.485641,0.550000,0.041649,0.008351,liquidity_momentum side=YES infl=0.0200 thr=0.0170 ask=0.540 delta=0.0159%
2979354,S52_Liquidity_Momentum,NO,1784510420.227074,0.540000,5,1784510421.497972,0.520000,0.041649,-0.141649,liquidity_momentum side=NO infl=-0.0800 thr=0.0200 ask=0.540 delta=-0.0121%
2979383,S52_Liquidity_Momentum,NO,1784510708.291419,0.610000,5,1784510709.523278,0.540000,0.043155,-0.393155,liquidity_momentum side=NO infl=-0.0100 thr=0.0100 ask=0.610 delta=-0.0269%
2979392,S52_Liquidity_Momentum,NO,1784511016.97793,0.630000,5,1784511017.438617,0.620000,0.042789,-0.092789,liquidity_momentum side=NO infl=-0.0100 thr=0.0100 ask=0.630 delta=-0.0249%
2979448,S52_Liquidity_Momentum,YES,1784511309.218572,0.600000,5,1784511310.536103,0.600000,0.043200,-0.043200,liquidity_momentum side=YES infl=0.0800 thr=0.0185 ask=0.600 delta=0.0122%
2979523,S52_Liquidity_Momentum,YES,1784511616.245345,0.590000,5,1784511617.787546,0.580000,0.043155,-0.093155,liquidity_momentum side=YES infl=0.0100 thr=0.0100 ask=0.590 delta=0.0106%
2979532,S52_Liquidity_Momentum,YES,1784511909.059576,0.570000,5,1784511910.429714,0.570000,0.042803,-0.042803,liquidity_momentum side=YES infl=0.0100 thr=0.0100 ask=0.570 delta=0.0155%
2979564,S52_Liquidity_Momentum,NO,1784512511.084031,0.580000,5,1784512512.162422,0.570000,0.043022,-0.093022,liquidity_momentum side=NO infl=-0.0400 thr=0.0100 ask=0.580 delta=-0.0143%
2979578,S52_Liquidity_Momentum,YES,1784512822.533395,0.620000,5,1784512823.282301,0.610000,0.043018,-0.093018,liquidity_momentum side=YES infl=0.0100 thr=0.0100 ask=0.620 delta=0.0107%
2979588,S52_Liquidity_Momentum,NO,1784513102.951275,0.520000,5,1784513104.0665,0.510000,0.040495,-0.090495,liquidity_momentum side=NO infl=-0.0400 thr=0.0310 ask=0.520 delta=-0.0226%
2979614,S52_Liquidity_Momentum,NO,1784513453.106004,0.700000,5,1784513454.271579,0.690000,0.038588,-0.088588,liquidity_momentum side=NO infl=-0.0500 thr=0.0100 ask=0.700 delta=-0.0611%
2979634,S52_Liquidity_Momentum,NO,1784513729.360819,0.610000,5,1784513731.850917,0.600000,0.043155,-0.093155,liquidity_momentum side=NO infl=-0.0700 thr=0.0100 ask=0.610 delta=-0.0223%
2979643,S52_Liquidity_Momentum,NO,1784514006.362019,0.600000,5,1784514013.435437,0.750000,0.043200,0.706800,liquidity_momentum side=NO infl=-0.0700 thr=0.0400 ask=0.600 delta=-0.0500%
2979661,S52_Liquidity_Momentum,YES,1784514313.796259,0.590000,5,1784514317.049637,0.660000,0.043155,0.306845,liquidity_momentum side=YES infl=0.0400 thr=0.0100 ask=0.590 delta=0.0122%
2979678,S52_Liquidity_Momentum,NO,1784514603.538119,0.560000,5,1784514606.246951,0.410000,0.042499,-0.792499,liquidity_momentum side=NO infl=-0.0600 thr=0.0600 ask=0.560 delta=-0.0205%
2979732,S52_Liquidity_Momentum,YES,1784514911.162442,0.610000,5,1784514912.449509,0.610000,0.043155,-0.043155,liquidity_momentum side=YES infl=0.0200 thr=0.0100 ask=0.610 delta=0.0159%
2979830,S52_Liquidity_Momentum,NO,1784515220.211901,0.600000,5,1784515222.466394,0.570000,0.043200,-0.193200,liquidity_momentum side=NO infl=-0.0200 thr=0.0100 ask=0.600 delta=-0.0235%
2979846,S52_Liquidity_Momentum,YES,1784515526.267092,0.560000,5,1784515526.767514,0.550000,0.042499,-0.092499,liquidity_momentum side=YES infl=0.0100 thr=0.0100 ask=0.560 delta=0.0102%
2979855,S52_Liquidity_Momentum,YES,1784515806.532634,0.580000,5,1784515808.31442,0.580000,0.043022,-0.043022,liquidity_momentum side=YES infl=0.0600 thr=0.0230 ask=0.580 delta=0.0133%
2979872,S52_Liquidity_Momentum,NO,1784516133.417288,0.590000,5,1784516136.0693,0.550000,0.043155,-0.243155,liquidity_momentum side=NO infl=-0.0600 thr=0.0100 ask=0.590 delta=-0.0134%
2979891,S52_Liquidity_Momentum,YES,1784516443.433207,0.580000,5,1784516443.652269,0.560000,0.043022,-0.143022,liquidity_momentum side=YES infl=0.0500 thr=0.0100 ask=0.580 delta=0.0122%
2979897,S52_Liquidity_Momentum,NO,1784516720.738385,0.590000,5,1784516721.691189,0.580000,0.043155,-0.093155,liquidity_momentum side=NO infl=-0.0100 thr=0.0060 ask=0.590 delta=-0.0132%
2979926,S52_Liquidity_Momentum,YES,1784517001.643052,0.580000,5,1784517002.926663,0.580000,0.043022,-0.043022,liquidity_momentum side=YES infl=0.1500 thr=0.0610 ask=0.580 delta=0.0109%
2979951,S52_Liquidity_Momentum,NO,1784517307.278988,0.620000,5,1784517309.412193,0.600000,0.043018,-0.143018,liquidity_momentum side=NO infl=-0.0400 thr=0.0185 ask=0.620 delta=-0.0274%
2979960,S52_Liquidity_Momentum,NO,1784517609.374631,0.600000,5,1784517610.865767,0.580000,0.043200,-0.143200,liquidity_momentum side=NO infl=-0.0100 thr=0.0100 ask=0.600 delta=-0.0230%
2979964,S52_Liquidity_Momentum,NO,1784517910.330672,0.660000,5,1784517912.008598,0.710000,0.041543,0.208457,liquidity_momentum side=NO infl=-0.0200 thr=0.0200 ask=0.660 delta=-0.0125%
2979980,S52_Liquidity_Momentum,NO,1784518210.790218,0.620000,5,1784518212.594639,0.630000,0.043018,0.006982,liquidity_momentum side=NO infl=-0.0500 thr=0.0400 ask=0.620 delta=-0.0214%
2980024,S52_Liquidity_Momentum,NO,1784518516.51326,0.630000,5,1784518516.630191,0.630000,0.042789,-0.042789,liquidity_momentum side=NO infl=-0.0100 thr=0.0100 ask=0.630 delta=-0.0209%
2980084,S52_Liquidity_Momentum,YES,1784518808.633831,0.580000,5,1784518810.386072,0.590000,0.043022,0.006978,liquidity_momentum side=YES infl=0.0600 thr=0.0450 ask=0.580 delta=0.0130%
2980096,S52_Liquidity_Momentum,YES,1784519107.83184,0.540000,5,1784519108.274439,0.520000,0.041649,-0.141649,liquidity_momentum side=YES infl=0.0100 thr=0.0100 ask=0.540 delta=0.0147%
2980108,S52_Liquidity_Momentum,YES,1784519434.112087,0.560000,5,1784519435.086787,0.530000,0.042499,-0.192499,liquidity_momentum side=YES infl=0.0400 thr=0.0100 ask=0.560 delta=0.0107%
2980618,S52_Liquidity_Momentum,NO,1784519744.179334,0.610000,5,1784519745.17457,0.600000,0.043155,-0.093155,liquidity_momentum side=NO infl=-0.0800 thr=0.0100 ask=0.610 delta=-0.0166%
2981091,S52_Liquidity_Momentum,NO,1784520016.302219,0.650000,5,1784520018.072326,0.660000,0.042052,0.007948,liquidity_momentum side=NO infl=-0.1300 thr=0.0400 ask=0.650 delta=-0.0338%
2981106,S52_Liquidity_Momentum,NO,1784520315.975869,0.660000,5,1784520321.002611,0.690000,0.041543,0.108457,liquidity_momentum side=NO infl=-0.0100 thr=0.0100 ask=0.660 delta=-0.0170%
2981149,S52_Liquidity_Momentum,YES,1784520610.59418,0.600000,5,1784520612.808269,0.610000,0.043200,0.006800,liquidity_momentum side=YES infl=0.0500 thr=0.0100 ask=0.600 delta=0.0122%
2981160,S52_Liquidity_Momentum,NO,1784520965.747109,0.610000,5,1784520966.906595,0.600000,0.043155,-0.093155,liquidity_momentum side=NO infl=-0.0100 thr=0.0100 ask=0.610 delta=-0.0104%
2981200,S52_Liquidity_Momentum,NO,1784521203.552897,0.530000,5,1784521205.680761,0.390000,0.041109,-0.741109,liquidity_momentum side=NO infl=-0.0100 thr=0.0100 ask=0.530 delta=-0.0104%
2981336,S52_Liquidity_Momentum,YES,1784521515.578659,0.590000,5,1784521517.894384,0.610000,0.043155,0.056845,liquidity_momentum side=YES infl=0.0500 thr=0.0100 ask=0.590 delta=0.0106%
2981347,S52_Liquidity_Momentum,NO,1784521837.465023,0.610000,5,1784521838.670113,0.600000,0.043155,-0.093155,liquidity_momentum side=NO infl=-0.0100 thr=0.0100 ask=0.610 delta=-0.0110%
2981392,S52_Liquidity_Momentum,YES,1784522114.283892,0.600000,5,1784522116.421016,0.680000,0.043200,0.356800,liquidity_momentum side=YES infl=0.0300 thr=0.0295 ask=0.600 delta=0.0135%
2981487,S52_Liquidity_Momentum,NO,1784522422.890462,0.630000,5,1784522428.600711,0.770000,0.042789,0.657211,liquidity_momentum side=NO infl=-0.0100 thr=0.0100 ask=0.630 delta=-0.0124%
2981496,S52_Liquidity_Momentum,NO,1784522710.139182,0.670000,5,1784522711.369886,0.680000,0.040941,0.009059,liquidity_momentum side=NO infl=-0.0300 thr=0.0295 ask=0.670 delta=-0.0161%
2981547,S52_Liquidity_Momentum,NO,1784523021.606935,0.640000,5,1784523023.623762,0.670000,0.042467,0.107533,liquidity_momentum side=NO infl=-0.0100 thr=0.0100 ask=0.640 delta=-0.0313%
2982253,S52_Liquidity_Momentum,YES,1784523318.022,0.650000,5,1784523322.622451,0.700000,0.042052,0.207948,liquidity_momentum side=YES infl=0.0100 thr=0.0100 ask=0.650 delta=0.0136%
2985218,S52_Liquidity_Momentum,YES,1784523607.542651,0.680000,5,1784523608.800125,0.670000,0.040247,-0.090247,liquidity_momentum side=YES infl=0.1400 thr=0.0420 ask=0.680 delta=0.0220%
2985237,S52_Liquidity_Momentum,NO,1784523908.782603,0.480000,5,1784523910.612038,0.520000,0.037380,0.162620,liquidity_momentum side=NO infl=-0.1600 thr=0.0120 ask=0.480 delta=-0.0128%
2985257,S52_Liquidity_Momentum,NO,1784524206.92582,0.530000,5,1784524211.444354,0.600000,0.041109,0.308891,liquidity_momentum side=NO infl=-0.0400 thr=0.0400 ask=0.530 delta=-0.0124%
2985266,S52_Liquidity_Momentum,NO,1784524507.844372,0.550000,5,1784524509.017453,0.530000,0.042114,-0.142114,liquidity_momentum side=NO infl=-0.0800 thr=0.0400 ask=0.550 delta=-0.0339%
2985278,S52_Liquidity_Momentum,YES,1784524807.283308,0.600000,5,1784524809.721562,0.540000,0.043200,-0.343200,liquidity_momentum side=YES infl=0.0500 thr=0.0195 ask=0.600 delta=0.0107%
2985348,S52_Liquidity_Momentum,NO,1784525111.505449,0.560000,5,1784525112.684818,0.550000,0.042499,-0.092499,liquidity_momentum side=NO infl=-0.1200 thr=0.0480 ask=0.560 delta=-0.0329%
2985362,S52_Liquidity_Momentum,NO,1784525407.521518,0.510000,5,1784525409.760066,0.550000,0.039812,0.160188,liquidity_momentum side=NO infl=-0.1200 thr=0.0200 ask=0.510 delta=-0.0221%
2985372,S52_Liquidity_Momentum,NO,1784525708.086948,0.580000,5,1784525709.764512,0.540000,0.043022,-0.243022,liquidity_momentum side=NO infl=-0.0600 thr=0.0400 ask=0.580 delta=-0.0402%
2985427,S52_Liquidity_Momentum,YES,1784526013.642094,0.590000,5,1784526015.223982,0.680000,0.043155,0.406845,liquidity_momentum side=YES infl=0.1000 thr=0.0100 ask=0.590 delta=0.0156%
2985443,S52_Liquidity_Momentum,NO,1784526316.268007,0.690000,5,1784526317.770006,0.700000,0.039462,0.010538,liquidity_momentum side=NO infl=-0.0200 thr=0.0100 ask=0.690 delta=-0.0421%
2985448,S52_Liquidity_Momentum,YES,1784526609.809873,0.570000,5,1784526610.506234,0.560000,0.042803,-0.092803,liquidity_momentum side=YES infl=0.0500 thr=0.0400 ask=0.570 delta=0.0117%
2985496,S52_Liquidity_Momentum,NO,1784526906.832216,0.510000,5,1784526907.814311,0.500000,0.039812,-0.089812,liquidity_momentum side=NO infl=-0.1200 thr=0.0240 ask=0.510 delta=-0.0113%
2985507,S52_Liquidity_Momentum,YES,1784527205.673367,0.540000,5,1784527209.885538,0.570000,0.041649,0.108351,liquidity_momentum side=YES infl=0.0600 thr=0.0600 ask=0.540 delta=0.0233%
2985514,S52_Liquidity_Momentum,YES,1784527510.108017,0.620000,5,1784527513.855,0.560000,0.043018,-0.343018,liquidity_momentum side=YES infl=0.0100 thr=0.0100 ask=0.620 delta=0.0131%
2985527,S52_Liquidity_Momentum,NO,1784527808.854889,0.640000,5,1784527811.80448,0.500000,0.042467,-0.742467,liquidity_momentum side=NO infl=-0.0600 thr=0.0400 ask=0.640 delta=-0.0315%
2985535,S52_Liquidity_Momentum,YES,1784528151.223205,0.570000,5,1784528152.497091,0.560000,0.042803,-0.092803,liquidity_momentum side=YES infl=0.0100 thr=0.0100 ask=0.570 delta=0.0150%
2985549,S52_Liquidity_Momentum,YES,1784528406.60248,0.620000,5,1784528407.773076,0.610000,0.043018,-0.093018,liquidity_momentum side=YES infl=0.0100 thr=0.0100 ask=0.620 delta=0.0142%
2985552,S52_Liquidity_Momentum,NO,1784528708.730007,0.560000,5,1784528710.913562,0.480000,0.042499,-0.442499,liquidity_momentum side=NO infl=-0.0100 thr=0.0100 ask=0.560 delta=-0.0128%
2985557,S52_Liquidity_Momentum,NO,1784529020.57217,0.550000,5,1784529021.772604,0.540000,0.042114,-0.092114,liquidity_momentum side=NO infl=-0.0500 thr=0.0270 ask=0.550 delta=-0.0137%
2985610,S52_Liquidity_Momentum,NO,1784529305.514179,0.520000,5,1784529305.654818,0.520000,0.040495,-0.040495,liquidity_momentum side=NO infl=-0.0100 thr=0.0100 ask=0.520 delta=-0.0118%
2985629,S52_Liquidity_Momentum,NO,1784529605.854289,0.550000,5,1784529607.055948,0.540000,0.042114,-0.092114,liquidity_momentum side=NO infl=-0.0100 thr=0.0100 ask=0.550 delta=-0.0284%
2985632,S52_Liquidity_Momentum,NO,1784529908.55628,0.550000,5,1784529910.823857,0.480000,0.042114,-0.392114,liquidity_momentum side=NO infl=-0.0500 thr=0.0400 ask=0.550 delta=-0.0314%
2985646,S52_Liquidity_Momentum,NO,1784530204.636119,0.500000,5,1784530205.816211,0.490000,0.039062,-0.089062,liquidity_momentum side=NO infl=-0.0800 thr=0.0480 ask=0.500 delta=-0.0241%
2985665,S52_Liquidity_Momentum,YES,1784530522.879685,0.570000,5,1784530523.023913,0.560000,0.042803,-0.092803,liquidity_momentum side=YES infl=0.0100 thr=0.0100 ask=0.570 delta=0.0104%
2985667,S52_Liquidity_Momentum,YES,1784530826.355716,0.570000,5,1784530830.289207,0.640000,0.042803,0.307197,liquidity_momentum side=YES infl=0.0100 thr=0.0100 ask=0.570 delta=0.0160%
2985686,S52_Liquidity_Momentum,NO,1784531113.31888,0.600000,5,1784531117.317038,0.520000,0.043200,-0.443200,liquidity_momentum side=NO infl=-0.0500 thr=0.0400 ask=0.600 delta=-0.0274%
2985692,S52_Liquidity_Momentum,YES,1784531414.449447,0.580000,5,1784531415.939874,0.560000,0.043022,-0.143022,liquidity_momentum side=YES infl=0.0800 thr=0.0135 ask=0.580 delta=0.0105%
2985710,S52_Liquidity_Momentum,YES,1784531722.915937,0.600000,5,1784531730.212302,0.490000,0.043200,-0.593200,liquidity_momentum side=YES infl=0.0500 thr=0.0400 ask=0.600 delta=0.0140%
2985712,S52_Liquidity_Momentum,NO,1784532015.298571,0.670000,5,1784532016.470663,0.660000,0.040941,-0.090941,liquidity_momentum side=NO infl=-0.0200 thr=0.0200 ask=0.670 delta=-0.0256%
2985730,S52_Liquidity_Momentum,NO,1784532318.361065,0.530000,5,1784532319.950795,0.490000,0.041109,-0.241109,liquidity_momentum side=NO infl=-0.0100 thr=0.0100 ask=0.530 delta=-0.0127%
2985750,S52_Liquidity_Momentum,YES,1784532619.088167,0.630000,5,1784532629.584313,0.630000,0.042789,-0.042789,liquidity_momentum side=YES infl=0.0600 thr=0.0400 ask=0.630 delta=0.0233%
2985793,S52_Liquidity_Momentum,NO,1784532914.965772,0.610000,5,1784532916.201934,0.600000,0.043155,-0.093155,liquidity_momentum side=NO infl=-0.0100 thr=0.0100 ask=0.610 delta=-0.0168%
2985801,S52_Liquidity_Momentum,NO,1784533211.465399,0.630000,5,1784533213.633851,0.510000,0.042789,-0.642789,liquidity_momentum side=NO infl=-0.0800 thr=0.0145 ask=0.630 delta=-0.0179%
2985815,S52_Liquidity_Momentum,NO,1784533518.644754,0.620000,5,1784533520.097436,0.600000,0.043018,-0.143018,liquidity_momentum side=NO infl=-0.0100 thr=0.0100 ask=0.620 delta=-0.0101%
2985819,S52_Liquidity_Momentum,NO,1784533811.330354,0.650000,5,1784533812.540663,0.640000,0.042052,-0.092052,liquidity_momentum side=NO infl=-0.0800 thr=0.0340 ask=0.650 delta=-0.0168%
2985854,S52_Liquidity_Momentum,NO,1784534122.745194,0.610000,5,1784534129.203493,0.460000,0.043155,-0.793155,liquidity_momentum side=NO infl=-0.0400 thr=0.0300 ask=0.610 delta=-0.0389%
2985868,S52_Liquidity_Momentum,NO,1784534405.509619,0.590000,5,1784534406.568582,0.590000,0.043155,-0.043155,liquidity_momentum side=NO infl=-0.1300 thr=0.0860 ask=0.590 delta=-0.0200%
2985915,S52_Liquidity_Momentum,NO,1784534737.031824,0.590000,5,1784534738.888608,0.540000,0.043155,-0.293155,liquidity_momentum side=NO infl=-0.0800 thr=0.0390 ask=0.590 delta=-0.0218%
2985988,S52_Liquidity_Momentum,NO,1784535035.717671,0.480000,5,1784535036.99264,0.470000,0.037380,-0.087380,liquidity_momentum side=NO infl=-0.0500 thr=0.0400 ask=0.480 delta=-0.0162%
2986006,S52_Liquidity_Momentum,NO,1784535330.360455,0.680000,5,1784535332.513504,0.640000,0.040247,-0.240247,liquidity_momentum side=NO infl=-0.1700 thr=0.0200 ask=0.680 delta=-0.0458%
2986014,S52_Liquidity_Momentum,NO,1784535608.312479,0.620000,5,1784535610.750424,0.590000,0.043018,-0.193018,liquidity_momentum side=NO infl=-0.0800 thr=0.0200 ask=0.620 delta=-0.0147%
2986022,S52_Liquidity_Momentum,NO,1784535903.23392,0.310000,5,1784535903.476824,0.310000,0.017729,-0.017729,liquidity_momentum side=NO infl=-0.0500 thr=0.0400 ask=0.310 delta=-0.0145%
2986033,S52_Liquidity_Momentum,NO,1784536226.646146,0.580000,5,1784536228.380892,0.560000,0.043022,-0.143022,liquidity_momentum side=NO infl=-0.0100 thr=0.0100 ask=0.580 delta=-0.0127%
2986083,S52_Liquidity_Momentum,YES,1784536503.572659,0.600000,5,1784536508.643741,0.790000,0.043200,0.906800,liquidity_momentum side=YES infl=0.3600 thr=0.1000 ask=0.600 delta=0.0413%
2986113,S52_Liquidity_Momentum,YES,1784536872.891883,0.590000,5,1784536874.186683,0.580000,0.043155,-0.093155,liquidity_momentum side=YES infl=0.0200 thr=0.0100 ask=0.590 delta=0.0113%
2986122,S52_Liquidity_Momentum,YES,1784537116.602934,0.660000,5,1784537118.051324,0.660000,0.041543,-0.041543,liquidity_momentum side=YES infl=0.1000 thr=0.0100 ask=0.660 delta=0.0247%
2986139,S52_Liquidity_Momentum,YES,1784537413.31873,0.600000,5,1784537416.319143,0.620000,0.043200,0.056800,liquidity_momentum side=YES infl=0.0500 thr=0.0100 ask=0.600 delta=0.0116%
2986143,S52_Liquidity_Momentum,YES,1784537719.189359,0.610000,5,1784537720.456902,0.600000,0.043155,-0.093155,liquidity_momentum side=YES infl=0.0100 thr=0.0100 ask=0.610 delta=0.0271%
2986157,S52_Liquidity_Momentum,YES,1784538017.159976,0.570000,5,1784538025.152524,0.520000,0.042803,-0.292803,liquidity_momentum side=YES infl=0.0400 thr=0.0100 ask=0.570 delta=0.0118%
2986174,S52_Liquidity_Momentum,NO,1784538328.512663,0.680000,5,1784538329.898631,0.670000,0.040247,-0.090247,liquidity_momentum side=NO infl=-0.0100 thr=0.0100 ask=0.680 delta=-0.0219%
2986184,S52_Liquidity_Momentum,YES,1784538611.458018,0.590000,5,1784538614.230561,0.540000,0.043155,-0.293155,liquidity_momentum side=YES infl=0.0100 thr=0.0100 ask=0.590 delta=0.0104%
2986191,S52_Liquidity_Momentum,YES,1784538916.215934,0.590000,5,1784538917.026697,0.570000,0.043155,-0.143155,liquidity_momentum side=YES infl=0.0100 thr=0.0100 ask=0.590 delta=0.0108%
2986213,S52_Liquidity_Momentum,YES,1784539208.592655,0.670000,5,1784539213.31662,0.700000,0.040941,0.109059,liquidity_momentum side=YES infl=0.1100 thr=0.0400 ask=0.670 delta=0.0106%
2986225,S52_Liquidity_Momentum,YES,1784539534.580935,0.670000,5,1784539540.197698,0.760000,0.040941,0.409059,liquidity_momentum side=YES infl=0.0200 thr=0.0100 ask=0.670 delta=0.0132%
2986228,S52_Liquidity_Momentum,NO,1784539825.228137,0.670000,5,1784539827.702106,0.630000,0.040941,-0.240941,liquidity_momentum side=NO infl=-0.0500 thr=0.0400 ask=0.670 delta=-0.0172%
2986288,S52_Liquidity_Momentum,YES,1784540113.418222,0.480000,5,1784540114.919227,0.470000,0.037380,-0.087380,liquidity_momentum side=YES infl=0.0600 thr=0.0400 ask=0.480 delta=0.0103%
2986300,S52_Liquidity_Momentum,YES,1784540403.807921,0.610000,5,1784540404.115608,0.600000,0.043155,-0.093155,liquidity_momentum side=YES infl=0.0600 thr=0.0540 ask=0.610 delta=0.0213%
2986314,S52_Liquidity_Momentum,YES,1784540711.616677,0.630000,5,1784540715.138961,0.660000,0.042789,0.107211,liquidity_momentum side=YES infl=0.0400 thr=0.0400 ask=0.630 delta=0.0128%
2986316,S52_Liquidity_Momentum,NO,1784541008.169344,0.530000,5,1784541009.953547,0.510000,0.041109,-0.141109,liquidity_momentum side=NO infl=-0.0800 thr=0.0400 ask=0.530 delta=-0.0114%
2986396,S52_Liquidity_Momentum,NO,1784541324.540252,0.700000,5,1784541326.567026,0.650000,0.038588,-0.288587,liquidity_momentum side=NO infl=-0.0100 thr=0.0100 ask=0.700 delta=-0.0239%
2986411,S52_Liquidity_Momentum,YES,1784541636.09274,0.570000,5,1784541638.546708,0.550000,0.042803,-0.142803,liquidity_momentum side=YES infl=0.0400 thr=0.0100 ask=0.570 delta=0.0113%
2986416,S52_Liquidity_Momentum,NO,1784541986.349792,0.640000,5,1784541989.089506,0.700000,0.042467,0.257533,liquidity_momentum side=NO infl=-0.0100 thr=0.0100 ask=0.640 delta=-0.0147%
2986519,S52_Liquidity_Momentum,YES,1784542227.481978,0.670000,5,1784542227.988073,0.660000,0.040941,-0.090941,liquidity_momentum side=YES infl=0.0400 thr=0.0100 ask=0.670 delta=0.0152%
2986528,S52_Liquidity_Momentum,NO,1784542510.76226,0.570000,5,1784542511.93647,0.560000,0.042803,-0.092803,liquidity_momentum side=NO infl=-0.0200 thr=0.0190 ask=0.570 delta=-0.0102%
2986539,S52_Liquidity_Momentum,YES,1784542851.642522,0.680000,5,1784542856.288432,0.770000,0.040247,0.409753,liquidity_momentum side=YES infl=0.1200 thr=0.0200 ask=0.680 delta=0.0128%
2986552,S52_Liquidity_Momentum,YES,1784543106.126499,0.570000,5,1784543107.092937,0.560000,0.042803,-0.092803,liquidity_momentum side=YES infl=0.0500 thr=0.0300 ask=0.570 delta=0.0122%
2986561,S52_Liquidity_Momentum,NO,1784543431.922941,0.700000,5,1784543436.362477,0.720000,0.038588,0.061412,liquidity_momentum side=NO infl=-0.2400 thr=0.0100 ask=0.700 delta=-0.0456%
2986614,S52_Liquidity_Momentum,NO,1784543709.959948,0.660000,5,1784543713.235824,0.610000,0.041543,-0.291543,liquidity_momentum side=NO infl=-0.0600 thr=0.0400 ask=0.660 delta=-0.0214%
2986743,S52_Liquidity_Momentum,NO,1784544018.752549,0.650000,5,1784544021.946083,0.560000,0.042052,-0.492052,liquidity_momentum side=NO infl=-0.0100 thr=0.0100 ask=0.650 delta=-0.0164%
2986757,S52_Liquidity_Momentum,NO,1784544321.3668,0.640000,5,1784544323.199938,0.620000,0.042467,-0.142467,liquidity_momentum side=NO infl=-0.0100 thr=0.0100 ask=0.640 delta=-0.0230%
2986768,S52_Liquidity_Momentum,NO,1784544636.566941,0.640000,5,1784544639.984125,0.580000,0.042467,-0.342467,liquidity_momentum side=NO infl=-0.0300 thr=0.0100 ask=0.640 delta=-0.0133%
2987063,S52_Liquidity_Momentum,NO,1784544939.182534,0.650000,5,1784544940.619427,0.640000,0.042052,-0.092052,liquidity_momentum side=NO infl=-0.0100 thr=0.0100 ask=0.650 delta=-0.0127%
2987158,S52_Liquidity_Momentum,YES,1784545209.685201,0.660000,5,1784545211.070932,0.580000,0.041543,-0.441543,liquidity_momentum side=YES infl=0.1300 thr=0.0610 ask=0.660 delta=0.0156%
2987172,S52_Liquidity_Momentum,YES,1784545502.408099,0.550000,5,1784545506.030867,0.650000,0.042114,0.457886,liquidity_momentum side=YES infl=0.0100 thr=0.0035 ask=0.550 delta=0.0109%
2987184,S52_Liquidity_Momentum,NO,1784545809.195573,0.630000,5,1784545810.596649,0.620000,0.042789,-0.092789,liquidity_momentum side=NO infl=-0.0100 thr=0.0100 ask=0.630 delta=-0.0140%
2987194,S52_Liquidity_Momentum,YES,1784546111.203621,0.630000,5,1784546112.395434,0.620000,0.042789,-0.092789,liquidity_momentum side=YES infl=0.0600 thr=0.0100 ask=0.630 delta=0.0109%
2987215,S52_Liquidity_Momentum,NO,1784546506.827273,0.690000,5,1784546508.943334,0.590000,0.039462,-0.539462,liquidity_momentum side=NO infl=-0.3100 thr=0.0100 ask=0.690 delta=-0.0334%
2987295,S52_Liquidity_Momentum,YES,1784546724.53248,0.630000,5,1784546728.068223,0.710000,0.042789,0.357211,liquidity_momentum side=YES infl=0.1600 thr=0.0100 ask=0.630 delta=0.0138%
2987312,S52_Liquidity_Momentum,YES,1784547013.679198,0.630000,5,1784547022.294462,0.860000,0.042789,1.107211,liquidity_momentum side=YES infl=0.1200 thr=0.0585 ask=0.630 delta=0.1067%
2987354,S52_Liquidity_Momentum,NO,1784547303.776454,0.520000,5,1784547305.02493,0.510000,0.040495,-0.090495,liquidity_momentum side=NO infl=-0.0700 thr=0.0400 ask=0.520 delta=-0.0196%
2987372,S52_Liquidity_Momentum,YES,1784547607.793519,0.510000,5,1784547607.926227,0.500000,0.039812,-0.089812,liquidity_momentum side=YES infl=0.0100 thr=0.0100 ask=0.510 delta=0.0235%
2987378,S52_Liquidity_Momentum,YES,1784547903.842121,0.610000,5,1784547905.215751,0.600000,0.043155,-0.093155,liquidity_momentum side=YES infl=0.1900 thr=0.0600 ask=0.610 delta=0.0158%
2987391,S52_Liquidity_Momentum,NO,1784548203.932846,0.510000,5,1784548207.39334,0.600000,0.039812,0.410188,liquidity_momentum side=NO infl=-0.0800 thr=0.0480 ask=0.510 delta=-0.0105%
2987500,S52_Liquidity_Momentum,NO,1784548527.997192,0.700000,5,1784548530.045163,0.710000,0.038588,0.011412,liquidity_momentum side=NO infl=-0.0100 thr=0.0100 ask=0.700 delta=-0.0438%
2987515,S52_Liquidity_Momentum,NO,1784548813.503419,0.660000,5,1784548814.424568,0.650000,0.041543,-0.091543,liquidity_momentum side=NO infl=-0.0100 thr=0.0100 ask=0.660 delta=-0.0431%
2987527,S52_Liquidity_Momentum,YES,1784549101.783431,0.490000,5,1784549105.363322,0.480000,0.038251,-0.088251,liquidity_momentum side=YES infl=0.0200 thr=0.0100 ask=0.490 delta=0.0101%
2987540,S52_Liquidity_Momentum,NO,1784549405.028542,0.540000,5,1784549405.626854,0.540000,0.041649,-0.041649,liquidity_momentum side=NO infl=-0.0100 thr=0.0100 ask=0.540 delta=-0.0100%
2987554,S52_Liquidity_Momentum,YES,1784549702.886182,0.570000,5,1784549707.065341,0.490000,0.042803,-0.442803,liquidity_momentum side=YES infl=0.0700 thr=0.0210 ask=0.570 delta=0.0125%
2987627,S52_Liquidity_Momentum,NO,1784550015.285274,0.550000,5,1784550017.186845,0.540000,0.042114,-0.092114,liquidity_momentum side=NO infl=-0.0400 thr=0.0100 ask=0.550 delta=-0.0256%
2987732,S52_Liquidity_Momentum,NO,1784550308.269778,0.670000,5,1784550313.96991,0.550000,0.040941,-0.640941,liquidity_momentum side=NO infl=-0.0400 thr=0.0320 ask=0.670 delta=-0.0341%
2987738,S52_Liquidity_Momentum,YES,1784550611.316483,0.650000,5,1784550612.660648,0.640000,0.042052,-0.092052,liquidity_momentum side=YES infl=0.2400 thr=0.0540 ask=0.650 delta=0.0146%
2987786,S52_Liquidity_Momentum,YES,1784550901.713162,0.550000,5,1784550903.866761,0.560000,0.042114,0.007886,liquidity_momentum side=YES infl=0.0600 thr=0.0250 ask=0.550 delta=0.0103%
2987825,S52_Liquidity_Momentum,YES,1784551208.040822,0.520000,5,1784551210.096863,0.520000,0.040495,-0.040495,liquidity_momentum side=YES infl=0.0400 thr=0.0400 ask=0.520 delta=0.0107%
2987849,S52_Liquidity_Momentum,NO,1784551835.591601,0.580000,5,1784551835.999298,0.570000,0.043022,-0.093022,liquidity_momentum side=NO infl=-0.0100 thr=0.0100 ask=0.580 delta=-0.0156%
2987910,S52_Liquidity_Momentum,NO,1784552133.529477,0.550000,5,1784552133.899171,0.540000,0.042114,-0.092114,liquidity_momentum side=NO infl=-0.0100 thr=nan ask=0.550 delta=-0.0118%
2987917,S52_Liquidity_Momentum,YES,1784552402.722014,0.580000,5,1784552405.319226,0.600000,0.043022,0.056978,liquidity_momentum side=YES infl=0.1200 thr=0.0960 ask=0.580 delta=0.0187%
2987935,S52_Liquidity_Momentum,YES,1784552774.157129,0.610000,5,1784552774.916925,0.600000,0.043155,-0.093155,liquidity_momentum side=YES infl=0.0100 thr=0.0100 ask=0.610 delta=0.0132%
2988028,S52_Liquidity_Momentum,NO,1784553015.274832,0.560000,5,1784553016.684235,0.550000,0.042499,-0.092499,liquidity_momentum side=NO infl=-0.0100 thr=0.0100 ask=0.560 delta=-0.0104%
2988037,S52_Liquidity_Momentum,YES,1784553308.408792,0.590000,5,1784553311.484845,0.650000,0.043155,0.256845,liquidity_momentum side=YES infl=0.0100 thr=0.0100 ask=0.590 delta=0.0153%
2988051,S52_Liquidity_Momentum,NO,1784553728.513927,0.540000,5,1784553730.096392,0.530000,0.041649,-0.091649,liquidity_momentum side=NO infl=-0.1200 thr=0.0100 ask=0.540 delta=-0.0122%
2988076,S52_Liquidity_Momentum,YES,1784554214.413353,0.550000,5,1784554218.479278,0.670000,0.042114,0.557886,liquidity_momentum side=YES infl=0.0900 thr=0.0600 ask=0.550 delta=0.0435%
2988127,S52_Liquidity_Momentum,YES,1784554514.661411,0.640000,5,1784554516.130838,0.630000,0.042467,-0.092467,liquidity_momentum side=YES infl=0.0600 thr=0.0400 ask=0.640 delta=0.0307%
2988295,S52_Liquidity_Momentum,YES,1784554805.314002,0.620000,5,1784554806.988433,0.610000,0.043018,-0.093018,liquidity_momentum side=YES infl=0.0600 thr=0.0480 ask=0.620 delta=0.0238%
2988311,S52_Liquidity_Momentum,YES,1784555105.162315,0.540000,5,1784555105.317339,0.530000,0.041649,-0.091649,liquidity_momentum side=YES infl=0.0400 thr=0.0235 ask=0.540 delta=0.0116%
2988321,S52_Liquidity_Momentum,YES,1784555412.487091,0.530000,5,1784555417.906123,0.580000,0.041109,0.208891,liquidity_momentum side=YES infl=0.0100 thr=0.0100 ask=0.530 delta=0.0109%
2988339,S52_Liquidity_Momentum,YES,1784555708.537144,0.580000,5,1784555710.379231,0.580000,0.043022,-0.043022,liquidity_momentum side=YES infl=0.1100 thr=0.0420 ask=0.580 delta=0.0239%
2988367,S52_Liquidity_Momentum,YES,1784556006.945393,0.560000,5,1784556008.27609,0.540000,0.042499,-0.142499,liquidity_momentum side=YES infl=0.0100 thr=0.0100 ask=0.560 delta=0.0117%
2988378,S52_Liquidity_Momentum,NO,1784556305.517558,0.510000,5,1784556305.668634,0.500000,0.039812,-0.089812,liquidity_momentum side=NO infl=-0.1000 thr=0.0200 ask=0.510 delta=-0.0179%
2988519,S52_Liquidity_Momentum,NO,1784556609.034409,0.630000,5,1784556611.346734,0.610000,0.042789,-0.142789,liquidity_momentum side=NO infl=-0.0100 thr=0.0100 ask=0.630 delta=-0.0538%
2988533,S52_Liquidity_Momentum,NO,1784556907.669198,0.590000,5,1784556912.423189,0.470000,0.043155,-0.643155,liquidity_momentum side=NO infl=-0.1900 thr=0.0400 ask=0.590 delta=-0.0558%
2988543,S52_Liquidity_Momentum,NO,1784557205.933778,0.650000,5,1784557209.012933,0.480000,0.042052,-0.892052,liquidity_momentum side=NO infl=-0.0500 thr=0.0400 ask=0.650 delta=-0.0652%
2988588,S52_Liquidity_Momentum,YES,1784557512.558146,0.590000,5,1784557514.355347,0.590000,0.043155,-0.043155,liquidity_momentum side=YES infl=0.0200 thr=0.0100 ask=0.590 delta=0.0318%
2988612,S52_Liquidity_Momentum,NO,1784557810.844076,0.590000,5,1784557814.667175,0.550000,0.043155,-0.243155,liquidity_momentum side=NO infl=-0.0200 thr=0.0100 ask=0.590 delta=-0.0204%
2988654,S52_Liquidity_Momentum,NO,1784558106.790294,0.550000,5,1784558108.748316,0.510000,0.042114,-0.242114,liquidity_momentum side=NO infl=-0.0600 thr=0.0175 ask=0.550 delta=-0.0281%
2988669,S52_Liquidity_Momentum,YES,1784558417.008866,0.570000,5,1784558417.700175,0.560000,0.042803,-0.092803,liquidity_momentum side=YES infl=0.0100 thr=0.0100 ask=0.570 delta=0.0163%
2988686,S52_Liquidity_Momentum,NO,1784558708.475403,0.610000,5,1784558709.925668,0.600000,0.043155,-0.093155,liquidity_momentum side=NO infl=-0.0800 thr=0.0400 ask=0.610 delta=-0.0497%
2988697,S52_Liquidity_Momentum,NO,1784559003.719042,0.560000,5,1784559011.017101,0.510000,0.042499,-0.292499,liquidity_momentum side=NO infl=-0.0500 thr=0.0400 ask=0.560 delta=-0.0354%
2988810,S52_Liquidity_Momentum,NO,1784559304.071669,0.550000,5,1784559305.244581,0.540000,0.042114,-0.092114,liquidity_momentum side=NO infl=-0.0100 thr=0.0100 ask=0.550 delta=-0.0209%
2988833,S52_Liquidity_Momentum,YES,1784559602.23819,0.630000,5,1784559607.045085,0.590000,0.042789,-0.242789,liquidity_momentum side=YES infl=0.1700 thr=0.0560 ask=0.630 delta=0.0379%
2988834,S52_Liquidity_Momentum,NO,1784559921.604309,0.660000,5,1784559924.688456,0.570000,0.041543,-0.491543,liquidity_momentum side=NO infl=-0.0400 thr=0.0200 ask=0.660 delta=-0.0394%
2988850,S52_Liquidity_Momentum,YES,1784560202.241608,0.490000,5,1784560202.763137,0.480000,0.038251,-0.088251,liquidity_momentum side=YES infl=0.0400 thr=0.0140 ask=0.490 delta=0.0111%
2988862,S52_Liquidity_Momentum,NO,1784560515.906813,0.630000,5,1784560520.232233,0.680000,0.042789,0.207211,liquidity_momentum side=NO infl=-0.0100 thr=0.0100 ask=0.630 delta=-0.0324%
2988878,S52_Liquidity_Momentum,NO,1784560810.434832,0.570000,5,1784560813.5144,0.490000,0.042803,-0.442803,liquidity_momentum side=NO infl=-0.0400 thr=0.0100 ask=0.570 delta=-0.0171%
2988937,S52_Liquidity_Momentum,NO,1784561112.567204,0.660000,5,1784561112.904581,0.670000,0.041543,0.008457,liquidity_momentum side=NO infl=-0.0400 thr=0.0190 ask=0.660 delta=-0.0548%
2988944,S52_Liquidity_Momentum,YES,1784561404.790522,0.550000,5,1784561408.404177,0.530000,0.042114,-0.142114,liquidity_momentum side=YES infl=0.0300 thr=0.0100 ask=0.550 delta=0.0252%
2989007,S52_Liquidity_Momentum,NO,1784561711.387523,0.630000,5,1784561713.336483,0.570000,0.042789,-0.342789,liquidity_momentum side=NO infl=-0.0100 thr=0.0100 ask=0.630 delta=-0.0371%
2989026,S52_Liquidity_Momentum,YES,1784562007.733131,0.570000,5,1784562008.434506,0.560000,0.042803,-0.092803,liquidity_momentum side=YES infl=0.1100 thr=0.0100 ask=0.570 delta=0.0150%
2989034,S52_Liquidity_Momentum,YES,1784562301.740877,0.510000,5,1784562305.115196,0.570000,0.039812,0.260188,liquidity_momentum side=YES infl=0.0800 thr=0.0290 ask=0.510 delta=0.0316%
2989051,S52_Liquidity_Momentum,YES,1784562608.906031,0.540000,5,1784562612.473837,0.510000,0.041649,-0.191649,liquidity_momentum side=YES infl=0.0400 thr=0.0400 ask=0.540 delta=0.0174%
2989594,S52_Liquidity_Momentum,YES,1784562905.525293,0.550000,5,1784562907.109468,0.510000,0.042114,-0.242114,liquidity_momentum side=YES infl=0.0500 thr=0.0220 ask=0.550 delta=0.0153%
2989898,S52_Liquidity_Momentum,YES,1784563202.924803,0.510000,5,1784563209.916579,0.570000,0.039812,0.260188,liquidity_momentum side=YES infl=0.0600 thr=0.0175 ask=0.510 delta=0.0133%
2989913,S52_Liquidity_Momentum,NO,1784563526.514455,0.660000,5,1784563528.497292,0.640000,0.041543,-0.141543,liquidity_momentum side=NO infl=-0.0300 thr=0.0100 ask=0.660 delta=-0.0682%
2989970,S52_Liquidity_Momentum,YES,1784563814.189939,0.570000,5,1784563819.499754,0.610000,0.042803,0.157197,liquidity_momentum side=YES infl=0.0100 thr=0.0100 ask=0.570 delta=0.0175%
