market_id,strategy,side,entry_time,entry_price,shares,exit_time,exit_price,fee_paid,pnl,reason
2933913,S43_Bollinger_RSI_Reversal,NO,1784200803.416562,0.500000,5,1784201099.960979,0.000000,0.039062,-2.539062,"bb_rsi_reversal side=NO spot=64071.25 bb=(64070.25,64071.11) rsi=100.0"
2933923,S43_Bollinger_RSI_Reversal,YES,1784201105.485291,0.410000,5,1784201399.920989,0.000000,0.029989,-2.079989,"bb_rsi_reversal side=YES spot=64195.28 bb=(64198.05,64202.75) rsi=0.0"
2933933,S43_Bollinger_RSI_Reversal,YES,1784201405.484569,0.460000,5,1784201699.898366,1.000000,0.035479,2.664521,"bb_rsi_reversal side=YES spot=64125.11 bb=(64125.13,64125.31) rsi=0.0"
2933981,S43_Bollinger_RSI_Reversal,NO,1784201703.654579,0.500000,5,1784201999.989534,0.000000,0.039062,-2.539062,"bb_rsi_reversal side=NO spot=64134.21 bb=(64132.57,64133.63) rsi=100.0"
2934041,S43_Bollinger_RSI_Reversal,YES,1784202303.688568,0.390000,5,1784202599.888569,0.000000,0.027591,-1.977591,"bb_rsi_reversal side=YES spot=64203.60 bb=(64205.80,64209.54) rsi=0.0"
2934267,S43_Bollinger_RSI_Reversal,NO,1784202903.152278,0.520000,5,1784203199.968853,0.000000,0.040495,-2.640495,"bb_rsi_reversal side=NO spot=64147.46 bb=(64147.05,64147.42) rsi=100.0"
2934325,S43_Bollinger_RSI_Reversal,YES,1784203211.006978,0.360000,5,1784203499.906016,0.000000,0.023888,-1.823888,"bb_rsi_reversal side=YES spot=64189.43 bb=(64192.25,64197.04) rsi=0.0"
2934344,S43_Bollinger_RSI_Reversal,NO,1784203505.060593,0.400000,5,1784203799.905116,0.000000,0.028800,-2.028800,"bb_rsi_reversal side=NO spot=64125.16 bb=(64115.04,64121.42) rsi=100.0"
2934354,S43_Bollinger_RSI_Reversal,YES,1784203805.075453,0.480000,5,1784204099.889787,0.000000,0.037380,-2.437380,"bb_rsi_reversal side=YES spot=64120.66 bb=(64122.05,64124.43) rsi=4.8"
2934361,S43_Bollinger_RSI_Reversal,NO,1784204104.091939,0.520000,5,1784204399.9051,0.000000,0.040495,-2.640495,"bb_rsi_reversal side=NO spot=64109.70 bb=(64109.60,64109.66) rsi=100.0"
2934379,S43_Bollinger_RSI_Reversal,YES,1784204407.206012,0.520000,5,1784204699.949445,0.000000,0.040495,-2.640495,"bb_rsi_reversal side=YES spot=64114.58 bb=(64114.97,64115.62) rsi=0.0"
2934397,S43_Bollinger_RSI_Reversal,NO,1784205004.229921,0.370000,5,1784205299.994984,1.000000,0.025130,3.124870,"bb_rsi_reversal side=NO spot=64149.52 bb=(64131.68,64142.99) rsi=93.6"
2934447,S43_Bollinger_RSI_Reversal,YES,1784205306.420517,0.480000,5,1784205599.890878,0.000000,0.037380,-2.437380,"bb_rsi_reversal side=YES spot=64106.76 bb=(64107.10,64107.67) rsi=0.0"
2934490,S43_Bollinger_RSI_Reversal,NO,1784205610.386051,0.500000,5,1784205899.915684,1.000000,0.039062,2.460938,"bb_rsi_reversal side=NO spot=63920.88 bb=(63920.80,63920.85) rsi=100.0"
2934493,S43_Bollinger_RSI_Reversal,YES,1784205907.448696,0.520000,5,1784206199.959226,1.000000,0.040495,2.359505,"bb_rsi_reversal side=YES spot=63837.48 bb=(63838.62,63840.55) rsi=0.0"
2934513,S43_Bollinger_RSI_Reversal,YES,1784206203.627573,0.430000,5,1784206499.994437,1.000000,0.032290,2.817710,"bb_rsi_reversal side=YES spot=63887.50 bb=(63890.51,63901.38) rsi=0.0"
2934573,S43_Bollinger_RSI_Reversal,YES,1784206503.590637,0.520000,5,1784206799.91893,0.000000,0.040495,-2.640495,"bb_rsi_reversal side=YES spot=63975.33 bb=(63975.42,63975.58) rsi=0.0"
2934577,S43_Bollinger_RSI_Reversal,YES,1784206803.80557,0.460000,5,1784207099.947875,1.000000,0.035479,2.664521,"bb_rsi_reversal side=YES spot=63911.43 bb=(63913.05,63920.35) rsi=0.0"
2934590,S43_Bollinger_RSI_Reversal,NO,1784207103.819626,0.480000,5,1784207399.957443,0.000000,0.037380,-2.437380,"bb_rsi_reversal side=NO spot=63935.96 bb=(63932.74,63935.07) rsi=100.0"
2934605,S43_Bollinger_RSI_Reversal,YES,1784207403.88553,0.530000,5,1784207699.912184,1.000000,0.041109,2.308891,"bb_rsi_reversal side=YES spot=63974.08 bb=(63974.74,63975.90) rsi=0.0"
2934623,S43_Bollinger_RSI_Reversal,YES,1784207705.902932,0.500000,5,1784207999.954737,1.000000,0.039062,2.460938,"bb_rsi_reversal side=YES spot=64035.42 bb=(64035.57,64035.96) rsi=24.5"
2934636,S43_Bollinger_RSI_Reversal,NO,1784208006.008629,0.520000,5,1784208299.989105,0.000000,0.040495,-2.640495,"bb_rsi_reversal side=NO spot=64044.31 bb=(64044.26,64044.29) rsi=100.0"
2934650,S43_Bollinger_RSI_Reversal,YES,1784208303.218704,0.360000,5,1784208599.960075,1.000000,0.023888,3.176112,"bb_rsi_reversal side=YES spot=64146.88 bb=(64148.96,64170.86) rsi=0.0"
2934730,S43_Bollinger_RSI_Reversal,NO,1784208606.95515,0.320000,5,1784208899.983656,0.000000,0.018940,-1.618940,"bb_rsi_reversal side=NO spot=64244.86 bb=(64229.64,64239.53) rsi=100.0"
2934777,S43_Bollinger_RSI_Reversal,NO,1784208903.291446,0.570000,5,1784209199.984145,1.000000,0.042803,2.107197,"bb_rsi_reversal side=NO spot=64283.79 bb=(64268.60,64281.15) rsi=100.0"
2934814,S43_Bollinger_RSI_Reversal,NO,1784209205.159465,0.510000,5,1784209499.996363,1.000000,0.039812,2.410188,"bb_rsi_reversal side=NO spot=64254.55 bb=(64246.96,64251.73) rsi=100.0"
2934831,S43_Bollinger_RSI_Reversal,NO,1784209503.315932,0.440000,5,1784209799.95927,0.000000,0.033392,-2.233392,"bb_rsi_reversal side=NO spot=64112.87 bb=(64104.32,64109.70) rsi=100.0"
2934863,S43_Bollinger_RSI_Reversal,NO,1784209806.303152,0.480000,5,1784210099.925036,0.000000,0.037380,-2.437380,"bb_rsi_reversal side=NO spot=64163.34 bb=(64145.28,64157.21) rsi=100.0"
2934877,S43_Bollinger_RSI_Reversal,YES,1784210103.32798,0.420000,5,1784210399.959285,1.000000,0.031154,2.868846,"bb_rsi_reversal side=YES spot=64213.57 bb=(64221.48,64238.84) rsi=0.0"
2934890,S43_Bollinger_RSI_Reversal,NO,1784210404.525995,0.450000,5,1784210699.882863,1.000000,0.034457,2.715543,"bb_rsi_reversal side=NO spot=64332.31 bb=(64317.71,64327.28) rsi=88.8"
2934906,S43_Bollinger_RSI_Reversal,NO,1784210703.691752,0.430000,5,1784210999.90861,0.000000,0.032290,-2.182290,"bb_rsi_reversal side=NO spot=64307.68 bb=(64289.06,64304.08) rsi=100.0"
2934922,S43_Bollinger_RSI_Reversal,YES,1784211003.537419,0.440000,5,1784211299.965166,1.000000,0.033392,2.766608,"bb_rsi_reversal side=YES spot=64550.77 bb=(64553.22,64557.44) rsi=0.0"
2934932,S43_Bollinger_RSI_Reversal,YES,1784211304.650437,0.410000,5,1784211600.000436,1.000000,0.029989,2.920011,"bb_rsi_reversal side=YES spot=64579.98 bb=(64580.36,64582.62) rsi=0.0"
2934949,S43_Bollinger_RSI_Reversal,YES,1784211606.769821,0.410000,5,1784211899.981149,0.000000,0.029989,-2.079989,"bb_rsi_reversal side=YES spot=64616.27 bb=(64621.71,64632.49) rsi=0.0"
2934961,S43_Bollinger_RSI_Reversal,YES,1784211903.829257,0.350000,5,1784212199.944591,1.000000,0.022643,3.227357,"bb_rsi_reversal side=YES spot=64554.91 bb=(64559.49,64578.96) rsi=0.0"
2934977,S43_Bollinger_RSI_Reversal,NO,1784212204.806725,0.490000,5,1784212499.981085,1.000000,0.038251,2.511749,"bb_rsi_reversal side=NO spot=64720.27 bb=(64707.15,64715.42) rsi=100.0"
2935023,S43_Bollinger_RSI_Reversal,NO,1784212505.563942,0.550000,5,1784212799.993802,1.000000,0.042114,2.207886,"bb_rsi_reversal side=NO spot=64702.54 bb=(64701.26,64702.40) rsi=72.7"
2935037,S43_Bollinger_RSI_Reversal,NO,1784212804.022752,0.480000,5,1784213099.953344,0.000000,0.037380,-2.437380,"bb_rsi_reversal side=NO spot=64649.45 bb=(64638.33,64646.97) rsi=100.0"
2935060,S43_Bollinger_RSI_Reversal,YES,1784213105.021164,0.440000,5,1784213399.95051,0.000000,0.033392,-2.233392,"bb_rsi_reversal side=YES spot=64675.43 bb=(64681.09,64692.89) rsi=0.0"
2935086,S43_Bollinger_RSI_Reversal,YES,1784213705.188109,0.410000,5,1784213999.888917,0.000000,0.029989,-2.079989,"bb_rsi_reversal side=YES spot=64500.94 bb=(64506.01,64516.98) rsi=0.0"
2935087,S43_Bollinger_RSI_Reversal,NO,1784214004.186251,0.420000,5,1784214299.861777,1.000000,0.031154,2.868846,"bb_rsi_reversal side=NO spot=64503.02 bb=(64474.92,64495.85) rsi=75.0"
2935106,S43_Bollinger_RSI_Reversal,YES,1784214303.301553,0.410000,5,1784214599.944456,0.000000,0.029989,-2.079989,"bb_rsi_reversal side=YES spot=64444.83 bb=(64450.37,64459.90) rsi=0.0"
2935124,S43_Bollinger_RSI_Reversal,YES,1784214603.405293,0.510000,5,1784214899.918153,0.000000,0.039812,-2.589812,"bb_rsi_reversal side=YES spot=64381.56 bb=(64381.93,64382.57) rsi=0.0"
2935166,S43_Bollinger_RSI_Reversal,NO,1784214905.473773,0.390000,5,1784215199.919174,0.000000,0.027591,-1.977591,"bb_rsi_reversal side=NO spot=64332.14 bb=(64297.87,64319.43) rsi=100.0"
2935211,S43_Bollinger_RSI_Reversal,YES,1784215805.669514,0.410000,5,1784216100.004792,0.000000,0.029989,-2.079989,"bb_rsi_reversal side=YES spot=64759.21 bb=(64765.15,64775.35) rsi=0.0"
2935252,S43_Bollinger_RSI_Reversal,YES,1784216104.662033,0.420000,5,1784216399.959844,1.000000,0.031154,2.868846,"bb_rsi_reversal side=YES spot=64728.06 bb=(64733.15,64741.84) rsi=0.0"
2935293,S43_Bollinger_RSI_Reversal,NO,1784217003.087458,0.460000,5,1784217299.997166,1.000000,0.035479,2.664521,"bb_rsi_reversal side=NO spot=64714.16 bb=(64708.36,64713.00) rsi=99.7"
2935486,S43_Bollinger_RSI_Reversal,NO,1784217303.113953,0.500000,5,1784217599.958373,1.000000,0.039062,2.460938,"bb_rsi_reversal side=NO spot=64710.24 bb=(64705.75,64709.85) rsi=100.0"
2935536,S43_Bollinger_RSI_Reversal,NO,1784217604.993852,0.510000,5,1784217899.891045,1.000000,0.039812,2.410188,"bb_rsi_reversal side=NO spot=64665.06 bb=(64655.59,64661.66) rsi=100.0"
2935547,S43_Bollinger_RSI_Reversal,YES,1784217904.985414,0.430000,5,1784218199.920624,0.000000,0.032290,-2.182290,"bb_rsi_reversal side=YES spot=64536.25 bb=(64538.84,64548.41) rsi=0.0"
2935556,S43_Bollinger_RSI_Reversal,YES,1784218203.165286,0.490000,5,1784218500.00046,0.000000,0.038251,-2.488251,"bb_rsi_reversal side=YES spot=64547.02 bb=(64547.07,64547.37) rsi=3.8"
2935583,S43_Bollinger_RSI_Reversal,YES,1784218803.308522,0.380000,5,1784219099.930195,0.000000,0.026366,-1.926366,"bb_rsi_reversal side=YES spot=64427.08 bb=(64430.08,64443.50) rsi=0.0"
2935593,S43_Bollinger_RSI_Reversal,YES,1784219103.265111,0.520000,5,1784219399.999461,1.000000,0.040495,2.359505,"bb_rsi_reversal side=YES spot=64410.64 bb=(64411.68,64413.49) rsi=0.0"
2935604,S43_Bollinger_RSI_Reversal,NO,1784219405.309451,0.430000,5,1784219699.941756,0.000000,0.032290,-2.182290,"bb_rsi_reversal side=NO spot=64509.37 bb=(64496.34,64504.54) rsi=100.0"
2935659,S43_Bollinger_RSI_Reversal,NO,1784219703.393721,0.480000,5,1784219999.954897,1.000000,0.037380,2.562620,"bb_rsi_reversal side=NO spot=64532.10 bb=(64531.96,64532.08) rsi=100.0"
2935671,S43_Bollinger_RSI_Reversal,YES,1784220006.439925,0.520000,5,1784220299.926822,0.000000,0.040495,-2.640495,"bb_rsi_reversal side=YES spot=64391.74 bb=(64391.99,64392.42) rsi=0.0"
2935691,S43_Bollinger_RSI_Reversal,YES,1784220304.582439,0.510000,5,1784220599.982654,1.000000,0.039812,2.410188,"bb_rsi_reversal side=YES spot=64330.98 bb=(64331.89,64334.29) rsi=0.0"
2935693,S43_Bollinger_RSI_Reversal,YES,1784220604.568366,0.540000,5,1784220899.910637,1.000000,0.041649,2.258351,"bb_rsi_reversal side=YES spot=64389.92 bb=(64390.07,64390.57) rsi=0.0"
2936247,S43_Bollinger_RSI_Reversal,NO,1784220903.734009,0.480000,5,1784221199.945146,0.000000,0.037380,-2.437380,"bb_rsi_reversal side=NO spot=64428.72 bb=(64425.05,64427.43) rsi=100.0"
2936266,S43_Bollinger_RSI_Reversal,YES,1784221205.762322,0.420000,5,1784221499.954992,0.000000,0.031154,-2.131154,"bb_rsi_reversal side=YES spot=64424.82 bb=(64429.51,64437.48) rsi=0.0"
2936273,S43_Bollinger_RSI_Reversal,NO,1784221504.847727,0.490000,5,1784221799.965192,1.000000,0.038251,2.511749,"bb_rsi_reversal side=NO spot=64328.56 bb=(64325.86,64327.60) rsi=100.0"
2936343,S43_Bollinger_RSI_Reversal,NO,1784221803.283316,0.460000,5,1784222099.942396,1.000000,0.035479,2.664521,"bb_rsi_reversal side=NO spot=64261.94 bb=(64260.63,64261.83) rsi=100.0"
2936346,S43_Bollinger_RSI_Reversal,NO,1784222103.869161,0.420000,5,1784222399.987714,0.000000,0.031154,-2.131154,"bb_rsi_reversal side=NO spot=64131.14 bb=(64119.46,64126.81) rsi=99.4"
2936368,S43_Bollinger_RSI_Reversal,NO,1784222404.006108,0.400000,5,1784222700.001951,0.000000,0.028800,-2.028800,"bb_rsi_reversal side=NO spot=64175.78 bb=(64159.41,64170.98) rsi=100.0"
2936522,S43_Bollinger_RSI_Reversal,YES,1784222704.067131,0.390000,5,1784222999.914208,1.000000,0.027591,3.022409,"bb_rsi_reversal side=YES spot=64145.03 bb=(64150.77,64172.13) rsi=0.0"
2936536,S43_Bollinger_RSI_Reversal,YES,1784223003.328628,0.510000,5,1784223299.888188,1.000000,0.039812,2.410188,"bb_rsi_reversal side=YES spot=64171.21 bb=(64171.34,64172.71) rsi=0.0"
2936584,S43_Bollinger_RSI_Reversal,NO,1784223304.196422,0.510000,5,1784223599.959077,1.000000,0.039812,2.410188,"bb_rsi_reversal side=NO spot=64215.59 bb=(64215.53,64215.57) rsi=100.0"
2936593,S43_Bollinger_RSI_Reversal,YES,1784223604.290499,0.480000,5,1784223899.968809,0.000000,0.037380,-2.437380,"bb_rsi_reversal side=YES spot=64182.63 bb=(64184.34,64188.04) rsi=0.0"
2936613,S43_Bollinger_RSI_Reversal,NO,1784223905.362655,0.460000,5,1784224199.893499,1.000000,0.035479,2.664521,"bb_rsi_reversal side=NO spot=64102.12 bb=(64101.95,64102.06) rsi=100.0"
2936631,S43_Bollinger_RSI_Reversal,YES,1784224204.331068,0.500000,5,1784224499.910352,0.000000,0.039062,-2.539062,"bb_rsi_reversal side=YES spot=64084.39 bb=(64085.97,64088.65) rsi=0.0"
2936657,S43_Bollinger_RSI_Reversal,YES,1784224505.501098,0.520000,5,1784224799.910276,0.000000,0.040495,-2.640495,"bb_rsi_reversal side=YES spot=64045.18 bb=(64045.94,64047.22) rsi=0.0"
2936666,S43_Bollinger_RSI_Reversal,YES,1784224804.454924,0.510000,5,1784225099.877007,1.000000,0.039812,2.410188,"bb_rsi_reversal side=YES spot=64023.71 bb=(64025.18,64027.68) rsi=0.7"
2936676,S43_Bollinger_RSI_Reversal,YES,1784225104.615025,0.480000,5,1784225399.923713,1.000000,0.037380,2.562620,"bb_rsi_reversal side=YES spot=64038.74 bb=(64041.18,64045.42) rsi=0.0"
2936791,S43_Bollinger_RSI_Reversal,YES,1784225703.653444,0.460000,5,1784225999.91878,1.000000,0.035479,2.664521,"bb_rsi_reversal side=YES spot=64148.20 bb=(64148.89,64150.14) rsi=0.0"
2936854,S43_Bollinger_RSI_Reversal,NO,1784226007.757854,0.550000,5,1784226299.941212,0.000000,0.042114,-2.792114,"bb_rsi_reversal side=NO spot=64177.40 bb=(64172.31,64175.51) rsi=100.0"
2936934,S43_Bollinger_RSI_Reversal,YES,1784226304.767107,0.460000,5,1784226599.887855,0.000000,0.035479,-2.335479,"bb_rsi_reversal side=YES spot=64252.09 bb=(64252.53,64253.30) rsi=5.3"
2937046,S43_Bollinger_RSI_Reversal,YES,1784226605.82911,0.390000,5,1784226899.963584,0.000000,0.027591,-1.977591,"bb_rsi_reversal side=YES spot=64167.77 bb=(64167.88,64168.06) rsi=0.0"
2937142,S43_Bollinger_RSI_Reversal,YES,1784226905.928086,0.360000,5,1784227199.885841,0.000000,0.023888,-1.823888,"bb_rsi_reversal side=YES spot=64115.99 bb=(64121.67,64134.81) rsi=0.0"
2937159,S43_Bollinger_RSI_Reversal,YES,1784227203.988781,0.440000,5,1784227499.934495,1.000000,0.033392,2.766608,"bb_rsi_reversal side=YES spot=64086.70 bb=(64088.37,64093.38) rsi=0.0"
2937169,S43_Bollinger_RSI_Reversal,YES,1784227507.041487,0.430000,5,1784227799.928024,1.000000,0.032290,2.817710,"bb_rsi_reversal side=YES spot=64092.14 bb=(64097.12,64105.59) rsi=0.0"
2937182,S43_Bollinger_RSI_Reversal,NO,1784227805.053181,0.520000,5,1784228099.937944,0.000000,0.040495,-2.640495,"bb_rsi_reversal side=NO spot=64184.18 bb=(64182.45,64183.87) rsi=71.5"
2937288,S43_Bollinger_RSI_Reversal,YES,1784228103.142053,0.410000,5,1784228399.898124,0.000000,0.029989,-2.079989,"bb_rsi_reversal side=YES spot=64217.57 bb=(64219.68,64223.71) rsi=14.1"
2937377,S43_Bollinger_RSI_Reversal,NO,1784228410.230925,0.510000,5,1784228699.987698,0.000000,0.039812,-2.589812,"bb_rsi_reversal side=NO spot=64197.47 bb=(64194.80,64197.31) rsi=100.0"
2937380,S43_Bollinger_RSI_Reversal,YES,1784228704.364146,0.420000,5,1784228999.954987,0.000000,0.031154,-2.131154,"bb_rsi_reversal side=YES spot=64232.58 bb=(64233.63,64235.54) rsi=10.3"
2937400,S43_Bollinger_RSI_Reversal,YES,1784229003.397847,0.400000,5,1784229299.909584,0.000000,0.028800,-2.028800,"bb_rsi_reversal side=YES spot=64194.07 bb=(64196.55,64201.06) rsi=0.0"
2937410,S43_Bollinger_RSI_Reversal,YES,1784229305.446801,0.530000,5,1784229599.891282,0.000000,0.041109,-2.691109,"bb_rsi_reversal side=YES spot=64179.43 bb=(64179.85,64181.18) rsi=0.0"
2937426,S43_Bollinger_RSI_Reversal,NO,1784229604.542236,0.540000,5,1784229899.928387,1.000000,0.041649,2.258351,"bb_rsi_reversal side=NO spot=64174.66 bb=(64174.13,64174.46) rsi=100.0"
2937435,S43_Bollinger_RSI_Reversal,NO,1784229903.597677,0.350000,5,1784230199.890109,0.000000,0.022643,-1.772643,"bb_rsi_reversal side=NO spot=64153.54 bb=(64136.76,64151.21) rsi=100.0"
2937452,S43_Bollinger_RSI_Reversal,YES,1784230203.554446,0.410000,5,1784230499.948483,0.000000,0.029989,-2.079989,"bb_rsi_reversal side=YES spot=64213.38 bb=(64213.45,64213.57) rsi=0.0"
2937491,S43_Bollinger_RSI_Reversal,NO,1784230503.643266,0.500000,5,1784230799.931368,1.000000,0.039062,2.460938,"bb_rsi_reversal side=NO spot=64201.75 bb=(64200.90,64201.45) rsi=100.0"
2937499,S43_Bollinger_RSI_Reversal,YES,1784230808.816535,0.240000,5,1784231099.86402,0.000000,0.009981,-1.209981,"bb_rsi_reversal side=YES spot=64176.44 bb=(64178.40,64181.73) rsi=0.0"
2937509,S43_Bollinger_RSI_Reversal,YES,1784231103.044581,0.440000,5,1784231399.921671,0.000000,0.033392,-2.233392,"bb_rsi_reversal side=YES spot=64149.66 bb=(64149.77,64150.91) rsi=0.0"
2937568,S43_Bollinger_RSI_Reversal,YES,1784231405.862133,0.500000,5,1784231699.908605,1.000000,0.039062,2.460938,"bb_rsi_reversal side=YES spot=64131.77 bb=(64132.09,64160.92) rsi=0.0"
2937638,S43_Bollinger_RSI_Reversal,NO,1784231703.009055,0.440000,5,1784231999.911824,0.000000,0.033392,-2.233392,"bb_rsi_reversal side=NO spot=64226.79 bb=(64212.40,64221.45) rsi=100.0"
2937677,S43_Bollinger_RSI_Reversal,YES,1784232003.291449,0.430000,5,1784232299.974743,0.000000,0.032290,-2.182290,"bb_rsi_reversal side=YES spot=64215.32 bb=(64215.92,64223.18) rsi=0.0"
2937700,S43_Bollinger_RSI_Reversal,NO,1784232307.042415,0.500000,5,1784232599.902159,1.000000,0.039062,2.460938,"bb_rsi_reversal side=NO spot=64180.26 bb=(64180.17,64180.23) rsi=100.0"
2937708,S43_Bollinger_RSI_Reversal,YES,1784232604.10772,0.380000,5,1784232899.981904,0.000000,0.026366,-1.926366,"bb_rsi_reversal side=YES spot=64141.08 bb=(64144.78,64151.18) rsi=0.0"
2937729,S43_Bollinger_RSI_Reversal,NO,1784233207.292505,0.490000,5,1784233499.876238,1.000000,0.038251,2.511749,"bb_rsi_reversal side=NO spot=64181.13 bb=(64180.00,64180.73) rsi=100.0"
2937736,S43_Bollinger_RSI_Reversal,YES,1784233503.398214,0.450000,5,1784233800.001427,0.000000,0.034457,-2.284457,"bb_rsi_reversal side=YES spot=64141.52 bb=(64141.87,64142.48) rsi=0.0"
2937751,S43_Bollinger_RSI_Reversal,NO,1784233808.261455,0.490000,5,1784234099.896142,0.000000,0.038251,-2.488251,"bb_rsi_reversal side=NO spot=64135.72 bb=(64135.71,64135.72) rsi=100.0"
2937794,S43_Bollinger_RSI_Reversal,NO,1784234104.487924,0.500000,5,1784234399.947647,1.000000,0.039062,2.460938,"bb_rsi_reversal side=NO spot=64145.39 bb=(64145.18,64145.31) rsi=100.0"
2937826,S43_Bollinger_RSI_Reversal,NO,1784234403.596517,0.480000,5,1784234699.893131,1.000000,0.037380,2.562620,"bb_rsi_reversal side=NO spot=64101.05 bb=(64099.41,64100.45) rsi=100.0"
2937834,S43_Bollinger_RSI_Reversal,NO,1784234703.048459,0.460000,5,1784234999.944452,0.000000,0.035479,-2.335479,"bb_rsi_reversal side=NO spot=64099.55 bb=(64099.36,64099.55) rsi=100.0"
2937846,S43_Bollinger_RSI_Reversal,NO,1784235005.679667,0.510000,5,1784235299.965304,1.000000,0.039812,2.410188,"bb_rsi_reversal side=NO spot=64104.93 bb=(64104.79,64104.90) rsi=100.0"
2937859,S43_Bollinger_RSI_Reversal,NO,1784235306.218902,0.490000,5,1784235599.968562,1.000000,0.038251,2.511749,"bb_rsi_reversal side=NO spot=64073.63 bb=(64073.62,64073.63) rsi=100.0"
2937879,S43_Bollinger_RSI_Reversal,NO,1784235608.814128,0.450000,5,1784235899.891278,0.000000,0.034457,-2.284457,"bb_rsi_reversal side=NO spot=64071.57 bb=(64071.09,64071.39) rsi=100.0"
2937884,S43_Bollinger_RSI_Reversal,YES,1784235904.245494,0.590000,5,1784236199.929987,1.000000,0.043155,2.006845,"bb_rsi_reversal side=YES spot=64082.48 bb=(64082.48,64083.86) rsi=0.0"
2937905,S43_Bollinger_RSI_Reversal,YES,1784236204.949454,0.510000,5,1784236499.988245,1.000000,0.039812,2.410188,"bb_rsi_reversal side=YES spot=64116.00 bb=(64116.14,64116.37) rsi=0.0"
2937922,S43_Bollinger_RSI_Reversal,YES,1784236504.01663,0.520000,5,1784236799.915262,1.000000,0.040495,2.359505,"bb_rsi_reversal side=YES spot=64134.66 bb=(64134.73,64134.92) rsi=0.0"
2937934,S43_Bollinger_RSI_Reversal,YES,1784237106.060084,0.450000,5,1784237399.947107,1.000000,0.034457,2.715543,"bb_rsi_reversal side=YES spot=64117.04 bb=(64117.07,64117.15) rsi=9.1"
2937940,S43_Bollinger_RSI_Reversal,NO,1784237407.151043,0.400000,5,1784237699.950523,1.000000,0.028800,2.971200,"bb_rsi_reversal side=NO spot=64119.03 bb=(64118.07,64118.68) rsi=100.0"
2937993,S43_Bollinger_RSI_Reversal,NO,1784237704.219454,0.560000,5,1784238000.002433,0.000000,0.042499,-2.842499,"bb_rsi_reversal side=NO spot=64125.66 bb=(64124.65,64125.31) rsi=100.0"
2937997,S43_Bollinger_RSI_Reversal,YES,1784238003.348567,0.630000,5,1784238299.997709,1.000000,0.042789,1.807211,"bb_rsi_reversal side=YES spot=64143.22 bb=(64148.64,64157.82) rsi=0.0"
2938024,S43_Bollinger_RSI_Reversal,NO,1784238303.790625,0.500000,5,1784238599.986527,1.000000,0.039062,2.460938,"bb_rsi_reversal side=NO spot=64161.09 bb=(64160.79,64161.09) rsi=100.0"
2938034,S43_Bollinger_RSI_Reversal,NO,1784238602.720368,0.390000,5,1784238899.932675,1.000000,0.027591,3.022409,"bb_rsi_reversal side=NO spot=64138.96 bb=(64135.49,64138.66) rsi=100.0"
2938292,S43_Bollinger_RSI_Reversal,YES,1784238903.512165,0.450000,5,1784239200.001974,0.000000,0.034457,-2.284457,"bb_rsi_reversal side=YES spot=64141.51 bb=(64142.27,64144.16) rsi=0.0"
2938424,S43_Bollinger_RSI_Reversal,NO,1784239203.52398,0.280000,5,1784239499.977097,0.000000,0.014225,-1.414225,"bb_rsi_reversal side=NO spot=64120.46 bb=(64105.99,64117.82) rsi=100.0"
2938435,S43_Bollinger_RSI_Reversal,YES,1784239503.615342,0.360000,5,1784239799.963544,0.000000,0.023888,-1.823888,"bb_rsi_reversal side=YES spot=64145.51 bb=(64149.63,64156.62) rsi=0.0"
2938439,S43_Bollinger_RSI_Reversal,NO,1784239803.935767,0.400000,5,1784240099.957255,0.000000,0.028800,-2.028800,"bb_rsi_reversal side=NO spot=64147.24 bb=(64147.15,64147.23) rsi=100.0"
2938449,S43_Bollinger_RSI_Reversal,YES,1784240103.688438,0.370000,5,1784240399.90903,0.000000,0.025130,-1.875130,"bb_rsi_reversal side=YES spot=64135.41 bb=(64141.80,64152.64) rsi=0.0"
2938468,S43_Bollinger_RSI_Reversal,YES,1784240403.791784,0.450000,5,1784240699.974653,0.000000,0.034457,-2.284457,"bb_rsi_reversal side=YES spot=64097.70 bb=(64097.90,64098.24) rsi=0.0"
2938471,S43_Bollinger_RSI_Reversal,YES,1784240704.130944,0.490000,5,1784240999.94863,0.000000,0.038251,-2.488251,"bb_rsi_reversal side=YES spot=64010.16 bb=(64010.28,64011.55) rsi=0.0"
2938488,S43_Bollinger_RSI_Reversal,NO,1784241003.999433,0.350000,5,1784241299.925383,0.000000,0.022643,-1.772643,"bb_rsi_reversal side=NO spot=63981.30 bb=(63968.45,63976.65) rsi=100.0"
2938530,S43_Bollinger_RSI_Reversal,NO,1784241306.013121,0.460000,5,1784241599.919446,0.000000,0.035479,-2.335479,"bb_rsi_reversal side=NO spot=64063.20 bb=(64063.18,64063.20) rsi=100.0"
2938546,S43_Bollinger_RSI_Reversal,YES,1784241603.085735,0.380000,5,1784241899.90511,0.000000,0.026366,-1.926366,"bb_rsi_reversal side=YES spot=64068.00 bb=(64068.16,64068.84) rsi=0.0"
2938557,S43_Bollinger_RSI_Reversal,NO,1784241907.154247,0.410000,5,1784242199.917818,1.000000,0.029989,2.920011,"bb_rsi_reversal side=NO spot=64030.97 bb=(64030.95,64030.97) rsi=100.0"
2938563,S43_Bollinger_RSI_Reversal,YES,1784242203.214967,0.640000,5,1784242499.926384,0.000000,0.042467,-3.242467,"bb_rsi_reversal side=YES spot=63994.63 bb=(63994.93,63995.46) rsi=0.0"
2938872,S43_Bollinger_RSI_Reversal,NO,1784242502.55147,0.350000,5,1784242799.981394,0.000000,0.022643,-1.772643,"bb_rsi_reversal side=NO spot=63917.53 bb=(63909.71,63916.85) rsi=100.0"
2940872,S43_Bollinger_RSI_Reversal,YES,1784242803.328372,0.310000,5,1784243100.005045,0.000000,0.017729,-1.567729,"bb_rsi_reversal side=YES spot=63910.46 bb=(63914.08,63920.85) rsi=0.0"
2940887,S43_Bollinger_RSI_Reversal,YES,1784243102.727819,0.610000,5,1784243399.931988,1.000000,0.043155,1.906845,"bb_rsi_reversal side=YES spot=63883.58 bb=(63883.58,63883.61) rsi=0.0"
2940896,S43_Bollinger_RSI_Reversal,NO,1784243403.504118,0.420000,5,1784243699.923379,1.000000,0.031154,2.868846,"bb_rsi_reversal side=NO spot=63895.83 bb=(63886.40,63895.38) rsi=100.0"
2940904,S43_Bollinger_RSI_Reversal,NO,1784243702.509366,0.480000,5,1784243999.960522,1.000000,0.037380,2.562620,"bb_rsi_reversal side=NO spot=63878.66 bb=(63876.73,63877.95) rsi=100.0"
2940928,S43_Bollinger_RSI_Reversal,NO,1784244303.95544,0.500000,5,1784244599.949481,0.000000,0.039062,-2.539062,"bb_rsi_reversal side=NO spot=63707.81 bb=(63707.59,63707.79) rsi=100.0"
2940939,S43_Bollinger_RSI_Reversal,YES,1784244602.625214,0.480000,5,1784244899.911702,0.000000,0.037380,-2.437380,"bb_rsi_reversal side=YES spot=63759.88 bb=(63760.30,63766.96) rsi=0.0"
2940986,S43_Bollinger_RSI_Reversal,YES,1784244902.909107,0.560000,5,1784245199.984047,0.000000,0.042499,-2.842499,"bb_rsi_reversal side=YES spot=63723.64 bb=(63723.75,63723.99) rsi=18.2"
2940993,S43_Bollinger_RSI_Reversal,YES,1784245203.988571,0.430000,5,1784245499.928368,1.000000,0.032290,2.817710,"bb_rsi_reversal side=YES spot=63704.41 bb=(63708.18,63714.63) rsi=0.0"
2941006,S43_Bollinger_RSI_Reversal,YES,1784245504.018322,0.540000,5,1784245800.000239,1.000000,0.041649,2.258351,"bb_rsi_reversal side=YES spot=63782.95 bb=(63784.55,63787.26) rsi=0.0"
2941021,S43_Bollinger_RSI_Reversal,NO,1784245805.037188,0.440000,5,1784246099.9079,0.000000,0.033392,-2.233392,"bb_rsi_reversal side=NO spot=63791.73 bb=(63788.51,63790.54) rsi=100.0"
2941036,S43_Bollinger_RSI_Reversal,NO,1784246103.16574,0.450000,5,1784246399.912349,1.000000,0.034457,2.715543,"bb_rsi_reversal side=NO spot=63829.96 bb=(63819.32,63826.05) rsi=100.0"
2941053,S43_Bollinger_RSI_Reversal,YES,1784246405.261158,0.450000,5,1784246699.922803,0.000000,0.034457,-2.284457,"bb_rsi_reversal side=YES spot=63779.45 bb=(63779.78,63780.33) rsi=0.0"
2941084,S43_Bollinger_RSI_Reversal,YES,1784246702.567875,0.430000,5,1784246999.899043,0.000000,0.032290,-2.182290,"bb_rsi_reversal side=YES spot=63746.44 bb=(63747.59,63759.67) rsi=0.0"
2941095,S43_Bollinger_RSI_Reversal,YES,1784247003.420215,0.550000,5,1784247299.957874,1.000000,0.042114,2.207886,"bb_rsi_reversal side=YES spot=63711.13 bb=(63711.25,63711.46) rsi=0.0"
2941115,S43_Bollinger_RSI_Reversal,YES,1784247303.675705,0.480000,5,1784247599.906308,1.000000,0.037380,2.562620,"bb_rsi_reversal side=YES spot=63738.33 bb=(63738.33,63738.34) rsi=0.0"
2941128,S43_Bollinger_RSI_Reversal,YES,1784247603.568637,0.420000,5,1784247899.998631,0.000000,0.031154,-2.131154,"bb_rsi_reversal side=YES spot=63780.31 bb=(63781.83,63785.37) rsi=0.0"
2941133,S43_Bollinger_RSI_Reversal,YES,1784247903.643505,0.510000,5,1784248199.888789,0.000000,0.039812,-2.589812,"bb_rsi_reversal side=YES spot=63745.75 bb=(63746.25,63747.95) rsi=0.0"
2941139,S43_Bollinger_RSI_Reversal,NO,1784248202.72119,0.450000,5,1784248499.975262,1.000000,0.034457,2.715543,"bb_rsi_reversal side=NO spot=63748.90 bb=(63744.77,63747.37) rsi=100.0"
2941171,S43_Bollinger_RSI_Reversal,YES,1784248502.7028,0.530000,5,1784248800.004192,0.000000,0.041109,-2.691109,"bb_rsi_reversal side=YES spot=63646.98 bb=(63648.19,63650.25) rsi=0.0"
2941199,S43_Bollinger_RSI_Reversal,YES,1784248803.768092,0.500000,5,1784249099.919688,1.000000,0.039062,2.460938,"bb_rsi_reversal side=YES spot=63620.65 bb=(63621.27,63622.33) rsi=0.0"
2941224,S43_Bollinger_RSI_Reversal,YES,1784249103.888846,0.510000,5,1784249399.956038,1.000000,0.039812,2.410188,"bb_rsi_reversal side=YES spot=63732.88 bb=(63733.09,63734.22) rsi=0.0"
2941252,S43_Bollinger_RSI_Reversal,YES,1784249402.894821,0.410000,5,1784249699.948754,0.000000,0.029989,-2.079989,"bb_rsi_reversal side=YES spot=63788.83 bb=(63793.72,63802.02) rsi=0.0"
2941372,S43_Bollinger_RSI_Reversal,NO,1784249703.992931,0.440000,5,1784249999.964673,0.000000,0.033392,-2.233392,"bb_rsi_reversal side=NO spot=63804.12 bb=(63792.84,63799.94) rsi=100.0"
2941612,S43_Bollinger_RSI_Reversal,NO,1784250003.079021,0.520000,5,1784250299.946213,0.000000,0.040495,-2.640495,"bb_rsi_reversal side=NO spot=63834.42 bb=(63833.71,63834.41) rsi=100.0"
2941671,S43_Bollinger_RSI_Reversal,YES,1784250303.10322,0.430000,5,1784250599.976881,1.000000,0.032290,2.817710,"bb_rsi_reversal side=YES spot=63881.77 bb=(63884.34,63888.70) rsi=0.0"
2941717,S43_Bollinger_RSI_Reversal,NO,1784250603.187296,0.450000,5,1784250899.90547,1.000000,0.034457,2.715543,"bb_rsi_reversal side=NO spot=63975.37 bb=(63971.21,63973.88) rsi=100.0"
2941733,S43_Bollinger_RSI_Reversal,NO,1784250903.308271,0.450000,5,1784251199.916071,1.000000,0.034457,2.715543,"bb_rsi_reversal side=NO spot=63940.97 bb=(63931.43,63937.43) rsi=100.0"
2941761,S43_Bollinger_RSI_Reversal,YES,1784251202.52021,0.500000,5,1784251499.988085,1.000000,0.039062,2.460938,"bb_rsi_reversal side=YES spot=63841.47 bb=(63841.61,63843.07) rsi=0.0"
2941787,S43_Bollinger_RSI_Reversal,NO,1784251503.512568,0.500000,5,1784251799.973539,0.000000,0.039062,-2.539062,"bb_rsi_reversal side=NO spot=63858.82 bb=(63858.37,63858.73) rsi=100.0"
2941801,S43_Bollinger_RSI_Reversal,YES,1784251803.507205,0.420000,5,1784252099.909865,0.000000,0.031154,-2.131154,"bb_rsi_reversal side=YES spot=63914.17 bb=(63917.82,63928.01) rsi=0.0"
2941837,S43_Bollinger_RSI_Reversal,YES,1784252103.532769,0.540000,5,1784252399.988258,1.000000,0.041649,2.258351,"bb_rsi_reversal side=YES spot=63775.73 bb=(63775.88,63776.77) rsi=0.0"
2941844,S43_Bollinger_RSI_Reversal,YES,1784252403.570185,0.420000,5,1784252699.92008,0.000000,0.031154,-2.131154,"bb_rsi_reversal side=YES spot=63813.77 bb=(63814.33,63815.28) rsi=0.0"
2941872,S43_Bollinger_RSI_Reversal,YES,1784253002.728524,0.510000,5,1784253299.980835,0.000000,0.039812,-2.589812,"bb_rsi_reversal side=YES spot=63573.81 bb=(63574.81,63576.66) rsi=0.0"
2941882,S43_Bollinger_RSI_Reversal,YES,1784253303.862966,0.510000,5,1784253599.93024,1.000000,0.039812,2.410188,"bb_rsi_reversal side=YES spot=63441.84 bb=(63447.18,63456.24) rsi=0.0"
2941892,S43_Bollinger_RSI_Reversal,YES,1784253604.87089,0.390000,5,1784253899.973774,1.000000,0.027591,3.022409,"bb_rsi_reversal side=YES spot=63469.12 bb=(63474.69,63484.13) rsi=0.0"
2941907,S43_Bollinger_RSI_Reversal,YES,1784253902.957846,0.500000,5,1784254199.965999,0.000000,0.039062,-2.539062,"bb_rsi_reversal side=YES spot=63518.42 bb=(63519.38,63521.00) rsi=0.0"
2941910,S43_Bollinger_RSI_Reversal,YES,1784254202.996008,0.480000,5,1784254499.907059,1.000000,0.037380,2.562620,"bb_rsi_reversal side=YES spot=63395.09 bb=(63396.41,63398.71) rsi=7.2"
2941923,S43_Bollinger_RSI_Reversal,YES,1784254503.096109,0.500000,5,1784254800.003201,0.000000,0.039062,-2.539062,"bb_rsi_reversal side=YES spot=63554.49 bb=(63557.59,63562.85) rsi=0.0"
2941934,S43_Bollinger_RSI_Reversal,NO,1784254804.418765,0.460000,5,1784255099.979401,1.000000,0.035479,2.664521,"bb_rsi_reversal side=NO spot=63556.06 bb=(63554.84,63555.95) rsi=100.0"
2941937,S43_Bollinger_RSI_Reversal,NO,1784255103.273651,0.500000,5,1784255399.991291,1.000000,0.039062,2.460938,"bb_rsi_reversal side=NO spot=63491.85 bb=(63491.84,63491.84) rsi=100.0"
2941957,S43_Bollinger_RSI_Reversal,YES,1784255705.423256,0.540000,5,1784255999.923862,0.000000,0.041649,-2.741649,"bb_rsi_reversal side=YES spot=63441.52 bb=(63441.97,63442.74) rsi=0.0"
2941965,S43_Bollinger_RSI_Reversal,YES,1784256002.460363,0.500000,5,1784256299.986386,1.000000,0.039062,2.460938,"bb_rsi_reversal side=YES spot=63375.05 bb=(63375.78,63380.10) rsi=0.0"
2942033,S43_Bollinger_RSI_Reversal,NO,1784256303.665306,0.490000,5,1784256599.994121,1.000000,0.038251,2.511749,"bb_rsi_reversal side=NO spot=63401.47 bb=(63401.44,63401.46) rsi=100.0"
2942045,S43_Bollinger_RSI_Reversal,NO,1784256602.623755,0.400000,5,1784256899.923517,1.000000,0.028800,2.971200,"bb_rsi_reversal side=NO spot=63380.21 bb=(63379.88,63380.09) rsi=100.0"
2942060,S43_Bollinger_RSI_Reversal,NO,1784256903.687807,0.440000,5,1784257199.917929,0.000000,0.033392,-2.233392,"bb_rsi_reversal side=NO spot=63336.01 bb=(63329.85,63335.22) rsi=100.0"
2942148,S43_Bollinger_RSI_Reversal,NO,1784257202.757239,0.390000,5,1784257499.967485,0.000000,0.027591,-1.977591,"bb_rsi_reversal side=NO spot=63441.58 bb=(63425.37,63435.57) rsi=100.0"
2942155,S43_Bollinger_RSI_Reversal,NO,1784257503.967329,0.420000,5,1784257799.964742,0.000000,0.031154,-2.131154,"bb_rsi_reversal side=NO spot=63507.76 bb=(63506.15,63507.44) rsi=100.0"
2942165,S43_Bollinger_RSI_Reversal,YES,1784257803.912199,0.370000,5,1784258099.976137,0.000000,0.025130,-1.875130,"bb_rsi_reversal side=YES spot=63566.30 bb=(63569.16,63574.01) rsi=0.0"
2942180,S43_Bollinger_RSI_Reversal,YES,1784258103.904177,0.430000,5,1784258399.921021,1.000000,0.032290,2.817710,"bb_rsi_reversal side=YES spot=63563.96 bb=(63564.70,63565.96) rsi=0.0"
2942186,S43_Bollinger_RSI_Reversal,YES,1784258403.002673,0.460000,5,1784258699.979133,0.000000,0.035479,-2.335479,"bb_rsi_reversal side=YES spot=63645.17 bb=(63645.24,63645.37) rsi=6.3"
2942217,S43_Bollinger_RSI_Reversal,NO,1784259004.145245,0.500000,5,1784259299.987017,0.000000,0.039062,-2.539062,"bb_rsi_reversal side=NO spot=63626.82 bb=(63624.90,63626.78) rsi=100.0"
2942263,S43_Bollinger_RSI_Reversal,NO,1784259303.259578,0.570000,5,1784259599.99159,1.000000,0.042803,2.107197,"bb_rsi_reversal side=NO spot=63640.23 bb=(63638.54,63639.83) rsi=100.0"
2942282,S43_Bollinger_RSI_Reversal,YES,1784259604.301452,0.510000,5,1784259899.912514,0.000000,0.039812,-2.589812,"bb_rsi_reversal side=YES spot=63604.24 bb=(63604.29,63604.36) rsi=0.0"
2942302,S43_Bollinger_RSI_Reversal,NO,1784259903.334235,0.480000,5,1784260199.915776,1.000000,0.037380,2.562620,"bb_rsi_reversal side=NO spot=63567.54 bb=(63565.78,63566.89) rsi=100.0"
2942303,S43_Bollinger_RSI_Reversal,YES,1784260203.412335,0.510000,5,1784260499.966943,1.000000,0.039812,2.410188,"bb_rsi_reversal side=YES spot=63504.22 bb=(63504.22,63504.24) rsi=0.0"
2942458,S43_Bollinger_RSI_Reversal,YES,1784260503.69648,0.510000,5,1784260799.932101,1.000000,0.039812,2.410188,"bb_rsi_reversal side=YES spot=63511.69 bb=(63511.78,63512.71) rsi=0.0"
2942683,S43_Bollinger_RSI_Reversal,NO,1784260802.84574,0.510000,5,1784261099.98239,1.000000,0.039812,2.410188,"bb_rsi_reversal side=NO spot=63514.07 bb=(63514.04,63514.07) rsi=100.0"
2942694,S43_Bollinger_RSI_Reversal,YES,1784261102.565671,0.520000,5,1784261399.943301,0.000000,0.040495,-2.640495,"bb_rsi_reversal side=YES spot=63449.82 bb=(63450.16,63450.73) rsi=0.0"
2942712,S43_Bollinger_RSI_Reversal,YES,1784261703.910766,0.500000,5,1784261999.932384,0.000000,0.039062,-2.539062,"bb_rsi_reversal side=YES spot=63443.74 bb=(63443.75,63443.82) rsi=0.0"
2942729,S43_Bollinger_RSI_Reversal,YES,1784262004.833604,0.380000,5,1784262300.00905,1.000000,0.026366,3.073634,"bb_rsi_reversal side=YES spot=63274.24 bb=(63281.23,63293.09) rsi=0.0"
2942801,S43_Bollinger_RSI_Reversal,YES,1784262303.83223,0.510000,5,1784262599.905953,0.000000,0.039812,-2.589812,"bb_rsi_reversal side=YES spot=63339.90 bb=(63340.20,63340.73) rsi=0.0"
2942816,S43_Bollinger_RSI_Reversal,NO,1784262606.932225,0.510000,5,1784262899.916252,1.000000,0.039812,2.410188,"bb_rsi_reversal side=NO spot=63326.83 bb=(63323.14,63325.46) rsi=100.0"
2942856,S43_Bollinger_RSI_Reversal,NO,1784262903.043118,0.430000,5,1784263199.944326,0.000000,0.032290,-2.182290,"bb_rsi_reversal side=NO spot=63305.58 bb=(63294.88,63301.62) rsi=100.0"
2942867,S43_Bollinger_RSI_Reversal,NO,1784263203.069753,0.560000,5,1784263499.998926,0.000000,0.042499,-2.842499,"bb_rsi_reversal side=NO spot=63349.98 bb=(63349.95,63349.97) rsi=100.0"
2942870,S43_Bollinger_RSI_Reversal,NO,1784263504.152773,0.440000,5,1784263799.97804,0.000000,0.033392,-2.233392,"bb_rsi_reversal side=NO spot=63420.69 bb=(63415.22,63419.43) rsi=100.0"
2942911,S43_Bollinger_RSI_Reversal,YES,1784263804.152802,0.370000,5,1784264099.930954,0.000000,0.025130,-1.875130,"bb_rsi_reversal side=YES spot=63481.74 bb=(63485.32,63491.40) rsi=0.0"
2943257,S43_Bollinger_RSI_Reversal,YES,1784264103.297908,0.510000,5,1784264399.986432,0.000000,0.039812,-2.589812,"bb_rsi_reversal side=YES spot=63436.68 bb=(63437.90,63443.93) rsi=0.0"
2943449,S43_Bollinger_RSI_Reversal,YES,1784264403.379788,0.300000,5,1784264699.989919,0.000000,0.016537,-1.516538,"bb_rsi_reversal side=YES spot=63417.76 bb=(63421.65,63435.43) rsi=0.0"
2943452,S43_Bollinger_RSI_Reversal,NO,1784264705.420059,0.460000,5,1784264999.90873,0.000000,0.035479,-2.335479,"bb_rsi_reversal side=NO spot=63361.11 bb=(63360.90,63361.03) rsi=100.0"
2943481,S43_Bollinger_RSI_Reversal,YES,1784265002.676079,0.490000,5,1784265299.995107,1.000000,0.038251,2.511749,"bb_rsi_reversal side=YES spot=63360.11 bb=(63360.71,63363.09) rsi=0.0"
2943487,S43_Bollinger_RSI_Reversal,NO,1784265302.572001,0.500000,5,1784265599.927111,1.000000,0.039062,2.460938,"bb_rsi_reversal side=NO spot=63374.53 bb=(63374.25,63374.43) rsi=100.0"
2943515,S43_Bollinger_RSI_Reversal,YES,1784265903.724891,0.430000,5,1784266199.927913,0.000000,0.032290,-2.182290,"bb_rsi_reversal side=YES spot=63288.17 bb=(63290.86,63296.21) rsi=0.0"
2943538,S43_Bollinger_RSI_Reversal,NO,1784266203.819084,0.390000,5,1784266499.966139,1.000000,0.027591,3.022409,"bb_rsi_reversal side=NO spot=63151.67 bb=(63145.85,63149.61) rsi=100.0"
2943542,S43_Bollinger_RSI_Reversal,NO,1784266503.797378,0.440000,5,1784266799.973417,1.000000,0.033392,2.766608,"bb_rsi_reversal side=NO spot=63124.39 bb=(63119.53,63123.16) rsi=100.0"
2945828,S43_Bollinger_RSI_Reversal,YES,1784287207.565404,0.500000,5,1784287499.92323,0.000000,0.039062,-2.539062,"bb_rsi_reversal side=YES spot=63044.54 bb=(63044.60,63044.73) rsi=0.0"
2945839,S43_Bollinger_RSI_Reversal,NO,1784287503.602925,0.480000,5,1784287799.997317,0.000000,0.037380,-2.437380,"bb_rsi_reversal side=NO spot=63038.12 bb=(63037.99,63038.08) rsi=100.0"
2945848,S43_Bollinger_RSI_Reversal,YES,1784287806.638558,0.460000,5,1784288099.963026,1.000000,0.035479,2.664521,"bb_rsi_reversal side=YES spot=63071.22 bb=(63071.30,63071.43) rsi=0.0"
2945869,S43_Bollinger_RSI_Reversal,NO,1784288111.792522,0.460000,5,1784288399.867533,0.000000,0.035479,-2.335479,"bb_rsi_reversal side=NO spot=63087.95 bb=(63087.61,63087.82) rsi=100.0"
2945879,S43_Bollinger_RSI_Reversal,NO,1784288403.859716,0.510000,5,1784288699.996699,0.000000,0.039812,-2.589812,"bb_rsi_reversal side=NO spot=63228.73 bb=(63225.36,63227.50) rsi=100.0"
2945881,S43_Bollinger_RSI_Reversal,NO,1784288708.859007,0.430000,5,1784288999.953311,1.000000,0.032290,2.817710,"bb_rsi_reversal side=NO spot=63243.49 bb=(63237.02,63241.09) rsi=100.0"
2945898,S43_Bollinger_RSI_Reversal,YES,1784289004.957348,0.480000,5,1784289299.926623,1.000000,0.037380,2.562620,"bb_rsi_reversal side=YES spot=63218.94 bb=(63219.08,63219.31) rsi=0.0"
2945911,S43_Bollinger_RSI_Reversal,NO,1784289305.034024,0.520000,5,1784289599.941068,1.000000,0.040495,2.359505,"bb_rsi_reversal side=NO spot=63289.43 bb=(63289.36,63289.40) rsi=100.0"
2945924,S43_Bollinger_RSI_Reversal,NO,1784289604.119807,0.410000,5,1784289899.957538,1.000000,0.029989,2.920011,"bb_rsi_reversal side=NO spot=63245.40 bb=(63235.66,63241.79) rsi=98.3"
2945945,S43_Bollinger_RSI_Reversal,YES,1784289905.101867,0.460000,5,1784290199.987581,0.000000,0.035479,-2.335479,"bb_rsi_reversal side=YES spot=63221.35 bb=(63223.57,63227.35) rsi=0.0"
2945954,S43_Bollinger_RSI_Reversal,YES,1784290203.294988,0.500000,5,1784290499.882397,0.000000,0.039062,-2.539062,"bb_rsi_reversal side=YES spot=63213.90 bb=(63213.90,63213.92) rsi=0.0"
2945963,S43_Bollinger_RSI_Reversal,NO,1784290504.301991,0.320000,5,1784290799.931977,1.000000,0.018940,3.381060,"bb_rsi_reversal side=NO spot=63209.07 bb=(63184.79,63200.06) rsi=100.0"
2945982,S43_Bollinger_RSI_Reversal,YES,1784290803.399514,0.520000,5,1784291099.902395,1.000000,0.040495,2.359505,"bb_rsi_reversal side=YES spot=63154.60 bb=(63154.63,63154.68) rsi=14.3"
2945998,S43_Bollinger_RSI_Reversal,YES,1784291104.420678,0.410000,5,1784291399.923981,0.000000,0.029989,-2.079989,"bb_rsi_reversal side=YES spot=63182.26 bb=(63182.40,63191.80) rsi=0.0"
2946009,S43_Bollinger_RSI_Reversal,YES,1784291406.540865,0.560000,5,1784291699.953407,0.000000,0.042499,-2.842499,"bb_rsi_reversal side=YES spot=63137.45 bb=(63137.51,63137.60) rsi=0.0"
2946068,S43_Bollinger_RSI_Reversal,YES,1784291703.66857,0.520000,5,1784291999.958727,0.000000,0.040495,-2.640495,"bb_rsi_reversal side=YES spot=63125.27 bb=(63126.13,63127.59) rsi=0.0"
2946074,S43_Bollinger_RSI_Reversal,NO,1784292004.659217,0.490000,5,1784292299.960661,1.000000,0.038251,2.511749,"bb_rsi_reversal side=NO spot=63076.15 bb=(63075.44,63075.89) rsi=100.0"
2946090,S43_Bollinger_RSI_Reversal,NO,1784292303.798181,0.450000,5,1784292599.893973,1.000000,0.034457,2.715543,"bb_rsi_reversal side=NO spot=63055.68 bb=(63055.44,63055.59) rsi=90.0"
2946099,S43_Bollinger_RSI_Reversal,NO,1784292606.799693,0.380000,5,1784292899.89826,0.000000,0.026366,-1.926366,"bb_rsi_reversal side=NO spot=63023.89 bb=(63016.21,63021.35) rsi=100.0"
2946155,S43_Bollinger_RSI_Reversal,NO,1784292903.200993,0.500000,5,1784293199.87238,1.000000,0.039062,2.460938,"bb_rsi_reversal side=NO spot=63091.72 bb=(63091.55,63091.71) rsi=100.0"
2946172,S43_Bollinger_RSI_Reversal,NO,1784293204.033123,0.510000,5,1784293499.991029,1.000000,0.039812,2.410188,"bb_rsi_reversal side=NO spot=63041.76 bb=(63037.38,63041.07) rsi=100.0"
2946176,S43_Bollinger_RSI_Reversal,YES,1784293510.027133,0.480000,5,1784293799.943026,0.000000,0.037380,-2.437380,"bb_rsi_reversal side=YES spot=62933.11 bb=(62934.49,62936.96) rsi=9.5"
2946192,S43_Bollinger_RSI_Reversal,YES,1784293804.088633,0.520000,5,1784294099.993776,0.000000,0.040495,-2.640495,"bb_rsi_reversal side=YES spot=62796.99 bb=(62797.25,62798.43) rsi=0.0"
2946204,S43_Bollinger_RSI_Reversal,YES,1784294107.112756,0.500000,5,1784294399.959374,1.000000,0.039062,2.460938,"bb_rsi_reversal side=YES spot=62749.96 bb=(62751.66,62754.53) rsi=0.0"
2946219,S43_Bollinger_RSI_Reversal,NO,1784294405.173843,0.420000,5,1784294700.000378,1.000000,0.031154,2.868846,"bb_rsi_reversal side=NO spot=62813.40 bb=(62799.14,62808.11) rsi=98.4"
2946223,S43_Bollinger_RSI_Reversal,YES,1784294704.368104,0.420000,5,1784295000.005894,0.000000,0.031154,-2.131154,"bb_rsi_reversal side=YES spot=62796.13 bb=(62800.43,62807.72) rsi=0.0"
2946230,S43_Bollinger_RSI_Reversal,NO,1784295012.555443,0.270000,5,1784295299.982951,1.000000,0.013111,3.636889,"bb_rsi_reversal side=NO spot=62841.16 bb=(62832.57,62841.15) rsi=100.0"
2946285,S43_Bollinger_RSI_Reversal,NO,1784295303.473737,0.370000,5,1784295599.907902,1.000000,0.025130,3.124870,"bb_rsi_reversal side=NO spot=62686.79 bb=(62641.56,62670.76) rsi=88.5"
2946378,S43_Bollinger_RSI_Reversal,NO,1784295605.590946,0.360000,5,1784295899.964635,1.000000,0.023888,3.176112,"bb_rsi_reversal side=NO spot=62554.59 bb=(62508.26,62537.40) rsi=100.0"
2946425,S43_Bollinger_RSI_Reversal,YES,1784295903.593095,0.510000,5,1784296199.956958,1.000000,0.039812,2.410188,"bb_rsi_reversal side=YES spot=62502.25 bb=(62504.53,62508.39) rsi=0.0"
2946460,S43_Bollinger_RSI_Reversal,NO,1784296203.700801,0.510000,5,1784296499.95677,0.000000,0.039812,-2.589812,"bb_rsi_reversal side=NO spot=62700.83 bb=(62691.51,62697.45) rsi=91.8"
2946483,S43_Bollinger_RSI_Reversal,YES,1784296503.652467,0.500000,5,1784296799.974381,1.000000,0.039062,2.460938,"bb_rsi_reversal side=YES spot=62751.92 bb=(62754.12,62757.99) rsi=8.2"
2946540,S43_Bollinger_RSI_Reversal,NO,1784296805.838586,0.530000,5,1784297099.937954,0.000000,0.041109,-2.691109,"bb_rsi_reversal side=NO spot=63104.57 bb=(63082.66,63097.04) rsi=85.1"
2946548,S43_Bollinger_RSI_Reversal,NO,1784297104.80528,0.430000,5,1784297399.997412,0.000000,0.032290,-2.182290,"bb_rsi_reversal side=NO spot=63159.12 bb=(63137.67,63158.46) rsi=100.0"
2946666,S43_Bollinger_RSI_Reversal,NO,1784297405.916719,0.490000,5,1784297699.95034,0.000000,0.038251,-2.488251,"bb_rsi_reversal side=NO spot=63305.69 bb=(63295.51,63302.58) rsi=100.0"
2946686,S43_Bollinger_RSI_Reversal,NO,1784297703.97332,0.540000,5,1784297999.896367,1.000000,0.041649,2.258351,"bb_rsi_reversal side=NO spot=63334.24 bb=(63332.70,63333.92) rsi=100.0"
2946696,S43_Bollinger_RSI_Reversal,YES,1784298008.004693,0.480000,5,1784298299.9921,0.000000,0.037380,-2.437380,"bb_rsi_reversal side=YES spot=63262.93 bb=(63264.07,63266.01) rsi=0.0"
2946722,S43_Bollinger_RSI_Reversal,NO,1784298304.070814,0.390000,5,1784298599.990555,1.000000,0.027591,3.022409,"bb_rsi_reversal side=NO spot=63270.51 bb=(63241.60,63259.79) rsi=100.0"
2946736,S43_Bollinger_RSI_Reversal,YES,1784298605.2639,0.500000,5,1784298899.919252,0.000000,0.039062,-2.539062,"bb_rsi_reversal side=YES spot=63182.53 bb=(63185.03,63190.65) rsi=0.0"
2946781,S43_Bollinger_RSI_Reversal,NO,1784298905.270699,0.490000,5,1784299199.93875,0.000000,0.038251,-2.488251,"bb_rsi_reversal side=NO spot=63132.09 bb=(63124.46,63132.01) rsi=100.0"
2946787,S43_Bollinger_RSI_Reversal,YES,1784299204.360822,0.460000,5,1784299499.884654,0.000000,0.035479,-2.335479,"bb_rsi_reversal side=YES spot=63284.13 bb=(63286.07,63289.37) rsi=0.0"
2946815,S43_Bollinger_RSI_Reversal,NO,1784299804.390407,0.480000,5,1784300099.925787,1.000000,0.037380,2.562620,"bb_rsi_reversal side=NO spot=63123.99 bb=(63117.28,63121.56) rsi=91.3"
2946899,S43_Bollinger_RSI_Reversal,NO,1784300109.048329,0.500000,5,1784300399.940893,0.000000,0.039062,-2.539062,"bb_rsi_reversal side=NO spot=63118.03 bb=(63103.15,63112.53) rsi=100.0"
2946909,S43_Bollinger_RSI_Reversal,YES,1784300405.093433,0.400000,5,1784300699.917229,0.000000,0.028800,-2.028800,"bb_rsi_reversal side=YES spot=63099.29 bb=(63109.47,63127.24) rsi=1.7"
2946919,S43_Bollinger_RSI_Reversal,YES,1784300708.451128,0.400000,5,1784300999.941622,0.000000,0.028800,-2.028800,"bb_rsi_reversal side=YES spot=63052.32 bb=(63063.69,63083.18) rsi=0.0"
2946950,S43_Bollinger_RSI_Reversal,YES,1784301305.508577,0.460000,5,1784301599.900326,1.000000,0.035479,2.664521,"bb_rsi_reversal side=YES spot=62859.15 bb=(62861.12,62864.51) rsi=5.8"
2946954,S43_Bollinger_RSI_Reversal,YES,1784301604.592355,0.560000,5,1784301899.989146,1.000000,0.042499,2.157501,"bb_rsi_reversal side=YES spot=62932.10 bb=(62932.86,62934.14) rsi=0.0"
2946966,S43_Bollinger_RSI_Reversal,NO,1784301905.645215,0.480000,5,1784302199.949345,0.000000,0.037380,-2.437380,"bb_rsi_reversal side=NO spot=63076.80 bb=(63067.70,63073.45) rsi=100.0"
2946970,S43_Bollinger_RSI_Reversal,NO,1784302204.906797,0.480000,5,1784302499.946107,1.000000,0.037380,2.562620,"bb_rsi_reversal side=NO spot=63215.17 bb=(63213.34,63214.97) rsi=100.0"
2947037,S43_Bollinger_RSI_Reversal,YES,1784302503.146714,0.480000,5,1784302799.95453,1.000000,0.037380,2.562620,"bb_rsi_reversal side=YES spot=63157.42 bb=(63157.69,63166.80) rsi=0.0"
2947050,S43_Bollinger_RSI_Reversal,NO,1784302804.191257,0.520000,5,1784303099.896403,1.000000,0.040495,2.359505,"bb_rsi_reversal side=NO spot=63223.03 bb=(63222.80,63222.94) rsi=100.0"
2947062,S43_Bollinger_RSI_Reversal,YES,1784303103.537892,0.480000,5,1784303399.955736,0.000000,0.037380,-2.437380,"bb_rsi_reversal side=YES spot=63158.43 bb=(63159.03,63160.19) rsi=3.2"
2947068,S43_Bollinger_RSI_Reversal,NO,1784303404.356793,0.400000,5,1784303700.005332,0.000000,0.028800,-2.028800,"bb_rsi_reversal side=NO spot=63137.77 bb=(63132.60,63136.15) rsi=100.0"
2947286,S43_Bollinger_RSI_Reversal,NO,1784303705.397223,0.410000,5,1784303999.938549,0.000000,0.029989,-2.079989,"bb_rsi_reversal side=NO spot=63231.37 bb=(63229.32,63230.61) rsi=100.0"
2947322,S43_Bollinger_RSI_Reversal,YES,1784304003.765977,0.390000,5,1784304299.938373,0.000000,0.027591,-1.977591,"bb_rsi_reversal side=YES spot=63393.94 bb=(63398.74,63406.87) rsi=1.0"
2947449,S43_Bollinger_RSI_Reversal,YES,1784304307.902983,0.410000,5,1784304599.925339,1.000000,0.029989,2.920011,"bb_rsi_reversal side=YES spot=63357.15 bb=(63363.06,63373.08) rsi=0.0"
2947461,S43_Bollinger_RSI_Reversal,NO,1784304606.991398,0.250000,5,1784304899.99983,0.000000,0.010986,-1.260986,"bb_rsi_reversal side=NO spot=63487.35 bb=(63457.41,63476.25) rsi=100.0"
2947474,S43_Bollinger_RSI_Reversal,YES,1784304905.292891,0.410000,5,1784305199.979818,1.000000,0.029989,2.920011,"bb_rsi_reversal side=YES spot=63413.90 bb=(63414.13,63415.30) rsi=0.0"
2947492,S43_Bollinger_RSI_Reversal,YES,1784305205.821664,0.410000,5,1784305499.91871,0.000000,0.029989,-2.079989,"bb_rsi_reversal side=YES spot=63452.04 bb=(63459.83,63473.14) rsi=0.0"
2947501,S43_Bollinger_RSI_Reversal,NO,1784305504.892429,0.480000,5,1784305799.905762,0.000000,0.037380,-2.437380,"bb_rsi_reversal side=NO spot=63292.60 bb=(63292.59,63292.59) rsi=100.0"
2947534,S43_Bollinger_RSI_Reversal,YES,1784305803.921362,0.540000,5,1784306099.92063,0.000000,0.041649,-2.741649,"bb_rsi_reversal side=YES spot=63420.86 bb=(63423.45,63427.90) rsi=0.0"
2947752,S43_Bollinger_RSI_Reversal,NO,1784306104.141708,0.450000,5,1784306399.989573,0.000000,0.034457,-2.284457,"bb_rsi_reversal side=NO spot=63324.86 bb=(63322.04,63324.17) rsi=100.0"
2947759,S43_Bollinger_RSI_Reversal,NO,1784306403.210701,0.520000,5,1784306699.903864,0.000000,0.040495,-2.640495,"bb_rsi_reversal side=NO spot=63405.56 bb=(63403.94,63404.96) rsi=100.0"
2947774,S43_Bollinger_RSI_Reversal,NO,1784306705.303477,0.460000,5,1784306999.917706,0.000000,0.035479,-2.335479,"bb_rsi_reversal side=NO spot=63489.13 bb=(63478.16,63485.93) rsi=100.0"
2947777,S43_Bollinger_RSI_Reversal,NO,1784307005.594302,0.490000,5,1784307299.891075,0.000000,0.038251,-2.488251,"bb_rsi_reversal side=NO spot=63588.20 bb=(63579.14,63584.84) rsi=100.0"
2948438,S43_Bollinger_RSI_Reversal,YES,1784307306.74421,0.460000,5,1784307599.897769,0.000000,0.035479,-2.335479,"bb_rsi_reversal side=YES spot=63595.28 bb=(63595.65,63596.28) rsi=0.0"
2948460,S43_Bollinger_RSI_Reversal,NO,1784307604.849048,0.420000,5,1784307899.915858,0.000000,0.031154,-2.131154,"bb_rsi_reversal side=NO spot=63560.44 bb=(63544.97,63554.70) rsi=100.0"
2948481,S43_Bollinger_RSI_Reversal,NO,1784307903.793134,0.500000,5,1784308199.896288,0.000000,0.039062,-2.539062,"bb_rsi_reversal side=NO spot=63643.76 bb=(63637.12,63641.30) rsi=100.0"
2948579,S43_Bollinger_RSI_Reversal,YES,1784308203.088092,0.440000,5,1784308499.959633,0.000000,0.033392,-2.233392,"bb_rsi_reversal side=YES spot=63932.86 bb=(63935.78,63948.46) rsi=0.0"
2948585,S43_Bollinger_RSI_Reversal,YES,1784308503.22389,0.450000,5,1784308799.948706,0.000000,0.034457,-2.284457,"bb_rsi_reversal side=YES spot=63903.78 bb=(63911.72,63925.20) rsi=2.1"
2948603,S43_Bollinger_RSI_Reversal,NO,1784308804.423707,0.430000,5,1784309099.911053,0.000000,0.032290,-2.182290,"bb_rsi_reversal side=NO spot=63887.02 bb=(63871.25,63882.07) rsi=85.5"
2948701,S43_Bollinger_RSI_Reversal,NO,1784309105.912088,0.510000,5,1784309399.976044,0.000000,0.039812,-2.589812,"bb_rsi_reversal side=NO spot=63968.83 bb=(63964.67,63967.29) rsi=100.0"
2948708,S43_Bollinger_RSI_Reversal,NO,1784309405.649626,0.510000,5,1784309699.960514,0.000000,0.039812,-2.589812,"bb_rsi_reversal side=NO spot=63987.41 bb=(63958.75,63976.78) rsi=100.0"
2948758,S43_Bollinger_RSI_Reversal,YES,1784309707.714294,0.450000,5,1784309999.979668,0.000000,0.034457,-2.284457,"bb_rsi_reversal side=YES spot=64044.89 bb=(64045.02,64045.36) rsi=0.0"
2948776,S43_Bollinger_RSI_Reversal,NO,1784310305.563049,0.520000,5,1784310599.949535,0.000000,0.040495,-2.640495,"bb_rsi_reversal side=NO spot=63987.83 bb=(63977.71,63984.08) rsi=100.0"
2948794,S43_Bollinger_RSI_Reversal,NO,1784310605.687874,0.490000,5,1784310899.919773,1.000000,0.038251,2.511749,"bb_rsi_reversal side=NO spot=64125.16 bb=(64119.15,64124.98) rsi=100.0"
2949255,S43_Bollinger_RSI_Reversal,YES,1784310903.670804,0.440000,5,1784311199.978639,1.000000,0.033392,2.766608,"bb_rsi_reversal side=YES spot=63986.58 bb=(63987.14,64001.36) rsi=0.0"
2949590,S43_Bollinger_RSI_Reversal,NO,1784311204.938348,0.450000,5,1784311499.906776,1.000000,0.034457,2.715543,"bb_rsi_reversal side=NO spot=64031.44 bb=(63996.40,64018.95) rsi=100.0"
2949667,S43_Bollinger_RSI_Reversal,YES,1784311505.094284,0.450000,5,1784311800.004756,1.000000,0.034457,2.715543,"bb_rsi_reversal side=YES spot=63970.73 bb=(63972.22,63975.64) rsi=0.0"
2950115,S43_Bollinger_RSI_Reversal,NO,1784311803.338568,0.460000,5,1784312099.949469,0.000000,0.035479,-2.335479,"bb_rsi_reversal side=NO spot=63997.60 bb=(63995.14,63997.56) rsi=100.0"
2950518,S43_Bollinger_RSI_Reversal,YES,1784312104.277967,0.480000,5,1784312399.938201,0.000000,0.037380,-2.437380,"bb_rsi_reversal side=YES spot=64050.10 bb=(64050.44,64051.01) rsi=0.0"
2950526,S43_Bollinger_RSI_Reversal,YES,1784312403.348158,0.500000,5,1784312699.912481,0.000000,0.039062,-2.539062,"bb_rsi_reversal side=YES spot=63944.52 bb=(63945.50,63947.17) rsi=0.0"
2950536,S43_Bollinger_RSI_Reversal,NO,1784312705.31712,0.450000,5,1784312999.940386,0.000000,0.034457,-2.284457,"bb_rsi_reversal side=NO spot=63891.73 bb=(63888.57,63890.56) rsi=100.0"
2950542,S43_Bollinger_RSI_Reversal,NO,1784313006.345538,0.430000,5,1784313299.935639,0.000000,0.032290,-2.182290,"bb_rsi_reversal side=NO spot=63930.80 bb=(63902.81,63920.66) rsi=100.0"
2950598,S43_Bollinger_RSI_Reversal,YES,1784313305.595845,0.520000,5,1784313599.914095,1.000000,0.040495,2.359505,"bb_rsi_reversal side=YES spot=63961.31 bb=(63962.25,63963.87) rsi=0.0"
2950622,S43_Bollinger_RSI_Reversal,NO,1784313607.803472,0.540000,5,1784313899.990574,0.000000,0.041649,-2.741649,"bb_rsi_reversal side=NO spot=64018.96 bb=(64017.48,64018.41) rsi=100.0"
2950641,S43_Bollinger_RSI_Reversal,NO,1784313906.806277,0.510000,5,1784314199.953349,0.000000,0.039812,-2.589812,"bb_rsi_reversal side=NO spot=64106.83 bb=(64104.63,64106.10) rsi=100.0"
2950647,S43_Bollinger_RSI_Reversal,YES,1784314203.846667,0.410000,5,1784314499.889078,1.000000,0.029989,2.920011,"bb_rsi_reversal side=YES spot=64279.49 bb=(64283.11,64295.17) rsi=0.0"
2950785,S43_Bollinger_RSI_Reversal,NO,1784314503.962732,0.510000,5,1784314799.910807,1.000000,0.039812,2.410188,"bb_rsi_reversal side=NO spot=64308.41 bb=(64298.79,64305.05) rsi=100.0"
2950839,S43_Bollinger_RSI_Reversal,YES,1784314806.615635,0.440000,5,1784315099.854487,0.000000,0.033392,-2.233392,"bb_rsi_reversal side=YES spot=64208.57 bb=(64209.40,64213.38) rsi=24.7"
2950849,S43_Bollinger_RSI_Reversal,YES,1784315106.070179,0.410000,5,1784315399.910932,0.000000,0.029989,-2.079989,"bb_rsi_reversal side=YES spot=64191.64 bb=(64191.78,64192.03) rsi=0.0"
2950860,S43_Bollinger_RSI_Reversal,NO,1784315403.965301,0.450000,5,1784315699.97866,1.000000,0.034457,2.715543,"bb_rsi_reversal side=NO spot=64060.79 bb=(64060.75,64060.78) rsi=100.0"
2950882,S43_Bollinger_RSI_Reversal,YES,1784316003.427761,0.400000,5,1784316299.950911,0.000000,0.028800,-2.028800,"bb_rsi_reversal side=YES spot=64017.06 bb=(64022.64,64033.33) rsi=0.0"
2950891,S43_Bollinger_RSI_Reversal,YES,1784316305.50415,0.540000,5,1784316599.917999,1.000000,0.041649,2.258351,"bb_rsi_reversal side=YES spot=63976.94 bb=(63976.96,63977.01) rsi=0.0"
2950911,S43_Bollinger_RSI_Reversal,NO,1784316603.564771,0.450000,5,1784316899.899782,0.000000,0.034457,-2.284457,"bb_rsi_reversal side=NO spot=64060.85 bb=(64046.51,64055.61) rsi=93.4"
2950956,S43_Bollinger_RSI_Reversal,YES,1784316903.548196,0.400000,5,1784317199.93693,1.000000,0.028800,2.971200,"bb_rsi_reversal side=YES spot=64039.80 bb=(64041.61,64055.85) rsi=0.0"
2950982,S43_Bollinger_RSI_Reversal,YES,1784317209.031118,0.390000,5,1784317499.91522,1.000000,0.027591,3.022409,"bb_rsi_reversal side=YES spot=64077.97 bb=(64078.75,64080.08) rsi=0.0"
2950998,S43_Bollinger_RSI_Reversal,NO,1784317503.407325,0.390000,5,1784317800.001978,1.000000,0.027591,3.022409,"bb_rsi_reversal side=NO spot=64145.77 bb=(64142.23,64145.50) rsi=100.0"
2951004,S43_Bollinger_RSI_Reversal,NO,1784317803.733478,0.360000,5,1784318099.910139,0.000000,0.023888,-1.823888,"bb_rsi_reversal side=NO spot=64144.06 bb=(64123.46,64142.81) rsi=100.0"
2951038,S43_Bollinger_RSI_Reversal,YES,1784318407.874992,0.260000,5,1784318699.910522,0.000000,0.012031,-1.312031,"bb_rsi_reversal side=YES spot=64077.95 bb=(64081.28,64102.49) rsi=0.0"
2951078,S43_Bollinger_RSI_Reversal,YES,1784319004.904518,0.500000,5,1784319299.916531,1.000000,0.039062,2.460938,"bb_rsi_reversal side=YES spot=63969.12 bb=(63969.12,63969.14) rsi=0.0"
2951103,S43_Bollinger_RSI_Reversal,YES,1784319603.37237,0.540000,5,1784319899.984519,1.000000,0.041649,2.258351,"bb_rsi_reversal side=YES spot=63974.58 bb=(63974.58,63974.60) rsi=0.0"
2951166,S43_Bollinger_RSI_Reversal,NO,1784319903.30073,0.450000,5,1784320199.932774,1.000000,0.034457,2.715543,"bb_rsi_reversal side=NO spot=64004.54 bb=(64003.51,64004.16) rsi=100.0"
2951175,S43_Bollinger_RSI_Reversal,NO,1784320205.840259,0.530000,5,1784320499.94208,1.000000,0.041109,2.308891,"bb_rsi_reversal side=NO spot=63990.43 bb=(63990.20,63990.36) rsi=79.2"
2951361,S43_Bollinger_RSI_Reversal,YES,1784320503.807797,0.410000,5,1784320799.943144,0.000000,0.029989,-2.079989,"bb_rsi_reversal side=YES spot=63970.13 bb=(63975.21,63983.81) rsi=0.0"
2951362,S43_Bollinger_RSI_Reversal,YES,1784320805.427922,0.430000,5,1784321099.904341,1.000000,0.032290,2.817710,"bb_rsi_reversal side=YES spot=63942.88 bb=(63943.26,63943.89) rsi=0.0"
2951382,S43_Bollinger_RSI_Reversal,YES,1784321106.506957,0.490000,5,1784321399.920091,0.000000,0.038251,-2.488251,"bb_rsi_reversal side=YES spot=64067.51 bb=(64069.00,64071.53) rsi=0.0"
2951389,S43_Bollinger_RSI_Reversal,YES,1784321405.623594,0.480000,5,1784321699.895506,1.000000,0.037380,2.562620,"bb_rsi_reversal side=YES spot=64002.15 bb=(64003.16,64004.87) rsi=0.0"
2951400,S43_Bollinger_RSI_Reversal,NO,1784321703.781805,0.410000,5,1784321999.95733,1.000000,0.029989,2.920011,"bb_rsi_reversal side=NO spot=64106.02 bb=(64100.57,64105.25) rsi=100.0"
2951441,S43_Bollinger_RSI_Reversal,YES,1784322003.533894,0.520000,5,1784322299.902811,1.000000,0.040495,2.359505,"bb_rsi_reversal side=YES spot=64075.36 bb=(64075.59,64076.00) rsi=0.0"
2951451,S43_Bollinger_RSI_Reversal,YES,1784322307.895359,0.320000,5,1784322599.962096,0.000000,0.018940,-1.618940,"bb_rsi_reversal side=YES spot=64119.51 bb=(64120.51,64122.21) rsi=0.0"
2951467,S43_Bollinger_RSI_Reversal,YES,1784322604.419105,0.490000,5,1784322899.961257,1.000000,0.038251,2.511749,"bb_rsi_reversal side=YES spot=64122.45 bb=(64122.45,64122.67) rsi=0.0"
2951482,S43_Bollinger_RSI_Reversal,YES,1784322909.099319,0.490000,5,1784323200.005127,0.000000,0.038251,-2.488251,"bb_rsi_reversal side=YES spot=64122.52 bb=(64122.60,64122.74) rsi=0.0"
2951492,S43_Bollinger_RSI_Reversal,NO,1784323210.131257,0.530000,5,1784323499.978867,0.000000,0.041109,-2.691109,"bb_rsi_reversal side=NO spot=64110.90 bb=(64109.27,64110.29) rsi=100.0"
2951500,S43_Bollinger_RSI_Reversal,NO,1784323505.198895,0.610000,5,1784323799.947006,1.000000,0.043155,1.906845,"bb_rsi_reversal side=NO spot=64118.97 bb=(64116.00,64117.87) rsi=100.0"
2951520,S43_Bollinger_RSI_Reversal,YES,1784323803.257076,0.590000,5,1784324099.914693,0.000000,0.043155,-2.993155,"bb_rsi_reversal side=YES spot=64102.27 bb=(64102.68,64103.38) rsi=0.0"
2951564,S43_Bollinger_RSI_Reversal,NO,1784324107.378417,0.490000,5,1784324399.902218,1.000000,0.038251,2.511749,"bb_rsi_reversal side=NO spot=64062.38 bb=(64060.63,64061.73) rsi=100.0"
2951645,S43_Bollinger_RSI_Reversal,NO,1784324405.408231,0.520000,5,1784324699.943602,0.000000,0.040495,-2.640495,"bb_rsi_reversal side=NO spot=64057.33 bb=(64057.11,64057.25) rsi=100.0"
2951651,S43_Bollinger_RSI_Reversal,NO,1784324704.505432,0.500000,5,1784324999.892044,0.000000,0.039062,-2.539062,"bb_rsi_reversal side=NO spot=64058.15 bb=(64058.10,64058.13) rsi=100.0"
2951666,S43_Bollinger_RSI_Reversal,YES,1784325004.563513,0.510000,5,1784325299.981036,0.000000,0.039812,-2.589812,"bb_rsi_reversal side=YES spot=64068.33 bb=(64068.57,64068.97) rsi=0.0"
2951861,S43_Bollinger_RSI_Reversal,NO,1784325304.541735,0.500000,5,1784325599.898577,0.000000,0.039062,-2.539062,"bb_rsi_reversal side=NO spot=64060.61 bb=(64060.01,64060.40) rsi=100.0"
2951909,S43_Bollinger_RSI_Reversal,YES,1784325606.611373,0.480000,5,1784325900.002997,0.000000,0.037380,-2.437380,"bb_rsi_reversal side=YES spot=64064.15 bb=(64064.43,64064.90) rsi=0.0"
2951972,S43_Bollinger_RSI_Reversal,NO,1784325904.925412,0.550000,5,1784326199.984817,1.000000,0.042114,2.207886,"bb_rsi_reversal side=NO spot=64032.78 bb=(64032.73,64032.77) rsi=100.0"
2951977,S43_Bollinger_RSI_Reversal,YES,1784326204.918574,0.510000,5,1784326499.955266,1.000000,0.039812,2.410188,"bb_rsi_reversal side=YES spot=64017.73 bb=(64017.74,64017.74) rsi=0.0"
2951994,S43_Bollinger_RSI_Reversal,YES,1784326506.045595,0.400000,5,1784326799.989966,0.000000,0.028800,-2.028800,"bb_rsi_reversal side=YES spot=64027.57 bb=(64028.35,64029.68) rsi=0.0"
2952012,S43_Bollinger_RSI_Reversal,YES,1784327104.137491,0.540000,5,1784327399.911129,0.000000,0.041649,-2.741649,"bb_rsi_reversal side=YES spot=63975.69 bb=(63975.91,63976.29) rsi=0.0"
2952033,S43_Bollinger_RSI_Reversal,YES,1784327403.246278,0.510000,5,1784327699.915357,0.000000,0.039812,-2.589812,"bb_rsi_reversal side=YES spot=63923.72 bb=(63924.39,63925.54) rsi=0.0"
2952097,S43_Bollinger_RSI_Reversal,YES,1784327703.247916,0.430000,5,1784327999.97485,0.000000,0.032290,-2.182290,"bb_rsi_reversal side=YES spot=63900.56 bb=(63900.75,63901.06) rsi=0.0"
2952110,S43_Bollinger_RSI_Reversal,NO,1784328003.526791,0.460000,5,1784328299.9784,0.000000,0.035479,-2.335479,"bb_rsi_reversal side=NO spot=63886.24 bb=(63885.76,63886.07) rsi=100.0"
2952126,S43_Bollinger_RSI_Reversal,YES,1784328302.635419,0.510000,5,1784328599.939414,1.000000,0.039812,2.410188,"bb_rsi_reversal side=YES spot=63905.31 bb=(63905.34,63905.50) rsi=0.0"
2952140,S43_Bollinger_RSI_Reversal,NO,1784328603.725078,0.500000,5,1784328899.998256,0.000000,0.039062,-2.539062,"bb_rsi_reversal side=NO spot=63926.44 bb=(63926.41,63926.44) rsi=100.0"
2953311,S43_Bollinger_RSI_Reversal,NO,1784328906.630842,0.490000,5,1784329199.903404,1.000000,0.038251,2.511749,"bb_rsi_reversal side=NO spot=63941.42 bb=(63941.06,63941.29) rsi=100.0"
2953316,S43_Bollinger_RSI_Reversal,NO,1784329203.745811,0.490000,5,1784329499.998304,1.000000,0.038251,2.511749,"bb_rsi_reversal side=NO spot=63939.23 bb=(63939.06,63939.17) rsi=100.0"
2953332,S43_Bollinger_RSI_Reversal,YES,1784329502.831459,0.460000,5,1784329799.955722,0.000000,0.035479,-2.335479,"bb_rsi_reversal side=YES spot=63888.14 bb=(63891.25,63896.52) rsi=0.0"
2953348,S43_Bollinger_RSI_Reversal,YES,1784329805.987116,0.530000,5,1784330099.899243,0.000000,0.041109,-2.691109,"bb_rsi_reversal side=YES spot=63864.12 bb=(63865.24,63867.13) rsi=0.0"
2953357,S43_Bollinger_RSI_Reversal,YES,1784330104.144367,0.410000,5,1784330399.979859,1.000000,0.029989,2.920011,"bb_rsi_reversal side=YES spot=63853.73 bb=(63856.18,63860.33) rsi=0.0"
2953378,S43_Bollinger_RSI_Reversal,NO,1784330404.294855,0.500000,5,1784330699.922828,0.000000,0.039062,-2.539062,"bb_rsi_reversal side=NO spot=63874.12 bb=(63873.90,63874.05) rsi=88.9"
2953385,S43_Bollinger_RSI_Reversal,YES,1784330702.475571,0.520000,5,1784330999.91704,1.000000,0.040495,2.359505,"bb_rsi_reversal side=YES spot=63905.05 bb=(63905.39,63906.76) rsi=0.0"
2953405,S43_Bollinger_RSI_Reversal,YES,1784331006.418455,0.500000,5,1784331299.987969,1.000000,0.039062,2.460938,"bb_rsi_reversal side=YES spot=63921.32 bb=(63921.37,63921.44) rsi=0.0"
2953497,S43_Bollinger_RSI_Reversal,NO,1784331304.096017,0.570000,5,1784331599.943048,1.000000,0.042803,2.107197,"bb_rsi_reversal side=NO spot=63965.41 bb=(63964.26,63965.12) rsi=100.0"
2953542,S43_Bollinger_RSI_Reversal,NO,1784331603.200281,0.530000,5,1784331899.99364,1.000000,0.041109,2.308891,"bb_rsi_reversal side=NO spot=63942.15 bb=(63941.55,63941.93) rsi=100.0"
2953557,S43_Bollinger_RSI_Reversal,YES,1784331903.534843,0.380000,5,1784332199.964566,0.000000,0.026366,-1.926366,"bb_rsi_reversal side=YES spot=63920.63 bb=(63921.46,63937.68) rsi=0.0"
2953577,S43_Bollinger_RSI_Reversal,NO,1784332202.860824,0.400000,5,1784332499.991691,0.000000,0.028800,-2.028800,"bb_rsi_reversal side=NO spot=63906.66 bb=(63906.61,63906.66) rsi=100.0"
2953598,S43_Bollinger_RSI_Reversal,NO,1784332502.915999,0.500000,5,1784332799.946831,1.000000,0.039062,2.460938,"bb_rsi_reversal side=NO spot=63906.41 bb=(63906.35,63906.40) rsi=100.0"
2953679,S43_Bollinger_RSI_Reversal,NO,1784332806.739696,0.260000,5,1784333099.944628,1.000000,0.012031,3.687969,"bb_rsi_reversal side=NO spot=63892.80 bb=(63889.17,63891.45) rsi=100.0"
2953702,S43_Bollinger_RSI_Reversal,YES,1784333103.845452,0.560000,5,1784333399.972618,0.000000,0.042499,-2.842499,"bb_rsi_reversal side=YES spot=63888.31 bb=(63888.31,63888.35) rsi=0.0"
2953747,S43_Bollinger_RSI_Reversal,YES,1784333405.053504,0.580000,5,1784333699.989541,1.000000,0.043022,2.056978,"bb_rsi_reversal side=YES spot=63860.31 bb=(63860.33,63860.42) rsi=0.0"
2953782,S43_Bollinger_RSI_Reversal,YES,1784333703.596557,0.540000,5,1784333999.978017,1.000000,0.041649,2.258351,"bb_rsi_reversal side=YES spot=63920.66 bb=(63920.76,63920.94) rsi=0.0"
2953796,S43_Bollinger_RSI_Reversal,YES,1784334003.973048,0.390000,5,1784334299.9028,0.000000,0.027591,-1.977591,"bb_rsi_reversal side=YES spot=63953.41 bb=(63957.67,63964.94) rsi=0.0"
2953814,S43_Bollinger_RSI_Reversal,YES,1784334604.073834,0.490000,5,1784334899.915468,0.000000,0.038251,-2.488251,"bb_rsi_reversal side=YES spot=63949.42 bb=(63949.64,63950.01) rsi=0.0"
2954023,S43_Bollinger_RSI_Reversal,NO,1784334903.211584,0.540000,5,1784335199.889107,1.000000,0.041649,2.258351,"bb_rsi_reversal side=NO spot=63900.46 bb=(63900.28,63900.39) rsi=100.0"
2954082,S43_Bollinger_RSI_Reversal,NO,1784335202.388858,0.400000,5,1784335500.008639,0.000000,0.028800,-2.028800,"bb_rsi_reversal side=NO spot=63877.99 bb=(63877.87,63877.97) rsi=100.0"
2954105,S43_Bollinger_RSI_Reversal,NO,1784335503.338389,0.400000,5,1784335800.007608,0.000000,0.028800,-2.028800,"bb_rsi_reversal side=NO spot=63882.29 bb=(63881.71,63882.16) rsi=100.0"
2954123,S43_Bollinger_RSI_Reversal,NO,1784335803.540878,0.370000,5,1784336099.918987,1.000000,0.025130,3.124870,"bb_rsi_reversal side=NO spot=63904.87 bb=(63904.82,63904.87) rsi=100.0"
2954136,S43_Bollinger_RSI_Reversal,NO,1784336102.50499,0.370000,5,1784336399.908928,0.000000,0.025130,-1.875130,"bb_rsi_reversal side=NO spot=63858.99 bb=(63858.52,63858.90) rsi=100.0"
2954332,S43_Bollinger_RSI_Reversal,NO,1784336403.503536,0.330000,5,1784336700.001192,0.000000,0.020165,-1.670165,"bb_rsi_reversal side=NO spot=63868.61 bb=(63862.19,63866.24) rsi=100.0"
2954338,S43_Bollinger_RSI_Reversal,YES,1784336702.642768,0.380000,5,1784336999.931411,1.000000,0.026366,3.073634,"bb_rsi_reversal side=YES spot=63870.02 bb=(63870.11,63870.48) rsi=0.0"
2954347,S43_Bollinger_RSI_Reversal,YES,1784337005.647592,0.490000,5,1784337299.952955,1.000000,0.038251,2.511749,"bb_rsi_reversal side=YES spot=63874.13 bb=(63874.17,63874.24) rsi=0.0"
2954362,S43_Bollinger_RSI_Reversal,YES,1784337305.627117,0.650000,5,1784337599.937309,1.000000,0.042052,1.707948,"bb_rsi_reversal side=YES spot=63876.05 bb=(63876.09,63876.16) rsi=0.0"
2954375,S43_Bollinger_RSI_Reversal,YES,1784337602.708178,0.630000,5,1784337900.005162,1.000000,0.042789,1.807211,"bb_rsi_reversal side=YES spot=63887.15 bb=(63887.71,63888.74) rsi=0.0"
2954401,S43_Bollinger_RSI_Reversal,YES,1784337903.843438,0.590000,5,1784338199.877635,1.000000,0.043155,2.006845,"bb_rsi_reversal side=YES spot=63942.10 bb=(63943.51,63946.04) rsi=0.0"
2954419,S43_Bollinger_RSI_Reversal,NO,1784338202.903858,0.450000,5,1784338500.006649,1.000000,0.034457,2.715543,"bb_rsi_reversal side=NO spot=63954.06 bb=(63953.38,63953.81) rsi=100.0"
2954460,S43_Bollinger_RSI_Reversal,NO,1784338504.969825,0.500000,5,1784338799.950557,0.000000,0.039062,-2.539062,"bb_rsi_reversal side=NO spot=63887.74 bb=(63887.73,63887.73) rsi=100.0"
2954471,S43_Bollinger_RSI_Reversal,NO,1784338802.954191,0.480000,5,1784339099.980796,1.000000,0.037380,2.562620,"bb_rsi_reversal side=NO spot=63903.73 bb=(63903.72,63903.73) rsi=100.0"
2954480,S43_Bollinger_RSI_Reversal,YES,1784339104.098469,0.530000,5,1784339399.946189,0.000000,0.041109,-2.691109,"bb_rsi_reversal side=YES spot=63906.29 bb=(63906.73,63908.12) rsi=0.0"
2954515,S43_Bollinger_RSI_Reversal,NO,1784339404.299453,0.520000,5,1784339699.93178,0.000000,0.040495,-2.640495,"bb_rsi_reversal side=NO spot=63907.95 bb=(63907.43,63907.84) rsi=100.0"
2954569,S43_Bollinger_RSI_Reversal,YES,1784340004.329852,0.480000,5,1784340299.969643,0.000000,0.037380,-2.437380,"bb_rsi_reversal side=YES spot=63915.25 bb=(63915.29,63915.35) rsi=0.0"
2954584,S43_Bollinger_RSI_Reversal,YES,1784340303.328154,0.590000,5,1784340599.956548,1.000000,0.043155,2.006845,"bb_rsi_reversal side=YES spot=63910.25 bb=(63910.65,63911.33) rsi=0.0"
2954596,S43_Bollinger_RSI_Reversal,YES,1784340603.412299,0.530000,5,1784340899.948111,1.000000,0.041109,2.308891,"bb_rsi_reversal side=YES spot=63916.51 bb=(63917.91,63920.29) rsi=0.0"
2954610,S43_Bollinger_RSI_Reversal,YES,1784340903.537117,0.540000,5,1784341199.916027,1.000000,0.041649,2.258351,"bb_rsi_reversal side=YES spot=63924.00 bb=(63924.07,63924.18) rsi=0.0"
2954623,S43_Bollinger_RSI_Reversal,NO,1784341203.713118,0.530000,5,1784341499.933583,0.000000,0.041109,-2.691109,"bb_rsi_reversal side=NO spot=63944.31 bb=(63944.01,63944.25) rsi=100.0"
2954649,S43_Bollinger_RSI_Reversal,NO,1784341502.751007,0.440000,5,1784341799.963709,0.000000,0.033392,-2.233392,"bb_rsi_reversal side=NO spot=63950.16 bb=(63949.35,63949.86) rsi=96.7"
2954661,S43_Bollinger_RSI_Reversal,NO,1784341803.762986,0.510000,5,1784342099.915762,0.000000,0.039812,-2.589812,"bb_rsi_reversal side=NO spot=63952.89 bb=(63952.73,63952.86) rsi=100.0"
2954747,S43_Bollinger_RSI_Reversal,YES,1784342104.901686,0.360000,5,1784342399.947573,1.000000,0.023888,3.176112,"bb_rsi_reversal side=YES spot=63962.74 bb=(63962.78,63962.85) rsi=0.0"
2954803,S43_Bollinger_RSI_Reversal,YES,1784342404.955087,0.320000,5,1784342699.965244,0.000000,0.018940,-1.618940,"bb_rsi_reversal side=YES spot=63953.91 bb=(63960.79,63972.47) rsi=0.0"
2954868,S43_Bollinger_RSI_Reversal,NO,1784342704.30367,0.480000,5,1784342999.933495,0.000000,0.037380,-2.437380,"bb_rsi_reversal side=NO spot=63921.11 bb=(63921.06,63921.11) rsi=100.0"
2954945,S43_Bollinger_RSI_Reversal,YES,1784343004.102687,0.510000,5,1784343299.979466,0.000000,0.039812,-2.589812,"bb_rsi_reversal side=YES spot=63919.67 bb=(63920.63,63922.27) rsi=0.0"
2954982,S43_Bollinger_RSI_Reversal,YES,1784343304.192996,0.500000,5,1784343599.948677,0.000000,0.039062,-2.539062,"bb_rsi_reversal side=YES spot=63921.19 bb=(63921.19,63921.22) rsi=0.0"
2955034,S43_Bollinger_RSI_Reversal,NO,1784343606.208187,0.540000,5,1784343899.939838,1.000000,0.041649,2.258351,"bb_rsi_reversal side=NO spot=63914.84 bb=(63914.79,63914.83) rsi=100.0"
2955112,S43_Bollinger_RSI_Reversal,YES,1784343903.522858,0.630000,5,1784344199.979885,1.000000,0.042789,1.807211,"bb_rsi_reversal side=YES spot=63906.37 bb=(63906.37,63906.42) rsi=0.0"
2955158,S43_Bollinger_RSI_Reversal,NO,1784344203.358721,0.340000,5,1784344499.92142,1.000000,0.021401,3.278599,"bb_rsi_reversal side=NO spot=63934.80 bb=(63934.75,63934.80) rsi=100.0"
2955172,S43_Bollinger_RSI_Reversal,YES,1784344504.394614,0.330000,5,1784344799.937571,1.000000,0.020165,3.329835,"bb_rsi_reversal side=YES spot=63934.91 bb=(63935.02,63941.37) rsi=0.0"
2955191,S43_Bollinger_RSI_Reversal,NO,1784344802.575151,0.580000,5,1784345099.956117,1.000000,0.043022,2.056978,"bb_rsi_reversal side=NO spot=63927.64 bb=(63927.44,63927.60) rsi=100.0"
2955219,S43_Bollinger_RSI_Reversal,YES,1784345103.570345,0.460000,5,1784345399.942978,0.000000,0.035479,-2.335479,"bb_rsi_reversal side=YES spot=63916.40 bb=(63916.56,63916.93) rsi=0.0"
2955224,S43_Bollinger_RSI_Reversal,NO,1784345402.65043,0.690000,5,1784345699.992364,1.000000,0.039462,1.510538,"bb_rsi_reversal side=NO spot=63910.37 bb=(63909.25,63909.95) rsi=100.0"
2955286,S43_Bollinger_RSI_Reversal,NO,1784345705.715711,0.500000,5,1784345999.919958,1.000000,0.039062,2.460938,"bb_rsi_reversal side=NO spot=63900.00 bb=(63899.97,63899.99) rsi=100.0"
2955340,S43_Bollinger_RSI_Reversal,YES,1784346002.778892,0.400000,5,1784346299.933733,1.000000,0.028800,2.971200,"bb_rsi_reversal side=YES spot=63894.52 bb=(63896.88,63901.34) rsi=0.0"
2955347,S43_Bollinger_RSI_Reversal,YES,1784346303.8441,0.500000,5,1784346599.963912,1.000000,0.039062,2.460938,"bb_rsi_reversal side=YES spot=63900.37 bb=(63901.39,63903.21) rsi=0.0"
2955363,S43_Bollinger_RSI_Reversal,NO,1784346602.843618,0.600000,5,1784346899.978004,0.000000,0.043200,-3.043200,"bb_rsi_reversal side=NO spot=63908.34 bb=(63907.68,63908.22) rsi=100.0"
2955512,S43_Bollinger_RSI_Reversal,YES,1784346903.920344,0.510000,5,1784347199.911692,1.000000,0.039812,2.410188,"bb_rsi_reversal side=YES spot=63926.02 bb=(63929.55,63935.94) rsi=0.0"
2955723,S43_Bollinger_RSI_Reversal,NO,1784347202.983138,0.500000,5,1784347499.924999,1.000000,0.039062,2.460938,"bb_rsi_reversal side=NO spot=63973.77 bb=(63969.78,63972.64) rsi=100.0"
2955808,S43_Bollinger_RSI_Reversal,YES,1784347503.10384,0.480000,5,1784347799.91514,0.000000,0.037380,-2.437380,"bb_rsi_reversal side=YES spot=63952.58 bb=(63952.59,63952.59) rsi=0.0"
2955854,S43_Bollinger_RSI_Reversal,YES,1784347803.128785,0.460000,5,1784348099.975598,1.000000,0.035479,2.664521,"bb_rsi_reversal side=YES spot=63948.15 bb=(63948.22,63948.34) rsi=0.0"
2955868,S43_Bollinger_RSI_Reversal,NO,1784348104.16427,0.530000,5,1784348399.911223,0.000000,0.041109,-2.691109,"bb_rsi_reversal side=NO spot=63950.25 bb=(63949.67,63950.03) rsi=100.0"
2955884,S43_Bollinger_RSI_Reversal,YES,1784348403.217047,0.350000,5,1784348699.976982,0.000000,0.022643,-1.772643,"bb_rsi_reversal side=YES spot=63944.37 bb=(63948.43,63955.30) rsi=0.0"
2955955,S43_Bollinger_RSI_Reversal,NO,1784348703.581872,0.460000,5,1784348999.92687,0.000000,0.035479,-2.335479,"bb_rsi_reversal side=NO spot=63914.61 bb=(63914.48,63914.58) rsi=100.0"
2955964,S43_Bollinger_RSI_Reversal,NO,1784349003.442235,0.520000,5,1784349300.011946,1.000000,0.040495,2.359505,"bb_rsi_reversal side=NO spot=63938.58 bb=(63937.98,63938.36) rsi=100.0"
2956017,S43_Bollinger_RSI_Reversal,NO,1784349303.453862,0.530000,5,1784349599.945218,1.000000,0.041109,2.308891,"bb_rsi_reversal side=NO spot=63925.35 bb=(63925.30,63925.33) rsi=100.0"
2956023,S43_Bollinger_RSI_Reversal,NO,1784349603.540122,0.500000,5,1784349900.011252,1.000000,0.039062,2.460938,"bb_rsi_reversal side=NO spot=63905.34 bb=(63905.33,63905.33) rsi=100.0"
2956036,S43_Bollinger_RSI_Reversal,NO,1784349913.661349,0.500000,5,1784350199.935887,0.000000,0.039062,-2.539062,"bb_rsi_reversal side=NO spot=63901.66 bb=(63901.57,63901.63) rsi=100.0"
2956046,S43_Bollinger_RSI_Reversal,YES,1784350203.699286,0.500000,5,1784350499.992213,1.000000,0.039062,2.460938,"bb_rsi_reversal side=YES spot=63905.36 bb=(63905.41,63905.50) rsi=0.0"
2956495,S43_Bollinger_RSI_Reversal,YES,1784350502.814899,0.500000,5,1784350799.978456,1.000000,0.039062,2.460938,"bb_rsi_reversal side=YES spot=63916.05 bb=(63916.07,63916.09) rsi=0.0"
2956682,S43_Bollinger_RSI_Reversal,NO,1784350802.995468,0.490000,5,1784351099.922469,1.000000,0.038251,2.511749,"bb_rsi_reversal side=NO spot=63923.60 bb=(63923.41,63923.56) rsi=100.0"
2956691,S43_Bollinger_RSI_Reversal,NO,1784351105.915574,0.480000,5,1784351399.99462,1.000000,0.037380,2.562620,"bb_rsi_reversal side=NO spot=63909.50 bb=(63909.15,63909.37) rsi=100.0"
2956699,S43_Bollinger_RSI_Reversal,YES,1784351403.035649,0.510000,5,1784351699.943627,0.000000,0.039812,-2.589812,"bb_rsi_reversal side=YES spot=63900.83 bb=(63900.84,63900.84) rsi=0.0"
2956712,S43_Bollinger_RSI_Reversal,YES,1784351704.133293,0.500000,5,1784351999.998506,0.000000,0.039062,-2.539062,"bb_rsi_reversal side=YES spot=63880.64 bb=(63881.33,63882.51) rsi=0.0"
2956733,S43_Bollinger_RSI_Reversal,NO,1784352306.253198,0.520000,5,1784352599.904333,0.000000,0.040495,-2.640495,"bb_rsi_reversal side=NO spot=63922.28 bb=(63922.14,63922.23) rsi=100.0"
2956749,S43_Bollinger_RSI_Reversal,NO,1784352605.287226,0.500000,5,1784352899.934989,0.000000,0.039062,-2.539062,"bb_rsi_reversal side=NO spot=63923.91 bb=(63923.89,63923.90) rsi=100.0"
2956794,S43_Bollinger_RSI_Reversal,YES,1784352902.460813,0.500000,5,1784353199.936212,0.000000,0.039062,-2.539062,"bb_rsi_reversal side=YES spot=63933.14 bb=(63933.33,63934.10) rsi=0.0"
2956827,S43_Bollinger_RSI_Reversal,NO,1784353205.407986,0.520000,5,1784353499.994088,0.000000,0.040495,-2.640495,"bb_rsi_reversal side=NO spot=63914.25 bb=(63914.22,63914.24) rsi=100.0"
2956852,S43_Bollinger_RSI_Reversal,YES,1784353502.641997,0.520000,5,1784353799.912675,0.000000,0.040495,-2.640495,"bb_rsi_reversal side=YES spot=63921.74 bb=(63922.74,63926.81) rsi=0.0"
2956866,S43_Bollinger_RSI_Reversal,NO,1784353804.571016,0.520000,5,1784354099.892159,1.000000,0.040495,2.359505,"bb_rsi_reversal side=NO spot=63921.93 bb=(63921.64,63921.82) rsi=100.0"
2956944,S43_Bollinger_RSI_Reversal,YES,1784354103.66171,0.500000,5,1784354399.982515,1.000000,0.039062,2.460938,"bb_rsi_reversal side=YES spot=63907.75 bb=(63910.79,63915.95) rsi=0.0"
2956959,S43_Bollinger_RSI_Reversal,NO,1784354402.998832,0.510000,5,1784354699.920775,1.000000,0.039812,2.410188,"bb_rsi_reversal side=NO spot=63921.78 bb=(63920.17,63921.64) rsi=100.0"
2956970,S43_Bollinger_RSI_Reversal,NO,1784354702.822814,0.520000,5,1784354999.914382,0.000000,0.040495,-2.640495,"bb_rsi_reversal side=NO spot=63919.29 bb=(63918.44,63919.07) rsi=100.0"
2956973,S43_Bollinger_RSI_Reversal,YES,1784355004.13744,0.510000,5,1784355299.906382,0.000000,0.039812,-2.589812,"bb_rsi_reversal side=YES spot=63926.32 bb=(63926.32,63926.34) rsi=0.0"
2956983,S43_Bollinger_RSI_Reversal,YES,1784355303.929222,0.520000,5,1784355599.977457,1.000000,0.040495,2.359505,"bb_rsi_reversal side=YES spot=63917.03 bb=(63917.04,63917.04) rsi=0.0"
2956996,S43_Bollinger_RSI_Reversal,NO,1784355605.004779,0.530000,5,1784355899.922365,1.000000,0.041109,2.308891,"bb_rsi_reversal side=NO spot=63954.70 bb=(63954.65,63954.69) rsi=80.0"
2957005,S43_Bollinger_RSI_Reversal,NO,1784355903.141237,0.520000,5,1784356199.980051,1.000000,0.040495,2.359505,"bb_rsi_reversal side=NO spot=63948.55 bb=(63948.16,63948.41) rsi=100.0"
2957017,S43_Bollinger_RSI_Reversal,YES,1784356206.084206,0.500000,5,1784356499.920877,0.000000,0.039062,-2.539062,"bb_rsi_reversal side=YES spot=63941.08 bb=(63941.11,63941.16) rsi=0.0"
2957057,S43_Bollinger_RSI_Reversal,YES,1784356503.589056,0.530000,5,1784356799.977635,1.000000,0.041109,2.308891,"bb_rsi_reversal side=YES spot=63911.57 bb=(63911.57,63911.60) rsi=0.0"
2957069,S43_Bollinger_RSI_Reversal,NO,1784356806.680106,0.460000,5,1784357099.920169,0.000000,0.035479,-2.335479,"bb_rsi_reversal side=NO spot=63914.39 bb=(63914.36,63914.39) rsi=100.0"
2957089,S43_Bollinger_RSI_Reversal,YES,1784357104.379633,0.490000,5,1784357399.961283,1.000000,0.038251,2.511749,"bb_rsi_reversal side=YES spot=63927.71 bb=(63927.71,63927.73) rsi=0.0"
2957099,S43_Bollinger_RSI_Reversal,YES,1784357403.411298,0.500000,5,1784357699.956209,1.000000,0.039062,2.460938,"bb_rsi_reversal side=YES spot=63932.87 bb=(63932.88,63933.00) rsi=0.0"
2957111,S43_Bollinger_RSI_Reversal,YES,1784357703.505235,0.500000,5,1784357999.999443,0.000000,0.039062,-2.539062,"bb_rsi_reversal side=YES spot=63934.84 bb=(63934.92,63935.31) rsi=0.0"
2957123,S43_Bollinger_RSI_Reversal,NO,1784358005.604184,0.510000,5,1784358299.898627,1.000000,0.039812,2.410188,"bb_rsi_reversal side=NO spot=63933.91 bb=(63933.89,63933.91) rsi=100.0"
2957141,S43_Bollinger_RSI_Reversal,YES,1784358302.697985,0.510000,5,1784358599.965621,1.000000,0.039812,2.410188,"bb_rsi_reversal side=YES spot=63931.54 bb=(63932.36,63933.94) rsi=0.0"
2957150,S43_Bollinger_RSI_Reversal,YES,1784358603.77772,0.610000,5,1784358899.98591,1.000000,0.043155,1.906845,"bb_rsi_reversal side=YES spot=63945.65 bb=(63945.65,63945.67) rsi=0.0"
2957156,S43_Bollinger_RSI_Reversal,YES,1784358903.778701,0.540000,5,1784359200.002252,1.000000,0.041649,2.258351,"bb_rsi_reversal side=YES spot=63951.34 bb=(63951.35,63951.37) rsi=0.0"
2957170,S43_Bollinger_RSI_Reversal,YES,1784359202.944249,0.610000,5,1784359499.912728,1.000000,0.043155,1.906845,"bb_rsi_reversal side=YES spot=63954.42 bb=(63954.54,63955.09) rsi=0.0"
2957181,S43_Bollinger_RSI_Reversal,YES,1784359515.942457,0.570000,5,1784359799.913431,0.000000,0.042803,-2.892803,"bb_rsi_reversal side=YES spot=63974.67 bb=(63974.69,63974.73) rsi=0.0"
2957194,S43_Bollinger_RSI_Reversal,YES,1784359804.974823,0.340000,5,1784360099.92473,0.000000,0.021401,-1.721401,"bb_rsi_reversal side=YES spot=63967.21 bb=(63972.80,63982.29) rsi=0.0"
2957262,S43_Bollinger_RSI_Reversal,NO,1784360104.110229,0.530000,5,1784360400.001787,1.000000,0.041109,2.308891,"bb_rsi_reversal side=NO spot=63970.00 bb=(63969.77,63969.92) rsi=100.0"
2957285,S43_Bollinger_RSI_Reversal,YES,1784360403.141284,0.320000,5,1784360699.97638,1.000000,0.018940,3.381060,"bb_rsi_reversal side=YES spot=63961.29 bb=(63961.88,63962.87) rsi=0.0"
2957308,S43_Bollinger_RSI_Reversal,NO,1784360706.195766,0.510000,5,1784360999.985553,1.000000,0.039812,2.410188,"bb_rsi_reversal side=NO spot=63976.17 bb=(63976.16,63976.16) rsi=100.0"
2957317,S43_Bollinger_RSI_Reversal,YES,1784361006.219326,0.450000,5,1784361299.934518,0.000000,0.034457,-2.284457,"bb_rsi_reversal side=YES spot=63961.41 bb=(63961.91,63962.75) rsi=0.0"
2957355,S43_Bollinger_RSI_Reversal,YES,1784361304.278991,0.500000,5,1784361599.928055,1.000000,0.039062,2.460938,"bb_rsi_reversal side=YES spot=63958.19 bb=(63958.20,63958.22) rsi=0.0"
2957367,S43_Bollinger_RSI_Reversal,NO,1784361603.364673,0.390000,5,1784361899.905244,1.000000,0.027591,3.022409,"bb_rsi_reversal side=NO spot=63964.30 bb=(63949.03,63963.23) rsi=100.0"
2957398,S43_Bollinger_RSI_Reversal,NO,1784361903.511879,0.460000,5,1784362199.862117,1.000000,0.035479,2.664521,"bb_rsi_reversal side=NO spot=63931.31 bb=(63930.63,63931.06) rsi=100.0"
2957409,S43_Bollinger_RSI_Reversal,NO,1784362205.525379,0.500000,5,1784362499.948404,0.000000,0.039062,-2.539062,"bb_rsi_reversal side=NO spot=63925.72 bb=(63925.39,63925.60) rsi=100.0"
2957415,S43_Bollinger_RSI_Reversal,YES,1784362506.582147,0.510000,5,1784362799.905631,1.000000,0.039812,2.410188,"bb_rsi_reversal side=YES spot=63935.40 bb=(63935.45,63935.54) rsi=0.0"
2957437,S43_Bollinger_RSI_Reversal,YES,1784362804.694832,0.490000,5,1784363099.958822,1.000000,0.038251,2.511749,"bb_rsi_reversal side=YES spot=63943.01 bb=(63943.03,63943.16) rsi=0.0"
2957442,S43_Bollinger_RSI_Reversal,NO,1784363103.750665,0.510000,5,1784363399.946332,0.000000,0.039812,-2.589812,"bb_rsi_reversal side=NO spot=63945.80 bb=(63942.60,63944.61) rsi=100.0"
2957451,S43_Bollinger_RSI_Reversal,YES,1784363405.824421,0.490000,5,1784363699.951448,1.000000,0.038251,2.511749,"bb_rsi_reversal side=YES spot=63965.02 bb=(63965.03,63965.05) rsi=0.0"
2957502,S43_Bollinger_RSI_Reversal,YES,1784363707.85664,0.480000,5,1784363999.882422,0.000000,0.037380,-2.437380,"bb_rsi_reversal side=YES spot=63971.37 bb=(63971.38,63971.41) rsi=0.0"
2957557,S43_Bollinger_RSI_Reversal,NO,1784364003.85509,0.500000,5,1784364299.921959,1.000000,0.039062,2.460938,"bb_rsi_reversal side=NO spot=63955.26 bb=(63951.87,63954.03) rsi=100.0"
2957577,S43_Bollinger_RSI_Reversal,NO,1784364303.917192,0.520000,5,1784364599.932889,0.000000,0.040495,-2.640495,"bb_rsi_reversal side=NO spot=63937.86 bb=(63937.76,63937.82) rsi=100.0"
2957583,S43_Bollinger_RSI_Reversal,YES,1784364603.985055,0.460000,5,1784364899.98642,0.000000,0.035479,-2.335479,"bb_rsi_reversal side=YES spot=63957.49 bb=(63957.87,63958.52) rsi=0.0"
2957595,S43_Bollinger_RSI_Reversal,NO,1784364903.053088,0.510000,5,1784365199.899516,0.000000,0.039812,-2.589812,"bb_rsi_reversal side=NO spot=63950.89 bb=(63950.59,63950.78) rsi=100.0"
2957622,S43_Bollinger_RSI_Reversal,NO,1784365204.209155,0.500000,5,1784365499.949643,1.000000,0.039062,2.460938,"bb_rsi_reversal side=NO spot=63957.15 bb=(63956.58,63956.95) rsi=91.5"
2957642,S43_Bollinger_RSI_Reversal,YES,1784365505.248945,0.530000,5,1784365799.981178,0.000000,0.041109,-2.691109,"bb_rsi_reversal side=YES spot=63936.72 bb=(63936.74,63936.80) rsi=0.0"
2957654,S43_Bollinger_RSI_Reversal,YES,1784365803.244598,0.500000,5,1784366099.933318,1.000000,0.039062,2.460938,"bb_rsi_reversal side=YES spot=63924.69 bb=(63924.70,63924.77) rsi=0.0"
2957670,S43_Bollinger_RSI_Reversal,YES,1784366103.238225,0.510000,5,1784366399.961805,0.000000,0.039812,-2.589812,"bb_rsi_reversal side=YES spot=63930.22 bb=(63930.22,63930.26) rsi=0.0"
2957677,S43_Bollinger_RSI_Reversal,YES,1784366407.413072,0.500000,5,1784366699.914909,1.000000,0.039062,2.460938,"bb_rsi_reversal side=YES spot=63918.26 bb=(63918.27,63918.29) rsi=0.0"
2957683,S43_Bollinger_RSI_Reversal,NO,1784366703.439782,0.500000,5,1784366999.988636,1.000000,0.039062,2.460938,"bb_rsi_reversal side=NO spot=63919.58 bb=(63919.57,63919.57) rsi=100.0"
2957694,S43_Bollinger_RSI_Reversal,NO,1784367003.525603,0.480000,5,1784367299.944815,0.000000,0.037380,-2.437380,"bb_rsi_reversal side=NO spot=63897.45 bb=(63897.43,63897.45) rsi=100.0"
2957741,S43_Bollinger_RSI_Reversal,NO,1784367306.646889,0.400000,5,1784367599.985454,0.000000,0.028800,-2.028800,"bb_rsi_reversal side=NO spot=63913.99 bb=(63913.98,63913.98) rsi=100.0"
2957776,S43_Bollinger_RSI_Reversal,NO,1784367613.686179,0.340000,5,1784367899.947136,0.000000,0.021401,-1.721401,"bb_rsi_reversal side=NO spot=63922.66 bb=(63922.65,63922.65) rsi=100.0"
2957783,S43_Bollinger_RSI_Reversal,YES,1784367904.707126,0.670000,5,1784368199.989777,1.000000,0.040941,1.609059,"bb_rsi_reversal side=YES spot=63925.71 bb=(63925.79,63925.96) rsi=0.0"
2957797,S43_Bollinger_RSI_Reversal,NO,1784368203.861123,0.330000,5,1784368499.992383,0.000000,0.020165,-1.670165,"bb_rsi_reversal side=NO spot=63932.11 bb=(63930.27,63931.43) rsi=100.0"
2957975,S43_Bollinger_RSI_Reversal,NO,1784368507.868531,0.510000,5,1784368800.004429,1.000000,0.039812,2.410188,"bb_rsi_reversal side=NO spot=63942.07 bb=(63941.89,63942.00) rsi=100.0"
2957988,S43_Bollinger_RSI_Reversal,YES,1784368822.01428,0.520000,5,1784369099.966046,1.000000,0.040495,2.359505,"bb_rsi_reversal side=YES spot=63940.70 bb=(63940.96,63941.41) rsi=0.0"
2958002,S43_Bollinger_RSI_Reversal,YES,1784369104.124101,0.590000,5,1784369399.9539,0.000000,0.043155,-2.993155,"bb_rsi_reversal side=YES spot=63945.47 bb=(63945.52,63945.59) rsi=0.0"
2958013,S43_Bollinger_RSI_Reversal,NO,1784369406.164406,0.490000,5,1784369699.912735,0.000000,0.038251,-2.488251,"bb_rsi_reversal side=NO spot=63944.52 bb=(63944.11,63944.38) rsi=100.0"
2958038,S43_Bollinger_RSI_Reversal,YES,1784369703.196568,0.440000,5,1784369999.934065,0.000000,0.033392,-2.233392,"bb_rsi_reversal side=YES spot=63947.34 bb=(63948.53,63950.56) rsi=0.0"
2958045,S43_Bollinger_RSI_Reversal,NO,1784370004.250586,0.460000,5,1784370299.926873,0.000000,0.035479,-2.335479,"bb_rsi_reversal side=NO spot=63947.39 bb=(63947.35,63947.37) rsi=100.0"
2958054,S43_Bollinger_RSI_Reversal,NO,1784370303.30445,0.340000,5,1784370599.953018,0.000000,0.021401,-1.721401,"bb_rsi_reversal side=NO spot=63949.94 bb=(63949.91,63949.93) rsi=100.0"
2958071,S43_Bollinger_RSI_Reversal,NO,1784370604.306465,0.350000,5,1784370899.886489,0.000000,0.022643,-1.772643,"bb_rsi_reversal side=NO spot=63962.91 bb=(63962.88,63962.90) rsi=100.0"
2958123,S43_Bollinger_RSI_Reversal,NO,1784370907.516082,0.540000,5,1784371199.883764,1.000000,0.041649,2.258351,"bb_rsi_reversal side=NO spot=63966.76 bb=(63966.75,63966.76) rsi=100.0"
2958152,S43_Bollinger_RSI_Reversal,YES,1784371206.506601,0.520000,5,1784371499.899159,0.000000,0.040495,-2.640495,"bb_rsi_reversal side=YES spot=63957.38 bb=(63957.67,63958.16) rsi=0.0"
2958163,S43_Bollinger_RSI_Reversal,NO,1784371504.583674,0.510000,5,1784371799.995375,0.000000,0.039812,-2.589812,"bb_rsi_reversal side=NO spot=63956.85 bb=(63956.78,63956.82) rsi=100.0"
2958179,S43_Bollinger_RSI_Reversal,YES,1784371803.05474,0.530000,5,1784372099.959949,1.000000,0.041109,2.308891,"bb_rsi_reversal side=YES spot=63960.58 bb=(63960.58,63960.63) rsi=0.0"
2958379,S43_Bollinger_RSI_Reversal,NO,1784372107.732396,0.500000,5,1784372399.899094,0.000000,0.039062,-2.539062,"bb_rsi_reversal side=NO spot=63964.86 bb=(63964.83,63964.85) rsi=100.0"
2958383,S43_Bollinger_RSI_Reversal,NO,1784372405.793227,0.520000,5,1784372699.992498,0.000000,0.040495,-2.640495,"bb_rsi_reversal side=NO spot=63966.34 bb=(63966.16,63966.31) rsi=100.0"
2958398,S43_Bollinger_RSI_Reversal,NO,1784372705.946218,0.490000,5,1784372999.895876,1.000000,0.038251,2.511749,"bb_rsi_reversal side=NO spot=63971.70 bb=(63969.99,63971.07) rsi=100.0"
2958414,S43_Bollinger_RSI_Reversal,YES,1784373006.964099,0.530000,5,1784373299.952558,1.000000,0.041109,2.308891,"bb_rsi_reversal side=YES spot=63967.24 bb=(63967.65,63968.39) rsi=0.0"
2958435,S43_Bollinger_RSI_Reversal,YES,1784373603.026831,0.490000,5,1784373899.986739,1.000000,0.038251,2.511749,"bb_rsi_reversal side=YES spot=63974.27 bb=(63974.34,63974.46) rsi=0.0"
2958513,S43_Bollinger_RSI_Reversal,YES,1784373904.192716,0.480000,5,1784374199.941601,0.000000,0.037380,-2.437380,"bb_rsi_reversal side=YES spot=63977.60 bb=(63977.73,63977.96) rsi=0.0"
2958520,S43_Bollinger_RSI_Reversal,NO,1784374203.215314,0.340000,5,1784374499.890576,0.000000,0.021401,-1.721401,"bb_rsi_reversal side=NO spot=63972.89 bb=(63972.13,63972.61) rsi=100.0"
2958575,S43_Bollinger_RSI_Reversal,NO,1784374503.33711,0.540000,5,1784374799.988033,0.000000,0.041649,-2.741649,"bb_rsi_reversal side=NO spot=63977.23 bb=(63976.52,63977.07) rsi=100.0"
2958587,S43_Bollinger_RSI_Reversal,NO,1784374841.329227,0.510000,5,1784375099.979589,1.000000,0.039812,2.410188,"bb_rsi_reversal side=NO spot=63979.83 bb=(63979.60,63979.74) rsi=100.0"
2958601,S43_Bollinger_RSI_Reversal,YES,1784375105.460795,0.690000,5,1784375399.965878,1.000000,0.039462,1.510538,"bb_rsi_reversal side=YES spot=63977.04 bb=(63977.20,63977.48) rsi=0.0"
2958612,S43_Bollinger_RSI_Reversal,NO,1784375402.933075,0.510000,5,1784375699.887053,1.000000,0.039812,2.410188,"bb_rsi_reversal side=NO spot=63978.99 bb=(63978.86,63978.99) rsi=100.0"
2958870,S43_Bollinger_RSI_Reversal,NO,1784375705.530267,0.290000,5,1784376000.001514,0.000000,0.015368,-1.465368,"bb_rsi_reversal side=NO spot=63976.03 bb=(63973.65,63975.15) rsi=100.0"
2958877,S43_Bollinger_RSI_Reversal,NO,1784376003.669704,0.460000,5,1784376299.886929,0.000000,0.035479,-2.335479,"bb_rsi_reversal side=NO spot=64020.28 bb=(64016.41,64019.45) rsi=100.0"
2958905,S43_Bollinger_RSI_Reversal,NO,1784376306.754322,0.420000,5,1784376599.956431,0.000000,0.031154,-2.131154,"bb_rsi_reversal side=NO spot=64086.75 bb=(64084.67,64085.98) rsi=100.0"
2958916,S43_Bollinger_RSI_Reversal,NO,1784376603.727156,0.450000,5,1784376899.938354,0.000000,0.034457,-2.284457,"bb_rsi_reversal side=NO spot=64086.28 bb=(64075.92,64083.31) rsi=100.0"
2958934,S43_Bollinger_RSI_Reversal,NO,1784376905.801136,0.420000,5,1784377199.897798,1.000000,0.031154,2.868846,"bb_rsi_reversal side=NO spot=64093.91 bb=(64087.59,64091.57) rsi=100.0"
2958948,S43_Bollinger_RSI_Reversal,NO,1784377208.865566,0.420000,5,1784377500.000943,1.000000,0.031154,2.868846,"bb_rsi_reversal side=NO spot=64072.10 bb=(64071.62,64072.01) rsi=100.0"
2958959,S43_Bollinger_RSI_Reversal,YES,1784377504.025414,0.520000,5,1784377799.957404,1.000000,0.040495,2.359505,"bb_rsi_reversal side=YES spot=64031.07 bb=(64031.20,64031.61) rsi=0.0"
2958982,S43_Bollinger_RSI_Reversal,NO,1784377804.065179,0.330000,5,1784378100.005133,0.000000,0.020165,-1.670165,"bb_rsi_reversal side=NO spot=64060.01 bb=(64050.13,64059.00) rsi=100.0"
2959026,S43_Bollinger_RSI_Reversal,YES,1784378106.084877,0.510000,5,1784378399.948769,1.000000,0.039812,2.410188,"bb_rsi_reversal side=YES spot=64082.92 bb=(64083.43,64084.31) rsi=0.0"
2959036,S43_Bollinger_RSI_Reversal,YES,1784378404.167122,0.410000,5,1784378699.890738,0.000000,0.029989,-2.079989,"bb_rsi_reversal side=YES spot=64146.21 bb=(64150.33,64157.72) rsi=0.0"
2959060,S43_Bollinger_RSI_Reversal,NO,1784379003.365524,0.510000,5,1784379299.898914,1.000000,0.039812,2.410188,"bb_rsi_reversal side=NO spot=64166.85 bb=(64164.62,64166.02) rsi=100.0"
2959097,S43_Bollinger_RSI_Reversal,YES,1784379305.389273,0.460000,5,1784379599.943262,1.000000,0.035479,2.664521,"bb_rsi_reversal side=YES spot=64159.04 bb=(64159.86,64161.25) rsi=0.0"
2959116,S43_Bollinger_RSI_Reversal,YES,1784379603.402162,0.400000,5,1784379899.937361,0.000000,0.028800,-2.028800,"bb_rsi_reversal side=YES spot=64158.03 bb=(64161.49,64169.99) rsi=0.0"
2959126,S43_Bollinger_RSI_Reversal,YES,1784379905.569905,0.420000,5,1784380199.915747,0.000000,0.031154,-2.131154,"bb_rsi_reversal side=YES spot=64113.91 bb=(64115.70,64118.82) rsi=0.0"
2959141,S43_Bollinger_RSI_Reversal,YES,1784380204.602352,0.390000,5,1784380499.937629,0.000000,0.027591,-1.977591,"bb_rsi_reversal side=YES spot=64053.27 bb=(64056.06,64061.25) rsi=0.0"
2959146,S43_Bollinger_RSI_Reversal,NO,1784380503.563101,0.410000,5,1784380799.97777,1.000000,0.029989,2.920011,"bb_rsi_reversal side=NO spot=63974.01 bb=(63964.14,63970.35) rsi=100.0"
2959165,S43_Bollinger_RSI_Reversal,YES,1784380803.132016,0.550000,5,1784381099.954039,0.000000,0.042114,-2.792114,"bb_rsi_reversal side=YES spot=63954.08 bb=(63954.08,63954.11) rsi=0.0"
2959177,S43_Bollinger_RSI_Reversal,NO,1784381105.790154,0.360000,5,1784381399.904519,0.000000,0.023888,-1.823888,"bb_rsi_reversal side=NO spot=63930.19 bb=(63924.85,63928.49) rsi=100.0"
2959187,S43_Bollinger_RSI_Reversal,NO,1784381404.809316,0.440000,5,1784381699.984712,0.000000,0.033392,-2.233392,"bb_rsi_reversal side=NO spot=64009.04 bb=(64008.14,64008.71) rsi=100.0"
2959239,S43_Bollinger_RSI_Reversal,NO,1784381703.881331,0.490000,5,1784381999.985218,1.000000,0.038251,2.511749,"bb_rsi_reversal side=NO spot=64031.23 bb=(64031.08,64031.20) rsi=100.0"
2959249,S43_Bollinger_RSI_Reversal,NO,1784382009.017803,0.510000,5,1784382299.912045,1.000000,0.039812,2.410188,"bb_rsi_reversal side=NO spot=64014.21 bb=(64013.81,64014.13) rsi=100.0"
2959277,S43_Bollinger_RSI_Reversal,YES,1784382303.107227,0.510000,5,1784382599.974056,0.000000,0.039812,-2.589812,"bb_rsi_reversal side=YES spot=64010.08 bb=(64010.13,64010.59) rsi=17.8"
2959287,S43_Bollinger_RSI_Reversal,NO,1784382605.120117,0.350000,5,1784382899.898454,0.000000,0.022643,-1.772643,"bb_rsi_reversal side=NO spot=64004.68 bb=(63996.45,64001.63) rsi=100.0"
2959299,S43_Bollinger_RSI_Reversal,NO,1784382906.233042,0.490000,5,1784383199.994585,0.000000,0.038251,-2.488251,"bb_rsi_reversal side=NO spot=64020.05 bb=(64018.14,64019.34) rsi=100.0"
2959317,S43_Bollinger_RSI_Reversal,NO,1784383205.224775,0.320000,5,1784383499.912373,0.000000,0.018940,-1.618940,"bb_rsi_reversal side=NO spot=64071.61 bb=(64066.83,64070.86) rsi=100.0"
2959325,S43_Bollinger_RSI_Reversal,NO,1784383505.320927,0.460000,5,1784383799.955674,0.000000,0.035479,-2.335479,"bb_rsi_reversal side=NO spot=64084.53 bb=(64080.77,64083.17) rsi=100.0"
2959334,S43_Bollinger_RSI_Reversal,YES,1784383803.432464,0.520000,5,1784384099.994049,1.000000,0.040495,2.359505,"bb_rsi_reversal side=YES spot=64084.91 bb=(64085.85,64087.44) rsi=0.0"
2959354,S43_Bollinger_RSI_Reversal,YES,1784384103.503837,0.400000,5,1784384399.969259,0.000000,0.028800,-2.028800,"bb_rsi_reversal side=YES spot=64110.37 bb=(64114.40,64121.26) rsi=0.0"
2959372,S43_Bollinger_RSI_Reversal,NO,1784384703.604615,0.490000,5,1784384999.952886,0.000000,0.038251,-2.488251,"bb_rsi_reversal side=NO spot=64100.53 bb=(64097.68,64099.48) rsi=100.0"
2959393,S43_Bollinger_RSI_Reversal,NO,1784385003.638365,0.460000,5,1784385299.955775,0.000000,0.035479,-2.335479,"bb_rsi_reversal side=NO spot=64140.49 bb=(64125.54,64135.08) rsi=100.0"
2959437,S43_Bollinger_RSI_Reversal,NO,1784385303.634375,0.500000,5,1784385599.943401,0.000000,0.039062,-2.539062,"bb_rsi_reversal side=NO spot=64136.35 bb=(64135.35,64135.98) rsi=100.0"
2959470,S43_Bollinger_RSI_Reversal,YES,1784385603.785142,0.310000,5,1784385899.900615,0.000000,0.017729,-1.567729,"bb_rsi_reversal side=YES spot=64128.43 bb=(64132.78,64141.22) rsi=0.0"
2959489,S43_Bollinger_RSI_Reversal,NO,1784385904.800686,0.630000,5,1784386199.890081,1.000000,0.042789,1.807211,"bb_rsi_reversal side=NO spot=64135.52 bb=(64134.27,64135.06) rsi=98.9"
2959500,S43_Bollinger_RSI_Reversal,NO,1784386204.856276,0.630000,5,1784386499.900692,1.000000,0.042789,1.807211,"bb_rsi_reversal side=NO spot=64126.05 bb=(64125.88,64125.99) rsi=100.0"
2959613,S43_Bollinger_RSI_Reversal,NO,1784386503.958877,0.580000,5,1784386799.995581,1.000000,0.043022,2.056978,"bb_rsi_reversal side=NO spot=64111.59 bb=(64109.43,64110.80) rsi=100.0"
2959634,S43_Bollinger_RSI_Reversal,NO,1784386804.966542,0.530000,5,1784387099.91333,1.000000,0.041109,2.308891,"bb_rsi_reversal side=NO spot=64084.07 bb=(64082.77,64083.59) rsi=97.0"
2959675,S43_Bollinger_RSI_Reversal,YES,1784387105.583487,0.520000,5,1784387400.000133,1.000000,0.040495,2.359505,"bb_rsi_reversal side=YES spot=64076.57 bb=(64076.71,64076.96) rsi=0.0"
2959691,S43_Bollinger_RSI_Reversal,NO,1784387405.190106,0.500000,5,1784387699.946856,1.000000,0.039062,2.460938,"bb_rsi_reversal side=NO spot=64070.18 bb=(64066.29,64070.05) rsi=100.0"
2959881,S43_Bollinger_RSI_Reversal,NO,1784387703.194702,0.560000,5,1784387999.897548,1.000000,0.042499,2.157501,"bb_rsi_reversal side=NO spot=64052.62 bb=(64050.66,64051.90) rsi=100.0"
2959897,S43_Bollinger_RSI_Reversal,NO,1784388004.218873,0.330000,5,1784388299.981375,0.000000,0.020165,-1.670165,"bb_rsi_reversal side=NO spot=64047.05 bb=(64044.53,64046.12) rsi=100.0"
2959912,S43_Bollinger_RSI_Reversal,NO,1784388315.413285,0.680000,5,1784388600.006323,1.000000,0.040247,1.559753,"bb_rsi_reversal side=NO spot=64062.31 bb=(64061.73,64062.09) rsi=100.0"
2959937,S43_Bollinger_RSI_Reversal,YES,1784388605.490627,0.630000,5,1784388899.943696,0.000000,0.042789,-3.192789,"bb_rsi_reversal side=YES spot=64032.51 bb=(64032.53,64032.57) rsi=16.7"
2960009,S43_Bollinger_RSI_Reversal,NO,1784388903.52806,0.610000,5,1784389199.906971,1.000000,0.043155,1.906845,"bb_rsi_reversal side=NO spot=64025.88 bb=(64022.48,64024.66) rsi=100.0"
2960033,S43_Bollinger_RSI_Reversal,NO,1784389205.541074,0.290000,5,1784389499.884258,1.000000,0.015368,3.534632,"bb_rsi_reversal side=NO spot=64018.61 bb=(64018.55,64018.60) rsi=100.0"
2960049,S43_Bollinger_RSI_Reversal,YES,1784389507.707832,0.610000,5,1784389799.949234,1.000000,0.043155,1.906845,"bb_rsi_reversal side=YES spot=63999.76 bb=(63999.89,64000.11) rsi=0.0"
2960059,S43_Bollinger_RSI_Reversal,NO,1784389803.692477,0.410000,5,1784390099.96427,1.000000,0.029989,2.920011,"bb_rsi_reversal side=NO spot=64095.11 bb=(64089.24,64093.28) rsi=100.0"
2960255,S43_Bollinger_RSI_Reversal,YES,1784390105.810557,0.390000,5,1784390399.982963,1.000000,0.027591,3.022409,"bb_rsi_reversal side=YES spot=64074.11 bb=(64074.11,64074.15) rsi=0.0"
2960269,S43_Bollinger_RSI_Reversal,NO,1784390405.815063,0.500000,5,1784390699.896356,1.000000,0.039062,2.460938,"bb_rsi_reversal side=NO spot=64076.31 bb=(64076.29,64076.31) rsi=100.0"
2960289,S43_Bollinger_RSI_Reversal,YES,1784390702.930526,0.660000,5,1784391000.001974,1.000000,0.041543,1.658457,"bb_rsi_reversal side=YES spot=64056.71 bb=(64056.90,64057.21) rsi=0.0"
2960302,S43_Bollinger_RSI_Reversal,YES,1784391006.060757,0.500000,5,1784391299.918059,1.000000,0.039062,2.460938,"bb_rsi_reversal side=YES spot=64063.75 bb=(64064.85,64067.16) rsi=0.0"
2960316,S43_Bollinger_RSI_Reversal,YES,1784391303.119141,0.370000,5,1784391599.906962,0.000000,0.025130,-1.875130,"bb_rsi_reversal side=YES spot=64098.74 bb=(64099.02,64099.65) rsi=18.9"
2960326,S43_Bollinger_RSI_Reversal,NO,1784391618.050253,0.230000,5,1784391899.95733,1.000000,0.009017,3.840983,"bb_rsi_reversal side=NO spot=64086.45 bb=(64086.33,64086.40) rsi=100.0"
2960332,S43_Bollinger_RSI_Reversal,YES,1784391905.183962,0.640000,5,1784392199.984128,1.000000,0.042467,1.757533,"bb_rsi_reversal side=YES spot=64092.80 bb=(64093.33,64094.69) rsi=0.0"
2960367,S43_Bollinger_RSI_Reversal,YES,1784392203.410132,0.510000,5,1784392499.884057,1.000000,0.039812,2.410188,"bb_rsi_reversal side=YES spot=64102.12 bb=(64102.12,64102.19) rsi=0.0"
2960425,S43_Bollinger_RSI_Reversal,NO,1784392505.329772,0.350000,5,1784392799.945754,1.000000,0.022643,3.227357,"bb_rsi_reversal side=NO spot=64102.17 bb=(64094.69,64101.18) rsi=100.0"
2960441,S43_Bollinger_RSI_Reversal,NO,1784392803.403014,0.370000,5,1784393099.886734,0.000000,0.025130,-1.875130,"bb_rsi_reversal side=NO spot=64087.22 bb=(64087.04,64087.15) rsi=100.0"
2960456,S43_Bollinger_RSI_Reversal,NO,1784393105.547422,0.320000,5,1784393399.996014,0.000000,0.018940,-1.618940,"bb_rsi_reversal side=NO spot=64096.33 bb=(64094.79,64095.76) rsi=100.0"
2960475,S43_Bollinger_RSI_Reversal,NO,1784393403.605201,0.490000,5,1784393699.978383,0.000000,0.038251,-2.488251,"bb_rsi_reversal side=NO spot=64122.50 bb=(64119.69,64121.74) rsi=100.0"
2960862,S43_Bollinger_RSI_Reversal,NO,1784393704.613271,0.520000,5,1784393999.974623,1.000000,0.040495,2.359505,"bb_rsi_reversal side=NO spot=64248.58 bb=(64246.67,64247.91) rsi=100.0"
2960864,S43_Bollinger_RSI_Reversal,YES,1784394009.751161,0.550000,5,1784394299.895796,1.000000,0.042114,2.207886,"bb_rsi_reversal side=YES spot=64258.04 bb=(64259.30,64261.53) rsi=0.0"
2960881,S43_Bollinger_RSI_Reversal,YES,1784394304.735007,0.330000,5,1784394599.988992,0.000000,0.020165,-1.670165,"bb_rsi_reversal side=YES spot=64249.06 bb=(64252.82,64260.14) rsi=14.0"
2960981,S43_Bollinger_RSI_Reversal,NO,1784394603.168743,0.520000,5,1784394899.938481,0.000000,0.040495,-2.640495,"bb_rsi_reversal side=NO spot=64236.47 bb=(64235.48,64236.38) rsi=100.0"
2960991,S43_Bollinger_RSI_Reversal,YES,1784394903.918488,0.510000,5,1784395199.920579,1.000000,0.039812,2.410188,"bb_rsi_reversal side=YES spot=64275.69 bb=(64275.71,64275.75) rsi=0.0"
2961007,S43_Bollinger_RSI_Reversal,NO,1784395203.9767,0.530000,5,1784395499.942915,1.000000,0.041109,2.308891,"bb_rsi_reversal side=NO spot=64319.34 bb=(64317.73,64318.74) rsi=100.0"
2961135,S43_Bollinger_RSI_Reversal,NO,1784395506.035454,0.520000,5,1784395799.996898,0.000000,0.040495,-2.640495,"bb_rsi_reversal side=NO spot=64253.20 bb=(64253.12,64253.17) rsi=100.0"
2961155,S43_Bollinger_RSI_Reversal,NO,1784395803.324043,0.420000,5,1784396099.966,0.000000,0.031154,-2.131154,"bb_rsi_reversal side=NO spot=64254.99 bb=(64253.36,64254.85) rsi=100.0"
2961212,S43_Bollinger_RSI_Reversal,NO,1784396104.209684,0.500000,5,1784396399.929051,0.000000,0.039062,-2.539062,"bb_rsi_reversal side=NO spot=64258.37 bb=(64254.47,64257.21) rsi=100.0"
2961250,S43_Bollinger_RSI_Reversal,NO,1784396406.216447,0.500000,5,1784396699.924716,0.000000,0.039062,-2.539062,"bb_rsi_reversal side=NO spot=64367.17 bb=(64361.24,64365.05) rsi=100.0"
2961273,S43_Bollinger_RSI_Reversal,YES,1784396705.371827,0.460000,5,1784396999.893161,1.000000,0.035479,2.664521,"bb_rsi_reversal side=YES spot=64389.02 bb=(64392.70,64398.94) rsi=0.0"
2961282,S43_Bollinger_RSI_Reversal,NO,1784397007.306155,0.380000,5,1784397299.897735,0.000000,0.026366,-1.926366,"bb_rsi_reversal side=NO spot=64404.89 bb=(64403.81,64404.49) rsi=100.0"
2961310,S43_Bollinger_RSI_Reversal,NO,1784397303.505478,0.390000,5,1784397599.966916,0.000000,0.027591,-1.977591,"bb_rsi_reversal side=NO spot=64416.43 bb=(64415.64,64416.14) rsi=100.0"
2961509,S43_Bollinger_RSI_Reversal,YES,1784397605.490623,0.590000,5,1784397899.925914,1.000000,0.043155,2.006845,"bb_rsi_reversal side=YES spot=64438.15 bb=(64438.91,64440.29) rsi=0.0"
2961529,S43_Bollinger_RSI_Reversal,YES,1784397903.583899,0.500000,5,1784398199.978604,0.000000,0.039062,-2.539062,"bb_rsi_reversal side=YES spot=64444.19 bb=(64444.27,64444.45) rsi=0.0"
2961576,S43_Bollinger_RSI_Reversal,YES,1784398203.722172,0.490000,5,1784398499.904507,1.000000,0.038251,2.511749,"bb_rsi_reversal side=YES spot=64429.81 bb=(64429.84,64429.91) rsi=0.0"
2961601,S43_Bollinger_RSI_Reversal,NO,1784398506.672248,0.570000,5,1784398799.949226,0.000000,0.042803,-2.892803,"bb_rsi_reversal side=NO spot=64433.61 bb=(64433.07,64433.46) rsi=100.0"
2961607,S43_Bollinger_RSI_Reversal,NO,1784398803.713118,0.550000,5,1784399099.885916,0.000000,0.042114,-2.792114,"bb_rsi_reversal side=NO spot=64458.16 bb=(64457.78,64458.06) rsi=75.7"
2961997,S43_Bollinger_RSI_Reversal,NO,1784399103.800657,0.390000,5,1784399399.947704,1.000000,0.027591,3.022409,"bb_rsi_reversal side=NO spot=64592.97 bb=(64530.01,64572.91) rsi=100.0"
2962151,S43_Bollinger_RSI_Reversal,YES,1784399404.912954,0.490000,5,1784399699.958723,0.000000,0.038251,-2.488251,"bb_rsi_reversal side=YES spot=64527.22 bb=(64527.80,64528.79) rsi=0.0"
2962211,S43_Bollinger_RSI_Reversal,NO,1784399704.022533,0.520000,5,1784399999.932951,1.000000,0.040495,2.359505,"bb_rsi_reversal side=NO spot=64457.81 bb=(64454.53,64456.59) rsi=100.0"
2962522,S43_Bollinger_RSI_Reversal,YES,1784400003.999812,0.490000,5,1784400299.916578,0.000000,0.038251,-2.488251,"bb_rsi_reversal side=YES spot=64449.17 bb=(64449.29,64449.50) rsi=4.0"
2962822,S43_Bollinger_RSI_Reversal,YES,1784400307.128905,0.520000,5,1784400599.980533,1.000000,0.040495,2.359505,"bb_rsi_reversal side=YES spot=64439.82 bb=(64439.82,64439.83) rsi=0.0"
2962843,S43_Bollinger_RSI_Reversal,YES,1784400603.21003,0.520000,5,1784400899.933368,1.000000,0.040495,2.359505,"bb_rsi_reversal side=YES spot=64448.31 bb=(64448.33,64448.35) rsi=0.0"
2963033,S43_Bollinger_RSI_Reversal,YES,1784400908.184943,0.510000,5,1784401199.886583,1.000000,0.039812,2.410188,"bb_rsi_reversal side=YES spot=64448.60 bb=(64448.63,64448.68) rsi=0.0"
2963053,S43_Bollinger_RSI_Reversal,NO,1784401208.625883,0.450000,5,1784401499.921284,0.000000,0.034457,-2.284457,"bb_rsi_reversal side=NO spot=64473.93 bb=(64468.34,64471.86) rsi=100.0"
2963064,S43_Bollinger_RSI_Reversal,NO,1784401503.329915,0.400000,5,1784401799.92126,0.000000,0.028800,-2.028800,"bb_rsi_reversal side=NO spot=64475.97 bb=(64467.05,64472.66) rsi=100.0"
2963071,S43_Bollinger_RSI_Reversal,YES,1784401803.42419,0.390000,5,1784402099.951789,1.000000,0.027591,3.022409,"bb_rsi_reversal side=YES spot=64482.12 bb=(64484.17,64487.65) rsi=0.0"
2963089,S43_Bollinger_RSI_Reversal,NO,1784402103.480661,0.480000,5,1784402399.958043,0.000000,0.037380,-2.437380,"bb_rsi_reversal side=NO spot=64500.49 bb=(64494.26,64499.90) rsi=100.0"
2963108,S43_Bollinger_RSI_Reversal,NO,1784402403.514149,0.540000,5,1784402699.899696,1.000000,0.041649,2.258351,"bb_rsi_reversal side=NO spot=64525.15 bb=(64525.09,64525.14) rsi=100.0"
2963113,S43_Bollinger_RSI_Reversal,NO,1784402705.606043,0.500000,5,1784402999.915029,1.000000,0.039062,2.460938,"bb_rsi_reversal side=NO spot=64476.18 bb=(64473.32,64476.16) rsi=100.0"
2963121,S43_Bollinger_RSI_Reversal,YES,1784403003.694169,0.480000,5,1784403299.911252,1.000000,0.037380,2.562620,"bb_rsi_reversal side=YES spot=64440.29 bb=(64440.69,64442.93) rsi=0.0"
2963175,S43_Bollinger_RSI_Reversal,NO,1784403303.009951,0.430000,5,1784403599.921217,0.000000,0.032290,-2.182290,"bb_rsi_reversal side=NO spot=64464.12 bb=(64460.27,64463.79) rsi=100.0"
2963244,S43_Bollinger_RSI_Reversal,YES,1784403603.896184,0.450000,5,1784403899.950853,1.000000,0.034457,2.715543,"bb_rsi_reversal side=YES spot=64477.75 bb=(64477.88,64483.32) rsi=0.0"
2963252,S43_Bollinger_RSI_Reversal,NO,1784403904.890944,0.510000,5,1784404199.922162,0.000000,0.039812,-2.589812,"bb_rsi_reversal side=NO spot=64482.10 bb=(64479.83,64481.26) rsi=100.0"
2963268,S43_Bollinger_RSI_Reversal,YES,1784404207.054256,0.410000,5,1784404499.903418,1.000000,0.029989,2.920011,"bb_rsi_reversal side=YES spot=64498.86 bb=(64499.24,64499.89) rsi=0.0"
2963300,S43_Bollinger_RSI_Reversal,NO,1784404502.994823,0.530000,5,1784404799.97791,0.000000,0.041109,-2.691109,"bb_rsi_reversal side=NO spot=64514.21 bb=(64510.08,64512.83) rsi=100.0"
2963323,S43_Bollinger_RSI_Reversal,NO,1784404810.178598,0.250000,5,1784405099.915635,0.000000,0.010986,-1.260986,"bb_rsi_reversal side=NO spot=64533.21 bb=(64519.88,64528.26) rsi=100.0"
2963343,S43_Bollinger_RSI_Reversal,YES,1784405104.200794,0.440000,5,1784405399.897907,1.000000,0.033392,2.766608,"bb_rsi_reversal side=YES spot=64501.71 bb=(64503.51,64510.29) rsi=0.0"
2963355,S43_Bollinger_RSI_Reversal,NO,1784405403.208225,0.410000,5,1784405699.883165,0.000000,0.029989,-2.079989,"bb_rsi_reversal side=NO spot=64532.06 bb=(64526.39,64529.96) rsi=98.6"
2963360,S43_Bollinger_RSI_Reversal,NO,1784405704.318161,0.540000,5,1784405999.910858,0.000000,0.041649,-2.741649,"bb_rsi_reversal side=NO spot=64574.55 bb=(64574.05,64574.37) rsi=100.0"
2963378,S43_Bollinger_RSI_Reversal,NO,1784406005.414185,0.610000,5,1784406299.883316,0.000000,0.043155,-3.093155,"bb_rsi_reversal side=NO spot=64591.61 bb=(64589.35,64591.00) rsi=100.0"
2963417,S43_Bollinger_RSI_Reversal,NO,1784406306.412454,0.550000,5,1784406599.926362,1.000000,0.042114,2.207886,"bb_rsi_reversal side=NO spot=64643.89 bb=(64637.63,64641.83) rsi=100.0"
2963422,S43_Bollinger_RSI_Reversal,YES,1784406603.450698,0.490000,5,1784406899.995127,0.000000,0.038251,-2.488251,"bb_rsi_reversal side=YES spot=64602.04 bb=(64602.05,64602.08) rsi=0.0"
2963513,S43_Bollinger_RSI_Reversal,NO,1784407204.655179,0.510000,5,1784407500.000619,0.000000,0.039812,-2.589812,"bb_rsi_reversal side=NO spot=64558.47 bb=(64558.22,64558.41) rsi=100.0"
2963525,S43_Bollinger_RSI_Reversal,NO,1784407506.74925,0.380000,5,1784407799.992125,1.000000,0.026366,3.073634,"bb_rsi_reversal side=NO spot=64574.22 bb=(64573.51,64574.14) rsi=100.0"
2963538,S43_Bollinger_RSI_Reversal,NO,1784407804.783968,0.530000,5,1784408099.943486,0.000000,0.041109,-2.691109,"bb_rsi_reversal side=NO spot=64537.88 bb=(64537.86,64537.87) rsi=100.0"
2963557,S43_Bollinger_RSI_Reversal,NO,1784408104.890288,0.560000,5,1784408399.99305,0.000000,0.042499,-2.842499,"bb_rsi_reversal side=NO spot=64628.55 bb=(64628.16,64628.41) rsi=90.9"
2963568,S43_Bollinger_RSI_Reversal,YES,1784408403.916366,0.480000,5,1784408699.987335,1.000000,0.037380,2.562620,"bb_rsi_reversal side=YES spot=64652.61 bb=(64653.21,64654.36) rsi=0.0"
2963581,S43_Bollinger_RSI_Reversal,NO,1784408708.960016,0.390000,5,1784409000.001945,1.000000,0.027591,3.022409,"bb_rsi_reversal side=NO spot=64664.70 bb=(64657.13,64661.89) rsi=100.0"
2963589,S43_Bollinger_RSI_Reversal,NO,1784409007.087943,0.390000,5,1784409299.93497,0.000000,0.027591,-1.977591,"bb_rsi_reversal side=NO spot=64624.00 bb=(64622.27,64623.54) rsi=100.0"
2963677,S43_Bollinger_RSI_Reversal,NO,1784409306.085253,0.350000,5,1784409599.95861,0.000000,0.022643,-1.772643,"bb_rsi_reversal side=NO spot=64722.98 bb=(64719.96,64721.86) rsi=100.0"
2963688,S43_Bollinger_RSI_Reversal,YES,1784409603.146167,0.450000,5,1784409899.940613,0.000000,0.034457,-2.284457,"bb_rsi_reversal side=YES spot=64753.00 bb=(64753.09,64753.24) rsi=0.0"
2963776,S43_Bollinger_RSI_Reversal,YES,1784409903.219092,0.460000,5,1784410199.930933,0.000000,0.035479,-2.335479,"bb_rsi_reversal side=YES spot=64684.13 bb=(64684.60,64685.42) rsi=0.0"
2963786,S43_Bollinger_RSI_Reversal,YES,1784410204.262559,0.500000,5,1784410499.992707,0.000000,0.039062,-2.539062,"bb_rsi_reversal side=YES spot=64682.31 bb=(64682.48,64682.79) rsi=0.0"
2963915,S43_Bollinger_RSI_Reversal,YES,1784410803.469373,0.480000,5,1784411099.989264,0.000000,0.037380,-2.437380,"bb_rsi_reversal side=YES spot=64645.37 bb=(64645.92,64646.93) rsi=0.0"
2963929,S43_Bollinger_RSI_Reversal,NO,1784411105.892578,0.480000,5,1784411399.972144,0.000000,0.037380,-2.437380,"bb_rsi_reversal side=NO spot=64608.46 bb=(64608.41,64608.46) rsi=100.0"
2963989,S43_Bollinger_RSI_Reversal,YES,1784411403.623242,0.480000,5,1784411699.96363,1.000000,0.037380,2.562620,"bb_rsi_reversal side=YES spot=64628.79 bb=(64629.12,64629.69) rsi=0.0"
2964737,S43_Bollinger_RSI_Reversal,YES,1784411703.579866,0.430000,5,1784411999.929916,0.000000,0.032290,-2.182290,"bb_rsi_reversal side=YES spot=64728.82 bb=(64732.47,64738.66) rsi=0.0"
2964870,S43_Bollinger_RSI_Reversal,NO,1784412003.927102,0.500000,5,1784412299.926499,0.000000,0.039062,-2.539062,"bb_rsi_reversal side=NO spot=64690.93 bb=(64690.18,64690.93) rsi=100.0"
2964877,S43_Bollinger_RSI_Reversal,YES,1784412303.861277,0.500000,5,1784412599.924719,0.000000,0.039062,-2.539062,"bb_rsi_reversal side=YES spot=64749.51 bb=(64749.81,64750.33) rsi=0.0"
2964892,S43_Bollinger_RSI_Reversal,NO,1784412604.252191,0.530000,5,1784412900.000543,0.000000,0.041109,-2.691109,"bb_rsi_reversal side=NO spot=64735.81 bb=(64735.78,64735.81) rsi=100.0"
2965000,S43_Bollinger_RSI_Reversal,NO,1784413204.171439,0.460000,5,1784413499.925477,1.000000,0.035479,2.664521,"bb_rsi_reversal side=NO spot=64745.05 bb=(64744.85,64745.01) rsi=100.0"
2965044,S43_Bollinger_RSI_Reversal,NO,1784413503.334903,0.450000,5,1784413799.917213,1.000000,0.034457,2.715543,"bb_rsi_reversal side=NO spot=64717.50 bb=(64717.03,64717.46) rsi=100.0"
2965065,S43_Bollinger_RSI_Reversal,YES,1784413807.177174,0.410000,5,1784414100.002018,1.000000,0.029989,2.920011,"bb_rsi_reversal side=YES spot=64687.10 bb=(64688.11,64689.84) rsi=0.0"
2965128,S43_Bollinger_RSI_Reversal,YES,1784414103.503394,0.400000,5,1784414399.940862,0.000000,0.028800,-2.028800,"bb_rsi_reversal side=YES spot=64702.75 bb=(64703.30,64710.03) rsi=0.0"
2965328,S43_Bollinger_RSI_Reversal,NO,1784414405.323788,0.500000,5,1784414699.902781,0.000000,0.039062,-2.539062,"bb_rsi_reversal side=NO spot=64699.65 bb=(64699.62,64699.64) rsi=100.0"
2965351,S43_Bollinger_RSI_Reversal,NO,1784414702.657014,0.520000,5,1784414999.982718,1.000000,0.040495,2.359505,"bb_rsi_reversal side=NO spot=64732.28 bb=(64732.15,64732.28) rsi=100.0"
2965356,S43_Bollinger_RSI_Reversal,NO,1784415004.425997,0.440000,5,1784415299.994711,1.000000,0.033392,2.766608,"bb_rsi_reversal side=NO spot=64728.93 bb=(64726.85,64728.16) rsi=100.0"
2966339,S43_Bollinger_RSI_Reversal,NO,1784415304.616363,0.500000,5,1784415599.983933,0.000000,0.039062,-2.539062,"bb_rsi_reversal side=NO spot=64716.47 bb=(64716.02,64716.38) rsi=100.0"
2966363,S43_Bollinger_RSI_Reversal,YES,1784415606.515541,0.450000,5,1784415899.950599,0.000000,0.034457,-2.284457,"bb_rsi_reversal side=YES spot=64764.67 bb=(64764.68,64764.70) rsi=0.0"
2966385,S43_Bollinger_RSI_Reversal,NO,1784415902.698304,0.500000,5,1784416199.976346,1.000000,0.039062,2.460938,"bb_rsi_reversal side=NO spot=64757.44 bb=(64757.34,64757.44) rsi=100.0"
2966451,S43_Bollinger_RSI_Reversal,YES,1784416202.733929,0.490000,5,1784416499.919354,0.000000,0.038251,-2.488251,"bb_rsi_reversal side=YES spot=64702.41 bb=(64702.54,64703.04) rsi=0.0"
2966509,S43_Bollinger_RSI_Reversal,NO,1784416503.939995,0.460000,5,1784416799.956277,0.000000,0.035479,-2.335479,"bb_rsi_reversal side=NO spot=64693.93 bb=(64692.88,64693.84) rsi=100.0"
2966536,S43_Bollinger_RSI_Reversal,YES,1784416803.941323,0.490000,5,1784417099.918229,0.000000,0.038251,-2.488251,"bb_rsi_reversal side=YES spot=64765.20 bb=(64765.20,64765.23) rsi=0.0"
2966562,S43_Bollinger_RSI_Reversal,NO,1784417104.822416,0.500000,5,1784417399.923085,0.000000,0.039062,-2.539062,"bb_rsi_reversal side=NO spot=64758.88 bb=(64758.73,64758.82) rsi=100.0"
2966620,S43_Bollinger_RSI_Reversal,YES,1784417402.914031,0.480000,5,1784417699.918475,0.000000,0.037380,-2.437380,"bb_rsi_reversal side=YES spot=64789.19 bb=(64789.20,64789.22) rsi=0.0"
2966724,S43_Bollinger_RSI_Reversal,NO,1784417703.961466,0.420000,5,1784417999.99311,0.000000,0.031154,-2.131154,"bb_rsi_reversal side=NO spot=64783.91 bb=(64777.46,64781.87) rsi=100.0"
2966804,S43_Bollinger_RSI_Reversal,YES,1784418005.019103,0.350000,5,1784418299.942073,0.000000,0.022643,-1.772643,"bb_rsi_reversal side=YES spot=64786.46 bb=(64786.55,64786.78) rsi=0.0"
2966846,S43_Bollinger_RSI_Reversal,YES,1784418305.094885,0.480000,5,1784418599.921667,1.000000,0.037380,2.562620,"bb_rsi_reversal side=YES spot=64783.60 bb=(64783.97,64784.64) rsi=0.0"
2966865,S43_Bollinger_RSI_Reversal,NO,1784418604.185139,0.520000,5,1784418899.974199,1.000000,0.040495,2.359505,"bb_rsi_reversal side=NO spot=64787.04 bb=(64786.32,64786.77) rsi=100.0"
2966886,S43_Bollinger_RSI_Reversal,NO,1784418903.239597,0.440000,5,1784419199.972662,0.000000,0.033392,-2.233392,"bb_rsi_reversal side=NO spot=64788.43 bb=(64780.89,64785.63) rsi=100.0"
2966961,S43_Bollinger_RSI_Reversal,NO,1784419503.399762,0.500000,5,1784419799.924126,0.000000,0.039062,-2.539062,"bb_rsi_reversal side=NO spot=64793.01 bb=(64792.75,64792.91) rsi=100.0"
2966998,S43_Bollinger_RSI_Reversal,YES,1784419805.424004,0.480000,5,1784420099.954236,1.000000,0.037380,2.562620,"bb_rsi_reversal side=YES spot=64804.68 bb=(64804.69,64804.69) rsi=0.0"
2967013,S43_Bollinger_RSI_Reversal,NO,1784420108.549102,0.520000,5,1784420399.94052,0.000000,0.040495,-2.640495,"bb_rsi_reversal side=NO spot=64804.57 bb=(64804.55,64804.57) rsi=100.0"
2967037,S43_Bollinger_RSI_Reversal,YES,1784420403.576587,0.500000,5,1784420699.927642,0.000000,0.039062,-2.539062,"bb_rsi_reversal side=YES spot=64810.17 bb=(64810.24,64810.35) rsi=0.0"
2967046,S43_Bollinger_RSI_Reversal,NO,1784420702.684437,0.510000,5,1784420999.944954,1.000000,0.039812,2.410188,"bb_rsi_reversal side=NO spot=64815.07 bb=(64807.30,64812.20) rsi=100.0"
2967065,S43_Bollinger_RSI_Reversal,NO,1784421004.654084,0.390000,5,1784421299.957465,0.000000,0.027591,-1.977591,"bb_rsi_reversal side=NO spot=64757.36 bb=(64745.44,64752.94) rsi=100.0"
2967117,S43_Bollinger_RSI_Reversal,NO,1784421303.745578,0.530000,5,1784421599.935371,1.000000,0.041109,2.308891,"bb_rsi_reversal side=NO spot=64750.53 bb=(64750.52,64750.52) rsi=100.0"
2967210,S43_Bollinger_RSI_Reversal,NO,1784421602.860804,0.500000,5,1784421899.976413,1.000000,0.039062,2.460938,"bb_rsi_reversal side=NO spot=64736.40 bb=(64736.38,64736.40) rsi=100.0"
2967226,S43_Bollinger_RSI_Reversal,YES,1784421904.863104,0.510000,5,1784422199.942596,1.000000,0.039812,2.410188,"bb_rsi_reversal side=YES spot=64733.21 bb=(64733.37,64733.65) rsi=0.0"
2967247,S43_Bollinger_RSI_Reversal,YES,1784422204.196958,0.500000,5,1784422499.942096,1.000000,0.039062,2.460938,"bb_rsi_reversal side=YES spot=64736.94 bb=(64736.97,64737.27) rsi=0.0"
2967260,S43_Bollinger_RSI_Reversal,NO,1784422504.990081,0.500000,5,1784422799.958307,1.000000,0.039062,2.460938,"bb_rsi_reversal side=NO spot=64747.33 bb=(64746.73,64747.11) rsi=100.0"
2967455,S43_Bollinger_RSI_Reversal,YES,1784422805.181565,0.530000,5,1784423099.933948,0.000000,0.041109,-2.691109,"bb_rsi_reversal side=YES spot=64742.55 bb=(64742.55,64743.01) rsi=0.0"
2967471,S43_Bollinger_RSI_Reversal,NO,1784423103.447012,0.500000,5,1784423399.897328,1.000000,0.039062,2.460938,"bb_rsi_reversal side=NO spot=64736.84 bb=(64736.83,64736.84) rsi=100.0"
2967480,S43_Bollinger_RSI_Reversal,NO,1784423404.271975,0.500000,5,1784423699.966235,0.000000,0.039062,-2.539062,"bb_rsi_reversal side=NO spot=64734.33 bb=(64734.16,64734.30) rsi=100.0"
2967489,S43_Bollinger_RSI_Reversal,NO,1784423705.308545,0.500000,5,1784423999.948881,1.000000,0.039062,2.460938,"bb_rsi_reversal side=NO spot=64734.42 bb=(64734.38,64734.40) rsi=100.0"
2967502,S43_Bollinger_RSI_Reversal,YES,1784424004.387348,0.540000,5,1784424299.987874,0.000000,0.041649,-2.741649,"bb_rsi_reversal side=YES spot=64730.57 bb=(64730.64,64730.76) rsi=0.0"
2967536,S43_Bollinger_RSI_Reversal,NO,1784424304.440466,0.500000,5,1784424600.002908,0.000000,0.039062,-2.539062,"bb_rsi_reversal side=NO spot=64733.86 bb=(64732.26,64733.41) rsi=100.0"
2967550,S43_Bollinger_RSI_Reversal,NO,1784424603.586713,0.440000,5,1784424899.904514,0.000000,0.033392,-2.233392,"bb_rsi_reversal side=NO spot=64730.16 bb=(64729.98,64730.15) rsi=100.0"
2967689,S43_Bollinger_RSI_Reversal,NO,1784424903.7847,0.480000,5,1784425199.959001,1.000000,0.037380,2.562620,"bb_rsi_reversal side=NO spot=64730.90 bb=(64730.21,64730.76) rsi=100.0"
2967803,S43_Bollinger_RSI_Reversal,NO,1784425203.893685,0.440000,5,1784425499.990632,1.000000,0.033392,2.766608,"bb_rsi_reversal side=NO spot=64726.72 bb=(64726.42,64726.69) rsi=100.0"
2967810,S43_Bollinger_RSI_Reversal,YES,1784425503.838633,0.560000,5,1784425799.960958,0.000000,0.042499,-2.842499,"bb_rsi_reversal side=YES spot=64726.31 bb=(64726.32,64726.34) rsi=0.0"
2967827,S43_Bollinger_RSI_Reversal,YES,1784425804.86417,0.570000,5,1784426099.904144,1.000000,0.042803,2.107197,"bb_rsi_reversal side=YES spot=64722.46 bb=(64722.47,64722.47) rsi=0.0"
2967871,S43_Bollinger_RSI_Reversal,NO,1784426103.976877,0.420000,5,1784426399.98986,1.000000,0.031154,2.868846,"bb_rsi_reversal side=NO spot=64731.60 bb=(64722.26,64729.84) rsi=100.0"
2967884,S43_Bollinger_RSI_Reversal,YES,1784426404.066912,0.560000,5,1784426699.965159,1.000000,0.042499,2.157501,"bb_rsi_reversal side=YES spot=64723.16 bb=(64723.61,64724.38) rsi=0.0"
2967912,S43_Bollinger_RSI_Reversal,NO,1784426702.442867,0.440000,5,1784426999.936535,0.000000,0.033392,-2.233392,"bb_rsi_reversal side=NO spot=64780.03 bb=(64765.44,64780.03) rsi=100.0"
2967926,S43_Bollinger_RSI_Reversal,NO,1784427003.163114,0.440000,5,1784427299.943773,0.000000,0.033392,-2.233392,"bb_rsi_reversal side=NO spot=64808.49 bb=(64798.56,64804.81) rsi=100.0"
2967953,S43_Bollinger_RSI_Reversal,NO,1784427303.240096,0.510000,5,1784427599.932236,1.000000,0.039812,2.410188,"bb_rsi_reversal side=NO spot=64849.41 bb=(64847.92,64849.05) rsi=100.0"
2967969,S43_Bollinger_RSI_Reversal,NO,1784427603.332104,0.460000,5,1784427899.949033,0.000000,0.035479,-2.335479,"bb_rsi_reversal side=NO spot=64777.54 bb=(64777.24,64777.43) rsi=100.0"
2967983,S43_Bollinger_RSI_Reversal,YES,1784427903.684078,0.440000,5,1784428199.892057,0.000000,0.033392,-2.233392,"bb_rsi_reversal side=YES spot=64783.11 bb=(64783.11,64783.22) rsi=0.0"
2967990,S43_Bollinger_RSI_Reversal,NO,1784428203.500735,0.420000,5,1784428499.917058,0.000000,0.031154,-2.131154,"bb_rsi_reversal side=NO spot=64779.29 bb=(64779.04,64779.20) rsi=100.0"
2968042,S43_Bollinger_RSI_Reversal,NO,1784428504.50912,0.410000,5,1784428799.916016,1.000000,0.029989,2.920011,"bb_rsi_reversal side=NO spot=64853.77 bb=(64848.00,64851.63) rsi=100.0"
2968101,S43_Bollinger_RSI_Reversal,YES,1784428803.719049,0.550000,5,1784429099.906872,0.000000,0.042114,-2.792114,"bb_rsi_reversal side=YES spot=64843.69 bb=(64843.70,64844.15) rsi=0.0"
2968107,S43_Bollinger_RSI_Reversal,NO,1784429103.714644,0.490000,5,1784429399.981543,0.000000,0.038251,-2.488251,"bb_rsi_reversal side=NO spot=64797.48 bb=(64797.45,64797.47) rsi=100.0"
2968131,S43_Bollinger_RSI_Reversal,YES,1784429403.744264,0.490000,5,1784429699.93355,0.000000,0.038251,-2.488251,"bb_rsi_reversal side=YES spot=64802.46 bb=(64803.87,64806.26) rsi=0.0"
2968140,S43_Bollinger_RSI_Reversal,NO,1784429702.838736,0.480000,5,1784429999.977733,1.000000,0.037380,2.562620,"bb_rsi_reversal side=NO spot=64801.70 bb=(64800.13,64801.14) rsi=100.0"
2968144,S43_Bollinger_RSI_Reversal,NO,1784430003.815921,0.280000,5,1784430299.950235,1.000000,0.014225,3.585775,"bb_rsi_reversal side=NO spot=64784.84 bb=(64783.91,64784.51) rsi=100.0"
2968184,S43_Bollinger_RSI_Reversal,YES,1784430302.900919,0.510000,5,1784430599.99731,0.000000,0.039812,-2.589812,"bb_rsi_reversal side=YES spot=64744.03 bb=(64744.23,64744.57) rsi=0.0"
2968205,S43_Bollinger_RSI_Reversal,NO,1784430616.032923,0.480000,5,1784430899.904831,0.000000,0.037380,-2.437380,"bb_rsi_reversal side=NO spot=64690.51 bb=(64690.50,64690.50) rsi=100.0"
2968216,S43_Bollinger_RSI_Reversal,NO,1784430907.994746,0.480000,5,1784431199.937152,1.000000,0.037380,2.562620,"bb_rsi_reversal side=NO spot=64691.53 bb=(64691.13,64691.38) rsi=100.0"
2968229,S43_Bollinger_RSI_Reversal,YES,1784431204.148739,0.530000,5,1784431499.893481,0.000000,0.041109,-2.691109,"bb_rsi_reversal side=YES spot=64634.83 bb=(64634.86,64634.91) rsi=0.0"
2968262,S43_Bollinger_RSI_Reversal,YES,1784431810.230903,0.510000,5,1784432099.912586,0.000000,0.039812,-2.589812,"bb_rsi_reversal side=YES spot=64623.13 bb=(64623.81,64624.96) rsi=0.0"
2968310,S43_Bollinger_RSI_Reversal,NO,1784432103.282103,0.460000,5,1784432399.911251,0.000000,0.035479,-2.335479,"bb_rsi_reversal side=NO spot=64616.57 bb=(64615.16,64616.05) rsi=100.0"
2968363,S43_Bollinger_RSI_Reversal,NO,1784432405.364182,0.490000,5,1784432699.980023,0.000000,0.038251,-2.488251,"bb_rsi_reversal side=NO spot=64616.48 bb=(64616.42,64616.46) rsi=100.0"
2968401,S43_Bollinger_RSI_Reversal,YES,1784432706.480776,0.510000,5,1784432999.942684,1.000000,0.039812,2.410188,"bb_rsi_reversal side=YES spot=64622.37 bb=(64622.43,64622.54) rsi=0.0"
2968409,S43_Bollinger_RSI_Reversal,NO,1784433002.552441,0.500000,5,1784433299.974491,0.000000,0.039062,-2.539062,"bb_rsi_reversal side=NO spot=64647.99 bb=(64645.79,64647.17) rsi=100.0"
2968664,S43_Bollinger_RSI_Reversal,YES,1784433303.661124,0.290000,5,1784433599.937556,1.000000,0.015368,3.534632,"bb_rsi_reversal side=YES spot=64648.01 bb=(64648.09,64648.47) rsi=0.0"
2969035,S43_Bollinger_RSI_Reversal,NO,1784433604.710374,0.670000,5,1784433899.941305,1.000000,0.040941,1.609059,"bb_rsi_reversal side=NO spot=64665.44 bb=(64665.37,64665.44) rsi=100.0"
2969057,S43_Bollinger_RSI_Reversal,YES,1784433905.727442,0.590000,5,1784434199.952863,0.000000,0.043155,-2.993155,"bb_rsi_reversal side=YES spot=64622.63 bb=(64622.68,64622.75) rsi=0.0"
2969070,S43_Bollinger_RSI_Reversal,NO,1784434203.842487,0.480000,5,1784434499.927967,0.000000,0.037380,-2.437380,"bb_rsi_reversal side=NO spot=64600.14 bb=(64600.09,64600.12) rsi=100.0"
2969080,S43_Bollinger_RSI_Reversal,YES,1784434506.86221,0.620000,5,1784434799.964585,1.000000,0.043018,1.856982,"bb_rsi_reversal side=YES spot=64602.38 bb=(64602.39,64602.41) rsi=0.0"
2969090,S43_Bollinger_RSI_Reversal,YES,1784434804.188035,0.530000,5,1784435099.974037,1.000000,0.041109,2.308891,"bb_rsi_reversal side=YES spot=64619.98 bb=(64619.98,64620.01) rsi=0.0"
2969194,S43_Bollinger_RSI_Reversal,YES,1784435103.210285,0.510000,5,1784435399.924487,1.000000,0.039812,2.410188,"bb_rsi_reversal side=YES spot=64633.13 bb=(64633.15,64633.36) rsi=0.0"
2969204,S43_Bollinger_RSI_Reversal,NO,1784435403.049131,0.520000,5,1784435699.986603,1.000000,0.040495,2.359505,"bb_rsi_reversal side=NO spot=64669.51 bb=(64668.57,64669.16) rsi=100.0"
2969254,S43_Bollinger_RSI_Reversal,YES,1784435709.152281,0.510000,5,1784435999.956009,1.000000,0.039812,2.410188,"bb_rsi_reversal side=YES spot=64661.21 bb=(64661.63,64662.35) rsi=0.0"
2969303,S43_Bollinger_RSI_Reversal,NO,1784436003.184229,0.550000,5,1784436299.971907,1.000000,0.042114,2.207886,"bb_rsi_reversal side=NO spot=64737.30 bb=(64737.23,64737.27) rsi=100.0"
2969321,S43_Bollinger_RSI_Reversal,NO,1784436303.338779,0.510000,5,1784436599.960024,1.000000,0.039812,2.410188,"bb_rsi_reversal side=NO spot=64720.30 bb=(64720.22,64720.27) rsi=100.0"
2969326,S43_Bollinger_RSI_Reversal,NO,1784436604.293934,0.500000,5,1784436899.962657,1.000000,0.039062,2.460938,"bb_rsi_reversal side=NO spot=64717.72 bb=(64717.70,64717.72) rsi=100.0"
2969778,S43_Bollinger_RSI_Reversal,YES,1784436902.45223,0.480000,5,1784437199.916196,1.000000,0.037380,2.562620,"bb_rsi_reversal side=YES spot=64669.69 bb=(64669.69,64669.71) rsi=0.0"
2969828,S43_Bollinger_RSI_Reversal,NO,1784437203.489902,0.290000,5,1784437499.928873,0.000000,0.015368,-1.465368,"bb_rsi_reversal side=NO spot=64687.78 bb=(64675.03,64683.09) rsi=99.9"
2969876,S43_Bollinger_RSI_Reversal,NO,1784437805.626353,0.520000,5,1784438099.914228,0.000000,0.040495,-2.640495,"bb_rsi_reversal side=NO spot=64707.64 bb=(64707.62,64707.64) rsi=100.0"
2969915,S43_Bollinger_RSI_Reversal,NO,1784438103.684299,0.520000,5,1784438399.986979,1.000000,0.040495,2.359505,"bb_rsi_reversal side=NO spot=64748.71 bb=(64748.49,64748.64) rsi=100.0"
2969922,S43_Bollinger_RSI_Reversal,YES,1784438403.695276,0.510000,5,1784438699.904257,0.000000,0.039812,-2.589812,"bb_rsi_reversal side=YES spot=64733.88 bb=(64733.97,64734.12) rsi=0.0"
2969957,S43_Bollinger_RSI_Reversal,NO,1784438703.790101,0.520000,5,1784438999.919066,1.000000,0.040495,2.359505,"bb_rsi_reversal side=NO spot=64731.17 bb=(64716.59,64725.76) rsi=100.0"
2969964,S43_Bollinger_RSI_Reversal,YES,1784439003.988224,0.490000,5,1784439299.950622,0.000000,0.038251,-2.488251,"bb_rsi_reversal side=YES spot=64669.92 bb=(64669.98,64670.22) rsi=0.0"
2970021,S43_Bollinger_RSI_Reversal,YES,1784439303.847338,0.370000,5,1784439599.987212,1.000000,0.025130,3.124870,"bb_rsi_reversal side=YES spot=64647.74 bb=(64649.53,64652.58) rsi=0.0"
2970052,S43_Bollinger_RSI_Reversal,YES,1784439604.917465,0.520000,5,1784439899.98506,0.000000,0.040495,-2.640495,"bb_rsi_reversal side=YES spot=64657.26 bb=(64657.28,64657.42) rsi=0.0"
2970066,S43_Bollinger_RSI_Reversal,YES,1784439904.180962,0.510000,5,1784440199.981167,1.000000,0.039812,2.410188,"bb_rsi_reversal side=YES spot=64654.85 bb=(64654.88,64655.00) rsi=0.0"
2970074,S43_Bollinger_RSI_Reversal,NO,1784440208.163446,0.480000,5,1784440499.927844,0.000000,0.037380,-2.437380,"bb_rsi_reversal side=NO spot=64673.06 bb=(64673.02,64673.05) rsi=100.0"
2970088,S43_Bollinger_RSI_Reversal,NO,1784440508.230033,0.490000,5,1784440799.943403,1.000000,0.038251,2.511749,"bb_rsi_reversal side=NO spot=64694.82 bb=(64694.80,64694.82) rsi=100.0"
2970111,S43_Bollinger_RSI_Reversal,NO,1784441106.380894,0.600000,5,1784441399.937652,1.000000,0.043200,1.956800,"bb_rsi_reversal side=NO spot=64664.94 bb=(64663.82,64664.52) rsi=100.0"
2970119,S43_Bollinger_RSI_Reversal,YES,1784441404.402653,0.490000,5,1784441699.976896,1.000000,0.038251,2.511749,"bb_rsi_reversal side=YES spot=64653.27 bb=(64653.28,64653.30) rsi=0.0"
2970131,S43_Bollinger_RSI_Reversal,NO,1784441703.587861,0.510000,5,1784441999.999687,1.000000,0.039812,2.410188,"bb_rsi_reversal side=NO spot=64681.30 bb=(64679.31,64681.28) rsi=100.0"
2970139,S43_Bollinger_RSI_Reversal,YES,1784442004.581927,0.510000,5,1784442299.904058,1.000000,0.039812,2.410188,"bb_rsi_reversal side=YES spot=64676.85 bb=(64677.05,64677.38) rsi=0.0"
2970154,S43_Bollinger_RSI_Reversal,NO,1784442305.539184,0.490000,5,1784442599.989251,1.000000,0.038251,2.511749,"bb_rsi_reversal side=NO spot=64708.51 bb=(64708.25,64708.41) rsi=100.0"
2970167,S43_Bollinger_RSI_Reversal,YES,1784442603.61439,0.530000,5,1784442899.95406,1.000000,0.041109,2.308891,"bb_rsi_reversal side=YES spot=64686.18 bb=(64686.18,64686.36) rsi=0.0"
2970218,S43_Bollinger_RSI_Reversal,YES,1784442903.789489,0.380000,5,1784443199.897915,0.000000,0.026366,-1.926366,"bb_rsi_reversal side=YES spot=64699.66 bb=(64700.86,64703.00) rsi=0.0"
2970229,S43_Bollinger_RSI_Reversal,YES,1784443204.147851,0.500000,5,1784443499.977282,0.000000,0.039062,-2.539062,"bb_rsi_reversal side=YES spot=64687.95 bb=(64687.95,64687.97) rsi=0.0"
2970246,S43_Bollinger_RSI_Reversal,YES,1784443502.913733,0.520000,5,1784443800.010458,0.000000,0.040495,-2.640495,"bb_rsi_reversal side=YES spot=64686.44 bb=(64686.44,64686.46) rsi=0.0"
2970251,S43_Bollinger_RSI_Reversal,NO,1784443805.989787,0.490000,5,1784444099.950401,0.000000,0.038251,-2.488251,"bb_rsi_reversal side=NO spot=64664.74 bb=(64664.72,64664.73) rsi=100.0"
2970268,S43_Bollinger_RSI_Reversal,YES,1784444105.013237,0.500000,5,1784444399.924148,0.000000,0.039062,-2.539062,"bb_rsi_reversal side=YES spot=64670.75 bb=(64670.83,64670.97) rsi=0.0"
2970285,S43_Bollinger_RSI_Reversal,YES,1784444703.1011,0.480000,5,1784444999.98929,0.000000,0.037380,-2.437380,"bb_rsi_reversal side=YES spot=64660.00 bb=(64660.00,64660.09) rsi=0.0"
2970292,S43_Bollinger_RSI_Reversal,YES,1784445003.257065,0.370000,5,1784445299.900397,0.000000,0.025130,-1.875130,"bb_rsi_reversal side=YES spot=64650.61 bb=(64651.18,64652.81) rsi=0.0"
2970303,S43_Bollinger_RSI_Reversal,NO,1784445303.271265,0.440000,5,1784445599.898006,0.000000,0.033392,-2.233392,"bb_rsi_reversal side=NO spot=64652.01 bb=(64651.72,64651.94) rsi=100.0"
2970313,S43_Bollinger_RSI_Reversal,NO,1784445604.382585,0.500000,5,1784445899.909375,0.000000,0.039062,-2.539062,"bb_rsi_reversal side=NO spot=64658.01 bb=(64658.00,64658.01) rsi=100.0"
2970341,S43_Bollinger_RSI_Reversal,YES,1784445903.409871,0.500000,5,1784446199.999933,1.000000,0.039062,2.460938,"bb_rsi_reversal side=YES spot=64673.12 bb=(64674.22,64676.09) rsi=0.0"
2970358,S43_Bollinger_RSI_Reversal,YES,1784446203.546188,0.460000,5,1784446499.917963,0.000000,0.035479,-2.335479,"bb_rsi_reversal side=YES spot=64676.46 bb=(64677.42,64679.04) rsi=0.0"
2970400,S43_Bollinger_RSI_Reversal,YES,1784446503.552956,0.370000,5,1784446799.955753,1.000000,0.025130,3.124870,"bb_rsi_reversal side=YES spot=64670.66 bb=(64671.65,64673.38) rsi=0.0"
2970411,S43_Bollinger_RSI_Reversal,YES,1784446803.680154,0.440000,5,1784447099.991637,1.000000,0.033392,2.766608,"bb_rsi_reversal side=YES spot=64696.51 bb=(64696.62,64696.86) rsi=0.0"
2970433,S43_Bollinger_RSI_Reversal,YES,1784447403.821558,0.510000,5,1784447699.930474,0.000000,0.039812,-2.589812,"bb_rsi_reversal side=YES spot=64674.96 bb=(64675.17,64675.74) rsi=0.0"
2970474,S43_Bollinger_RSI_Reversal,NO,1784447703.876963,0.400000,5,1784447999.984743,0.000000,0.028800,-2.028800,"bb_rsi_reversal side=NO spot=64671.37 bb=(64670.44,64671.03) rsi=100.0"
2970480,S43_Bollinger_RSI_Reversal,NO,1784448003.852435,0.440000,5,1784448299.939308,1.000000,0.033392,2.766608,"bb_rsi_reversal side=NO spot=64674.16 bb=(64669.11,64673.06) rsi=100.0"
2970507,S43_Bollinger_RSI_Reversal,YES,1784448303.046597,0.340000,5,1784448599.997366,0.000000,0.021401,-1.721401,"bb_rsi_reversal side=YES spot=64650.21 bb=(64650.21,64650.22) rsi=0.0"
2970517,S43_Bollinger_RSI_Reversal,NO,1784448604.080351,0.530000,5,1784448899.896946,0.000000,0.041109,-2.691109,"bb_rsi_reversal side=NO spot=64646.44 bb=(64646.00,64646.28) rsi=100.0"
2970542,S43_Bollinger_RSI_Reversal,NO,1784448908.076797,0.550000,5,1784449199.981781,1.000000,0.042114,2.207886,"bb_rsi_reversal side=NO spot=64658.07 bb=(64658.03,64658.05) rsi=100.0"
2970588,S43_Bollinger_RSI_Reversal,NO,1784449204.117244,0.440000,5,1784449499.990558,1.000000,0.033392,2.766608,"bb_rsi_reversal side=NO spot=64621.62 bb=(64617.99,64620.27) rsi=100.0"
2970616,S43_Bollinger_RSI_Reversal,YES,1784449804.304087,0.520000,5,1784450099.968309,0.000000,0.040495,-2.640495,"bb_rsi_reversal side=YES spot=64622.40 bb=(64622.40,64622.42) rsi=0.0"
2970671,S43_Bollinger_RSI_Reversal,YES,1784450103.408222,0.510000,5,1784450400.003083,0.000000,0.039812,-2.589812,"bb_rsi_reversal side=YES spot=64617.30 bb=(64617.37,64618.87) rsi=0.0"
2970751,S43_Bollinger_RSI_Reversal,YES,1784450408.497064,0.500000,5,1784450699.979167,0.000000,0.039062,-2.539062,"bb_rsi_reversal side=YES spot=64613.16 bb=(64613.29,64613.51) rsi=0.0"
2970769,S43_Bollinger_RSI_Reversal,YES,1784450704.582289,0.510000,5,1784451000.002292,1.000000,0.039812,2.410188,"bb_rsi_reversal side=YES spot=64611.25 bb=(64611.37,64611.59) rsi=10.3"
2970778,S43_Bollinger_RSI_Reversal,NO,1784451003.545136,0.350000,5,1784451299.95094,1.000000,0.022643,3.227357,"bb_rsi_reversal side=NO spot=64659.71 bb=(64658.87,64659.40) rsi=100.0"
2970860,S43_Bollinger_RSI_Reversal,NO,1784451322.70076,0.530000,5,1784451599.892182,0.000000,0.041109,-2.691109,"bb_rsi_reversal side=NO spot=64653.24 bb=(64652.93,64653.13) rsi=100.0"
2970872,S43_Bollinger_RSI_Reversal,NO,1784451605.786355,0.430000,5,1784451899.930233,0.000000,0.032290,-2.182290,"bb_rsi_reversal side=NO spot=64669.02 bb=(64667.24,64668.53) rsi=100.0"
2970883,S43_Bollinger_RSI_Reversal,NO,1784451903.810789,0.440000,5,1784452200.007746,1.000000,0.033392,2.766608,"bb_rsi_reversal side=NO spot=64671.38 bb=(64669.45,64670.67) rsi=100.0"
2970905,S43_Bollinger_RSI_Reversal,YES,1784452503.907432,0.350000,5,1784452799.95245,0.000000,0.022643,-1.772643,"bb_rsi_reversal side=YES spot=64597.44 bb=(64602.31,64610.57) rsi=0.0"
2970920,S43_Bollinger_RSI_Reversal,YES,1784452804.054572,0.570000,5,1784453099.9391,0.000000,0.042803,-2.892803,"bb_rsi_reversal side=YES spot=64537.07 bb=(64537.21,64537.45) rsi=0.0"
2970935,S43_Bollinger_RSI_Reversal,YES,1784453104.139579,0.620000,5,1784453399.926996,1.000000,0.043018,1.856982,"bb_rsi_reversal side=YES spot=64521.04 bb=(64521.07,64521.17) rsi=0.0"
2970940,S43_Bollinger_RSI_Reversal,NO,1784453403.150845,0.440000,5,1784453699.914578,1.000000,0.033392,2.766608,"bb_rsi_reversal side=NO spot=64534.91 bb=(64534.88,64534.91) rsi=100.0"
2970989,S43_Bollinger_RSI_Reversal,YES,1784453703.233044,0.670000,5,1784453999.919525,0.000000,0.040941,-3.390941,"bb_rsi_reversal side=YES spot=64537.33 bb=(64537.51,64537.82) rsi=0.0"
2971016,S43_Bollinger_RSI_Reversal,NO,1784454007.285468,0.480000,5,1784454299.997475,0.000000,0.037380,-2.437380,"bb_rsi_reversal side=NO spot=64465.90 bb=(64465.83,64465.90) rsi=100.0"
2971020,S43_Bollinger_RSI_Reversal,YES,1784454303.391321,0.690000,5,1784454599.88713,1.000000,0.039462,1.510538,"bb_rsi_reversal side=YES spot=64475.26 bb=(64475.30,64475.37) rsi=0.0"
2971037,S43_Bollinger_RSI_Reversal,YES,1784454605.400321,0.480000,5,1784454899.965626,0.000000,0.037380,-2.437380,"bb_rsi_reversal side=YES spot=64497.59 bb=(64497.60,64497.60) rsi=0.0"
2971183,S43_Bollinger_RSI_Reversal,YES,1784454907.52494,0.440000,5,1784455199.929181,0.000000,0.033392,-2.233392,"bb_rsi_reversal side=YES spot=64468.10 bb=(64470.91,64475.72) rsi=0.0"
2971222,S43_Bollinger_RSI_Reversal,YES,1784455204.524742,0.540000,5,1784455499.969294,1.000000,0.041649,2.258351,"bb_rsi_reversal side=YES spot=64469.80 bb=(64469.80,64469.90) rsi=0.0"
2971231,S43_Bollinger_RSI_Reversal,YES,1784455504.558627,0.520000,5,1784455799.931424,0.000000,0.040495,-2.640495,"bb_rsi_reversal side=YES spot=64518.05 bb=(64518.06,64518.06) rsi=0.0"
2971241,S43_Bollinger_RSI_Reversal,NO,1784455802.90885,0.440000,5,1784456099.943022,0.000000,0.033392,-2.233392,"bb_rsi_reversal side=NO spot=64495.70 bb=(64491.28,64495.40) rsi=100.0"
2971246,S43_Bollinger_RSI_Reversal,YES,1784456104.725158,0.460000,5,1784456399.925347,1.000000,0.035479,2.664521,"bb_rsi_reversal side=YES spot=64527.75 bb=(64527.79,64527.86) rsi=0.0"
2971265,S43_Bollinger_RSI_Reversal,NO,1784456404.863363,0.500000,5,1784456699.892656,0.000000,0.039062,-2.539062,"bb_rsi_reversal side=NO spot=64554.80 bb=(64554.36,64554.76) rsi=100.0"
2971272,S43_Bollinger_RSI_Reversal,YES,1784456703.902285,0.640000,5,1784456999.993384,1.000000,0.042467,1.757533,"bb_rsi_reversal side=YES spot=64558.91 bb=(64559.11,64560.25) rsi=0.0"
2971287,S43_Bollinger_RSI_Reversal,NO,1784457004.032559,0.490000,5,1784457299.960646,0.000000,0.038251,-2.488251,"bb_rsi_reversal side=NO spot=64586.82 bb=(64586.81,64586.81) rsi=100.0"
2971333,S43_Bollinger_RSI_Reversal,NO,1784457303.090052,0.530000,5,1784457599.956832,0.000000,0.041109,-2.691109,"bb_rsi_reversal side=NO spot=64592.82 bb=(64592.56,64592.72) rsi=100.0"
2971371,S43_Bollinger_RSI_Reversal,YES,1784458210.193653,0.430000,5,1784458499.983056,0.000000,0.032290,-2.182290,"bb_rsi_reversal side=YES spot=64596.11 bb=(64597.71,64600.43) rsi=0.0"
2971385,S43_Bollinger_RSI_Reversal,YES,1784458504.210349,0.500000,5,1784458799.952337,0.000000,0.039062,-2.539062,"bb_rsi_reversal side=YES spot=64547.37 bb=(64548.01,64549.10) rsi=0.0"
2971404,S43_Bollinger_RSI_Reversal,YES,1784458804.319252,0.490000,5,1784459099.888438,0.000000,0.038251,-2.488251,"bb_rsi_reversal side=YES spot=64546.72 bb=(64546.75,64547.55) rsi=0.0"
2971413,S43_Bollinger_RSI_Reversal,NO,1784459104.380284,0.460000,5,1784459399.891308,0.000000,0.035479,-2.335479,"bb_rsi_reversal side=NO spot=64515.59 bb=(64514.19,64515.09) rsi=89.3"
2971414,S43_Bollinger_RSI_Reversal,NO,1784459403.532922,0.500000,5,1784459699.918512,1.000000,0.039062,2.460938,"bb_rsi_reversal side=NO spot=64564.42 bb=(64562.83,64563.84) rsi=100.0"
2971429,S43_Bollinger_RSI_Reversal,YES,1784459703.502728,0.530000,5,1784459885.565406,0.000000,0.041109,-2.691109,"bb_rsi_reversal side=YES spot=64543.76 bb=(64544.37,64545.40) rsi=0.0"
2971444,S43_Bollinger_RSI_Reversal,NO,1784460003.655427,0.380000,5,1784460299.946488,1.000000,0.026366,3.073634,"bb_rsi_reversal side=NO spot=64570.41 bb=(64570.02,64570.27) rsi=100.0"
2971450,S43_Bollinger_RSI_Reversal,YES,1784460308.598462,0.410000,5,1784460599.986327,0.000000,0.029989,-2.079989,"bb_rsi_reversal side=YES spot=64547.51 bb=(64547.56,64547.76) rsi=0.0"
2971464,S43_Bollinger_RSI_Reversal,YES,1784460607.726339,0.510000,5,1784460900.004317,0.000000,0.039812,-2.589812,"bb_rsi_reversal side=YES spot=64504.03 bb=(64504.41,64505.06) rsi=0.0"
2971515,S43_Bollinger_RSI_Reversal,YES,1784460904.778745,0.560000,5,1784461199.92261,0.000000,0.042499,-2.842499,"bb_rsi_reversal side=YES spot=64499.35 bb=(64499.36,64499.36) rsi=0.0"
2971558,S43_Bollinger_RSI_Reversal,NO,1784461203.191959,0.460000,5,1784461500.004253,0.000000,0.035479,-2.335479,"bb_rsi_reversal side=NO spot=64476.12 bb=(64475.34,64476.08) rsi=100.0"
2971562,S43_Bollinger_RSI_Reversal,NO,1784461503.987342,0.430000,5,1784461799.912143,1.000000,0.032290,2.817710,"bb_rsi_reversal side=NO spot=64486.66 bb=(64486.36,64486.59) rsi=100.0"
2971585,S43_Bollinger_RSI_Reversal,YES,1784461807.045402,0.500000,5,1784462099.920487,0.000000,0.039062,-2.539062,"bb_rsi_reversal side=YES spot=64443.39 bb=(64443.42,64443.50) rsi=0.0"
2971744,S43_Bollinger_RSI_Reversal,YES,1784462104.059959,0.530000,5,1784462399.943892,0.000000,0.041109,-2.691109,"bb_rsi_reversal side=YES spot=64422.99 bb=(64423.13,64423.41) rsi=0.0"
2971763,S43_Bollinger_RSI_Reversal,YES,1784462406.089933,0.510000,5,1784462699.90446,0.000000,0.039812,-2.589812,"bb_rsi_reversal side=YES spot=64417.30 bb=(64417.66,64418.82) rsi=0.0"
2971786,S43_Bollinger_RSI_Reversal,YES,1784462703.215372,0.320000,5,1784462999.980327,0.000000,0.018940,-1.618940,"bb_rsi_reversal side=YES spot=64379.63 bb=(64381.67,64385.12) rsi=0.0"
2971816,S43_Bollinger_RSI_Reversal,NO,1784463305.394389,0.580000,5,1784463599.942895,0.000000,0.043022,-2.943022,"bb_rsi_reversal side=NO spot=64300.36 bb=(64300.14,64300.28) rsi=100.0"
2971826,S43_Bollinger_RSI_Reversal,NO,1784463604.371936,0.550000,5,1784463899.912617,0.000000,0.042114,-2.792114,"bb_rsi_reversal side=NO spot=64309.00 bb=(64306.64,64308.13) rsi=100.0"
2971828,S43_Bollinger_RSI_Reversal,NO,1784463903.490871,0.360000,5,1784464199.999503,1.000000,0.023888,3.176112,"bb_rsi_reversal side=NO spot=64388.80 bb=(64381.78,64387.88) rsi=100.0"
2971841,S43_Bollinger_RSI_Reversal,NO,1784464206.561562,0.370000,5,1784464499.910946,0.000000,0.025130,-1.875130,"bb_rsi_reversal side=NO spot=64263.14 bb=(64254.62,64259.98) rsi=100.0"
2971893,S43_Bollinger_RSI_Reversal,NO,1784464504.570625,0.340000,5,1784464799.918018,0.000000,0.021401,-1.721401,"bb_rsi_reversal side=NO spot=64319.44 bb=(64315.41,64317.95) rsi=100.0"
2971906,S43_Bollinger_RSI_Reversal,NO,1784464803.123475,0.370000,5,1784465100.000101,1.000000,0.025130,3.124870,"bb_rsi_reversal side=NO spot=64367.79 bb=(64362.62,64367.79) rsi=100.0"
2971916,S43_Bollinger_RSI_Reversal,YES,1784465103.761906,0.390000,5,1784465399.911161,0.000000,0.027591,-1.977591,"bb_rsi_reversal side=YES spot=64360.37 bb=(64361.02,64366.04) rsi=0.0"
2971934,S43_Bollinger_RSI_Reversal,NO,1784465404.813404,0.430000,5,1784465699.990331,0.000000,0.032290,-2.182290,"bb_rsi_reversal side=NO spot=64320.68 bb=(64320.32,64320.55) rsi=100.0"
2971992,S43_Bollinger_RSI_Reversal,YES,1784465703.19615,0.500000,5,1784465999.954794,1.000000,0.039062,2.460938,"bb_rsi_reversal side=YES spot=64381.23 bb=(64381.28,64381.81) rsi=0.0"
2972009,S43_Bollinger_RSI_Reversal,YES,1784466004.899334,0.550000,5,1784466299.941234,0.000000,0.042114,-2.792114,"bb_rsi_reversal side=YES spot=64396.92 bb=(64396.95,64397.00) rsi=0.0"
2972020,S43_Bollinger_RSI_Reversal,NO,1784466303.073176,0.510000,5,1784466599.908727,1.000000,0.039812,2.410188,"bb_rsi_reversal side=NO spot=64338.86 bb=(64338.29,64338.76) rsi=82.7"
2972026,S43_Bollinger_RSI_Reversal,YES,1784466604.057162,0.500000,5,1784466899.954589,0.000000,0.039062,-2.539062,"bb_rsi_reversal side=YES spot=64335.60 bb=(64335.69,64335.84) rsi=0.0"
2972041,S43_Bollinger_RSI_Reversal,YES,1784466905.096842,0.520000,5,1784467199.908834,0.000000,0.040495,-2.640495,"bb_rsi_reversal side=YES spot=64311.30 bb=(64311.30,64311.31) rsi=0.0"
2972057,S43_Bollinger_RSI_Reversal,YES,1784467508.221577,0.510000,5,1784467799.990839,1.000000,0.039812,2.410188,"bb_rsi_reversal side=YES spot=64312.99 bb=(64312.99,64313.01) rsi=0.0"
2972104,S43_Bollinger_RSI_Reversal,NO,1784467803.409865,0.450000,5,1784468099.889202,0.000000,0.034457,-2.284457,"bb_rsi_reversal side=NO spot=64364.97 bb=(64362.24,64364.42) rsi=100.0"
2972156,S43_Bollinger_RSI_Reversal,YES,1784468105.285979,0.480000,5,1784468399.997438,0.000000,0.037380,-2.437380,"bb_rsi_reversal side=YES spot=64394.56 bb=(64394.70,64394.94) rsi=9.4"
2972215,S43_Bollinger_RSI_Reversal,NO,1784468407.412045,0.600000,5,1784468699.940483,1.000000,0.043200,1.956800,"bb_rsi_reversal side=NO spot=64377.31 bb=(64377.20,64377.27) rsi=100.0"
2972226,S43_Bollinger_RSI_Reversal,YES,1784468703.497371,0.430000,5,1784469000.003166,1.000000,0.032290,2.817710,"bb_rsi_reversal side=YES spot=64368.41 bb=(64371.36,64376.35) rsi=0.0"
2972254,S43_Bollinger_RSI_Reversal,NO,1784469307.669581,0.500000,5,1784469600.001552,1.000000,0.039062,2.460938,"bb_rsi_reversal side=NO spot=64453.37 bb=(64453.32,64453.36) rsi=100.0"
2972269,S43_Bollinger_RSI_Reversal,YES,1784469603.68565,0.490000,5,1784469899.999143,1.000000,0.038251,2.511749,"bb_rsi_reversal side=YES spot=64433.80 bb=(64433.85,64433.95) rsi=8.3"
2972280,S43_Bollinger_RSI_Reversal,NO,1784469903.069396,0.540000,5,1784470199.982626,1.000000,0.041649,2.258351,"bb_rsi_reversal side=NO spot=64477.92 bb=(64476.61,64477.81) rsi=100.0"
2972319,S43_Bollinger_RSI_Reversal,YES,1784470208.887535,0.530000,5,1784470499.946894,1.000000,0.041109,2.308891,"bb_rsi_reversal side=YES spot=64452.16 bb=(64452.19,64452.24) rsi=0.0"
2972332,S43_Bollinger_RSI_Reversal,YES,1784470504.895995,0.480000,5,1784470799.987778,0.000000,0.037380,-2.437380,"bb_rsi_reversal side=YES spot=64492.24 bb=(64492.39,64492.66) rsi=0.0"
2972353,S43_Bollinger_RSI_Reversal,YES,1784470805.902374,0.380000,5,1784471099.993033,0.000000,0.026366,-1.926366,"bb_rsi_reversal side=YES spot=64449.22 bb=(64451.05,64454.15) rsi=0.0"
2972355,S43_Bollinger_RSI_Reversal,YES,1784471105.990414,0.460000,5,1784471399.917098,1.000000,0.035479,2.664521,"bb_rsi_reversal side=YES spot=64395.73 bb=(64395.75,64395.79) rsi=0.0"
2972369,S43_Bollinger_RSI_Reversal,YES,1784471403.973133,0.490000,5,1784471699.928936,1.000000,0.038251,2.511749,"bb_rsi_reversal side=YES spot=64418.51 bb=(64418.52,64418.54) rsi=0.0"
2972421,S43_Bollinger_RSI_Reversal,NO,1784471704.026804,0.310000,5,1784471999.896034,1.000000,0.017729,3.432271,"bb_rsi_reversal side=NO spot=64464.60 bb=(64459.83,64463.54) rsi=100.0"
2972433,S43_Bollinger_RSI_Reversal,NO,1784472006.228399,0.550000,5,1784472299.967317,0.000000,0.042114,-2.792114,"bb_rsi_reversal side=NO spot=64457.69 bb=(64457.68,64457.68) rsi=100.0"
2972448,S43_Bollinger_RSI_Reversal,YES,1784472305.249656,0.400000,5,1784472599.966189,1.000000,0.028800,2.971200,"bb_rsi_reversal side=YES spot=64473.63 bb=(64475.69,64479.19) rsi=0.0"
2972455,S43_Bollinger_RSI_Reversal,YES,1784472603.337577,0.480000,5,1784472899.981524,0.000000,0.037380,-2.437380,"bb_rsi_reversal side=YES spot=64564.95 bb=(64565.39,64566.16) rsi=0.0"
2972480,S43_Bollinger_RSI_Reversal,NO,1784473206.379298,0.420000,5,1784473499.988509,1.000000,0.031154,2.868846,"bb_rsi_reversal side=NO spot=64545.22 bb=(64543.49,64544.58) rsi=97.7"
2972492,S43_Bollinger_RSI_Reversal,YES,1784473503.45556,0.450000,5,1784473799.924599,0.000000,0.034457,-2.284457,"bb_rsi_reversal side=YES spot=64526.00 bb=(64526.69,64527.87) rsi=0.0"
2972497,S43_Bollinger_RSI_Reversal,YES,1784473808.549408,0.350000,5,1784474099.964728,1.000000,0.022643,3.227357,"bb_rsi_reversal side=YES spot=64484.71 bb=(64485.75,64487.65) rsi=11.0"
2972512,S43_Bollinger_RSI_Reversal,NO,1784474103.687137,0.420000,5,1784474399.916647,1.000000,0.031154,2.868846,"bb_rsi_reversal side=NO spot=64531.80 bb=(64529.03,64530.77) rsi=100.0"
2972542,S43_Bollinger_RSI_Reversal,NO,1784474406.685912,0.490000,5,1784474699.986778,1.000000,0.038251,2.511749,"bb_rsi_reversal side=NO spot=64507.10 bb=(64506.42,64506.85) rsi=100.0"
2972561,S43_Bollinger_RSI_Reversal,YES,1784474705.735889,0.490000,5,1784474999.907679,0.000000,0.038251,-2.488251,"bb_rsi_reversal side=YES spot=64487.46 bb=(64487.50,64487.57) rsi=0.0"
2972579,S43_Bollinger_RSI_Reversal,YES,1784475007.396648,0.490000,5,1784475299.998662,0.000000,0.038251,-2.488251,"bb_rsi_reversal side=YES spot=64463.74 bb=(64463.74,64463.75) rsi=0.0"
2972622,S43_Bollinger_RSI_Reversal,YES,1784475303.204812,0.490000,5,1784475599.899571,1.000000,0.038251,2.511749,"bb_rsi_reversal side=YES spot=64455.49 bb=(64455.51,64455.69) rsi=0.0"
2972643,S43_Bollinger_RSI_Reversal,NO,1784475904.016543,0.500000,5,1784476199.961319,1.000000,0.039062,2.460938,"bb_rsi_reversal side=NO spot=64520.41 bb=(64518.89,64519.84) rsi=100.0"
2972660,S43_Bollinger_RSI_Reversal,NO,1784476206.085739,0.540000,5,1784476499.955521,0.000000,0.041649,-2.741649,"bb_rsi_reversal side=NO spot=64517.71 bb=(64517.70,64517.70) rsi=100.0"
2972955,S43_Bollinger_RSI_Reversal,YES,1784476504.05739,0.530000,5,1784476799.908275,0.000000,0.041109,-2.691109,"bb_rsi_reversal side=YES spot=64533.40 bb=(64533.90,64534.99) rsi=0.0"
2972966,S43_Bollinger_RSI_Reversal,YES,1784476804.197689,0.380000,5,1784477099.935845,1.000000,0.026366,3.073634,"bb_rsi_reversal side=YES spot=64529.12 bb=(64531.35,64537.10) rsi=22.1"
2972996,S43_Bollinger_RSI_Reversal,YES,1784477103.302034,0.570000,5,1784477399.935539,0.000000,0.042803,-2.892803,"bb_rsi_reversal side=YES spot=64556.70 bb=(64557.50,64558.85) rsi=0.0"
2973024,S43_Bollinger_RSI_Reversal,YES,1784477703.394809,0.430000,5,1784477999.903719,1.000000,0.032290,2.817710,"bb_rsi_reversal side=YES spot=64499.45 bb=(64500.98,64503.92) rsi=0.0"
2973032,S43_Bollinger_RSI_Reversal,NO,1784478003.519939,0.490000,5,1784478299.944209,0.000000,0.038251,-2.488251,"bb_rsi_reversal side=NO spot=64523.65 bb=(64523.22,64523.49) rsi=100.0"
2973046,S43_Bollinger_RSI_Reversal,YES,1784478309.602157,0.500000,5,1784478599.870929,0.000000,0.039062,-2.539062,"bb_rsi_reversal side=YES spot=64567.88 bb=(64567.98,64568.14) rsi=0.0"
2973142,S43_Bollinger_RSI_Reversal,NO,1784478903.679014,0.520000,5,1784479199.87895,0.000000,0.040495,-2.640495,"bb_rsi_reversal side=NO spot=64495.62 bb=(64495.58,64495.60) rsi=100.0"
2973162,S43_Bollinger_RSI_Reversal,YES,1784479203.81757,0.630000,5,1784479499.998176,1.000000,0.042789,1.807211,"bb_rsi_reversal side=YES spot=64507.01 bb=(64507.02,64507.05) rsi=0.0"
2973212,S43_Bollinger_RSI_Reversal,YES,1784479806.899516,0.510000,5,1784480099.97083,0.000000,0.039812,-2.589812,"bb_rsi_reversal side=YES spot=64550.48 bb=(64550.49,64550.49) rsi=0.0"
2973648,S43_Bollinger_RSI_Reversal,NO,1784480105.003429,0.490000,5,1784480399.905506,0.000000,0.038251,-2.488251,"bb_rsi_reversal side=NO spot=64489.46 bb=(64489.38,64489.44) rsi=100.0"
2973678,S43_Bollinger_RSI_Reversal,YES,1784480708.177447,0.530000,5,1784480999.979325,1.000000,0.041109,2.308891,"bb_rsi_reversal side=YES spot=64499.22 bb=(64501.10,64504.28) rsi=0.0"
2973688,S43_Bollinger_RSI_Reversal,YES,1784481003.297608,0.500000,5,1784481299.912814,1.000000,0.039062,2.460938,"bb_rsi_reversal side=YES spot=64540.19 bb=(64540.21,64540.31) rsi=0.0"
2973703,S43_Bollinger_RSI_Reversal,NO,1784481303.263167,0.500000,5,1784481599.996988,1.000000,0.039062,2.460938,"bb_rsi_reversal side=NO spot=64656.68 bb=(64644.97,64652.59) rsi=100.0"
2973714,S43_Bollinger_RSI_Reversal,NO,1784481605.367811,0.520000,5,1784481899.854296,0.000000,0.040495,-2.640495,"bb_rsi_reversal side=NO spot=64616.06 bb=(64614.29,64615.53) rsi=100.0"
2973726,S43_Bollinger_RSI_Reversal,NO,1784481911.437522,0.510000,5,1784482199.993782,1.000000,0.039812,2.410188,"bb_rsi_reversal side=NO spot=64634.34 bb=(64633.59,64634.07) rsi=100.0"
2973749,S43_Bollinger_RSI_Reversal,YES,1784482203.469139,0.370000,5,1784482499.849721,1.000000,0.025130,3.124870,"bb_rsi_reversal side=YES spot=64598.98 bb=(64603.02,64609.92) rsi=0.0"
2973795,S43_Bollinger_RSI_Reversal,YES,1784482505.500006,0.500000,5,1784482799.992675,1.000000,0.039062,2.460938,"bb_rsi_reversal side=YES spot=64625.78 bb=(64625.78,64625.79) rsi=0.0"
2974002,S43_Bollinger_RSI_Reversal,YES,1784482804.541207,0.480000,5,1784483099.902035,0.000000,0.037380,-2.437380,"bb_rsi_reversal side=YES spot=64626.93 bb=(64627.52,64628.55) rsi=0.0"
2974013,S43_Bollinger_RSI_Reversal,YES,1784483104.645479,0.480000,5,1784483399.968225,0.000000,0.037380,-2.437380,"bb_rsi_reversal side=YES spot=64574.77 bb=(64575.12,64575.70) rsi=0.0"
2974027,S43_Bollinger_RSI_Reversal,NO,1784483410.799788,0.510000,5,1784483699.959412,1.000000,0.039812,2.410188,"bb_rsi_reversal side=NO spot=64546.27 bb=(64545.53,64546.15) rsi=100.0"
2974061,S43_Bollinger_RSI_Reversal,NO,1784483703.83166,0.350000,5,1784483999.903416,1.000000,0.022643,3.227357,"bb_rsi_reversal side=NO spot=64531.38 bb=(64524.83,64529.42) rsi=78.7"
2974283,S43_Bollinger_RSI_Reversal,NO,1784484007.953421,0.500000,5,1784484299.997338,1.000000,0.039062,2.460938,"bb_rsi_reversal side=NO spot=64502.42 bb=(64502.40,64502.42) rsi=100.0"
2974289,S43_Bollinger_RSI_Reversal,YES,1784484303.885595,0.620000,5,1784484599.946866,0.000000,0.043018,-3.143018,"bb_rsi_reversal side=YES spot=64424.43 bb=(64428.10,64434.47) rsi=6.9"
2974386,S43_Bollinger_RSI_Reversal,NO,1784484604.025803,0.400000,5,1784484899.928287,0.000000,0.028800,-2.028800,"bb_rsi_reversal side=NO spot=64401.29 bb=(64390.00,64397.36) rsi=100.0"
2974411,S43_Bollinger_RSI_Reversal,YES,1784485203.38737,0.400000,5,1784485499.891081,1.000000,0.028800,2.971200,"bb_rsi_reversal side=YES spot=64430.69 bb=(64431.25,64437.36) rsi=0.0"
2974424,S43_Bollinger_RSI_Reversal,YES,1784485503.235225,0.490000,5,1784485799.950146,0.000000,0.038251,-2.488251,"bb_rsi_reversal side=YES spot=64439.22 bb=(64440.15,64441.78) rsi=8.3"
2974445,S43_Bollinger_RSI_Reversal,YES,1784485804.355393,0.390000,5,1784486099.995805,1.000000,0.027591,3.022409,"bb_rsi_reversal side=YES spot=64345.92 bb=(64349.68,64356.08) rsi=0.0"
2974503,S43_Bollinger_RSI_Reversal,NO,1784486405.412497,0.500000,5,1784486699.999562,1.000000,0.039062,2.460938,"bb_rsi_reversal side=NO spot=64401.61 bb=(64400.18,64401.55) rsi=100.0"
2974508,S43_Bollinger_RSI_Reversal,YES,1784486706.531325,0.560000,5,1784486999.928676,1.000000,0.042499,2.157501,"bb_rsi_reversal side=YES spot=64381.60 bb=(64381.61,64381.61) rsi=0.0"
2974539,S43_Bollinger_RSI_Reversal,YES,1784487004.609402,0.520000,5,1784487299.894727,0.000000,0.040495,-2.640495,"bb_rsi_reversal side=YES spot=64390.76 bb=(64394.01,64399.52) rsi=0.0"
2976509,S43_Bollinger_RSI_Reversal,NO,1784487607.713658,0.330000,5,1784487899.896889,1.000000,0.020165,3.329835,"bb_rsi_reversal side=NO spot=64386.25 bb=(64384.74,64386.24) rsi=100.0"
2977253,S43_Bollinger_RSI_Reversal,NO,1784487903.821354,0.400000,5,1784488199.963078,0.000000,0.028800,-2.028800,"bb_rsi_reversal side=NO spot=64353.27 bb=(64340.70,64348.61) rsi=100.0"
2977262,S43_Bollinger_RSI_Reversal,YES,1784488203.925477,0.390000,5,1784488499.898377,0.000000,0.027591,-1.977591,"bb_rsi_reversal side=YES spot=64403.92 bb=(64409.08,64418.90) rsi=13.5"
2977282,S43_Bollinger_RSI_Reversal,YES,1784488505.96667,0.560000,5,1784488799.987548,0.000000,0.042499,-2.842499,"bb_rsi_reversal side=YES spot=64401.74 bb=(64402.89,64404.97) rsi=0.0"
2977287,S43_Bollinger_RSI_Reversal,NO,1784488805.982269,0.490000,5,1784489099.861724,1.000000,0.038251,2.511749,"bb_rsi_reversal side=NO spot=64392.40 bb=(64391.55,64392.09) rsi=100.0"
2977300,S43_Bollinger_RSI_Reversal,NO,1784489107.005631,0.350000,5,1784489399.886327,0.000000,0.022643,-1.772643,"bb_rsi_reversal side=NO spot=64385.15 bb=(64378.70,64384.75) rsi=100.0"
2977312,S43_Bollinger_RSI_Reversal,NO,1784489403.562471,0.500000,5,1784489699.987743,1.000000,0.039062,2.460938,"bb_rsi_reversal side=NO spot=64391.75 bb=(64391.20,64391.55) rsi=100.0"
2977366,S43_Bollinger_RSI_Reversal,NO,1784489704.243671,0.490000,5,1784489999.892695,1.000000,0.038251,2.511749,"bb_rsi_reversal side=NO spot=64376.03 bb=(64375.98,64376.01) rsi=100.0"
2977432,S43_Bollinger_RSI_Reversal,YES,1784490004.339928,0.540000,5,1784490299.919942,0.000000,0.041649,-2.741649,"bb_rsi_reversal side=YES spot=64372.17 bb=(64372.30,64372.71) rsi=0.0"
2977440,S43_Bollinger_RSI_Reversal,YES,1784490306.395773,0.520000,5,1784490599.957077,0.000000,0.040495,-2.640495,"bb_rsi_reversal side=YES spot=64369.10 bb=(64369.12,64369.16) rsi=0.0"
2977469,S43_Bollinger_RSI_Reversal,YES,1784490605.494659,0.320000,5,1784490899.966679,0.000000,0.018940,-1.618940,"bb_rsi_reversal side=YES spot=64358.18 bb=(64361.12,64366.09) rsi=0.0"
2977516,S43_Bollinger_RSI_Reversal,NO,1784490906.538465,0.460000,5,1784491199.958275,0.000000,0.035479,-2.335479,"bb_rsi_reversal side=NO spot=64356.44 bb=(64356.30,64356.39) rsi=100.0"
2977538,S43_Bollinger_RSI_Reversal,NO,1784491205.406832,0.380000,5,1784491499.890657,0.000000,0.026366,-1.926366,"bb_rsi_reversal side=NO spot=64415.28 bb=(64410.10,64413.52) rsi=100.0"
2977584,S43_Bollinger_RSI_Reversal,NO,1784491503.625787,0.450000,5,1784491799.996752,0.000000,0.034457,-2.284457,"bb_rsi_reversal side=NO spot=64451.11 bb=(64445.27,64448.97) rsi=93.9"
2977613,S43_Bollinger_RSI_Reversal,YES,1784491804.789269,0.530000,5,1784492099.916627,0.000000,0.041109,-2.691109,"bb_rsi_reversal side=YES spot=64465.40 bb=(64465.43,64465.50) rsi=0.0"
2977648,S43_Bollinger_RSI_Reversal,YES,1784492103.731904,0.490000,5,1784492399.875138,0.000000,0.038251,-2.488251,"bb_rsi_reversal side=YES spot=64457.91 bb=(64458.72,64460.10) rsi=0.0"
2977731,S43_Bollinger_RSI_Reversal,YES,1784492404.881366,0.320000,5,1784492699.96668,1.000000,0.018940,3.381060,"bb_rsi_reversal side=YES spot=64429.03 bb=(64433.24,64441.12) rsi=0.0"
2977743,S43_Bollinger_RSI_Reversal,YES,1784492703.931773,0.510000,5,1784492999.941479,0.000000,0.039812,-2.589812,"bb_rsi_reversal side=YES spot=64475.53 bb=(64475.79,64476.24) rsi=0.0"
2977761,S43_Bollinger_RSI_Reversal,NO,1784493003.971031,0.450000,5,1784493299.908877,0.000000,0.034457,-2.284457,"bb_rsi_reversal side=NO spot=64443.33 bb=(64441.99,64442.83) rsi=100.0"
2977830,S43_Bollinger_RSI_Reversal,NO,1784493309.065168,0.480000,5,1784493599.889076,1.000000,0.037380,2.562620,"bb_rsi_reversal side=NO spot=64466.06 bb=(64466.04,64466.04) rsi=100.0"
2977997,S43_Bollinger_RSI_Reversal,YES,1784493604.161878,0.530000,5,1784493899.88746,1.000000,0.041109,2.308891,"bb_rsi_reversal side=YES spot=64446.05 bb=(64446.15,64446.31) rsi=0.0"
2978026,S43_Bollinger_RSI_Reversal,NO,1784493903.313298,0.500000,5,1784494199.9767,0.000000,0.039062,-2.539062,"bb_rsi_reversal side=NO spot=64454.26 bb=(64454.02,64454.21) rsi=100.0"
2978050,S43_Bollinger_RSI_Reversal,YES,1784494203.325616,0.490000,5,1784494499.977805,1.000000,0.038251,2.511749,"bb_rsi_reversal side=YES spot=64452.32 bb=(64452.96,64455.54) rsi=0.0"
2978076,S43_Bollinger_RSI_Reversal,NO,1784494506.292749,0.390000,5,1784494799.917634,0.000000,0.027591,-1.977591,"bb_rsi_reversal side=NO spot=64461.34 bb=(64457.95,64460.86) rsi=100.0"
2978133,S43_Bollinger_RSI_Reversal,NO,1784494805.41465,0.490000,5,1784495099.992154,0.000000,0.038251,-2.488251,"bb_rsi_reversal side=NO spot=64501.05 bb=(64482.51,64494.17) rsi=100.0"
2978148,S43_Bollinger_RSI_Reversal,NO,1784495103.38833,0.530000,5,1784495399.929204,1.000000,0.041109,2.308891,"bb_rsi_reversal side=NO spot=64491.83 bb=(64491.46,64491.69) rsi=100.0"
2978156,S43_Bollinger_RSI_Reversal,YES,1784495403.530006,0.500000,5,1784495699.970163,1.000000,0.039062,2.460938,"bb_rsi_reversal side=YES spot=64469.46 bb=(64469.47,64469.49) rsi=0.0"
2978175,S43_Bollinger_RSI_Reversal,NO,1784495703.602552,0.530000,5,1784495999.983316,1.000000,0.041109,2.308891,"bb_rsi_reversal side=NO spot=64492.41 bb=(64492.27,64492.41) rsi=100.0"
2978184,S43_Bollinger_RSI_Reversal,YES,1784496003.658164,0.400000,5,1784496299.953894,0.000000,0.028800,-2.028800,"bb_rsi_reversal side=YES spot=64443.33 bb=(64445.45,64449.06) rsi=0.0"
2978201,S43_Bollinger_RSI_Reversal,YES,1784496302.861376,0.360000,5,1784496599.893726,0.000000,0.023888,-1.823888,"bb_rsi_reversal side=YES spot=64425.80 bb=(64427.85,64436.07) rsi=0.0"
2978227,S43_Bollinger_RSI_Reversal,YES,1784496603.762092,0.530000,5,1784496899.959266,0.000000,0.041109,-2.691109,"bb_rsi_reversal side=YES spot=64427.60 bb=(64427.60,64427.61) rsi=0.0"
2978264,S43_Bollinger_RSI_Reversal,NO,1784496903.866231,0.420000,5,1784497199.915369,0.000000,0.031154,-2.131154,"bb_rsi_reversal side=NO spot=64378.24 bb=(64376.73,64377.68) rsi=100.0"
2978280,S43_Bollinger_RSI_Reversal,NO,1784497206.937551,0.500000,5,1784497500.0028,1.000000,0.039062,2.460938,"bb_rsi_reversal side=NO spot=64379.60 bb=(64379.38,64379.59) rsi=100.0"
2978293,S43_Bollinger_RSI_Reversal,YES,1784497505.960511,0.560000,5,1784497799.913412,1.000000,0.042499,2.157501,"bb_rsi_reversal side=YES spot=64307.73 bb=(64308.61,64310.10) rsi=0.0"
2978306,S43_Bollinger_RSI_Reversal,NO,1784497804.384932,0.490000,5,1784498099.979593,0.000000,0.038251,-2.488251,"bb_rsi_reversal side=NO spot=64349.63 bb=(64349.62,64349.63) rsi=100.0"
2978330,S43_Bollinger_RSI_Reversal,YES,1784498420.114455,0.360000,5,1784498699.934892,1.000000,0.023888,3.176112,"bb_rsi_reversal side=YES spot=64331.20 bb=(64331.27,64331.63) rsi=0.0"
2978346,S43_Bollinger_RSI_Reversal,NO,1784498703.649266,0.500000,5,1784498999.973615,0.000000,0.039062,-2.539062,"bb_rsi_reversal side=NO spot=64417.20 bb=(64415.47,64417.20) rsi=100.0"
2978379,S43_Bollinger_RSI_Reversal,NO,1784499303.344481,0.460000,5,1784499599.97254,0.000000,0.035479,-2.335479,"bb_rsi_reversal side=NO spot=64627.58 bb=(64610.57,64624.10) rsi=100.0"
2978429,S43_Bollinger_RSI_Reversal,NO,1784499605.4872,0.500000,5,1784499899.964341,1.000000,0.039062,2.460938,"bb_rsi_reversal side=NO spot=64784.01 bb=(64761.11,64775.60) rsi=100.0"
2978577,S43_Bollinger_RSI_Reversal,YES,1784499903.589344,0.460000,5,1784500199.93464,1.000000,0.035479,2.664521,"bb_rsi_reversal side=YES spot=64708.79 bb=(64710.24,64713.00) rsi=10.0"
2978644,S43_Bollinger_RSI_Reversal,NO,1784500503.626686,0.560000,5,1784500800.002777,0.000000,0.042499,-2.842499,"bb_rsi_reversal side=NO spot=64703.38 bb=(64703.18,64703.33) rsi=100.0"
2978674,S43_Bollinger_RSI_Reversal,YES,1784500803.713006,0.420000,5,1784501099.980766,1.000000,0.031154,2.868846,"bb_rsi_reversal side=YES spot=64732.98 bb=(64733.26,64733.74) rsi=0.0"
2978684,S43_Bollinger_RSI_Reversal,YES,1784501103.740056,0.410000,5,1784501399.99632,0.000000,0.029989,-2.079989,"bb_rsi_reversal side=YES spot=64746.95 bb=(64756.27,64772.24) rsi=0.0"
2978698,S43_Bollinger_RSI_Reversal,YES,1784501403.867479,0.480000,5,1784501699.897365,0.000000,0.037380,-2.437380,"bb_rsi_reversal side=YES spot=64682.85 bb=(64683.93,64685.79) rsi=0.0"
2978708,S43_Bollinger_RSI_Reversal,NO,1784501702.934395,0.490000,5,1784501999.967244,1.000000,0.038251,2.511749,"bb_rsi_reversal side=NO spot=64659.61 bb=(64657.13,64658.69) rsi=100.0"
2978734,S43_Bollinger_RSI_Reversal,YES,1784502006.551321,0.420000,5,1784502295.348021,0.000000,0.031154,-2.131154,"bb_rsi_reversal side=YES spot=64624.05 bb=(64624.58,64630.69) rsi=0.0"
2978746,S43_Bollinger_RSI_Reversal,YES,1784502335.399704,0.450000,5,1784502599.904199,1.000000,0.034457,2.715543,"bb_rsi_reversal side=YES spot=64553.20 bb=(64553.20,64553.47) rsi=0.0"
2978753,S43_Bollinger_RSI_Reversal,YES,1784502604.201539,0.530000,5,1784502899.913937,1.000000,0.041109,2.308891,"bb_rsi_reversal side=YES spot=64624.11 bb=(64624.29,64624.60) rsi=0.0"
2978759,S43_Bollinger_RSI_Reversal,NO,1784502903.216157,0.420000,5,1784503199.971051,1.000000,0.031154,2.868846,"bb_rsi_reversal side=NO spot=64656.23 bb=(64655.37,64655.91) rsi=100.0"
2978775,S43_Bollinger_RSI_Reversal,YES,1784503204.714183,0.420000,5,1784503499.959806,0.000000,0.031154,-2.131154,"bb_rsi_reversal side=YES spot=64647.41 bb=(64647.41,64647.73) rsi=0.0"
2978819,S43_Bollinger_RSI_Reversal,YES,1784503503.38631,0.580000,5,1784503799.900346,0.000000,0.043022,-2.943022,"bb_rsi_reversal side=YES spot=64646.47 bb=(64646.58,64646.99) rsi=0.0"
2978843,S43_Bollinger_RSI_Reversal,NO,1784504103.835724,0.590000,5,1784504399.993133,1.000000,0.043155,2.006845,"bb_rsi_reversal side=NO spot=64703.37 bb=(64696.51,64703.37) rsi=100.0"
2978848,S43_Bollinger_RSI_Reversal,YES,1784504402.753552,0.490000,5,1784504699.974324,1.000000,0.038251,2.511749,"bb_rsi_reversal side=YES spot=64607.09 bb=(64608.15,64619.31) rsi=0.0"
2978861,S43_Bollinger_RSI_Reversal,NO,1784504703.645519,0.390000,5,1784504999.991225,1.000000,0.027591,3.022409,"bb_rsi_reversal side=NO spot=64724.18 bb=(64701.43,64716.20) rsi=100.0"
2978877,S43_Bollinger_RSI_Reversal,YES,1784505004.738835,0.480000,5,1784505299.97651,1.000000,0.037380,2.562620,"bb_rsi_reversal side=YES spot=64620.38 bb=(64620.78,64621.45) rsi=0.0"
2978898,S43_Bollinger_RSI_Reversal,NO,1784505305.805727,0.440000,5,1784505599.909661,0.000000,0.033392,-2.233392,"bb_rsi_reversal side=NO spot=64645.75 bb=(64640.81,64643.92) rsi=100.0"
2978936,S43_Bollinger_RSI_Reversal,YES,1784505603.863484,0.420000,5,1784505899.985107,0.000000,0.031154,-2.131154,"bb_rsi_reversal side=YES spot=64680.34 bb=(64680.43,64680.59) rsi=0.0"
2978938,S43_Bollinger_RSI_Reversal,NO,1784505904.092856,0.400000,5,1784506199.929522,0.000000,0.028800,-2.028800,"bb_rsi_reversal side=NO spot=64593.87 bb=(64593.19,64593.74) rsi=100.0"
2978951,S43_Bollinger_RSI_Reversal,NO,1784506202.99478,0.410000,5,1784506499.972668,0.000000,0.029989,-2.079989,"bb_rsi_reversal side=NO spot=64787.34 bb=(64770.46,64781.15) rsi=100.0"
2978961,S43_Bollinger_RSI_Reversal,NO,1784506504.041046,0.560000,5,1784506799.936905,0.000000,0.042499,-2.842499,"bb_rsi_reversal side=NO spot=64971.12 bb=(64965.85,64969.17) rsi=100.0"
2978968,S43_Bollinger_RSI_Reversal,YES,1784506803.188146,0.400000,5,1784507099.95324,0.000000,0.028800,-2.028800,"bb_rsi_reversal side=YES spot=64984.86 bb=(64991.86,65003.72) rsi=0.0"
2978976,S43_Bollinger_RSI_Reversal,NO,1784507102.406051,0.510000,5,1784507399.970736,1.000000,0.039812,2.410188,"bb_rsi_reversal side=NO spot=64869.48 bb=(64864.41,64869.04) rsi=100.0"
2978998,S43_Bollinger_RSI_Reversal,NO,1784507403.360359,0.560000,5,1784507699.996826,1.000000,0.042499,2.157501,"bb_rsi_reversal side=NO spot=64830.97 bb=(64826.25,64829.22) rsi=100.0"
2979018,S43_Bollinger_RSI_Reversal,YES,1784507703.38114,0.460000,5,1784507999.972226,1.000000,0.035479,2.664521,"bb_rsi_reversal side=YES spot=64745.00 bb=(64746.99,64753.66) rsi=0.0"
2979081,S43_Bollinger_RSI_Reversal,YES,1784508003.467205,0.410000,5,1784508299.987307,0.000000,0.029989,-2.079989,"bb_rsi_reversal side=YES spot=64847.15 bb=(64848.74,64855.37) rsi=0.0"
2979098,S43_Bollinger_RSI_Reversal,NO,1784508304.534758,0.560000,5,1784508599.96807,1.000000,0.042499,2.157501,"bb_rsi_reversal side=NO spot=64760.50 bb=(64759.68,64760.20) rsi=100.0"
2979114,S43_Bollinger_RSI_Reversal,YES,1784508604.593906,0.450000,5,1784508899.927824,0.000000,0.034457,-2.284457,"bb_rsi_reversal side=YES spot=64617.67 bb=(64619.17,64621.72) rsi=0.0"
2979123,S43_Bollinger_RSI_Reversal,NO,1784508903.706889,0.450000,5,1784509199.987012,1.000000,0.034457,2.715543,"bb_rsi_reversal side=NO spot=64537.98 bb=(64536.20,64537.33) rsi=100.0"
2979315,S43_Bollinger_RSI_Reversal,NO,1784509204.722681,0.460000,5,1784509499.903741,0.000000,0.035479,-2.335479,"bb_rsi_reversal side=NO spot=64512.98 bb=(64512.43,64512.77) rsi=100.0"
2979322,S43_Bollinger_RSI_Reversal,NO,1784509502.86272,0.500000,5,1784509799.906286,0.000000,0.039062,-2.539062,"bb_rsi_reversal side=NO spot=64556.91 bb=(64555.51,64556.69) rsi=70.1"
2979331,S43_Bollinger_RSI_Reversal,NO,1784509803.946303,0.490000,5,1784510099.997224,1.000000,0.038251,2.511749,"bb_rsi_reversal side=NO spot=64954.93 bb=(64949.55,64952.94) rsi=100.0"
2979347,S43_Bollinger_RSI_Reversal,NO,1784510104.024945,0.430000,5,1784510399.907218,1.000000,0.032290,2.817710,"bb_rsi_reversal side=NO spot=64767.91 bb=(64752.93,64762.35) rsi=100.0"
2979354,S43_Bollinger_RSI_Reversal,NO,1784510403.018374,0.530000,5,1784510699.930397,0.000000,0.041109,-2.691109,"bb_rsi_reversal side=NO spot=64665.49 bb=(64661.37,64663.96) rsi=100.0"
2979383,S43_Bollinger_RSI_Reversal,YES,1784510703.116361,0.450000,5,1784510999.986518,0.000000,0.034457,-2.284457,"bb_rsi_reversal side=YES spot=64811.56 bb=(64813.64,64819.11) rsi=0.0"
2979392,S43_Bollinger_RSI_Reversal,YES,1784511003.393881,0.510000,5,1784511299.982276,1.000000,0.039812,2.410188,"bb_rsi_reversal side=YES spot=64802.57 bb=(64802.58,64802.71) rsi=0.0"
2979448,S43_Bollinger_RSI_Reversal,YES,1784511303.239117,0.490000,5,1784511599.951112,1.000000,0.038251,2.511749,"bb_rsi_reversal side=YES spot=64821.20 bb=(64822.47,64824.97) rsi=0.0"
2979523,S43_Bollinger_RSI_Reversal,NO,1784511603.436603,0.520000,5,1784511899.93903,1.000000,0.040495,2.359505,"bb_rsi_reversal side=NO spot=64839.56 bb=(64839.03,64839.46) rsi=100.0"
2979532,S43_Bollinger_RSI_Reversal,NO,1784511903.452671,0.440000,5,1784512200.010219,0.000000,0.033392,-2.233392,"bb_rsi_reversal side=NO spot=64727.25 bb=(64715.35,64722.86) rsi=100.0"
2979547,S43_Bollinger_RSI_Reversal,YES,1784512202.582422,0.520000,5,1784512499.998713,0.000000,0.040495,-2.640495,"bb_rsi_reversal side=YES spot=64719.18 bb=(64719.29,64719.70) rsi=0.0"
2979564,S43_Bollinger_RSI_Reversal,YES,1784512503.634828,0.550000,5,1784512799.977092,1.000000,0.042114,2.207886,"bb_rsi_reversal side=YES spot=64480.46 bb=(64480.77,64482.02) rsi=0.0"
2979578,S43_Bollinger_RSI_Reversal,YES,1784512803.577453,0.460000,5,1784513099.90843,1.000000,0.035479,2.664521,"bb_rsi_reversal side=YES spot=64574.37 bb=(64575.53,64577.64) rsi=0.0"
2979614,S43_Bollinger_RSI_Reversal,NO,1784513403.779266,0.520000,5,1784513699.952669,1.000000,0.040495,2.359505,"bb_rsi_reversal side=NO spot=64867.67 bb=(64865.62,64867.23) rsi=100.0"
2979634,S43_Bollinger_RSI_Reversal,NO,1784513703.778682,0.450000,5,1784513999.89618,1.000000,0.034457,2.715543,"bb_rsi_reversal side=NO spot=64779.40 bb=(64775.82,64778.28) rsi=100.0"
2979643,S43_Bollinger_RSI_Reversal,YES,1784514003.921114,0.360000,5,1784514299.993017,1.000000,0.023888,3.176112,"bb_rsi_reversal side=YES spot=64583.38 bb=(64593.92,64611.94) rsi=0.0"
2979678,S43_Bollinger_RSI_Reversal,YES,1784514603.081373,0.420000,5,1784514899.998576,1.000000,0.031154,2.868846,"bb_rsi_reversal side=YES spot=64610.29 bb=(64616.91,64628.24) rsi=0.0"
2979732,S43_Bollinger_RSI_Reversal,NO,1784514903.269945,0.500000,5,1784515199.953871,1.000000,0.039062,2.460938,"bb_rsi_reversal side=NO spot=64730.42 bb=(64729.76,64730.29) rsi=100.0"
2979830,S43_Bollinger_RSI_Reversal,YES,1784515203.200682,0.490000,5,1784515499.949122,1.000000,0.038251,2.511749,"bb_rsi_reversal side=YES spot=64695.93 bb=(64696.74,64698.29) rsi=0.0"
2979855,S43_Bollinger_RSI_Reversal,NO,1784515803.349536,0.500000,5,1784516099.976417,1.000000,0.039062,2.460938,"bb_rsi_reversal side=NO spot=64866.44 bb=(64865.73,64866.18) rsi=100.0"
2979872,S43_Bollinger_RSI_Reversal,NO,1784516104.446702,0.500000,5,1784516399.971668,1.000000,0.039062,2.460938,"bb_rsi_reversal side=NO spot=64822.64 bb=(64821.64,64822.28) rsi=93.7"
2979891,S43_Bollinger_RSI_Reversal,YES,1784516402.588854,0.490000,5,1784516700.01235,1.000000,0.038251,2.511749,"bb_rsi_reversal side=YES spot=64777.89 bb=(64777.95,64778.19) rsi=0.0"
2979897,S43_Bollinger_RSI_Reversal,NO,1784516702.58495,0.500000,5,1784516999.968176,1.000000,0.039062,2.460938,"bb_rsi_reversal side=NO spot=64828.78 bb=(64825.58,64827.59) rsi=100.0"
2979926,S43_Bollinger_RSI_Reversal,NO,1784517003.815544,0.420000,5,1784517299.908831,0.000000,0.031154,-2.131154,"bb_rsi_reversal side=NO spot=64773.85 bb=(64772.79,64773.76) rsi=100.0"
2979951,S43_Bollinger_RSI_Reversal,YES,1784517302.879236,0.440000,5,1784517599.98318,0.000000,0.033392,-2.233392,"bb_rsi_reversal side=YES spot=64789.62 bb=(64790.16,64795.83) rsi=0.0"
2979960,S43_Bollinger_RSI_Reversal,YES,1784517603.951005,0.410000,5,1784517899.99531,0.000000,0.029989,-2.079989,"bb_rsi_reversal side=YES spot=64728.01 bb=(64728.40,64732.50) rsi=0.0"
2979964,S43_Bollinger_RSI_Reversal,YES,1784517903.80714,0.480000,5,1784518199.913652,0.000000,0.037380,-2.437380,"bb_rsi_reversal side=YES spot=64674.42 bb=(64674.95,64676.62) rsi=0.0"
2979980,S43_Bollinger_RSI_Reversal,YES,1784518203.847719,0.410000,5,1784518499.995206,1.000000,0.029989,2.920011,"bb_rsi_reversal side=YES spot=64625.93 bb=(64626.45,64633.32) rsi=0.0"
2980024,S43_Bollinger_RSI_Reversal,YES,1784518502.867296,0.480000,5,1784518799.975811,1.000000,0.037380,2.562620,"bb_rsi_reversal side=YES spot=64681.30 bb=(64681.87,64682.82) rsi=0.0"
2980084,S43_Bollinger_RSI_Reversal,NO,1784518803.933985,0.460000,5,1784519099.97294,0.000000,0.035479,-2.335479,"bb_rsi_reversal side=NO spot=64770.65 bb=(64755.79,64765.28) rsi=100.0"
2980096,S43_Bollinger_RSI_Reversal,NO,1784519105.130847,0.500000,5,1784519399.953222,1.000000,0.039062,2.460938,"bb_rsi_reversal side=NO spot=64854.43 bb=(64854.35,64854.42) rsi=100.0"
2980108,S43_Bollinger_RSI_Reversal,NO,1784519403.195604,0.430000,5,1784519699.941011,1.000000,0.032290,2.817710,"bb_rsi_reversal side=NO spot=64831.92 bb=(64825.10,64829.39) rsi=100.0"
2980618,S43_Bollinger_RSI_Reversal,NO,1784519703.239279,0.460000,5,1784519999.997764,0.000000,0.035479,-2.335479,"bb_rsi_reversal side=NO spot=64801.95 bb=(64800.52,64801.42) rsi=100.0"
2981091,S43_Bollinger_RSI_Reversal,YES,1784520002.691319,0.510000,5,1784520299.999325,0.000000,0.039812,-2.589812,"bb_rsi_reversal side=YES spot=64813.09 bb=(64813.09,64814.61) rsi=0.0"
2981106,S43_Bollinger_RSI_Reversal,NO,1784520303.396215,0.500000,5,1784520599.901721,1.000000,0.039062,2.460938,"bb_rsi_reversal side=NO spot=64751.08 bb=(64750.40,64750.98) rsi=100.0"
2981149,S43_Bollinger_RSI_Reversal,NO,1784520606.459416,0.430000,5,1784520899.935891,1.000000,0.032290,2.817710,"bb_rsi_reversal side=NO spot=64691.20 bb=(64689.44,64690.55) rsi=100.0"
2981160,S43_Bollinger_RSI_Reversal,NO,1784520903.509415,0.430000,5,1784521199.996793,1.000000,0.032290,2.817710,"bb_rsi_reversal side=NO spot=64653.59 bb=(64652.73,64653.38) rsi=100.0"
2981200,S43_Bollinger_RSI_Reversal,YES,1784521203.773484,0.480000,5,1784521499.98036,1.000000,0.037380,2.562620,"bb_rsi_reversal side=YES spot=64626.84 bb=(64627.06,64629.39) rsi=0.0"
2981336,S43_Bollinger_RSI_Reversal,NO,1784521506.633246,0.490000,5,1784521799.901216,0.000000,0.038251,-2.488251,"bb_rsi_reversal side=NO spot=64663.58 bb=(64663.07,64663.39) rsi=100.0"
2981347,S43_Bollinger_RSI_Reversal,YES,1784521802.855039,0.520000,5,1784522099.934374,0.000000,0.040495,-2.640495,"bb_rsi_reversal side=YES spot=64710.48 bb=(64710.60,64711.92) rsi=0.0"
2981392,S43_Bollinger_RSI_Reversal,NO,1784522103.786033,0.370000,5,1784522399.927256,0.000000,0.025130,-1.875130,"bb_rsi_reversal side=NO spot=64698.12 bb=(64693.27,64697.05) rsi=100.0"
2981487,S43_Bollinger_RSI_Reversal,YES,1784522403.801655,0.450000,5,1784522699.987353,0.000000,0.034457,-2.284457,"bb_rsi_reversal side=YES spot=64711.29 bb=(64713.73,64717.86) rsi=0.0"
2981496,S43_Bollinger_RSI_Reversal,YES,1784522703.934253,0.510000,5,1784522999.983879,0.000000,0.039812,-2.589812,"bb_rsi_reversal side=YES spot=64681.88 bb=(64681.88,64681.90) rsi=0.0"
2982253,S43_Bollinger_RSI_Reversal,NO,1784523302.961594,0.440000,5,1784523599.989235,0.000000,0.033392,-2.233392,"bb_rsi_reversal side=NO spot=64489.57 bb=(64489.08,64489.39) rsi=100.0"
2985218,S43_Bollinger_RSI_Reversal,NO,1784523607.087567,0.400000,5,1784523900.004806,1.000000,0.028800,2.971200,"bb_rsi_reversal side=NO spot=64501.77 bb=(64500.85,64501.74) rsi=100.0"
2985237,S43_Bollinger_RSI_Reversal,YES,1784523903.078187,0.460000,5,1784524199.988216,0.000000,0.035479,-2.335479,"bb_rsi_reversal side=YES spot=64400.74 bb=(64400.77,64400.86) rsi=0.0"
2985257,S43_Bollinger_RSI_Reversal,YES,1784524203.254067,0.450000,5,1784524500.004131,0.000000,0.034457,-2.284457,"bb_rsi_reversal side=YES spot=64365.77 bb=(64365.83,64365.92) rsi=0.0"
2985266,S43_Bollinger_RSI_Reversal,YES,1784524504.296686,0.450000,5,1784524799.979749,1.000000,0.034457,2.715543,"bb_rsi_reversal side=YES spot=64186.00 bb=(64188.66,64193.18) rsi=0.0"
2985278,S43_Bollinger_RSI_Reversal,YES,1784524804.389396,0.520000,5,1784525099.972179,0.000000,0.040495,-2.640495,"bb_rsi_reversal side=YES spot=64314.87 bb=(64315.61,64316.85) rsi=0.0"
2985348,S43_Bollinger_RSI_Reversal,YES,1784525103.361462,0.510000,5,1784525399.945109,0.000000,0.039812,-2.589812,"bb_rsi_reversal side=YES spot=64134.66 bb=(64138.04,64146.85) rsi=0.0"
2985362,S43_Bollinger_RSI_Reversal,YES,1784525402.600993,0.520000,5,1784525699.934111,0.000000,0.040495,-2.640495,"bb_rsi_reversal side=YES spot=64127.15 bb=(64128.26,64133.08) rsi=0.0"
2985372,S43_Bollinger_RSI_Reversal,YES,1784525704.53094,0.410000,5,1784525999.950192,1.000000,0.029989,2.920011,"bb_rsi_reversal side=YES spot=64088.76 bb=(64100.19,64119.57) rsi=0.0"
2985443,S43_Bollinger_RSI_Reversal,NO,1784526303.655978,0.460000,5,1784526599.93586,1.000000,0.035479,2.664521,"bb_rsi_reversal side=NO spot=64155.25 bb=(64152.82,64154.35) rsi=100.0"
2985448,S43_Bollinger_RSI_Reversal,NO,1784526602.709182,0.500000,5,1784526899.925581,1.000000,0.039062,2.460938,"bb_rsi_reversal side=NO spot=64121.82 bb=(64117.76,64120.39) rsi=100.0"
2985496,S43_Bollinger_RSI_Reversal,YES,1784526903.779615,0.500000,5,1784527199.971239,1.000000,0.039062,2.460938,"bb_rsi_reversal side=YES spot=64057.69 bb=(64057.70,64059.45) rsi=0.0"
2985507,S43_Bollinger_RSI_Reversal,NO,1784527203.821667,0.480000,5,1784527500.00372,0.000000,0.037380,-2.437380,"bb_rsi_reversal side=NO spot=64087.94 bb=(64070.41,64084.73) rsi=100.0"
2985514,S43_Bollinger_RSI_Reversal,YES,1784527505.951026,0.530000,5,1784527799.982461,1.000000,0.041109,2.308891,"bb_rsi_reversal side=YES spot=64086.89 bb=(64086.91,64086.95) rsi=0.0"
2985527,S43_Bollinger_RSI_Reversal,YES,1784527804.033509,0.330000,5,1784528099.990881,1.000000,0.020165,3.329835,"bb_rsi_reversal side=YES spot=64079.39 bb=(64087.40,64101.02) rsi=0.0"
2985549,S43_Bollinger_RSI_Reversal,NO,1784528403.592186,0.440000,5,1784528699.966785,1.000000,0.033392,2.766608,"bb_rsi_reversal side=NO spot=64131.20 bb=(64129.31,64130.61) rsi=100.0"
2985557,S43_Bollinger_RSI_Reversal,NO,1784529007.540493,0.440000,5,1784529299.959457,1.000000,0.033392,2.766608,"bb_rsi_reversal side=NO spot=64078.93 bb=(64072.92,64076.70) rsi=100.0"
2985610,S43_Bollinger_RSI_Reversal,YES,1784529302.709008,0.500000,5,1784529599.906789,0.000000,0.039062,-2.539062,"bb_rsi_reversal side=YES spot=63941.27 bb=(63941.44,63941.73) rsi=0.0"
2985629,S43_Bollinger_RSI_Reversal,YES,1784529603.740009,0.450000,5,1784529899.935815,0.000000,0.034457,-2.284457,"bb_rsi_reversal side=YES spot=63874.47 bb=(63877.45,63888.20) rsi=0.0"
2985632,S43_Bollinger_RSI_Reversal,YES,1784529902.944289,0.500000,5,1784530199.947809,1.000000,0.039062,2.460938,"bb_rsi_reversal side=YES spot=63749.44 bb=(63754.31,63773.80) rsi=0.0"
2985646,S43_Bollinger_RSI_Reversal,YES,1784530203.910336,0.460000,5,1784530499.983523,1.000000,0.035479,2.664521,"bb_rsi_reversal side=YES spot=63794.46 bb=(63801.10,63813.08) rsi=0.0"
2985665,S43_Bollinger_RSI_Reversal,NO,1784530503.875914,0.490000,5,1784530799.882931,0.000000,0.038251,-2.488251,"bb_rsi_reversal side=NO spot=63855.80 bb=(63854.99,63855.63) rsi=100.0"
2985667,S43_Bollinger_RSI_Reversal,YES,1784530804.926064,0.510000,5,1784531099.908512,1.000000,0.039812,2.410188,"bb_rsi_reversal side=YES spot=63855.09 bb=(63856.73,63859.53) rsi=0.0"
2985686,S43_Bollinger_RSI_Reversal,YES,1784531103.98386,0.450000,5,1784531399.938655,0.000000,0.034457,-2.284457,"bb_rsi_reversal side=YES spot=63923.51 bb=(63925.64,63929.27) rsi=0.0"
2985710,S43_Bollinger_RSI_Reversal,YES,1784531705.110535,0.450000,5,1784531999.941135,0.000000,0.034457,-2.284457,"bb_rsi_reversal side=YES spot=63904.26 bb=(63906.75,63910.98) rsi=0.0"
2985712,S43_Bollinger_RSI_Reversal,YES,1784532004.237104,0.420000,5,1784532299.981326,1.000000,0.031154,2.868846,"bb_rsi_reversal side=YES spot=63900.92 bb=(63902.87,63913.62) rsi=0.0"
2985730,S43_Bollinger_RSI_Reversal,NO,1784532303.313359,0.540000,5,1784532599.995806,0.000000,0.041649,-2.741649,"bb_rsi_reversal side=NO spot=64021.91 bb=(64021.15,64021.63) rsi=100.0"
2985750,S43_Bollinger_RSI_Reversal,YES,1784532604.745972,0.450000,5,1784532899.984449,1.000000,0.034457,2.715543,"bb_rsi_reversal side=YES spot=64069.44 bb=(64069.58,64069.83) rsi=0.0"
2985793,S43_Bollinger_RSI_Reversal,YES,1784532904.795901,0.500000,5,1784533199.991864,0.000000,0.039062,-2.539062,"bb_rsi_reversal side=YES spot=64120.87 bb=(64122.06,64124.07) rsi=0.0"
2985801,S43_Bollinger_RSI_Reversal,YES,1784533202.906552,0.480000,5,1784533499.889877,1.000000,0.037380,2.562620,"bb_rsi_reversal side=YES spot=64057.80 bb=(64058.79,64060.48) rsi=0.0"
2985815,S43_Bollinger_RSI_Reversal,NO,1784533504.699657,0.480000,5,1784533799.958538,0.000000,0.037380,-2.437380,"bb_rsi_reversal side=NO spot=64152.84 bb=(64147.82,64150.98) rsi=100.0"
2985819,S43_Bollinger_RSI_Reversal,YES,1784533803.261692,0.440000,5,1784534099.94786,1.000000,0.033392,2.766608,"bb_rsi_reversal side=YES spot=64154.36 bb=(64154.61,64155.04) rsi=0.0"
2985854,S43_Bollinger_RSI_Reversal,NO,1784534103.72137,0.490000,5,1784534399.980691,0.000000,0.038251,-2.488251,"bb_rsi_reversal side=NO spot=64210.62 bb=(64210.61,64210.62) rsi=100.0"
2985868,S43_Bollinger_RSI_Reversal,YES,1784534403.455937,0.440000,5,1784534699.960639,1.000000,0.033392,2.766608,"bb_rsi_reversal side=YES spot=64210.46 bb=(64212.61,64216.27) rsi=0.0"
2985915,S43_Bollinger_RSI_Reversal,NO,1784534705.55121,0.510000,5,1784535000.001298,1.000000,0.039812,2.410188,"bb_rsi_reversal side=NO spot=64232.05 bb=(64231.93,64232.00) rsi=100.0"
2985988,S43_Bollinger_RSI_Reversal,YES,1784535003.022095,0.520000,5,1784535299.997366,1.000000,0.040495,2.359505,"bb_rsi_reversal side=YES spot=64188.45 bb=(64188.61,64188.90) rsi=0.0"
2986006,S43_Bollinger_RSI_Reversal,YES,1784535306.683469,0.530000,5,1784535599.916777,0.000000,0.041109,-2.691109,"bb_rsi_reversal side=YES spot=64232.40 bb=(64233.43,64235.17) rsi=0.0"
2986014,S43_Bollinger_RSI_Reversal,YES,1784535602.979455,0.440000,5,1784535899.972328,0.000000,0.033392,-2.233392,"bb_rsi_reversal side=YES spot=64229.51 bb=(64231.23,64234.16) rsi=0.0"
2986022,S43_Bollinger_RSI_Reversal,YES,1784535903.23392,0.700000,5,1784536199.985502,0.000000,0.038588,-3.538588,"bb_rsi_reversal side=YES spot=64187.14 bb=(64192.10,64200.57) rsi=0.0"
2986033,S43_Bollinger_RSI_Reversal,YES,1784536205.215234,0.480000,5,1784536499.948884,0.000000,0.037380,-2.437380,"bb_rsi_reversal side=YES spot=64180.67 bb=(64180.67,64180.69) rsi=0.0"
2986083,S43_Bollinger_RSI_Reversal,YES,1784536503.286909,0.530000,5,1784536799.904382,0.000000,0.041109,-2.691109,"bb_rsi_reversal side=YES spot=64132.86 bb=(64134.86,64138.25) rsi=0.0"
2986113,S43_Bollinger_RSI_Reversal,NO,1784536808.402922,0.480000,5,1784537099.965812,1.000000,0.037380,2.562620,"bb_rsi_reversal side=NO spot=63910.04 bb=(63909.58,63910.01) rsi=100.0"
2986122,S43_Bollinger_RSI_Reversal,YES,1784537105.158175,0.620000,5,1784537399.940951,1.000000,0.043018,1.856982,"bb_rsi_reversal side=YES spot=63861.72 bb=(63861.72,63861.73) rsi=0.0"
2986139,S43_Bollinger_RSI_Reversal,YES,1784537403.304913,0.520000,5,1784537700.000993,0.000000,0.040495,-2.640495,"bb_rsi_reversal side=YES spot=63987.83 bb=(63989.02,63991.03) rsi=0.0"
2986143,S43_Bollinger_RSI_Reversal,NO,1784537705.561681,0.380000,5,1784537999.903898,0.000000,0.026366,-1.926366,"bb_rsi_reversal side=NO spot=63957.50 bb=(63956.65,63957.26) rsi=100.0"
2986157,S43_Bollinger_RSI_Reversal,NO,1784538005.733023,0.530000,5,1784538299.88901,1.000000,0.041109,2.308891,"bb_rsi_reversal side=NO spot=63991.49 bb=(63990.94,63991.28) rsi=100.0"
2986174,S43_Bollinger_RSI_Reversal,YES,1784538304.037282,0.440000,5,1784538599.897149,0.000000,0.033392,-2.233392,"bb_rsi_reversal side=YES spot=63969.80 bb=(63971.08,63973.29) rsi=0.0"
2986184,S43_Bollinger_RSI_Reversal,NO,1784538607.116006,0.390000,5,1784538899.89594,0.000000,0.027591,-1.977591,"bb_rsi_reversal side=NO spot=63974.43 bb=(63967.51,63971.87) rsi=100.0"
2986191,S43_Bollinger_RSI_Reversal,YES,1784538903.247926,0.510000,5,1784539199.891141,0.000000,0.039812,-2.589812,"bb_rsi_reversal side=YES spot=64039.85 bb=(64040.25,64040.93) rsi=0.0"
2986213,S43_Bollinger_RSI_Reversal,YES,1784539203.400266,0.430000,5,1784539499.967922,1.000000,0.032290,2.817710,"bb_rsi_reversal side=YES spot=64028.78 bb=(64030.70,64034.24) rsi=0.0"
2986225,S43_Bollinger_RSI_Reversal,NO,1784539504.540375,0.490000,5,1784539799.915907,0.000000,0.038251,-2.488251,"bb_rsi_reversal side=NO spot=64102.18 bb=(64099.36,64101.74) rsi=100.0"
2986228,S43_Bollinger_RSI_Reversal,NO,1784539806.318427,0.540000,5,1784540099.902201,0.000000,0.041649,-2.741649,"bb_rsi_reversal side=NO spot=64137.92 bb=(64135.66,64137.08) rsi=100.0"
2986288,S43_Bollinger_RSI_Reversal,NO,1784540108.348032,0.440000,5,1784540399.905613,1.000000,0.033392,2.766608,"bb_rsi_reversal side=NO spot=64186.80 bb=(64186.13,64186.55) rsi=100.0"
2986300,S43_Bollinger_RSI_Reversal,NO,1784540403.807921,0.400000,5,1784540699.8873,0.000000,0.028800,-2.028800,"bb_rsi_reversal side=NO spot=64175.26 bb=(64157.53,64169.09) rsi=100.0"
2986396,S43_Bollinger_RSI_Reversal,YES,1784541303.094661,0.460000,5,1784541599.924714,0.000000,0.035479,-2.335479,"bb_rsi_reversal side=YES spot=64175.39 bb=(64175.40,64175.47) rsi=0.0"
2986411,S43_Bollinger_RSI_Reversal,NO,1784541604.862919,0.510000,5,1784541899.886525,0.000000,0.039812,-2.589812,"bb_rsi_reversal side=NO spot=64139.19 bb=(64137.69,64138.74) rsi=95.6"
2986416,S43_Bollinger_RSI_Reversal,YES,1784541905.371847,0.520000,5,1784542199.935692,1.000000,0.040495,2.359505,"bb_rsi_reversal side=YES spot=64162.24 bb=(64162.27,64162.32) rsi=0.0"
2986519,S43_Bollinger_RSI_Reversal,NO,1784542206.394433,0.490000,5,1784542499.981901,0.000000,0.038251,-2.488251,"bb_rsi_reversal side=NO spot=64165.39 bb=(64163.87,64165.14) rsi=100.0"
2986528,S43_Bollinger_RSI_Reversal,YES,1784542503.459208,0.460000,5,1784542799.926378,0.000000,0.035479,-2.335479,"bb_rsi_reversal side=YES spot=64216.32 bb=(64217.89,64221.08) rsi=16.8"
2986539,S43_Bollinger_RSI_Reversal,NO,1784542805.693658,0.510000,5,1784543099.993064,0.000000,0.039812,-2.589812,"bb_rsi_reversal side=NO spot=64205.38 bb=(64203.64,64204.81) rsi=100.0"
2986552,S43_Bollinger_RSI_Reversal,NO,1784543103.753637,0.440000,5,1784543399.931111,1.000000,0.033392,2.766608,"bb_rsi_reversal side=NO spot=64339.47 bb=(64330.97,64336.39) rsi=100.0"
2986561,S43_Bollinger_RSI_Reversal,YES,1784543403.114916,0.450000,5,1784543699.999426,0.000000,0.034457,-2.284457,"bb_rsi_reversal side=YES spot=64287.54 bb=(64287.57,64287.73) rsi=0.0"
2986614,S43_Bollinger_RSI_Reversal,YES,1784543705.715575,0.370000,5,1784543999.84575,0.000000,0.025130,-1.875130,"bb_rsi_reversal side=YES spot=64209.09 bb=(64215.06,64225.18) rsi=0.0"
2986743,S43_Bollinger_RSI_Reversal,YES,1784544006.985304,0.500000,5,1784544299.969272,1.000000,0.039062,2.460938,"bb_rsi_reversal side=YES spot=64216.22 bb=(64216.92,64218.12) rsi=0.0"
2986757,S43_Bollinger_RSI_Reversal,YES,1784544303.189146,0.520000,5,1784544599.962722,1.000000,0.040495,2.359505,"bb_rsi_reversal side=YES spot=64259.97 bb=(64260.11,64260.68) rsi=0.0"
2986768,S43_Bollinger_RSI_Reversal,YES,1784544603.168276,0.500000,5,1784544899.90657,1.000000,0.039062,2.460938,"bb_rsi_reversal side=YES spot=64273.06 bb=(64273.34,64273.84) rsi=0.0"
2987063,S43_Bollinger_RSI_Reversal,NO,1784544903.182297,0.490000,5,1784545199.919388,1.000000,0.038251,2.511749,"bb_rsi_reversal side=NO spot=64287.85 bb=(64283.20,64286.26) rsi=100.0"
2987158,S43_Bollinger_RSI_Reversal,NO,1784545205.50235,0.420000,5,1784545500.006498,0.000000,0.031154,-2.131154,"bb_rsi_reversal side=NO spot=64245.94 bb=(64241.63,64244.34) rsi=100.0"
2987172,S43_Bollinger_RSI_Reversal,NO,1784545505.490003,0.350000,5,1784545799.930908,0.000000,0.022643,-1.772643,"bb_rsi_reversal side=NO spot=64283.16 bb=(64263.97,64282.91) rsi=100.0"
2987184,S43_Bollinger_RSI_Reversal,YES,1784545803.866071,0.430000,5,1784546099.911279,0.000000,0.032290,-2.182290,"bb_rsi_reversal side=YES spot=64366.54 bb=(64366.98,64367.73) rsi=0.0"
2987194,S43_Bollinger_RSI_Reversal,NO,1784546103.450917,0.490000,5,1784546290.490424,1.000000,0.038251,2.511749,"bb_rsi_reversal side=NO spot=64318.92 bb=(64318.59,64318.87) rsi=100.0"
2987215,S43_Bollinger_RSI_Reversal,YES,1784546403.401682,0.460000,5,1784546699.982137,0.000000,0.035479,-2.335479,"bb_rsi_reversal side=YES spot=64276.76 bb=(64277.60,64280.94) rsi=0.0"
2987295,S43_Bollinger_RSI_Reversal,YES,1784546703.241471,0.530000,5,1784546999.99636,1.000000,0.041109,2.308891,"bb_rsi_reversal side=YES spot=64254.89 bb=(64255.13,64257.66) rsi=0.0"
2987312,S43_Bollinger_RSI_Reversal,NO,1784547011.066169,0.460000,5,1784547300.004816,0.000000,0.035479,-2.335479,"bb_rsi_reversal side=NO spot=64279.91 bb=(64278.50,64279.64) rsi=70.0"
2987354,S43_Bollinger_RSI_Reversal,YES,1784547303.776454,0.490000,5,1784547599.892912,1.000000,0.038251,2.511749,"bb_rsi_reversal side=YES spot=64728.74 bb=(64730.29,64743.46) rsi=0.0"
2987372,S43_Bollinger_RSI_Reversal,YES,1784547603.178363,0.460000,5,1784547899.994287,0.000000,0.035479,-2.335479,"bb_rsi_reversal side=YES spot=64811.37 bb=(64811.60,64814.21) rsi=0.0"
2987378,S43_Bollinger_RSI_Reversal,NO,1784547903.842121,0.400000,5,1784548199.957001,0.000000,0.028800,-2.028800,"bb_rsi_reversal side=NO spot=64780.02 bb=(64769.13,64777.27) rsi=100.0"
2987391,S43_Bollinger_RSI_Reversal,NO,1784548205.157294,0.640000,5,1784548499.915808,0.000000,0.042467,-3.242467,"bb_rsi_reversal side=NO spot=64892.92 bb=(64888.85,64892.77) rsi=100.0"
2987500,S43_Bollinger_RSI_Reversal,NO,1784548503.326999,0.530000,5,1784548799.90492,0.000000,0.041109,-2.691109,"bb_rsi_reversal side=NO spot=64904.89 bb=(64902.72,64904.10) rsi=100.0"
2987527,S43_Bollinger_RSI_Reversal,NO,1784549105.500412,0.520000,5,1784549399.967043,0.000000,0.040495,-2.640495,"bb_rsi_reversal side=NO spot=64749.61 bb=(64743.00,64748.59) rsi=100.0"
2987540,S43_Bollinger_RSI_Reversal,YES,1784549403.930055,0.460000,5,1784549700.009632,0.000000,0.035479,-2.335479,"bb_rsi_reversal side=YES spot=64799.50 bb=(64802.85,64808.53) rsi=0.2"
2987554,S43_Bollinger_RSI_Reversal,YES,1784549706.929559,0.500000,5,1784549999.900229,0.000000,0.039062,-2.539062,"bb_rsi_reversal side=YES spot=64694.33 bb=(64697.67,64704.22) rsi=0.0"
2987732,S43_Bollinger_RSI_Reversal,YES,1784550304.926764,0.380000,5,1784550599.885473,0.000000,0.026366,-1.926366,"bb_rsi_reversal side=YES spot=64646.99 bb=(64647.63,64648.74) rsi=6.5"
2987738,S43_Bollinger_RSI_Reversal,NO,1784550605.203881,0.440000,5,1784550899.985501,0.000000,0.033392,-2.233392,"bb_rsi_reversal side=NO spot=64640.90 bb=(64636.64,64639.33) rsi=96.9"
2987786,S43_Bollinger_RSI_Reversal,NO,1784550909.284902,0.410000,5,1784551199.957766,1.000000,0.029989,2.920011,"bb_rsi_reversal side=NO spot=64649.65 bb=(64646.83,64648.66) rsi=100.0"
2987825,S43_Bollinger_RSI_Reversal,NO,1784551203.437681,0.440000,5,1784551499.894898,1.000000,0.033392,2.766608,"bb_rsi_reversal side=NO spot=64622.83 bb=(64622.15,64622.58) rsi=96.2"
2987843,S43_Bollinger_RSI_Reversal,YES,1784551503.46292,0.450000,5,1784551799.994505,1.000000,0.034457,2.715543,"bb_rsi_reversal side=YES spot=64543.04 bb=(64543.52,64544.33) rsi=0.0"
2987849,S43_Bollinger_RSI_Reversal,NO,1784551807.556327,0.500000,5,1784552099.942999,1.000000,0.039062,2.460938,"bb_rsi_reversal side=NO spot=64664.14 bb=(64662.03,64663.36) rsi=100.0"
2987910,S43_Bollinger_RSI_Reversal,NO,1784552105.297063,0.460000,5,1784552399.918948,1.000000,0.035479,2.664521,"bb_rsi_reversal side=NO spot=64601.33 bb=(64598.44,64601.10) rsi=100.0"
2987917,S43_Bollinger_RSI_Reversal,NO,1784552408.773822,0.380000,5,1784552699.987575,1.000000,0.026366,3.073634,"bb_rsi_reversal side=NO spot=64600.13 bb=(64596.03,64600.05) rsi=100.0"
2987935,S43_Bollinger_RSI_Reversal,NO,1784552704.808082,0.430000,5,1784552999.931963,0.000000,0.032290,-2.182290,"bb_rsi_reversal side=NO spot=64579.45 bb=(64577.48,64578.84) rsi=100.0"
2988028,S43_Bollinger_RSI_Reversal,NO,1784553003.320672,0.490000,5,1784553299.996175,1.000000,0.038251,2.511749,"bb_rsi_reversal side=NO spot=64666.07 bb=(64665.99,64666.04) rsi=100.0"
2988037,S43_Bollinger_RSI_Reversal,NO,1784553303.437639,0.420000,5,1784553599.936762,0.000000,0.031154,-2.131154,"bb_rsi_reversal side=NO spot=64636.18 bb=(64628.66,64634.43) rsi=70.5"
2988051,S43_Bollinger_RSI_Reversal,YES,1784553604.650327,0.510000,5,1784553899.973504,0.000000,0.039812,-2.589812,"bb_rsi_reversal side=YES spot=64646.69 bb=(64646.71,64646.73) rsi=0.0"
2988068,S43_Bollinger_RSI_Reversal,YES,1784553903.526657,0.220000,5,1784554199.877855,0.000000,0.008098,-1.108098,"bb_rsi_reversal side=YES spot=64522.42 bb=(64543.43,64583.53) rsi=0.0"
2988076,S43_Bollinger_RSI_Reversal,NO,1784554206.018305,0.360000,5,1784554499.9963,0.000000,0.023888,-1.823888,"bb_rsi_reversal side=NO spot=64514.92 bb=(64466.74,64497.25) rsi=100.0"
2988127,S43_Bollinger_RSI_Reversal,NO,1784554507.095785,0.430000,5,1784554799.982302,1.000000,0.032290,2.817710,"bb_rsi_reversal side=NO spot=64627.17 bb=(64615.35,64622.78) rsi=100.0"
2988295,S43_Bollinger_RSI_Reversal,NO,1784554805.106049,0.430000,5,1784555099.909288,1.000000,0.032290,2.817710,"bb_rsi_reversal side=NO spot=64624.48 bb=(64594.49,64613.48) rsi=100.0"
2988321,S43_Bollinger_RSI_Reversal,YES,1784555406.727459,0.490000,5,1784555699.929042,0.000000,0.038251,-2.488251,"bb_rsi_reversal side=YES spot=64652.92 bb=(64654.53,64662.05) rsi=0.0"
2988339,S43_Bollinger_RSI_Reversal,YES,1784555704.106551,0.510000,5,1784555999.900039,0.000000,0.039812,-2.589812,"bb_rsi_reversal side=YES spot=64274.40 bb=(64274.64,64282.01) rsi=0.0"
2988367,S43_Bollinger_RSI_Reversal,NO,1784556005.01734,0.460000,5,1784556299.989414,0.000000,0.035479,-2.335479,"bb_rsi_reversal side=NO spot=64281.71 bb=(64271.12,64277.98) rsi=100.0"
2988378,S43_Bollinger_RSI_Reversal,YES,1784556303.528271,0.450000,5,1784556599.883153,1.000000,0.034457,2.715543,"bb_rsi_reversal side=YES spot=64358.31 bb=(64361.64,64367.60) rsi=10.2"
2988533,S43_Bollinger_RSI_Reversal,YES,1784556904.556785,0.400000,5,1784557199.935081,0.000000,0.028800,-2.028800,"bb_rsi_reversal side=YES spot=64237.49 bb=(64246.16,64262.52) rsi=0.0"
2988543,S43_Bollinger_RSI_Reversal,YES,1784557205.661769,0.380000,5,1784557499.924817,1.000000,0.026366,3.073634,"bb_rsi_reversal side=YES spot=64147.09 bb=(64150.46,64181.56) rsi=0.0"
2988588,S43_Bollinger_RSI_Reversal,NO,1784557504.670485,0.440000,5,1784557799.910504,0.000000,0.033392,-2.233392,"bb_rsi_reversal side=NO spot=64289.58 bb=(64270.50,64282.50) rsi=100.0"
2988612,S43_Bollinger_RSI_Reversal,YES,1784557805.734992,0.440000,5,1784558099.906314,0.000000,0.033392,-2.233392,"bb_rsi_reversal side=YES spot=64400.73 bb=(64403.73,64409.56) rsi=14.4"
2988654,S43_Bollinger_RSI_Reversal,YES,1784558103.323728,0.440000,5,1784558399.894756,0.000000,0.033392,-2.233392,"bb_rsi_reversal side=YES spot=64375.85 bb=(64375.85,64387.80) rsi=0.0"
2988669,S43_Bollinger_RSI_Reversal,YES,1784558405.918823,0.500000,5,1784558699.996306,1.000000,0.039062,2.460938,"bb_rsi_reversal side=YES spot=64347.10 bb=(64347.19,64347.33) rsi=0.0"
2988686,S43_Bollinger_RSI_Reversal,YES,1784558704.962167,0.410000,5,1784558999.950246,0.000000,0.029989,-2.079989,"bb_rsi_reversal side=YES spot=64354.03 bb=(64356.11,64364.70) rsi=0.0"
2988697,S43_Bollinger_RSI_Reversal,YES,1784559003.418685,0.450000,5,1784559299.947794,0.000000,0.034457,-2.284457,"bb_rsi_reversal side=YES spot=64259.11 bb=(64261.75,64291.54) rsi=0.0"
2988810,S43_Bollinger_RSI_Reversal,YES,1784559304.071669,0.460000,5,1784559599.998208,1.000000,0.035479,2.664521,"bb_rsi_reversal side=YES spot=64265.70 bb=(64271.32,64282.85) rsi=0.0"
2988833,S43_Bollinger_RSI_Reversal,YES,1784559609.221646,0.510000,5,1784559899.918003,1.000000,0.039812,2.410188,"bb_rsi_reversal side=YES spot=64355.39 bb=(64368.13,64390.05) rsi=0.0"
2988850,S43_Bollinger_RSI_Reversal,NO,1784560205.346806,0.500000,5,1784560499.876069,0.000000,0.039062,-2.539062,"bb_rsi_reversal side=NO spot=64759.89 bb=(64744.54,64754.20) rsi=100.0"
2988862,S43_Bollinger_RSI_Reversal,NO,1784560503.48979,0.550000,5,1784560799.949084,0.000000,0.042114,-2.792114,"bb_rsi_reversal side=NO spot=64915.22 bb=(64911.16,64913.97) rsi=79.6"
2988878,S43_Bollinger_RSI_Reversal,YES,1784560803.571049,0.440000,5,1784561099.898624,0.000000,0.033392,-2.233392,"bb_rsi_reversal side=YES spot=64927.97 bb=(64931.10,64944.29) rsi=0.0"
2989007,S43_Bollinger_RSI_Reversal,YES,1784561704.746189,0.460000,5,1784561999.917023,1.000000,0.035479,2.664521,"bb_rsi_reversal side=YES spot=64785.55 bb=(64791.86,64802.67) rsi=4.8"
2989026,S43_Bollinger_RSI_Reversal,NO,1784562003.727153,0.520000,5,1784562299.88293,0.000000,0.040495,-2.640495,"bb_rsi_reversal side=NO spot=64821.49 bb=(64819.38,64820.71) rsi=100.0"
2989034,S43_Bollinger_RSI_Reversal,NO,1784562304.826984,0.420000,5,1784562599.99272,0.000000,0.031154,-2.131154,"bb_rsi_reversal side=NO spot=65230.98 bb=(65203.69,65220.86) rsi=100.0"
2989051,S43_Bollinger_RSI_Reversal,NO,1784562603.812485,0.410000,5,1784562899.995893,0.000000,0.029989,-2.079989,"bb_rsi_reversal side=NO spot=65310.82 bb=(65254.32,65290.50) rsi=100.0"
2989594,S43_Bollinger_RSI_Reversal,NO,1784562903.998086,0.510000,5,1784563199.923756,0.000000,0.039812,-2.589812,"bb_rsi_reversal side=NO spot=65481.89 bb=(65468.25,65476.84) rsi=100.0"
2989898,S43_Bollinger_RSI_Reversal,NO,1784563205.916556,0.440000,5,1784563499.901878,1.000000,0.033392,2.766608,"bb_rsi_reversal side=NO spot=65566.52 bb=(65545.76,65563.85) rsi=100.0"
2989913,S43_Bollinger_RSI_Reversal,YES,1784563506.099286,0.480000,5,1784563799.971519,0.000000,0.037380,-2.437380,"bb_rsi_reversal side=YES spot=65486.66 bb=(65487.49,65489.15) rsi=0.0"
2989970,S43_Bollinger_RSI_Reversal,YES,1784563807.149877,0.480000,5,1784564099.957946,1.000000,0.037380,2.562620,"bb_rsi_reversal side=YES spot=65443.49 bb=(65445.33,65448.46) rsi=0.0"
