market_id,strategy,side,entry_time,entry_price,shares,exit_time,exit_price,fee_paid,pnl,reason
2933913,S66_SevenTrigger_ExitStack,YES,1784200839.586626,0.670000,5,1784200845.59693,0.720000,0.040941,0.209059,seven_trigger side=YES vel=0.0100 ask=0.670 delta=0.0236%
2933933,S66_SevenTrigger_ExitStack,NO,1784201495.522814,0.660000,5,1784201496.189309,0.660000,0.041543,-0.041543,seven_trigger side=NO vel=-0.0700 ask=0.660 delta=-0.0298%
2933981,S66_SevenTrigger_ExitStack,YES,1784201825.259411,0.700000,5,1784201825.792638,0.740000,0.038588,0.161413,seven_trigger side=YES vel=0.0200 ask=0.700 delta=0.0418%
2934021,S66_SevenTrigger_ExitStack,YES,1784202040.883491,0.680000,5,1784202054.257505,0.710000,0.040247,0.109753,seven_trigger side=YES vel=0.0100 ask=0.680 delta=0.0207%
2934041,S66_SevenTrigger_ExitStack,NO,1784202445.116846,0.680000,5,1784202447.633294,0.640000,0.040247,-0.240247,seven_trigger side=NO vel=-0.0300 ask=0.680 delta=-0.0248%
2934049,S66_SevenTrigger_ExitStack,NO,1784202632.95668,0.600000,5,1784202633.890894,0.600000,0.043200,-0.043200,seven_trigger side=NO vel=-0.0300 ask=0.600 delta=-0.0319%
2934267,S66_SevenTrigger_ExitStack,YES,1784202935.879874,0.630000,5,1784202936.683977,0.590000,0.042789,-0.242789,seven_trigger side=YES vel=0.0100 ask=0.630 delta=0.0221%
2934325,S66_SevenTrigger_ExitStack,NO,1784203216.389667,0.640000,5,1784203221.238309,0.620000,0.042467,-0.142467,seven_trigger side=NO vel=-0.0100 ask=0.640 delta=-0.0204%
2934344,S66_SevenTrigger_ExitStack,NO,1784203562.805898,0.640000,5,1784203567.028888,0.540000,0.042467,-0.542467,seven_trigger side=NO vel=-0.0300 ask=0.640 delta=-0.0263%
2934354,S66_SevenTrigger_ExitStack,YES,1784203867.009525,0.640000,5,1784203870.260857,0.620000,0.042467,-0.142467,seven_trigger side=YES vel=0.0300 ask=0.640 delta=0.0260%
2934361,S66_SevenTrigger_ExitStack,NO,1784204126.218522,0.700000,5,1784204129.200159,0.680000,0.038588,-0.138587,seven_trigger side=NO vel=-0.0200 ask=0.700 delta=-0.0599%
2934379,S66_SevenTrigger_ExitStack,YES,1784204420.416529,0.660000,5,1784204421.752441,0.610000,0.041543,-0.291543,seven_trigger side=YES vel=0.0100 ask=0.660 delta=0.0249%
2934391,S66_SevenTrigger_ExitStack,YES,1784204804.351275,0.680000,5,1784204810.589407,0.700000,0.040247,0.059753,seven_trigger side=YES vel=0.0100 ask=0.680 delta=0.0209%
2934397,S66_SevenTrigger_ExitStack,YES,1784205005.290964,0.650000,5,1784205006.772093,0.640000,0.042052,-0.092052,seven_trigger side=YES vel=0.0300 ask=0.650 delta=0.0245%
2934490,S66_SevenTrigger_ExitStack,NO,1784205621.948849,0.560000,5,1784205626.763713,0.480000,0.042499,-0.442499,seven_trigger side=NO vel=-0.0200 ask=0.560 delta=-0.0215%
2934493,S66_SevenTrigger_ExitStack,NO,1784205920.664675,0.590000,5,1784205923.433121,0.560000,0.043155,-0.193155,seven_trigger side=NO vel=-0.0100 ask=0.590 delta=-0.0270%
2934513,S66_SevenTrigger_ExitStack,NO,1784206207.581689,0.570000,5,1784206215.749605,0.520000,0.042803,-0.292803,seven_trigger side=NO vel=-0.0100 ask=0.570 delta=-0.0205%
2934573,S66_SevenTrigger_ExitStack,NO,1784206527.477778,0.690000,5,1784206537.833108,0.660000,0.039462,-0.189462,seven_trigger side=NO vel=-0.0300 ask=0.690 delta=-0.0632%
2934577,S66_SevenTrigger_ExitStack,YES,1784206817.300165,0.640000,5,1784206820.080771,0.710000,0.042467,0.307533,seven_trigger side=YES vel=0.0100 ask=0.640 delta=0.0324%
2934590,S66_SevenTrigger_ExitStack,YES,1784207122.722238,0.600000,5,1784207124.628262,0.580000,0.043200,-0.143200,seven_trigger side=YES vel=0.0100 ask=0.600 delta=0.0264%
2934605,S66_SevenTrigger_ExitStack,YES,1784207432.968564,0.670000,5,1784207437.116814,0.730000,0.040941,0.259059,seven_trigger side=YES vel=0.0100 ask=0.670 delta=0.0270%
2934623,S66_SevenTrigger_ExitStack,YES,1784207790.958024,0.670000,5,1784207791.495632,0.650000,0.040941,-0.140941,seven_trigger side=YES vel=0.0500 ask=0.670 delta=0.0210%
2934636,S66_SevenTrigger_ExitStack,YES,1784208023.98889,0.650000,5,1784208025.388952,0.670000,0.042052,0.057948,seven_trigger side=YES vel=0.0200 ask=0.650 delta=0.0280%
2934650,S66_SevenTrigger_ExitStack,NO,1784208305.926129,0.700000,5,1784208309.816757,0.680000,0.038588,-0.138587,seven_trigger side=NO vel=-0.0200 ask=0.700 delta=-0.0332%
2934730,S66_SevenTrigger_ExitStack,YES,1784208603.097204,0.670000,5,1784208603.485041,0.640000,0.040941,-0.190941,seven_trigger side=YES vel=0.0300 ask=0.670 delta=0.0599%
2934777,S66_SevenTrigger_ExitStack,NO,1784208923.196502,0.600000,5,1784208925.289662,0.510000,0.043200,-0.493200,seven_trigger side=NO vel=-0.0200 ask=0.600 delta=-0.0249%
2934814,S66_SevenTrigger_ExitStack,YES,1784209208.34988,0.590000,5,1784209208.905505,0.590000,0.043155,-0.043155,seven_trigger side=YES vel=0.0100 ask=0.590 delta=0.0360%
2934831,S66_SevenTrigger_ExitStack,YES,1784209505.579852,0.600000,5,1784209511.231654,0.630000,0.043200,0.106800,seven_trigger side=YES vel=0.0100 ask=0.600 delta=0.0251%
2934863,S66_SevenTrigger_ExitStack,YES,1784209821.274028,0.590000,5,1784209828.612071,0.630000,0.043155,0.156845,seven_trigger side=YES vel=0.0300 ask=0.590 delta=0.0233%
2934877,S66_SevenTrigger_ExitStack,NO,1784210105.155967,0.560000,5,1784210107.396713,0.540000,0.042499,-0.142499,seven_trigger side=NO vel=-0.0300 ask=0.560 delta=-0.0321%
2934890,S66_SevenTrigger_ExitStack,YES,1784210406.393239,0.600000,5,1784210407.159216,0.590000,0.043200,-0.093200,seven_trigger side=YES vel=0.0200 ask=0.600 delta=0.0628%
2934906,S66_SevenTrigger_ExitStack,YES,1784210703.539085,0.580000,5,1784210704.898824,0.560000,0.043022,-0.143022,seven_trigger side=YES vel=0.0300 ask=0.580 delta=0.0203%
2934922,S66_SevenTrigger_ExitStack,NO,1784211033.640555,0.540000,5,1784211034.407328,0.540000,0.041649,-0.041649,seven_trigger side=NO vel=-0.0400 ask=0.540 delta=-0.0243%
2934932,S66_SevenTrigger_ExitStack,NO,1784211316.582993,0.690000,5,1784211319.896535,0.690000,0.039462,-0.039462,seven_trigger side=NO vel=-0.0100 ask=0.690 delta=-0.0634%
2934949,S66_SevenTrigger_ExitStack,NO,1784211609.281557,0.620000,5,1784211609.951892,0.620000,0.043018,-0.043018,seven_trigger side=NO vel=-0.0100 ask=0.620 delta=-0.0272%
2934961,S66_SevenTrigger_ExitStack,NO,1784211906.225029,0.660000,5,1784211907.224476,0.660000,0.041543,-0.041543,seven_trigger side=NO vel=-0.0100 ask=0.660 delta=-0.0525%
2934977,S66_SevenTrigger_ExitStack,YES,1784212208.37348,0.580000,5,1784212210.837444,0.610000,0.043022,0.106978,seven_trigger side=YES vel=0.0100 ask=0.580 delta=0.0329%
2935023,S66_SevenTrigger_ExitStack,YES,1784212527.602055,0.620000,5,1784212533.3653,0.620000,0.043018,-0.043018,seven_trigger side=YES vel=0.0200 ask=0.620 delta=0.0265%
2935037,S66_SevenTrigger_ExitStack,NO,1784212833.163814,0.610000,5,1784212845.678771,0.510000,0.043155,-0.543155,seven_trigger side=NO vel=-0.0100 ask=0.610 delta=-0.0300%
2935060,S66_SevenTrigger_ExitStack,NO,1784213110.182827,0.580000,5,1784213111.627957,0.490000,0.043022,-0.493022,seven_trigger side=NO vel=-0.0100 ask=0.580 delta=-0.0234%
2935061,S66_SevenTrigger_ExitStack,NO,1784213409.872816,0.580000,5,1784213411.666672,0.600000,0.043022,0.056978,seven_trigger side=NO vel=-0.0100 ask=0.580 delta=-0.0308%
2935086,S66_SevenTrigger_ExitStack,NO,1784213710.70122,0.670000,5,1784213716.818007,0.650000,0.040941,-0.140941,seven_trigger side=NO vel=-0.0100 ask=0.670 delta=-0.0247%
2935087,S66_SevenTrigger_ExitStack,YES,1784214004.186251,0.590000,5,1784214006.074535,0.600000,0.043155,0.006845,seven_trigger side=YES vel=0.0300 ask=0.590 delta=0.0219%
2935106,S66_SevenTrigger_ExitStack,NO,1784214312.91489,0.690000,5,1784214313.835977,0.690000,0.039462,-0.039462,seven_trigger side=NO vel=-0.0300 ask=0.690 delta=-0.0794%
2935124,S66_SevenTrigger_ExitStack,YES,1784214622.897482,0.670000,5,1784214628.695364,0.650000,0.040941,-0.140941,seven_trigger side=YES vel=0.0100 ask=0.670 delta=0.0390%
2935166,S66_SevenTrigger_ExitStack,YES,1784214905.598791,0.620000,5,1784214906.997603,0.600000,0.043018,-0.143018,seven_trigger side=YES vel=0.0100 ask=0.620 delta=0.0403%
2935175,S66_SevenTrigger_ExitStack,NO,1784215230.227848,0.580000,5,1784215231.492951,0.490000,0.043022,-0.493022,seven_trigger side=NO vel=-0.0100 ask=0.580 delta=-0.0208%
2935185,S66_SevenTrigger_ExitStack,YES,1784215512.918314,0.630000,5,1784215514.353555,0.600000,0.042789,-0.192789,seven_trigger side=YES vel=0.0100 ask=0.630 delta=0.0348%
2935211,S66_SevenTrigger_ExitStack,NO,1784215820.81123,0.690000,5,1784215821.351729,0.690000,0.039462,-0.039462,seven_trigger side=NO vel=-0.0100 ask=0.690 delta=-0.0632%
2935252,S66_SevenTrigger_ExitStack,NO,1784216110.806117,0.580000,5,1784216114.738339,0.550000,0.043022,-0.193022,seven_trigger side=NO vel=-0.0200 ask=0.580 delta=-0.0215%
2935260,S66_SevenTrigger_ExitStack,NO,1784216434.49113,0.640000,5,1784216438.903976,0.540000,0.042467,-0.542467,seven_trigger side=NO vel=-0.0400 ask=0.640 delta=-0.0449%
2935273,S66_SevenTrigger_ExitStack,NO,1784216728.018696,0.700000,5,1784216730.615207,0.700000,0.038588,-0.038588,seven_trigger side=NO vel=-0.0100 ask=0.700 delta=-0.0483%
2935293,S66_SevenTrigger_ExitStack,YES,1784217019.843629,0.610000,5,1784217020.940731,0.550000,0.043155,-0.343155,seven_trigger side=YES vel=0.0100 ask=0.610 delta=0.0228%
2935486,S66_SevenTrigger_ExitStack,NO,1784217326.104474,0.660000,5,1784217328.764996,0.610000,0.041543,-0.291543,seven_trigger side=NO vel=-0.0600 ask=0.660 delta=-0.0625%
2935536,S66_SevenTrigger_ExitStack,NO,1784217670.316583,0.610000,5,1784217671.395577,0.590000,0.043155,-0.143155,seven_trigger side=NO vel=-0.0300 ask=0.610 delta=-0.0224%
2935547,S66_SevenTrigger_ExitStack,NO,1784217905.275083,0.570000,5,1784217906.984013,0.570000,0.042803,-0.042803,seven_trigger side=NO vel=-0.0100 ask=0.570 delta=-0.0304%
2935556,S66_SevenTrigger_ExitStack,NO,1784218226.240418,0.700000,5,1784218227.243737,0.660000,0.038588,-0.238587,seven_trigger side=NO vel=-0.0200 ask=0.700 delta=-0.0680%
2935578,S66_SevenTrigger_ExitStack,NO,1784218511.684545,0.640000,5,1784218516.585326,0.670000,0.042467,0.107533,seven_trigger side=NO vel=-0.0100 ask=0.640 delta=-0.0424%
2935583,S66_SevenTrigger_ExitStack,NO,1784218880.204251,0.700000,5,1784218881.158358,0.690000,0.038588,-0.088588,seven_trigger side=NO vel=-0.0200 ask=0.700 delta=-0.0645%
2935593,S66_SevenTrigger_ExitStack,YES,1784219134.129091,0.610000,5,1784219136.688632,0.670000,0.043155,0.256845,seven_trigger side=YES vel=0.0100 ask=0.610 delta=0.0220%
2935604,S66_SevenTrigger_ExitStack,YES,1784219412.9652,0.640000,5,1784219414.312043,0.620000,0.042467,-0.142467,seven_trigger side=YES vel=0.0200 ask=0.640 delta=0.0319%
2935659,S66_SevenTrigger_ExitStack,NO,1784219734.055346,0.650000,5,1784219738.548424,0.620000,0.042052,-0.192052,seven_trigger side=NO vel=-0.0400 ask=0.650 delta=-0.0427%
2935671,S66_SevenTrigger_ExitStack,YES,1784220025.524292,0.620000,5,1784220030.062594,0.640000,0.043018,0.056982,seven_trigger side=YES vel=0.0200 ask=0.620 delta=0.0215%
2935691,S66_SevenTrigger_ExitStack,NO,1784220343.098199,0.610000,5,1784220344.358777,0.610000,0.043155,-0.043155,seven_trigger side=NO vel=-0.0100 ask=0.610 delta=-0.0283%
2935693,S66_SevenTrigger_ExitStack,YES,1784220626.691628,0.670000,5,1784220627.654645,0.670000,0.040941,-0.040941,seven_trigger side=YES vel=0.0300 ask=0.670 delta=0.0342%
2936247,S66_SevenTrigger_ExitStack,YES,1784220917.11485,0.670000,5,1784220917.52322,0.630000,0.040941,-0.240941,seven_trigger side=YES vel=0.0100 ask=0.670 delta=0.0236%
2936266,S66_SevenTrigger_ExitStack,NO,1784221211.761068,0.610000,5,1784221213.511691,0.590000,0.043155,-0.143155,seven_trigger side=NO vel=-0.0100 ask=0.610 delta=-0.0221%
2936273,S66_SevenTrigger_ExitStack,NO,1784221530.47365,0.620000,5,1784221534.362842,0.520000,0.043018,-0.543018,seven_trigger side=NO vel=-0.0100 ask=0.620 delta=-0.0321%
2936343,S66_SevenTrigger_ExitStack,NO,1784221843.792129,0.700000,5,1784221844.280003,0.690000,0.038588,-0.088588,seven_trigger side=NO vel=-0.0200 ask=0.700 delta=-0.0742%
2936346,S66_SevenTrigger_ExitStack,YES,1784222108.873512,0.680000,5,1784222110.716349,0.730000,0.040247,0.209753,seven_trigger side=YES vel=0.0200 ask=0.680 delta=0.0262%
2936368,S66_SevenTrigger_ExitStack,YES,1784222404.006108,0.610000,5,1784222409.936865,0.620000,0.043155,0.006845,seven_trigger side=YES vel=0.0400 ask=0.610 delta=0.0216%
2936522,S66_SevenTrigger_ExitStack,NO,1784222708.549012,0.640000,5,1784222710.641359,0.640000,0.042467,-0.042467,seven_trigger side=NO vel=-0.0100 ask=0.640 delta=-0.0432%
2936536,S66_SevenTrigger_ExitStack,YES,1784223023.151276,0.620000,5,1784223024.309639,0.640000,0.043018,0.056982,seven_trigger side=YES vel=0.0300 ask=0.620 delta=0.0263%
2936584,S66_SevenTrigger_ExitStack,NO,1784223343.38501,0.620000,5,1784223346.752904,0.610000,0.043018,-0.093018,seven_trigger side=NO vel=-0.0100 ask=0.620 delta=-0.0204%
2936593,S66_SevenTrigger_ExitStack,NO,1784223619.62068,0.700000,5,1784223622.187028,0.690000,0.038588,-0.088588,seven_trigger side=NO vel=-0.0200 ask=0.700 delta=-0.0505%
2936613,S66_SevenTrigger_ExitStack,NO,1784223955.422812,0.610000,5,1784223957.019863,0.570000,0.043155,-0.243155,seven_trigger side=NO vel=-0.0600 ask=0.610 delta=-0.0331%
2936631,S66_SevenTrigger_ExitStack,NO,1784224227.87758,0.670000,5,1784224228.159241,0.670000,0.040941,-0.040941,seven_trigger side=NO vel=-0.0200 ask=0.670 delta=-0.0398%
2936666,S66_SevenTrigger_ExitStack,NO,1784224814.058863,0.570000,5,1784224818.473509,0.480000,0.042803,-0.492803,seven_trigger side=NO vel=-0.0100 ask=0.570 delta=-0.0210%
2936747,S66_SevenTrigger_ExitStack,YES,1784225495.319093,0.700000,5,1784225508.059218,0.680000,0.038588,-0.138587,seven_trigger side=YES vel=0.0100 ask=0.700 delta=0.0310%
2936791,S66_SevenTrigger_ExitStack,NO,1784225707.570624,0.610000,5,1784225710.484882,0.580000,0.043155,-0.193155,seven_trigger side=NO vel=-0.0100 ask=0.610 delta=-0.0205%
2936854,S66_SevenTrigger_ExitStack,NO,1784226017.540232,0.650000,5,1784226018.743592,0.620000,0.042052,-0.192052,seven_trigger side=NO vel=-0.0200 ask=0.650 delta=-0.0237%
2936934,S66_SevenTrigger_ExitStack,NO,1784226373.897734,0.700000,5,1784226376.101346,0.640000,0.038588,-0.338587,seven_trigger side=NO vel=-0.0400 ask=0.700 delta=-0.0454%
2937046,S66_SevenTrigger_ExitStack,NO,1784226610.221497,0.610000,5,1784226612.368793,0.600000,0.043155,-0.093155,seven_trigger side=NO vel=-0.0100 ask=0.610 delta=-0.0209%
2937142,S66_SevenTrigger_ExitStack,NO,1784226909.149378,0.700000,5,1784226910.42364,0.690000,0.038588,-0.088588,seven_trigger side=NO vel=-0.0100 ask=0.700 delta=-0.0561%
2937159,S66_SevenTrigger_ExitStack,NO,1784227212.020215,0.690000,5,1784227223.152697,0.620000,0.039462,-0.389462,seven_trigger side=NO vel=-0.0100 ask=0.690 delta=-0.0358%
2937169,S66_SevenTrigger_ExitStack,YES,1784227568.189746,0.680000,5,1784227570.36851,0.660000,0.040247,-0.140247,seven_trigger side=YES vel=0.0100 ask=0.680 delta=0.0389%
2937288,S66_SevenTrigger_ExitStack,NO,1784228117.169035,0.660000,5,1784228117.329967,0.570000,0.041543,-0.491543,seven_trigger side=NO vel=-0.0100 ask=0.660 delta=-0.0270%
2937377,S66_SevenTrigger_ExitStack,NO,1784228403.931441,0.640000,5,1784228405.159803,0.550000,0.042467,-0.492467,seven_trigger side=NO vel=-0.0100 ask=0.640 delta=-0.0234%
2937380,S66_SevenTrigger_ExitStack,YES,1784228741.801297,0.630000,5,1784228742.071249,0.610000,0.042789,-0.142789,seven_trigger side=YES vel=0.0100 ask=0.630 delta=0.0207%
2937400,S66_SevenTrigger_ExitStack,NO,1784229008.907,0.660000,5,1784229009.761379,0.640000,0.041543,-0.141543,seven_trigger side=NO vel=-0.0100 ask=0.660 delta=-0.0211%
2937410,S66_SevenTrigger_ExitStack,NO,1784229354.001851,0.690000,5,1784229354.863055,0.690000,0.039462,-0.039462,seven_trigger side=NO vel=-0.0200 ask=0.690 delta=-0.0278%
2937426,S66_SevenTrigger_ExitStack,YES,1784229674.919885,0.660000,5,1784229680.747131,0.670000,0.041543,0.008457,seven_trigger side=YES vel=0.0100 ask=0.660 delta=0.0231%
2937435,S66_SevenTrigger_ExitStack,YES,1784229903.597677,0.660000,5,1784229905.14785,0.590000,0.041543,-0.391543,seven_trigger side=YES vel=0.0100 ask=0.660 delta=0.0234%
2937452,S66_SevenTrigger_ExitStack,NO,1784230206.550789,0.620000,5,1784230211.841068,0.590000,0.043018,-0.193018,seven_trigger side=NO vel=-0.0700 ask=0.620 delta=-0.0215%
2937491,S66_SevenTrigger_ExitStack,NO,1784230524.057821,0.620000,5,1784230526.990789,0.530000,0.043018,-0.493018,seven_trigger side=NO vel=-0.0400 ask=0.620 delta=-0.0226%
2937499,S66_SevenTrigger_ExitStack,NO,1784230856.586608,0.700000,5,1784230863.183682,0.610000,0.038588,-0.488588,seven_trigger side=NO vel=-0.0200 ask=0.700 delta=-0.0499%
2937509,S66_SevenTrigger_ExitStack,NO,1784231197.812116,0.670000,5,1784231201.190823,0.680000,0.040941,0.009059,seven_trigger side=NO vel=-0.0100 ask=0.670 delta=-0.0220%
2937568,S66_SevenTrigger_ExitStack,YES,1784231433.942617,0.700000,5,1784231446.313911,0.840000,0.038588,0.661413,seven_trigger side=YES vel=0.0100 ask=0.700 delta=0.0231%
2937638,S66_SevenTrigger_ExitStack,YES,1784231707.967435,0.640000,5,1784231712.745481,0.620000,0.042467,-0.142467,seven_trigger side=YES vel=0.0500 ask=0.640 delta=0.0204%
2937677,S66_SevenTrigger_ExitStack,NO,1784232158.892358,0.660000,5,1784232159.985165,0.580000,0.041543,-0.441543,seven_trigger side=NO vel=-0.0700 ask=0.660 delta=-0.0430%
2937700,S66_SevenTrigger_ExitStack,YES,1784232342.891469,0.680000,5,1784232349.812878,0.670000,0.040247,-0.090247,seven_trigger side=YES vel=0.0100 ask=0.680 delta=0.0238%
2937708,S66_SevenTrigger_ExitStack,NO,1784232629.11524,0.670000,5,1784232630.834342,0.670000,0.040941,-0.040941,seven_trigger side=NO vel=-0.0100 ask=0.670 delta=-0.0213%
2937720,S66_SevenTrigger_ExitStack,NO,1784232907.227702,0.700000,5,1784232909.235272,0.690000,0.038588,-0.088588,seven_trigger side=NO vel=-0.0100 ask=0.700 delta=-0.0292%
2937729,S66_SevenTrigger_ExitStack,NO,1784233366.833225,0.700000,5,1784233379.548649,0.690000,0.038588,-0.088588,seven_trigger side=NO vel=-0.0100 ask=0.700 delta=-0.0203%
2937736,S66_SevenTrigger_ExitStack,NO,1784233530.707193,0.700000,5,1784233539.173845,0.610000,0.038588,-0.488588,seven_trigger side=NO vel=-0.0100 ask=0.700 delta=-0.0329%
2937751,S66_SevenTrigger_ExitStack,NO,1784233857.579079,0.690000,5,1784233858.891159,0.660000,0.039462,-0.189462,seven_trigger side=NO vel=-0.0700 ask=0.690 delta=-0.0393%
2937794,S66_SevenTrigger_ExitStack,NO,1784234158.767455,0.670000,5,1784234163.863033,0.670000,0.040941,-0.040941,seven_trigger side=NO vel=-0.1000 ask=0.670 delta=-0.0207%
2937826,S66_SevenTrigger_ExitStack,NO,1784234483.612424,0.650000,5,1784234487.021619,0.560000,0.042052,-0.492052,seven_trigger side=NO vel=-0.0700 ask=0.650 delta=-0.0243%
2937846,S66_SevenTrigger_ExitStack,NO,1784235043.540051,0.700000,5,1784235055.496478,0.690000,0.038588,-0.088588,seven_trigger side=NO vel=-0.0200 ask=0.700 delta=-0.0210%
2937859,S66_SevenTrigger_ExitStack,YES,1784235504.531572,0.500000,5,1784235504.655654,0.470000,0.039062,-0.189063,seven_trigger side=YES vel=0.0100 ask=0.500 delta=0.0230%
2937879,S66_SevenTrigger_ExitStack,NO,1784235758.292927,0.700000,5,1784235763.164155,0.710000,0.038588,0.011412,seven_trigger side=NO vel=-0.0100 ask=0.700 delta=-0.0295%
2937940,S66_SevenTrigger_ExitStack,NO,1784237450.748916,0.480000,5,1784237450.989086,0.490000,0.037380,0.012620,seven_trigger side=NO vel=-0.0100 ask=0.480 delta=-0.0231%
2937993,S66_SevenTrigger_ExitStack,YES,1784237730.345801,0.520000,5,1784237730.566821,0.500000,0.040495,-0.140495,seven_trigger side=YES vel=0.0100 ask=0.520 delta=0.0266%
2937997,S66_SevenTrigger_ExitStack,NO,1784238208.305489,0.250000,5,1784238208.437534,0.240000,0.010986,-0.060986,seven_trigger side=NO vel=-0.0100 ask=0.250 delta=-0.0203%
2938024,S66_SevenTrigger_ExitStack,NO,1784238405.257219,0.690000,5,1784238405.873897,0.690000,0.039462,-0.039462,seven_trigger side=NO vel=-0.0300 ask=0.690 delta=-0.0341%
2938435,S66_SevenTrigger_ExitStack,NO,1784239590.241789,0.690000,5,1784239591.563428,0.680000,0.039462,-0.089462,seven_trigger side=NO vel=-0.0400 ask=0.690 delta=-0.0224%
2938439,S66_SevenTrigger_ExitStack,NO,1784239822.448751,0.530000,5,1784239826.619943,0.450000,0.041109,-0.441109,seven_trigger side=NO vel=-0.0100 ask=0.530 delta=-0.0270%
2938449,S66_SevenTrigger_ExitStack,NO,1784240113.362327,0.700000,5,1784240115.430586,0.700000,0.038588,-0.038588,seven_trigger side=NO vel=-0.0100 ask=0.700 delta=-0.0319%
2938468,S66_SevenTrigger_ExitStack,NO,1784240431.088562,0.700000,5,1784240432.466119,0.660000,0.038588,-0.238587,seven_trigger side=NO vel=-0.0400 ask=0.700 delta=-0.0481%
2938471,S66_SevenTrigger_ExitStack,NO,1784240732.3079,0.700000,5,1784240734.042208,0.700000,0.038588,-0.038588,seven_trigger side=NO vel=-0.0100 ask=0.700 delta=-0.0430%
2938488,S66_SevenTrigger_ExitStack,YES,1784241064.403641,0.680000,5,1784241066.206593,0.670000,0.040247,-0.090247,seven_trigger side=YES vel=0.0100 ask=0.680 delta=0.0238%
2938546,S66_SevenTrigger_ExitStack,NO,1784241735.96359,0.690000,5,1784241736.087272,0.500000,0.039462,-0.989462,seven_trigger side=NO vel=-0.0900 ask=0.690 delta=-0.0642%
2938557,S66_SevenTrigger_ExitStack,NO,1784241973.700363,0.590000,5,1784241976.132578,0.580000,0.043155,-0.093155,seven_trigger side=NO vel=-0.0100 ask=0.590 delta=-0.0379%
2938563,S66_SevenTrigger_ExitStack,NO,1784242258.270988,0.510000,5,1784242258.715811,0.510000,0.039812,-0.039812,seven_trigger side=NO vel=-0.0200 ask=0.510 delta=-0.0337%
2938872,S66_SevenTrigger_ExitStack,YES,1784242509.525824,0.680000,5,1784242510.551277,0.630000,0.040247,-0.290247,seven_trigger side=YES vel=0.0100 ask=0.680 delta=0.0204%
2940872,S66_SevenTrigger_ExitStack,NO,1784242805.274224,0.640000,5,1784242805.45024,0.540000,0.042467,-0.542467,seven_trigger side=NO vel=-0.0500 ask=0.640 delta=-0.0325%
2940896,S66_SevenTrigger_ExitStack,NO,1784243547.58335,0.450000,5,1784243549.023922,0.320000,0.034457,-0.684457,seven_trigger side=NO vel=-0.2500 ask=0.450 delta=-0.0201%
2940904,S66_SevenTrigger_ExitStack,NO,1784243715.501918,0.680000,5,1784243716.113352,0.680000,0.040247,-0.040247,seven_trigger side=NO vel=-0.0200 ask=0.680 delta=-0.0269%
2940920,S66_SevenTrigger_ExitStack,NO,1784244010.251755,0.700000,5,1784244011.898152,0.630000,0.038588,-0.388588,seven_trigger side=NO vel=-0.0100 ask=0.700 delta=-0.0244%
2940939,S66_SevenTrigger_ExitStack,NO,1784244610.481966,0.670000,5,1784244612.866944,0.590000,0.040941,-0.440941,seven_trigger side=NO vel=-0.0200 ask=0.670 delta=-0.0394%
2940986,S66_SevenTrigger_ExitStack,YES,1784244944.62841,0.700000,5,1784244944.858274,0.650000,0.038588,-0.288587,seven_trigger side=YES vel=0.0200 ask=0.700 delta=0.0267%
2940993,S66_SevenTrigger_ExitStack,YES,1784245242.984678,0.670000,5,1784245244.666153,0.650000,0.040941,-0.140941,seven_trigger side=YES vel=0.0100 ask=0.670 delta=0.0231%
2941006,S66_SevenTrigger_ExitStack,NO,1784245526.03075,0.640000,5,1784245531.229864,0.620000,0.042467,-0.142467,seven_trigger side=NO vel=-0.0200 ask=0.640 delta=-0.0256%
2941021,S66_SevenTrigger_ExitStack,YES,1784245818.437945,0.680000,5,1784245819.554184,0.670000,0.040247,-0.090247,seven_trigger side=YES vel=0.0200 ask=0.680 delta=0.0247%
2941053,S66_SevenTrigger_ExitStack,NO,1784246413.201884,0.670000,5,1784246416.498779,0.590000,0.040941,-0.440941,seven_trigger side=NO vel=-0.0100 ask=0.670 delta=-0.0252%
2941084,S66_SevenTrigger_ExitStack,NO,1784246706.597371,0.520000,5,1784246707.884896,0.510000,0.040495,-0.090495,seven_trigger side=NO vel=-0.0400 ask=0.520 delta=-0.0245%
2941095,S66_SevenTrigger_ExitStack,YES,1784247015.324697,0.700000,5,1784247015.87903,0.680000,0.038588,-0.138587,seven_trigger side=YES vel=0.0200 ask=0.700 delta=0.0219%
2941115,S66_SevenTrigger_ExitStack,YES,1784247332.488445,0.660000,5,1784247335.038999,0.680000,0.041543,0.058457,seven_trigger side=YES vel=0.0100 ask=0.660 delta=0.0220%
2941128,S66_SevenTrigger_ExitStack,NO,1784247670.864223,0.570000,5,1784247672.096441,0.580000,0.042803,0.007197,seven_trigger side=NO vel=-0.0400 ask=0.570 delta=-0.0202%
2941133,S66_SevenTrigger_ExitStack,NO,1784247914.587675,0.620000,5,1784247918.78681,0.560000,0.043018,-0.343018,seven_trigger side=NO vel=-0.0100 ask=0.620 delta=-0.0357%
2941139,S66_SevenTrigger_ExitStack,NO,1784248217.933732,0.610000,5,1784248220.478808,0.600000,0.043155,-0.093155,seven_trigger side=NO vel=-0.0100 ask=0.610 delta=-0.0206%
2941171,S66_SevenTrigger_ExitStack,NO,1784248534.428723,0.630000,5,1784248535.309591,0.610000,0.042789,-0.142789,seven_trigger side=NO vel=-0.0100 ask=0.630 delta=-0.0280%
2941199,S66_SevenTrigger_ExitStack,YES,1784248807.980205,0.650000,5,1784248809.101376,0.630000,0.042052,-0.142052,seven_trigger side=YES vel=0.0100 ask=0.650 delta=0.0209%
2941224,S66_SevenTrigger_ExitStack,YES,1784249107.78677,0.600000,5,1784249108.898097,0.550000,0.043200,-0.293200,seven_trigger side=YES vel=0.0200 ask=0.600 delta=0.0207%
2941252,S66_SevenTrigger_ExitStack,NO,1784249418.753665,0.660000,5,1784249419.631263,0.660000,0.041543,-0.041543,seven_trigger side=NO vel=-0.0100 ask=0.660 delta=-0.0254%
2941372,S66_SevenTrigger_ExitStack,YES,1784249712.098701,0.590000,5,1784249716.980713,0.640000,0.043155,0.206845,seven_trigger side=YES vel=0.0100 ask=0.590 delta=0.0259%
2941612,S66_SevenTrigger_ExitStack,NO,1784250008.071232,0.670000,5,1784250008.88658,0.550000,0.040941,-0.640941,seven_trigger side=NO vel=-0.0100 ask=0.670 delta=-0.0200%
2941717,S66_SevenTrigger_ExitStack,YES,1784250611.02997,0.550000,5,1784250612.181556,0.500000,0.042114,-0.292114,seven_trigger side=YES vel=0.0600 ask=0.550 delta=0.0205%
2941733,S66_SevenTrigger_ExitStack,YES,1784250915.223583,0.640000,5,1784250915.700049,0.620000,0.042467,-0.142467,seven_trigger side=YES vel=0.0100 ask=0.640 delta=0.0213%
2941761,S66_SevenTrigger_ExitStack,NO,1784251255.392188,0.700000,5,1784251256.408753,0.700000,0.038588,-0.038588,seven_trigger side=NO vel=-0.0200 ask=0.700 delta=-0.0694%
2941837,S66_SevenTrigger_ExitStack,YES,1784252229.539001,0.700000,5,1784252231.826329,0.800000,0.038588,0.461413,seven_trigger side=YES vel=0.0100 ask=0.700 delta=0.0324%
2941844,S66_SevenTrigger_ExitStack,NO,1784252449.656933,0.650000,5,1784252450.735688,0.650000,0.042052,-0.042052,seven_trigger side=NO vel=-0.0100 ask=0.650 delta=-0.0210%
2941857,S66_SevenTrigger_ExitStack,NO,1784252705.63481,0.540000,5,1784252706.080616,0.530000,0.041649,-0.091649,seven_trigger side=NO vel=-0.0200 ask=0.540 delta=-0.0261%
2941872,S66_SevenTrigger_ExitStack,NO,1784253011.960542,0.580000,5,1784253013.119138,0.560000,0.043022,-0.143022,seven_trigger side=NO vel=-0.0200 ask=0.580 delta=-0.0291%
2941882,S66_SevenTrigger_ExitStack,NO,1784253308.876333,0.520000,5,1784253310.639772,0.530000,0.040495,0.009505,seven_trigger side=NO vel=-0.0100 ask=0.520 delta=-0.0248%
2941892,S66_SevenTrigger_ExitStack,NO,1784253605.67931,0.600000,5,1784253608.055168,0.600000,0.043200,-0.043200,seven_trigger side=NO vel=-0.0200 ask=0.600 delta=-0.0339%
2941907,S66_SevenTrigger_ExitStack,YES,1784253963.02673,0.670000,5,1784253963.740507,0.660000,0.040941,-0.090941,seven_trigger side=YES vel=0.0100 ask=0.670 delta=0.0344%
2941910,S66_SevenTrigger_ExitStack,NO,1784254216.019684,0.570000,5,1784254216.366401,0.520000,0.042803,-0.292803,seven_trigger side=NO vel=-0.0200 ask=0.570 delta=-0.0201%
2941923,S66_SevenTrigger_ExitStack,NO,1784254596.572803,0.680000,5,1784254598.521036,0.680000,0.040247,-0.040247,seven_trigger side=NO vel=-0.0500 ask=0.680 delta=-0.0387%
2941934,S66_SevenTrigger_ExitStack,NO,1784254822.057557,0.610000,5,1784254823.17569,0.600000,0.043155,-0.093155,seven_trigger side=NO vel=-0.0100 ask=0.610 delta=-0.0218%
2941937,S66_SevenTrigger_ExitStack,YES,1784255124.541783,0.660000,5,1784255127.121418,0.670000,0.041543,0.008457,seven_trigger side=YES vel=0.0100 ask=0.660 delta=0.0239%
2941944,S66_SevenTrigger_ExitStack,NO,1784255411.294258,0.610000,5,1784255414.631088,0.600000,0.043155,-0.093155,seven_trigger side=NO vel=-0.0400 ask=0.610 delta=-0.0348%
2941957,S66_SevenTrigger_ExitStack,NO,1784255725.441061,0.610000,5,1784255727.471161,0.520000,0.043155,-0.493155,seven_trigger side=NO vel=-0.0100 ask=0.610 delta=-0.0261%
2941965,S66_SevenTrigger_ExitStack,NO,1784256008.6339,0.620000,5,1784256012.422433,0.580000,0.043018,-0.243018,seven_trigger side=NO vel=-0.0100 ask=0.620 delta=-0.0255%
2942033,S66_SevenTrigger_ExitStack,YES,1784256310.919452,0.580000,5,1784256313.612742,0.590000,0.043022,0.006978,seven_trigger side=YES vel=0.0100 ask=0.580 delta=0.0220%
2942045,S66_SevenTrigger_ExitStack,YES,1784256610.851504,0.640000,5,1784256615.037893,0.690000,0.042467,0.207533,seven_trigger side=YES vel=0.0400 ask=0.640 delta=0.0205%
2942060,S66_SevenTrigger_ExitStack,YES,1784256958.79351,0.700000,5,1784256962.759088,0.810000,0.038588,0.511413,seven_trigger side=YES vel=0.0100 ask=0.700 delta=0.0241%
2942148,S66_SevenTrigger_ExitStack,YES,1784257205.278246,0.600000,5,1784257205.71295,0.580000,0.043200,-0.143200,seven_trigger side=YES vel=0.0200 ask=0.600 delta=0.0218%
2942165,S66_SevenTrigger_ExitStack,NO,1784257806.906509,0.650000,5,1784257808.195949,0.650000,0.042052,-0.042052,seven_trigger side=NO vel=-0.0100 ask=0.650 delta=-0.0283%
2942180,S66_SevenTrigger_ExitStack,YES,1784258142.586196,0.550000,5,1784258144.008485,0.550000,0.042114,-0.042114,seven_trigger side=YES vel=0.0100 ask=0.550 delta=0.0222%
2942186,S66_SevenTrigger_ExitStack,NO,1784258462.171248,0.680000,5,1784258463.870122,0.680000,0.040247,-0.040247,seven_trigger side=NO vel=-0.0400 ask=0.680 delta=-0.0205%
2942197,S66_SevenTrigger_ExitStack,YES,1784258721.08995,0.690000,5,1784258722.847588,0.690000,0.039462,-0.039462,seven_trigger side=YES vel=0.0200 ask=0.690 delta=0.0221%
2942217,S66_SevenTrigger_ExitStack,NO,1784259011.546655,0.680000,5,1784259013.536569,0.680000,0.040247,-0.040247,seven_trigger side=NO vel=-0.0200 ask=0.680 delta=-0.0217%
2942263,S66_SevenTrigger_ExitStack,NO,1784259312.669044,0.690000,5,1784259313.416176,0.680000,0.039462,-0.089462,seven_trigger side=NO vel=-0.0100 ask=0.690 delta=-0.0226%
2942302,S66_SevenTrigger_ExitStack,NO,1784259941.071404,0.700000,5,1784259943.301013,0.690000,0.038588,-0.088588,seven_trigger side=NO vel=-0.0200 ask=0.700 delta=-0.0325%
2942303,S66_SevenTrigger_ExitStack,NO,1784260273.790801,0.670000,5,1784260275.260346,0.670000,0.040941,-0.040941,seven_trigger side=NO vel=-0.0600 ask=0.670 delta=-0.0438%
2942458,S66_SevenTrigger_ExitStack,YES,1784260538.427963,0.670000,5,1784260538.850469,0.650000,0.040941,-0.140941,seven_trigger side=YES vel=0.0300 ask=0.670 delta=0.0222%
2942683,S66_SevenTrigger_ExitStack,NO,1784260846.607609,0.700000,5,1784260848.657239,0.680000,0.038588,-0.138587,seven_trigger side=NO vel=-0.1100 ask=0.700 delta=-0.0687%
2942708,S66_SevenTrigger_ExitStack,YES,1784261435.790431,0.680000,5,1784261439.831821,0.670000,0.040247,-0.090247,seven_trigger side=YES vel=0.0200 ask=0.680 delta=0.0215%
2942712,S66_SevenTrigger_ExitStack,YES,1784261739.556313,0.630000,5,1784261741.296115,0.630000,0.042789,-0.042789,seven_trigger side=YES vel=0.0100 ask=0.630 delta=0.0283%
2942729,S66_SevenTrigger_ExitStack,NO,1784262015.435772,0.610000,5,1784262019.060434,0.550000,0.043155,-0.343155,seven_trigger side=NO vel=-0.0100 ask=0.610 delta=-0.0201%
2942801,S66_SevenTrigger_ExitStack,YES,1784262359.090541,0.660000,5,1784262359.748328,0.640000,0.041543,-0.141543,seven_trigger side=YES vel=0.0100 ask=0.660 delta=0.0209%
2942816,S66_SevenTrigger_ExitStack,NO,1784262659.102546,0.640000,5,1784262667.36229,0.620000,0.042467,-0.142467,seven_trigger side=NO vel=-0.0100 ask=0.640 delta=-0.0217%
2942856,S66_SevenTrigger_ExitStack,YES,1784262909.857545,0.610000,5,1784262923.199724,0.690000,0.043155,0.356845,seven_trigger side=YES vel=0.0100 ask=0.610 delta=0.0221%
2942867,S66_SevenTrigger_ExitStack,NO,1784263230.04131,0.660000,5,1784263232.735536,0.640000,0.041543,-0.141543,seven_trigger side=NO vel=-0.0100 ask=0.660 delta=-0.0212%
2942870,S66_SevenTrigger_ExitStack,YES,1784263514.559075,0.650000,5,1784263519.098606,0.680000,0.042052,0.107948,seven_trigger side=YES vel=0.0200 ask=0.650 delta=0.0203%
2942911,S66_SevenTrigger_ExitStack,NO,1784263808.0939,0.630000,5,1784263811.946384,0.630000,0.042789,-0.042789,seven_trigger side=NO vel=-0.0100 ask=0.630 delta=-0.0206%
2943257,S66_SevenTrigger_ExitStack,NO,1784264143.117073,0.670000,5,1784264144.929429,0.590000,0.040941,-0.440941,seven_trigger side=NO vel=-0.0700 ask=0.670 delta=-0.0493%
2943452,S66_SevenTrigger_ExitStack,NO,1784264741.243773,0.700000,5,1784264746.161299,0.680000,0.038588,-0.138587,seven_trigger side=NO vel=-0.0600 ask=0.700 delta=-0.0584%
2943481,S66_SevenTrigger_ExitStack,YES,1784265060.555405,0.680000,5,1784265062.310863,0.680000,0.040247,-0.040247,seven_trigger side=YES vel=0.0100 ask=0.680 delta=0.0333%
2943487,S66_SevenTrigger_ExitStack,NO,1784265341.750316,0.660000,5,1784265352.715725,0.650000,0.041543,-0.091543,seven_trigger side=NO vel=-0.0100 ask=0.660 delta=-0.0216%
2943503,S66_SevenTrigger_ExitStack,NO,1784265675.140875,0.700000,5,1784265677.635999,0.540000,0.038588,-0.838587,seven_trigger side=NO vel=-0.1200 ask=0.700 delta=-0.0356%
2943515,S66_SevenTrigger_ExitStack,NO,1784265925.980433,0.700000,5,1784265926.749768,0.700000,0.038588,-0.038588,seven_trigger side=NO vel=-0.0500 ask=0.700 delta=-0.0550%
2943538,S66_SevenTrigger_ExitStack,YES,1784266211.882977,0.660000,5,1784266215.937106,0.630000,0.041543,-0.191543,seven_trigger side=YES vel=0.0100 ask=0.660 delta=0.0282%
2943542,S66_SevenTrigger_ExitStack,NO,1784266530.578762,0.700000,5,1784266531.048889,0.700000,0.038588,-0.038588,seven_trigger side=NO vel=-0.0300 ask=0.700 delta=-0.0717%
2945828,S66_SevenTrigger_ExitStack,NO,1784287334.128543,0.700000,5,1784287334.399956,0.700000,0.038588,-0.038588,seven_trigger side=NO vel=-0.0200 ask=0.700 delta=-0.0208%
2945848,S66_SevenTrigger_ExitStack,NO,1784287821.880631,0.690000,5,1784287823.465876,0.680000,0.039462,-0.089462,seven_trigger side=NO vel=-0.0800 ask=0.690 delta=-0.0319%
2945869,S66_SevenTrigger_ExitStack,YES,1784288142.587215,0.700000,5,1784288143.23518,0.740000,0.038588,0.161413,seven_trigger side=YES vel=0.0300 ask=0.700 delta=0.0455%
2945879,S66_SevenTrigger_ExitStack,NO,1784288583.389221,0.680000,5,1784288583.516498,0.670000,0.040247,-0.090247,seven_trigger side=NO vel=-0.1000 ask=0.680 delta=-0.0223%
2945881,S66_SevenTrigger_ExitStack,YES,1784288732.097123,0.700000,5,1784288738.02462,0.700000,0.038588,-0.038588,seven_trigger side=YES vel=0.0300 ask=0.700 delta=0.0256%
2945898,S66_SevenTrigger_ExitStack,NO,1784289035.430363,0.700000,5,1784289038.733913,0.590000,0.038588,-0.588588,seven_trigger side=NO vel=-0.0200 ask=0.700 delta=-0.0301%
2945924,S66_SevenTrigger_ExitStack,YES,1784289627.003807,0.690000,5,1784289627.338166,0.660000,0.039462,-0.189462,seven_trigger side=YES vel=0.0300 ask=0.690 delta=0.0265%
2945963,S66_SevenTrigger_ExitStack,YES,1784290516.287653,0.700000,5,1784290520.195659,0.750000,0.038588,0.211413,seven_trigger side=YES vel=0.0300 ask=0.700 delta=0.0394%
2946009,S66_SevenTrigger_ExitStack,NO,1784291478.704479,0.700000,5,1784291479.620694,0.610000,0.038588,-0.488588,seven_trigger side=NO vel=-0.0400 ask=0.700 delta=-0.0370%
2946068,S66_SevenTrigger_ExitStack,NO,1784291743.696453,0.690000,5,1784291746.596936,0.680000,0.039462,-0.089462,seven_trigger side=NO vel=-0.0100 ask=0.690 delta=-0.0235%
2946074,S66_SevenTrigger_ExitStack,NO,1784292020.054273,0.640000,5,1784292023.959721,0.550000,0.042467,-0.492467,seven_trigger side=NO vel=-0.0300 ask=0.640 delta=-0.0264%
2946090,S66_SevenTrigger_ExitStack,NO,1784292347.539408,0.650000,5,1784292351.097719,0.640000,0.042052,-0.092052,seven_trigger side=NO vel=-0.0100 ask=0.650 delta=-0.0272%
2946155,S66_SevenTrigger_ExitStack,NO,1784292993.06161,0.670000,5,1784292994.015175,0.650000,0.040941,-0.140941,seven_trigger side=NO vel=-0.0100 ask=0.670 delta=-0.0251%
2946172,S66_SevenTrigger_ExitStack,NO,1784293241.108828,0.680000,5,1784293242.534784,0.600000,0.040247,-0.440247,seven_trigger side=NO vel=-0.0900 ask=0.680 delta=-0.0459%
2946176,S66_SevenTrigger_ExitStack,NO,1784293541.555607,0.590000,5,1784293542.507078,0.600000,0.043155,0.006845,seven_trigger side=NO vel=-0.0100 ask=0.590 delta=-0.0204%
2946192,S66_SevenTrigger_ExitStack,NO,1784293846.642197,0.630000,5,1784293847.311429,0.540000,0.042789,-0.492789,seven_trigger side=NO vel=-0.0100 ask=0.630 delta=-0.0285%
2946204,S66_SevenTrigger_ExitStack,YES,1784294145.229288,0.700000,5,1784294145.490511,0.680000,0.038588,-0.138587,seven_trigger side=YES vel=0.0200 ask=0.700 delta=0.0446%
2946219,S66_SevenTrigger_ExitStack,YES,1784294415.7071,0.630000,5,1784294419.172851,0.610000,0.042789,-0.142789,seven_trigger side=YES vel=0.0100 ask=0.630 delta=0.0249%
2946223,S66_SevenTrigger_ExitStack,YES,1784294701.252717,0.570000,5,1784294701.612702,0.530000,0.042803,-0.242803,seven_trigger side=YES vel=0.0400 ask=0.570 delta=0.0208%
2946230,S66_SevenTrigger_ExitStack,YES,1784295003.398074,0.690000,5,1784295004.492881,0.670000,0.039462,-0.139462,seven_trigger side=YES vel=0.0200 ask=0.690 delta=0.0872%
2946285,S66_SevenTrigger_ExitStack,YES,1784295308.008191,0.540000,5,1784295309.394231,0.530000,0.041649,-0.091649,seven_trigger side=YES vel=0.0100 ask=0.540 delta=0.0315%
2946378,S66_SevenTrigger_ExitStack,YES,1784295605.590946,0.660000,5,1784295606.42023,0.650000,0.041543,-0.091543,seven_trigger side=YES vel=0.0200 ask=0.660 delta=0.0593%
2946425,S66_SevenTrigger_ExitStack,NO,1784295913.745273,0.540000,5,1784295914.705792,0.530000,0.041649,-0.091649,seven_trigger side=NO vel=-0.0100 ask=0.540 delta=-0.0366%
2946460,S66_SevenTrigger_ExitStack,YES,1784296218.903894,0.560000,5,1784296220.309155,0.550000,0.042499,-0.092499,seven_trigger side=YES vel=0.0100 ask=0.560 delta=0.0260%
2946483,S66_SevenTrigger_ExitStack,NO,1784296506.516811,0.590000,5,1784296507.757317,0.590000,0.043155,-0.043155,seven_trigger side=NO vel=-0.0200 ask=0.590 delta=-0.0257%
2946540,S66_SevenTrigger_ExitStack,YES,1784296806.197092,0.520000,5,1784296806.508674,0.470000,0.040495,-0.290495,seven_trigger side=YES vel=0.0300 ask=0.520 delta=0.0429%
2946548,S66_SevenTrigger_ExitStack,YES,1784297101.916727,0.530000,5,1784297104.80528,0.580000,0.041109,0.208891,seven_trigger side=YES vel=0.0400 ask=0.530 delta=0.0336%
2946666,S66_SevenTrigger_ExitStack,YES,1784297410.146088,0.540000,5,1784297415.688553,0.590000,0.041649,0.208351,seven_trigger side=YES vel=0.0100 ask=0.540 delta=0.0230%
2946686,S66_SevenTrigger_ExitStack,NO,1784297720.073106,0.700000,5,1784297721.572698,0.680000,0.038588,-0.138587,seven_trigger side=NO vel=-0.0100 ask=0.700 delta=-0.0641%
2946696,S66_SevenTrigger_ExitStack,YES,1784298013.290779,0.580000,5,1784298015.593528,0.570000,0.043022,-0.093022,seven_trigger side=YES vel=0.0100 ask=0.580 delta=0.0324%
2946722,S66_SevenTrigger_ExitStack,YES,1784298304.070814,0.620000,5,1784298318.863242,0.690000,0.043018,0.306982,seven_trigger side=YES vel=0.0100 ask=0.620 delta=0.0381%
2946736,S66_SevenTrigger_ExitStack,NO,1784298634.49805,0.670000,5,1784298637.460273,0.640000,0.040941,-0.190941,seven_trigger side=NO vel=-0.0100 ask=0.670 delta=-0.0769%
2946781,S66_SevenTrigger_ExitStack,YES,1784298935.308465,0.590000,5,1784298939.930835,0.630000,0.043155,0.156845,seven_trigger side=YES vel=0.0700 ask=0.590 delta=0.0274%
2946787,S66_SevenTrigger_ExitStack,NO,1784299206.085629,0.570000,5,1784299208.515049,0.530000,0.042803,-0.242803,seven_trigger side=NO vel=-0.0100 ask=0.570 delta=-0.0225%
2946808,S66_SevenTrigger_ExitStack,NO,1784299509.247409,0.610000,5,1784299515.401492,0.520000,0.043155,-0.493155,seven_trigger side=NO vel=-0.0100 ask=0.610 delta=-0.0211%
2946815,S66_SevenTrigger_ExitStack,YES,1784299819.498266,0.600000,5,1784299819.795816,0.560000,0.043200,-0.243200,seven_trigger side=YES vel=0.0600 ask=0.600 delta=0.0231%
2946899,S66_SevenTrigger_ExitStack,YES,1784300114.533492,0.620000,5,1784300115.517197,0.600000,0.043018,-0.143018,seven_trigger side=YES vel=0.0200 ask=0.620 delta=0.0323%
2946909,S66_SevenTrigger_ExitStack,NO,1784300405.093433,0.610000,5,1784300407.720109,0.610000,0.043155,-0.043155,seven_trigger side=NO vel=-0.0300 ask=0.610 delta=-0.0354%
2946919,S66_SevenTrigger_ExitStack,NO,1784300710.340232,0.600000,5,1784300717.497722,0.530000,0.043200,-0.393200,seven_trigger side=NO vel=-0.0100 ask=0.600 delta=-0.0451%
2946934,S66_SevenTrigger_ExitStack,YES,1784301004.484747,0.550000,5,1784301013.410679,0.630000,0.042114,0.357886,seven_trigger side=YES vel=0.0100 ask=0.550 delta=0.0217%
2946950,S66_SevenTrigger_ExitStack,YES,1784301309.56404,0.610000,5,1784301309.832754,0.570000,0.043155,-0.243155,seven_trigger side=YES vel=0.0100 ask=0.610 delta=0.0272%
2946954,S66_SevenTrigger_ExitStack,NO,1784301633.183905,0.620000,5,1784301635.066616,0.620000,0.043018,-0.043018,seven_trigger side=NO vel=-0.0200 ask=0.620 delta=-0.0503%
2946966,S66_SevenTrigger_ExitStack,YES,1784301923.801578,0.590000,5,1784301925.977733,0.580000,0.043155,-0.093155,seven_trigger side=YES vel=0.0200 ask=0.590 delta=0.0348%
2946970,S66_SevenTrigger_ExitStack,YES,1784302214.853844,0.550000,5,1784302216.588789,0.540000,0.042114,-0.092114,seven_trigger side=YES vel=0.0100 ask=0.550 delta=0.0241%
2947037,S66_SevenTrigger_ExitStack,NO,1784302511.685291,0.570000,5,1784302518.651923,0.540000,0.042803,-0.192803,seven_trigger side=NO vel=-0.0300 ask=0.570 delta=-0.0279%
2947050,S66_SevenTrigger_ExitStack,NO,1784302834.392277,0.610000,5,1784302837.082645,0.610000,0.043155,-0.043155,seven_trigger side=NO vel=-0.0200 ask=0.610 delta=-0.0325%
2947062,S66_SevenTrigger_ExitStack,NO,1784303141.185982,0.700000,5,1784303144.960482,0.650000,0.038588,-0.288587,seven_trigger side=NO vel=-0.0100 ask=0.700 delta=-0.0351%
2947068,S66_SevenTrigger_ExitStack,YES,1784303405.353673,0.660000,5,1784303408.262563,0.660000,0.041543,-0.041543,seven_trigger side=YES vel=0.0200 ask=0.660 delta=0.0320%
2947286,S66_SevenTrigger_ExitStack,YES,1784303707.410561,0.670000,5,1784303710.118319,0.660000,0.040941,-0.090941,seven_trigger side=YES vel=0.0300 ask=0.670 delta=0.0392%
2947322,S66_SevenTrigger_ExitStack,NO,1784304007.108628,0.620000,5,1784304011.680624,0.600000,0.043018,-0.143018,seven_trigger side=NO vel=-0.0100 ask=0.620 delta=-0.0231%
2947449,S66_SevenTrigger_ExitStack,NO,1784304361.488857,0.650000,5,1784304363.563431,0.570000,0.042052,-0.442052,seven_trigger side=NO vel=-0.0200 ask=0.650 delta=-0.0291%
2947461,S66_SevenTrigger_ExitStack,YES,1784304601.92766,0.640000,5,1784304607.669981,0.740000,0.042467,0.457533,seven_trigger side=YES vel=0.0300 ask=0.640 delta=0.0566%
2947474,S66_SevenTrigger_ExitStack,NO,1784304912.515945,0.660000,5,1784304916.222145,0.650000,0.041543,-0.091543,seven_trigger side=NO vel=-0.0100 ask=0.660 delta=-0.0501%
2947492,S66_SevenTrigger_ExitStack,NO,1784305207.304274,0.630000,5,1784305207.692482,0.630000,0.042789,-0.042789,seven_trigger side=NO vel=-0.0100 ask=0.630 delta=-0.0334%
2947501,S66_SevenTrigger_ExitStack,YES,1784305520.222416,0.620000,5,1784305526.400945,0.660000,0.043018,0.156982,seven_trigger side=YES vel=0.0100 ask=0.620 delta=0.0226%
2947534,S66_SevenTrigger_ExitStack,NO,1784305848.058459,0.660000,5,1784305850.79407,0.630000,0.041543,-0.191543,seven_trigger side=NO vel=-0.0100 ask=0.660 delta=-0.0277%
2947752,S66_SevenTrigger_ExitStack,YES,1784306125.718532,0.620000,5,1784306135.548932,0.670000,0.043018,0.206982,seven_trigger side=YES vel=0.0200 ask=0.620 delta=0.0277%
2947759,S66_SevenTrigger_ExitStack,NO,1784306465.315203,0.700000,5,1784306468.239539,0.650000,0.038588,-0.288587,seven_trigger side=NO vel=-0.0400 ask=0.700 delta=-0.0370%
2947774,S66_SevenTrigger_ExitStack,YES,1784306710.652375,0.610000,5,1784306716.386789,0.630000,0.043155,0.056845,seven_trigger side=YES vel=0.0100 ask=0.610 delta=0.0311%
2947777,S66_SevenTrigger_ExitStack,YES,1784307018.847347,0.620000,5,1784307027.969595,0.610000,0.043018,-0.093018,seven_trigger side=YES vel=0.0100 ask=0.620 delta=0.0435%
2948438,S66_SevenTrigger_ExitStack,NO,1784307344.760747,0.650000,5,1784307346.006379,0.650000,0.042052,-0.042052,seven_trigger side=NO vel=-0.0100 ask=0.650 delta=-0.0287%
2948460,S66_SevenTrigger_ExitStack,YES,1784307611.63953,0.540000,5,1784307613.306903,0.580000,0.041649,0.158351,seven_trigger side=YES vel=0.0100 ask=0.540 delta=0.0205%
2948481,S66_SevenTrigger_ExitStack,YES,1784307966.992782,0.640000,5,1784307973.529467,0.610000,0.042467,-0.192467,seven_trigger side=YES vel=0.0200 ask=0.640 delta=0.0247%
2948579,S66_SevenTrigger_ExitStack,NO,1784308203.25148,0.530000,5,1784308208.248819,0.520000,0.041109,-0.091109,seven_trigger side=NO vel=-0.0400 ask=0.530 delta=-0.0208%
2948585,S66_SevenTrigger_ExitStack,NO,1784308503.785709,0.580000,5,1784308504.74433,0.570000,0.043022,-0.093022,seven_trigger side=NO vel=-0.0100 ask=0.580 delta=-0.0238%
2948603,S66_SevenTrigger_ExitStack,YES,1784308813.425865,0.580000,5,1784308818.010249,0.570000,0.043022,-0.093022,seven_trigger side=YES vel=0.0200 ask=0.580 delta=0.0242%
2948701,S66_SevenTrigger_ExitStack,YES,1784309108.957861,0.590000,5,1784309110.896626,0.620000,0.043155,0.106845,seven_trigger side=YES vel=0.0400 ask=0.590 delta=0.0381%
2948708,S66_SevenTrigger_ExitStack,NO,1784309404.486034,0.530000,5,1784309404.998384,0.510000,0.041109,-0.141109,seven_trigger side=NO vel=-0.0400 ask=0.530 delta=-0.0254%
2948758,S66_SevenTrigger_ExitStack,NO,1784309718.701452,0.660000,5,1784309723.259103,0.660000,0.041543,-0.041543,seven_trigger side=NO vel=-0.0200 ask=0.660 delta=-0.0211%
2948769,S66_SevenTrigger_ExitStack,NO,1784310033.661258,0.660000,5,1784310034.845759,0.650000,0.041543,-0.091543,seven_trigger side=NO vel=-0.0100 ask=0.660 delta=-0.0333%
2948776,S66_SevenTrigger_ExitStack,YES,1784310334.483508,0.680000,5,1784310334.745326,0.660000,0.040247,-0.140247,seven_trigger side=YES vel=0.0100 ask=0.680 delta=0.0454%
2948794,S66_SevenTrigger_ExitStack,NO,1784310652.721342,0.690000,5,1784310653.819675,0.690000,0.039462,-0.039462,seven_trigger side=NO vel=-0.0200 ask=0.690 delta=-0.0532%
2949255,S66_SevenTrigger_ExitStack,NO,1784310912.215738,0.670000,5,1784310914.585344,0.610000,0.040941,-0.340941,seven_trigger side=NO vel=-0.0200 ask=0.670 delta=-0.0400%
2949590,S66_SevenTrigger_ExitStack,YES,1784311204.938348,0.600000,5,1784311205.430249,0.570000,0.043200,-0.193200,seven_trigger side=YES vel=0.0700 ask=0.600 delta=0.0324%
2949667,S66_SevenTrigger_ExitStack,YES,1784311523.093944,0.610000,5,1784311523.496833,0.620000,0.043155,0.006845,seven_trigger side=YES vel=0.0100 ask=0.610 delta=0.0342%
2950115,S66_SevenTrigger_ExitStack,YES,1784311807.154401,0.660000,5,1784311820.247593,0.680000,0.041543,0.058457,seven_trigger side=YES vel=0.0100 ask=0.660 delta=0.0313%
2950518,S66_SevenTrigger_ExitStack,NO,1784312113.297728,0.650000,5,1784312115.639547,0.640000,0.042052,-0.092052,seven_trigger side=NO vel=-0.0200 ask=0.650 delta=-0.0417%
2950526,S66_SevenTrigger_ExitStack,NO,1784312411.213378,0.620000,5,1784312412.258304,0.610000,0.043018,-0.093018,seven_trigger side=NO vel=-0.0100 ask=0.620 delta=-0.0289%
2950536,S66_SevenTrigger_ExitStack,YES,1784312708.52052,0.630000,5,1784312709.148712,0.610000,0.042789,-0.142789,seven_trigger side=YES vel=0.0100 ask=0.630 delta=0.0280%
2950542,S66_SevenTrigger_ExitStack,YES,1784313018.554962,0.650000,5,1784313025.793883,0.740000,0.042052,0.407948,seven_trigger side=YES vel=0.0100 ask=0.650 delta=0.0314%
2950598,S66_SevenTrigger_ExitStack,YES,1784313341.596472,0.620000,5,1784313341.970719,0.610000,0.043018,-0.093018,seven_trigger side=YES vel=0.0200 ask=0.620 delta=0.0206%
2950622,S66_SevenTrigger_ExitStack,YES,1784313707.6849,0.610000,5,1784313712.667418,0.730000,0.043155,0.556845,seven_trigger side=YES vel=0.0100 ask=0.610 delta=0.0216%
2950641,S66_SevenTrigger_ExitStack,YES,1784313912.788468,0.580000,5,1784313918.565594,0.680000,0.043022,0.456978,seven_trigger side=YES vel=0.0600 ask=0.580 delta=0.0256%
2950647,S66_SevenTrigger_ExitStack,NO,1784314206.393091,0.670000,5,1784314208.749326,0.660000,0.040941,-0.090941,seven_trigger side=NO vel=-0.0100 ask=0.670 delta=-0.0336%
2950785,S66_SevenTrigger_ExitStack,NO,1784314527.942153,0.700000,5,1784314529.963556,0.660000,0.038588,-0.238587,seven_trigger side=NO vel=-0.0400 ask=0.700 delta=-0.0688%
2950839,S66_SevenTrigger_ExitStack,NO,1784314838.963339,0.680000,5,1784314842.697896,0.640000,0.040247,-0.240247,seven_trigger side=NO vel=-0.0200 ask=0.680 delta=-0.0295%
2950849,S66_SevenTrigger_ExitStack,NO,1784315152.836554,0.700000,5,1784315157.690751,0.690000,0.038588,-0.088588,seven_trigger side=NO vel=-0.0100 ask=0.700 delta=-0.0585%
2950860,S66_SevenTrigger_ExitStack,NO,1784315474.81069,0.620000,5,1784315477.771345,0.580000,0.043018,-0.243018,seven_trigger side=NO vel=-0.0200 ask=0.620 delta=-0.0264%
2950871,S66_SevenTrigger_ExitStack,YES,1784315735.560952,0.650000,5,1784315737.166983,0.660000,0.042052,0.007948,seven_trigger side=YES vel=0.0100 ask=0.650 delta=0.0211%
2950882,S66_SevenTrigger_ExitStack,NO,1784316007.652595,0.660000,5,1784316010.348357,0.580000,0.041543,-0.441543,seven_trigger side=NO vel=-0.0100 ask=0.660 delta=-0.0447%
2950891,S66_SevenTrigger_ExitStack,NO,1784316313.485017,0.610000,5,1784316316.223053,0.600000,0.043155,-0.093155,seven_trigger side=NO vel=-0.0100 ask=0.610 delta=-0.0233%
2950911,S66_SevenTrigger_ExitStack,YES,1784316608.331426,0.600000,5,1784316615.723536,0.690000,0.043200,0.406800,seven_trigger side=YES vel=0.0300 ask=0.600 delta=0.0379%
2950956,S66_SevenTrigger_ExitStack,NO,1784316905.919346,0.620000,5,1784316909.29967,0.560000,0.043018,-0.343018,seven_trigger side=NO vel=-0.0100 ask=0.620 delta=-0.0209%
2950982,S66_SevenTrigger_ExitStack,NO,1784317211.793347,0.610000,5,1784317217.344542,0.600000,0.043155,-0.093155,seven_trigger side=NO vel=-0.0100 ask=0.610 delta=-0.0206%
2950998,S66_SevenTrigger_ExitStack,YES,1784317510.138577,0.620000,5,1784317512.457976,0.590000,0.043018,-0.193018,seven_trigger side=YES vel=0.0300 ask=0.620 delta=0.0200%
2951004,S66_SevenTrigger_ExitStack,YES,1784317803.733478,0.650000,5,1784317804.157206,0.630000,0.042052,-0.142052,seven_trigger side=YES vel=0.0100 ask=0.650 delta=0.0266%
2951019,S66_SevenTrigger_ExitStack,NO,1784318143.783977,0.680000,5,1784318145.225589,0.680000,0.040247,-0.040247,seven_trigger side=NO vel=-0.0200 ask=0.680 delta=-0.0301%
2951066,S66_SevenTrigger_ExitStack,NO,1784318743.959243,0.620000,5,1784318744.352003,0.630000,0.043018,0.006982,seven_trigger side=NO vel=-0.0200 ask=0.620 delta=-0.0240%
2951078,S66_SevenTrigger_ExitStack,YES,1784319036.63522,0.650000,5,1784319043.0136,0.660000,0.042052,0.007948,seven_trigger side=YES vel=0.0200 ask=0.650 delta=0.0221%
2951087,S66_SevenTrigger_ExitStack,NO,1784319335.093507,0.540000,5,1784319336.171276,0.540000,0.041649,-0.041649,seven_trigger side=NO vel=-0.0800 ask=0.540 delta=-0.0214%
2951103,S66_SevenTrigger_ExitStack,YES,1784319616.84939,0.620000,5,1784319619.416067,0.620000,0.043018,-0.043018,seven_trigger side=YES vel=0.0100 ask=0.620 delta=0.0239%
2951166,S66_SevenTrigger_ExitStack,YES,1784319962.976161,0.620000,5,1784319976.017467,0.490000,0.043018,-0.693018,seven_trigger side=YES vel=0.0100 ask=0.620 delta=0.0305%
2951175,S66_SevenTrigger_ExitStack,NO,1784320278.239309,0.670000,5,1784320281.097993,0.560000,0.040941,-0.590941,seven_trigger side=NO vel=-0.0200 ask=0.670 delta=-0.0269%
2951361,S66_SevenTrigger_ExitStack,NO,1784320532.918675,0.670000,5,1784320534.36185,0.660000,0.040941,-0.090941,seven_trigger side=NO vel=-0.0200 ask=0.670 delta=-0.0287%
2951362,S66_SevenTrigger_ExitStack,NO,1784320827.148101,0.700000,5,1784320827.530315,0.670000,0.038588,-0.188587,seven_trigger side=NO vel=-0.0500 ask=0.700 delta=-0.0414%
2951382,S66_SevenTrigger_ExitStack,YES,1784321141.645151,0.640000,5,1784321144.153735,0.680000,0.042467,0.157533,seven_trigger side=YES vel=0.0100 ask=0.640 delta=0.0303%
2951400,S66_SevenTrigger_ExitStack,YES,1784321733.762409,0.670000,5,1784321736.014975,0.660000,0.040941,-0.090941,seven_trigger side=YES vel=0.0100 ask=0.670 delta=0.0294%
2951441,S66_SevenTrigger_ExitStack,YES,1784322022.589953,0.660000,5,1784322025.609972,0.660000,0.041543,-0.041543,seven_trigger side=YES vel=0.0600 ask=0.660 delta=0.0227%
2951451,S66_SevenTrigger_ExitStack,NO,1784322310.983796,0.690000,5,1784322312.306555,0.690000,0.039462,-0.039462,seven_trigger side=NO vel=-0.0100 ask=0.690 delta=-0.0244%
2951467,S66_SevenTrigger_ExitStack,YES,1784322843.119266,0.650000,5,1784322843.233516,0.650000,0.042052,-0.042052,seven_trigger side=YES vel=0.0300 ask=0.650 delta=0.0238%
2951482,S66_SevenTrigger_ExitStack,YES,1784322968.444084,0.670000,5,1784322975.71814,0.680000,0.040941,0.009059,seven_trigger side=YES vel=0.0100 ask=0.670 delta=0.0210%
2951492,S66_SevenTrigger_ExitStack,NO,1784323244.665886,0.670000,5,1784323253.887989,0.610000,0.040941,-0.340941,seven_trigger side=NO vel=-0.0200 ask=0.670 delta=-0.0208%
2951500,S66_SevenTrigger_ExitStack,NO,1784323503.563114,0.630000,5,1784323504.435354,0.600000,0.042789,-0.192789,seven_trigger side=NO vel=-0.0400 ask=0.630 delta=-0.0306%
2951520,S66_SevenTrigger_ExitStack,NO,1784323800.781249,0.530000,5,1784323803.122265,0.450000,0.041109,-0.441109,seven_trigger side=NO vel=-0.0500 ask=0.530 delta=-0.0218%
2951645,S66_SevenTrigger_ExitStack,NO,1784324481.427777,0.640000,5,1784324483.941464,0.470000,0.042467,-0.892467,seven_trigger side=NO vel=-0.0600 ask=0.640 delta=-0.0204%
2951651,S66_SevenTrigger_ExitStack,NO,1784324734.414198,0.660000,5,1784324735.379072,0.660000,0.041543,-0.041543,seven_trigger side=NO vel=-0.0100 ask=0.660 delta=-0.0222%
2951666,S66_SevenTrigger_ExitStack,NO,1784325123.761558,0.680000,5,1784325125.524459,0.680000,0.040247,-0.040247,seven_trigger side=NO vel=-0.0400 ask=0.680 delta=-0.0434%
2951861,S66_SevenTrigger_ExitStack,NO,1784325553.013081,0.700000,5,1784325553.152348,0.680000,0.038588,-0.138587,seven_trigger side=NO vel=-0.2000 ask=0.700 delta=-0.0306%
2951909,S66_SevenTrigger_ExitStack,YES,1784325610.600053,0.650000,5,1784325617.708744,0.670000,0.042052,0.057948,seven_trigger side=YES vel=0.0200 ask=0.650 delta=0.0209%
2951972,S66_SevenTrigger_ExitStack,YES,1784325959.846896,0.590000,5,1784325960.501379,0.430000,0.043155,-0.843155,seven_trigger side=YES vel=0.0300 ask=0.590 delta=0.0201%
2951977,S66_SevenTrigger_ExitStack,YES,1784326282.238887,0.680000,5,1784326297.180509,0.710000,0.040247,0.109753,seven_trigger side=YES vel=0.0100 ask=0.680 delta=0.0251%
2952003,S66_SevenTrigger_ExitStack,NO,1784326945.305415,0.680000,5,1784326945.754408,0.590000,0.040247,-0.490247,seven_trigger side=NO vel=-0.0700 ask=0.680 delta=-0.0331%
2952033,S66_SevenTrigger_ExitStack,NO,1784327553.830729,0.700000,5,1784327554.394742,0.690000,0.038588,-0.088588,seven_trigger side=NO vel=-0.1000 ask=0.700 delta=-0.0382%
2952097,S66_SevenTrigger_ExitStack,NO,1784327736.23301,0.620000,5,1784327736.990079,0.630000,0.043018,0.006982,seven_trigger side=NO vel=-0.0100 ask=0.620 delta=-0.0202%
2953332,S66_SevenTrigger_ExitStack,NO,1784329557.234439,0.700000,5,1784329560.400676,0.700000,0.038588,-0.038588,seven_trigger side=NO vel=-0.0100 ask=0.700 delta=-0.0298%
2953348,S66_SevenTrigger_ExitStack,NO,1784329850.037081,0.700000,5,1784329853.765923,0.670000,0.038588,-0.188587,seven_trigger side=NO vel=-0.0400 ask=0.700 delta=-0.0204%
2953357,S66_SevenTrigger_ExitStack,YES,1784330300.7726,0.660000,5,1784330300.879625,0.660000,0.041543,-0.041543,seven_trigger side=YES vel=0.0300 ask=0.660 delta=0.0277%
2953542,S66_SevenTrigger_ExitStack,NO,1784331611.191401,0.680000,5,1784331612.294917,0.590000,0.040247,-0.490247,seven_trigger side=NO vel=-0.0500 ask=0.680 delta=-0.0203%
2953557,S66_SevenTrigger_ExitStack,NO,1784331903.654636,0.620000,5,1784331910.875442,0.570000,0.043018,-0.293018,seven_trigger side=NO vel=-0.0100 ask=0.620 delta=-0.0311%
2953598,S66_SevenTrigger_ExitStack,YES,1784332556.303434,0.500000,5,1784332557.39567,0.480000,0.039062,-0.139063,seven_trigger side=YES vel=0.0100 ask=0.500 delta=0.0237%
2953679,S66_SevenTrigger_ExitStack,YES,1784332832.128729,0.640000,5,1784332833.702041,0.620000,0.042467,-0.142467,seven_trigger side=YES vel=0.0100 ask=0.640 delta=0.0249%
2953702,S66_SevenTrigger_ExitStack,NO,1784333208.128985,0.560000,5,1784333209.129911,0.570000,0.042499,0.007501,seven_trigger side=NO vel=-0.0400 ask=0.560 delta=-0.0245%
2953747,S66_SevenTrigger_ExitStack,YES,1784333551.775012,0.670000,5,1784333556.742061,0.660000,0.040941,-0.090941,seven_trigger side=YES vel=0.0100 ask=0.670 delta=0.0207%
2953782,S66_SevenTrigger_ExitStack,YES,1784333750.712375,0.700000,5,1784333755.175308,0.680000,0.038588,-0.138587,seven_trigger side=YES vel=0.0100 ask=0.700 delta=0.0207%
2953796,S66_SevenTrigger_ExitStack,NO,1784334014.669708,0.690000,5,1784334018.155618,0.660000,0.039462,-0.189462,seven_trigger side=NO vel=-0.0200 ask=0.690 delta=-0.0203%
2953814,S66_SevenTrigger_ExitStack,NO,1784334654.132175,0.680000,5,1784334656.635684,0.710000,0.040247,0.109753,seven_trigger side=NO vel=-0.0400 ask=0.680 delta=-0.0285%
2954332,S66_SevenTrigger_ExitStack,NO,1784336590.508145,0.290000,5,1784336590.66944,0.280000,0.015368,-0.065368,seven_trigger side=NO vel=-0.0200 ask=0.290 delta=-0.0208%
2954338,S66_SevenTrigger_ExitStack,NO,1784336792.588796,0.620000,5,1784336793.017871,0.620000,0.043018,-0.043018,seven_trigger side=NO vel=-0.0100 ask=0.620 delta=-0.0202%
2954347,S66_SevenTrigger_ExitStack,NO,1784337113.373367,0.690000,5,1784337113.621361,0.560000,0.039462,-0.689462,seven_trigger side=NO vel=-0.0500 ask=0.690 delta=-0.0245%
2954460,S66_SevenTrigger_ExitStack,NO,1784338535.649308,0.520000,5,1784338536.084529,0.530000,0.040495,0.009505,seven_trigger side=NO vel=-0.0200 ask=0.520 delta=-0.0206%
2954515,S66_SevenTrigger_ExitStack,YES,1784339477.167371,0.670000,5,1784339490.557828,0.680000,0.040941,0.009059,seven_trigger side=YES vel=0.0600 ask=0.670 delta=0.0205%
2954549,S66_SevenTrigger_ExitStack,NO,1784339950.336507,0.650000,5,1784339950.450763,0.660000,0.042052,0.007948,seven_trigger side=NO vel=-0.1400 ask=0.650 delta=-0.0245%
2954584,S66_SevenTrigger_ExitStack,NO,1784340351.360793,0.690000,5,1784340352.106963,0.690000,0.039462,-0.039462,seven_trigger side=NO vel=-0.0400 ask=0.690 delta=-0.0394%
2954596,S66_SevenTrigger_ExitStack,NO,1784340615.922215,0.630000,5,1784340616.689541,0.610000,0.042789,-0.142789,seven_trigger side=NO vel=-0.0500 ask=0.630 delta=-0.0303%
2954610,S66_SevenTrigger_ExitStack,YES,1784340949.740744,0.620000,5,1784340957.490684,0.630000,0.043018,0.006982,seven_trigger side=YES vel=0.0100 ask=0.620 delta=0.0223%
2954623,S66_SevenTrigger_ExitStack,YES,1784341264.638656,0.700000,5,1784341266.796021,0.680000,0.038588,-0.138587,seven_trigger side=YES vel=0.0100 ask=0.700 delta=0.0202%
2954747,S66_SevenTrigger_ExitStack,YES,1784342188.626406,0.620000,5,1784342188.749327,0.470000,0.043018,-0.793018,seven_trigger side=YES vel=0.1600 ask=0.620 delta=0.0215%
2955158,S66_SevenTrigger_ExitStack,NO,1784344313.770387,0.660000,5,1784344318.602125,0.600000,0.041543,-0.341543,seven_trigger side=NO vel=-0.0200 ask=0.660 delta=-0.0206%
2955172,S66_SevenTrigger_ExitStack,YES,1784344621.43279,0.510000,5,1784344625.020066,0.500000,0.039812,-0.089812,seven_trigger side=YES vel=0.0200 ask=0.510 delta=0.0215%
2955340,S66_SevenTrigger_ExitStack,YES,1784346103.719607,0.560000,5,1784346104.522763,0.570000,0.042499,0.007501,seven_trigger side=YES vel=0.0100 ask=0.560 delta=0.0219%
2955347,S66_SevenTrigger_ExitStack,NO,1784346482.863872,0.490000,5,1784346482.97876,0.480000,0.038251,-0.088251,seven_trigger side=NO vel=-0.0100 ask=0.490 delta=-0.0232%
2955868,S66_SevenTrigger_ExitStack,NO,1784348329.716,0.650000,5,1784348329.828757,0.490000,0.042052,-0.842052,seven_trigger side=NO vel=-0.0800 ask=0.650 delta=-0.0227%
2955884,S66_SevenTrigger_ExitStack,NO,1784348408.229659,0.690000,5,1784348408.543368,0.690000,0.039462,-0.039462,seven_trigger side=NO vel=-0.0300 ask=0.690 delta=-0.0202%
2956017,S66_SevenTrigger_ExitStack,NO,1784349331.760625,0.700000,5,1784349332.946853,0.680000,0.038588,-0.138587,seven_trigger side=NO vel=-0.0100 ask=0.700 delta=-0.0237%
2956046,S66_SevenTrigger_ExitStack,YES,1784350485.66791,0.290000,5,1784350485.781014,0.270000,0.015368,-0.115368,seven_trigger side=YES vel=0.0600 ask=0.290 delta=0.0375%
2956682,S66_SevenTrigger_ExitStack,NO,1784350922.83801,0.640000,5,1784350923.327336,0.620000,0.042467,-0.142467,seven_trigger side=NO vel=-0.0100 ask=0.640 delta=-0.0261%
2956699,S66_SevenTrigger_ExitStack,NO,1784351519.857206,0.700000,5,1784351523.765159,0.610000,0.038588,-0.488588,seven_trigger side=NO vel=-0.0200 ask=0.700 delta=-0.0218%
2956794,S66_SevenTrigger_ExitStack,YES,1784353124.233389,0.660000,5,1784353124.348667,0.650000,0.041543,-0.091543,seven_trigger side=YES vel=0.0300 ask=0.660 delta=0.0222%
2956852,S66_SevenTrigger_ExitStack,YES,1784353597.605272,0.670000,5,1784353598.95373,0.630000,0.040941,-0.240941,seven_trigger side=YES vel=0.0100 ask=0.670 delta=0.0292%
2956866,S66_SevenTrigger_ExitStack,NO,1784353985.174555,0.680000,5,1784353985.292242,0.650000,0.040247,-0.190247,seven_trigger side=NO vel=-0.1200 ask=0.680 delta=-0.0260%
2956944,S66_SevenTrigger_ExitStack,NO,1784354124.407576,0.700000,5,1784354130.297304,0.610000,0.038588,-0.488588,seven_trigger side=NO vel=-0.0100 ask=0.700 delta=-0.0274%
2957123,S66_SevenTrigger_ExitStack,YES,1784358235.5245,0.700000,5,1784358235.634388,0.690000,0.038588,-0.088588,seven_trigger side=YES vel=0.0200 ask=0.700 delta=0.0334%
2957317,S66_SevenTrigger_ExitStack,NO,1784361050.632883,0.630000,5,1784361053.805657,0.640000,0.042789,0.007211,seven_trigger side=NO vel=-0.0300 ask=0.630 delta=-0.0201%
2957367,S66_SevenTrigger_ExitStack,NO,1784361801.385667,0.670000,5,1784361801.51001,0.650000,0.040941,-0.140941,seven_trigger side=NO vel=-0.2400 ask=0.670 delta=-0.0505%
2957398,S66_SevenTrigger_ExitStack,NO,1784361948.951887,0.700000,5,1784361954.388903,0.610000,0.038588,-0.488588,seven_trigger side=NO vel=-0.0100 ask=0.700 delta=-0.0219%
2957451,S66_SevenTrigger_ExitStack,YES,1784363464.889665,0.610000,5,1784363465.162037,0.570000,0.043155,-0.243155,seven_trigger side=YES vel=0.0200 ask=0.610 delta=0.0207%
2957502,S66_SevenTrigger_ExitStack,NO,1784363800.297412,0.700000,5,1784363800.647504,0.700000,0.038588,-0.038588,seven_trigger side=NO vel=-0.0400 ask=0.700 delta=-0.0302%
2957557,S66_SevenTrigger_ExitStack,NO,1784364081.850693,0.680000,5,1784364082.098112,0.590000,0.040247,-0.490247,seven_trigger side=NO vel=-0.0300 ask=0.680 delta=-0.0211%
2957670,S66_SevenTrigger_ExitStack,NO,1784366355.608754,0.180000,5,1784366355.728761,0.170000,0.004902,-0.054902,seven_trigger side=NO vel=-0.0100 ask=0.180 delta=-0.0201%
2957677,S66_SevenTrigger_ExitStack,NO,1784366538.662474,0.680000,5,1784366539.434808,0.700000,0.040247,0.059753,seven_trigger side=NO vel=-0.0800 ask=0.680 delta=-0.0254%
2957683,S66_SevenTrigger_ExitStack,NO,1784366924.597848,0.670000,5,1784366924.727996,0.660000,0.040941,-0.090941,seven_trigger side=NO vel=-0.0100 ask=0.670 delta=-0.0202%
2958905,S66_SevenTrigger_ExitStack,YES,1784376432.745872,0.640000,5,1784376433.979992,0.640000,0.042467,-0.042467,seven_trigger side=YES vel=0.0200 ask=0.640 delta=0.0493%
2958982,S66_SevenTrigger_ExitStack,NO,1784378024.503217,0.670000,5,1784378024.628932,0.660000,0.040941,-0.090941,seven_trigger side=NO vel=-0.0500 ask=0.670 delta=-0.0303%
2959036,S66_SevenTrigger_ExitStack,NO,1784378426.906105,0.690000,5,1784378436.811124,0.630000,0.039462,-0.339462,seven_trigger side=NO vel=-0.0300 ask=0.690 delta=-0.0292%
2959116,S66_SevenTrigger_ExitStack,NO,1784379605.588692,0.670000,5,1784379606.152309,0.670000,0.040941,-0.040941,seven_trigger side=NO vel=-0.0300 ask=0.670 delta=-0.0239%
2959126,S66_SevenTrigger_ExitStack,NO,1784379953.699197,0.700000,5,1784379962.156785,0.640000,0.038588,-0.338587,seven_trigger side=NO vel=-0.0100 ask=0.700 delta=-0.0230%
2959141,S66_SevenTrigger_ExitStack,NO,1784380225.187625,0.700000,5,1784380226.363891,0.710000,0.038588,0.011412,seven_trigger side=NO vel=-0.0100 ask=0.700 delta=-0.0411%
2959146,S66_SevenTrigger_ExitStack,YES,1784380658.378916,0.640000,5,1784380673.684501,0.670000,0.042467,0.107533,seven_trigger side=YES vel=0.0100 ask=0.640 delta=0.0206%
2959165,S66_SevenTrigger_ExitStack,YES,1784380820.75005,0.700000,5,1784380821.164579,0.680000,0.038588,-0.138587,seven_trigger side=YES vel=0.0200 ask=0.700 delta=0.0200%
2959177,S66_SevenTrigger_ExitStack,YES,1784381150.29309,0.700000,5,1784381155.298438,0.780000,0.038588,0.361413,seven_trigger side=YES vel=0.0100 ask=0.700 delta=0.0211%
2959187,S66_SevenTrigger_ExitStack,YES,1784381504.607372,0.630000,5,1784381506.344326,0.650000,0.042789,0.057211,seven_trigger side=YES vel=0.0100 ask=0.630 delta=0.0275%
2959317,S66_SevenTrigger_ExitStack,YES,1784383217.655778,0.680000,5,1784383218.699579,0.700000,0.040247,0.059753,seven_trigger side=YES vel=0.0100 ask=0.680 delta=0.0215%
2959334,S66_SevenTrigger_ExitStack,YES,1784383865.592631,0.700000,5,1784383866.005855,0.680000,0.038588,-0.138587,seven_trigger side=YES vel=0.0600 ask=0.700 delta=0.0203%
2959393,S66_SevenTrigger_ExitStack,YES,1784385056.226046,0.630000,5,1784385058.313671,0.630000,0.042789,-0.042789,seven_trigger side=YES vel=0.0100 ask=0.630 delta=0.0217%
2959437,S66_SevenTrigger_ExitStack,NO,1784385536.035904,0.690000,5,1784385536.203185,0.550000,0.039462,-0.739462,seven_trigger side=NO vel=-0.2000 ask=0.690 delta=-0.0256%
2959881,S66_SevenTrigger_ExitStack,YES,1784387871.217584,0.340000,5,1784387877.954339,0.480000,0.021401,0.678599,seven_trigger side=YES vel=0.0100 ask=0.340 delta=0.0202%
2960059,S66_SevenTrigger_ExitStack,YES,1784389835.891688,0.670000,5,1784389840.408574,0.680000,0.040941,0.009059,seven_trigger side=YES vel=0.0100 ask=0.670 delta=0.0201%
2960269,S66_SevenTrigger_ExitStack,NO,1784390565.909399,0.700000,5,1784390566.420424,0.570000,0.038588,-0.688588,seven_trigger side=NO vel=-0.0700 ask=0.700 delta=-0.0238%
2960326,S66_SevenTrigger_ExitStack,NO,1784391631.791407,0.390000,5,1784391632.456471,0.310000,0.027591,-0.427591,seven_trigger side=NO vel=-0.0100 ask=0.390 delta=-0.0264%
2960367,S66_SevenTrigger_ExitStack,YES,1784392355.362189,0.460000,5,1784392359.251108,0.460000,0.035479,-0.035479,seven_trigger side=YES vel=0.0200 ask=0.460 delta=0.0200%
2960425,S66_SevenTrigger_ExitStack,NO,1784392502.409462,0.480000,5,1784392502.8217,0.390000,0.037380,-0.487380,seven_trigger side=NO vel=-0.0200 ask=0.480 delta=-0.0201%
2960475,S66_SevenTrigger_ExitStack,NO,1784393551.125274,0.300000,5,1784393552.142298,0.140000,0.016537,-0.816537,seven_trigger side=NO vel=-0.6500 ask=0.300 delta=-0.0716%
2960862,S66_SevenTrigger_ExitStack,YES,1784393773.904573,0.680000,5,1784393775.442617,0.640000,0.040247,-0.240247,seven_trigger side=YES vel=0.0100 ask=0.680 delta=0.0218%
2960864,S66_SevenTrigger_ExitStack,YES,1784394019.200468,0.570000,5,1784394019.45861,0.580000,0.042803,0.007197,seven_trigger side=YES vel=0.0200 ask=0.570 delta=0.0251%
2960981,S66_SevenTrigger_ExitStack,YES,1784394722.207132,0.680000,5,1784394723.320449,0.650000,0.040247,-0.190247,seven_trigger side=YES vel=0.0100 ask=0.680 delta=0.0357%
2960991,S66_SevenTrigger_ExitStack,YES,1784394955.947105,0.700000,5,1784394957.618459,0.730000,0.038588,0.111412,seven_trigger side=YES vel=0.0100 ask=0.700 delta=0.0204%
2961007,S66_SevenTrigger_ExitStack,YES,1784395222.857918,0.620000,5,1784395223.502093,0.610000,0.043018,-0.093018,seven_trigger side=YES vel=0.0400 ask=0.620 delta=0.0401%
2961135,S66_SevenTrigger_ExitStack,NO,1784395763.117251,0.570000,5,1784395763.258311,0.550000,0.042803,-0.142803,seven_trigger side=NO vel=-0.0300 ask=0.570 delta=-0.0216%
2961155,S66_SevenTrigger_ExitStack,YES,1784395822.851198,0.700000,5,1784395823.094098,0.670000,0.038588,-0.188587,seven_trigger side=YES vel=0.0400 ask=0.700 delta=0.0211%
2961250,S66_SevenTrigger_ExitStack,YES,1784396407.216266,0.580000,5,1784396408.494551,0.520000,0.043022,-0.343022,seven_trigger side=YES vel=0.0600 ask=0.580 delta=0.0224%
2961273,S66_SevenTrigger_ExitStack,NO,1784396706.353456,0.530000,5,1784396706.880763,0.530000,0.041109,-0.041109,seven_trigger side=NO vel=-0.0200 ask=0.530 delta=-0.0224%
2961282,S66_SevenTrigger_ExitStack,NO,1784397042.121589,0.640000,5,1784397042.658833,0.640000,0.042467,-0.042467,seven_trigger side=NO vel=-0.0100 ask=0.640 delta=-0.0233%
2961310,S66_SevenTrigger_ExitStack,NO,1784397378.849461,0.630000,5,1784397379.284166,0.630000,0.042789,-0.042789,seven_trigger side=NO vel=-0.0100 ask=0.630 delta=-0.0224%
2961529,S66_SevenTrigger_ExitStack,NO,1784398009.77149,0.700000,5,1784398012.598681,0.630000,0.038588,-0.388588,seven_trigger side=NO vel=-0.0700 ask=0.700 delta=-0.0204%
2961601,S66_SevenTrigger_ExitStack,YES,1784398763.143829,0.550000,5,1784398763.295926,0.580000,0.042114,0.107886,seven_trigger side=YES vel=0.0200 ask=0.550 delta=0.0224%
2961607,S66_SevenTrigger_ExitStack,YES,1784398884.259484,0.700000,5,1784398891.115537,0.720000,0.038588,0.061412,seven_trigger side=YES vel=0.0100 ask=0.700 delta=0.0530%
2961997,S66_SevenTrigger_ExitStack,YES,1784399104.313897,0.640000,5,1784399104.582856,0.610000,0.042467,-0.192467,seven_trigger side=YES vel=0.0200 ask=0.640 delta=0.0808%
2962151,S66_SevenTrigger_ExitStack,NO,1784399423.063378,0.670000,5,1784399423.457003,0.670000,0.040941,-0.040941,seven_trigger side=NO vel=-0.0300 ask=0.670 delta=-0.0257%
2962211,S66_SevenTrigger_ExitStack,YES,1784399773.790287,0.650000,5,1784399776.355432,0.630000,0.042052,-0.142052,seven_trigger side=YES vel=0.0100 ask=0.650 delta=0.0276%
2962822,S66_SevenTrigger_ExitStack,YES,1784400375.092856,0.700000,5,1784400391.109444,0.810000,0.038588,0.511413,seven_trigger side=YES vel=0.0200 ask=0.700 delta=0.0344%
2963033,S66_SevenTrigger_ExitStack,NO,1784400976.247974,0.670000,5,1784400976.935821,0.670000,0.040941,-0.040941,seven_trigger side=NO vel=-0.0300 ask=0.670 delta=-0.0223%
2963053,S66_SevenTrigger_ExitStack,YES,1784401221.090195,0.530000,5,1784401222.54886,0.530000,0.041109,-0.041109,seven_trigger side=YES vel=0.0100 ask=0.530 delta=0.0240%
2963089,S66_SevenTrigger_ExitStack,YES,1784402128.08599,0.700000,5,1784402132.789222,0.700000,0.038588,-0.038588,seven_trigger side=YES vel=0.0200 ask=0.700 delta=0.0415%
2963268,S66_SevenTrigger_ExitStack,NO,1784404225.377698,0.700000,5,1784404226.17082,0.700000,0.038588,-0.038588,seven_trigger side=NO vel=-0.0200 ask=0.700 delta=-0.0349%
2963323,S66_SevenTrigger_ExitStack,NO,1784404858.122813,0.670000,5,1784404865.336819,0.650000,0.040941,-0.140941,seven_trigger side=NO vel=-0.0100 ask=0.670 delta=-0.0292%
2963343,S66_SevenTrigger_ExitStack,NO,1784405113.371171,0.570000,5,1784405115.293439,0.580000,0.042803,0.007197,seven_trigger side=NO vel=-0.0100 ask=0.570 delta=-0.0239%
2963355,S66_SevenTrigger_ExitStack,YES,1784405425.689986,0.700000,5,1784405426.738961,0.660000,0.038588,-0.238587,seven_trigger side=YES vel=0.0100 ask=0.700 delta=0.0221%
2963378,S66_SevenTrigger_ExitStack,YES,1784406012.318441,0.400000,5,1784406012.458656,0.370000,0.028800,-0.178800,seven_trigger side=YES vel=0.0100 ask=0.400 delta=0.0336%
2963417,S66_SevenTrigger_ExitStack,YES,1784406306.412454,0.460000,5,1784406306.94683,0.440000,0.035479,-0.135479,seven_trigger side=YES vel=0.0300 ask=0.460 delta=0.0217%
2963422,S66_SevenTrigger_ExitStack,NO,1784406630.72846,0.700000,5,1784406630.977948,0.700000,0.038588,-0.038588,seven_trigger side=NO vel=-0.0200 ask=0.700 delta=-0.0239%
2963474,S66_SevenTrigger_ExitStack,NO,1784406965.406534,0.690000,5,1784406967.481358,0.690000,0.039462,-0.039462,seven_trigger side=NO vel=-0.0400 ask=0.690 delta=-0.0282%
2963513,S66_SevenTrigger_ExitStack,YES,1784407406.351355,0.690000,5,1784407406.482398,0.680000,0.039462,-0.089462,seven_trigger side=YES vel=0.0600 ask=0.690 delta=0.0237%
2963557,S66_SevenTrigger_ExitStack,YES,1784408150.263194,0.540000,5,1784408151.159113,0.520000,0.041649,-0.141649,seven_trigger side=YES vel=0.0100 ask=0.540 delta=0.0247%
2963568,S66_SevenTrigger_ExitStack,NO,1784408418.083291,0.670000,5,1784408423.185321,0.580000,0.040941,-0.490941,seven_trigger side=NO vel=-0.0100 ask=0.670 delta=-0.0207%
2963589,S66_SevenTrigger_ExitStack,YES,1784409029.863577,0.650000,5,1784409032.682825,0.640000,0.042052,-0.092052,seven_trigger side=YES vel=0.0100 ask=0.650 delta=0.0316%
2963677,S66_SevenTrigger_ExitStack,YES,1784409301.516092,0.590000,5,1784409302.060603,0.560000,0.043155,-0.193155,seven_trigger side=YES vel=0.0600 ask=0.590 delta=0.0205%
2963688,S66_SevenTrigger_ExitStack,NO,1784409639.662939,0.580000,5,1784409639.89723,0.480000,0.043022,-0.543022,seven_trigger side=NO vel=-0.2000 ask=0.580 delta=-0.0282%
2963776,S66_SevenTrigger_ExitStack,YES,1784409918.211892,0.640000,5,1784409921.08852,0.600000,0.042467,-0.242467,seven_trigger side=YES vel=0.0300 ask=0.640 delta=0.0205%
2963786,S66_SevenTrigger_ExitStack,NO,1784410238.429876,0.700000,5,1784410245.634729,0.600000,0.038588,-0.538587,seven_trigger side=NO vel=-0.0300 ask=0.700 delta=-0.0270%
2963915,S66_SevenTrigger_ExitStack,NO,1784410890.003791,0.630000,5,1784410892.688028,0.580000,0.042789,-0.292789,seven_trigger side=NO vel=-0.1300 ask=0.630 delta=-0.0243%
2963929,S66_SevenTrigger_ExitStack,NO,1784411158.236098,0.700000,5,1784411158.376829,0.550000,0.038588,-0.788587,seven_trigger side=NO vel=-0.0100 ask=0.700 delta=-0.0344%
2963989,S66_SevenTrigger_ExitStack,YES,1784411432.231932,0.600000,5,1784411447.064931,0.640000,0.043200,0.156800,seven_trigger side=YES vel=0.0200 ask=0.600 delta=0.0211%
2964737,S66_SevenTrigger_ExitStack,NO,1784411777.97736,0.700000,5,1784411778.348171,0.690000,0.038588,-0.088588,seven_trigger side=NO vel=-0.0400 ask=0.700 delta=-0.0285%
2964877,S66_SevenTrigger_ExitStack,NO,1784412353.841937,0.680000,5,1784412355.952889,0.640000,0.040247,-0.240247,seven_trigger side=NO vel=-0.0600 ask=0.680 delta=-0.0242%
2964892,S66_SevenTrigger_ExitStack,YES,1784412612.932409,0.700000,5,1784412613.394751,0.680000,0.038588,-0.138587,seven_trigger side=YES vel=0.0100 ask=0.700 delta=0.0226%
2965000,S66_SevenTrigger_ExitStack,YES,1784413372.507114,0.660000,5,1784413380.031962,0.680000,0.041543,0.058457,seven_trigger side=YES vel=0.0200 ask=0.660 delta=0.0230%
2965044,S66_SevenTrigger_ExitStack,YES,1784413513.810656,0.460000,5,1784413515.521488,0.440000,0.035479,-0.135479,seven_trigger side=YES vel=0.0100 ask=0.460 delta=0.0201%
2965065,S66_SevenTrigger_ExitStack,NO,1784413881.783269,0.690000,5,1784413883.008831,0.700000,0.039462,0.010538,seven_trigger side=NO vel=-0.1500 ask=0.690 delta=-0.0349%
2965128,S66_SevenTrigger_ExitStack,NO,1784414107.186861,0.630000,5,1784414107.450081,0.530000,0.042789,-0.542789,seven_trigger side=NO vel=-0.0500 ask=0.630 delta=-0.0204%
2965351,S66_SevenTrigger_ExitStack,NO,1784414980.531265,0.690000,5,1784414980.635942,0.550000,0.039462,-0.739462,seven_trigger side=NO vel=-0.2900 ask=0.690 delta=-0.0344%
2965356,S66_SevenTrigger_ExitStack,YES,1784415282.448787,0.619000,5,1784415282.563295,0.609000,0.043036,-0.093036,seven_trigger side=YES vel=0.1400 ask=0.619 delta=0.0636%
2966363,S66_SevenTrigger_ExitStack,NO,1784415880.532679,0.700000,5,1784415880.64696,0.730000,0.038588,0.111412,seven_trigger side=NO vel=-0.2000 ask=0.700 delta=-0.0319%
2966451,S66_SevenTrigger_ExitStack,NO,1784416238.185021,0.670000,5,1784416238.862582,0.630000,0.040941,-0.240941,seven_trigger side=NO vel=-0.0100 ask=0.670 delta=-0.0201%
2966536,S66_SevenTrigger_ExitStack,YES,1784416805.72777,0.670000,5,1784416807.363457,0.650000,0.040941,-0.140941,seven_trigger side=YES vel=0.0100 ask=0.670 delta=0.0255%
2966562,S66_SevenTrigger_ExitStack,YES,1784417207.816708,0.700000,5,1784417220.634626,0.770000,0.038588,0.311413,seven_trigger side=YES vel=0.0200 ask=0.700 delta=0.0544%
2966620,S66_SevenTrigger_ExitStack,NO,1784417561.195097,0.610000,5,1784417564.456702,0.590000,0.043155,-0.143155,seven_trigger side=NO vel=-0.0100 ask=0.610 delta=-0.0224%
2966724,S66_SevenTrigger_ExitStack,YES,1784417887.785856,0.670000,5,1784417887.885992,0.660000,0.040941,-0.090941,seven_trigger side=YES vel=0.0200 ask=0.670 delta=0.0211%
2966804,S66_SevenTrigger_ExitStack,NO,1784418013.594909,0.700000,5,1784418015.10819,0.680000,0.038588,-0.138587,seven_trigger side=NO vel=-0.0100 ask=0.700 delta=-0.0267%
2966865,S66_SevenTrigger_ExitStack,NO,1784418669.196379,0.670000,5,1784418675.270602,0.680000,0.040941,0.009059,seven_trigger side=NO vel=-0.0100 ask=0.670 delta=-0.0201%
2966949,S66_SevenTrigger_ExitStack,YES,1784419324.825225,0.670000,5,1784419328.754204,0.650000,0.040941,-0.140941,seven_trigger side=YES vel=0.0200 ask=0.670 delta=0.0271%
2966961,S66_SevenTrigger_ExitStack,NO,1784419738.393663,0.640000,5,1784419738.542273,0.630000,0.042467,-0.092467,seven_trigger side=NO vel=-0.0300 ask=0.640 delta=-0.0237%
2967037,S66_SevenTrigger_ExitStack,NO,1784420595.381218,0.700000,5,1784420595.490831,0.680000,0.038588,-0.138587,seven_trigger side=NO vel=-0.0600 ask=0.700 delta=-0.0212%
2967046,S66_SevenTrigger_ExitStack,YES,1784420779.174266,0.670000,5,1784420785.409914,0.800000,0.040941,0.609059,seven_trigger side=YES vel=0.0100 ask=0.670 delta=0.0446%
2967065,S66_SevenTrigger_ExitStack,YES,1784421084.80246,0.650000,5,1784421090.825501,0.660000,0.042052,0.007948,seven_trigger side=YES vel=0.0100 ask=0.650 delta=0.0203%
2967117,S66_SevenTrigger_ExitStack,NO,1784421357.649788,0.700000,5,1784421357.86885,0.700000,0.038588,-0.038588,seven_trigger side=NO vel=-0.0300 ask=0.700 delta=-0.0225%
2967226,S66_SevenTrigger_ExitStack,YES,1784422079.564117,0.700000,5,1784422079.977016,0.690000,0.038588,-0.088588,seven_trigger side=YES vel=0.0100 ask=0.700 delta=0.0202%
2967247,S66_SevenTrigger_ExitStack,YES,1784422404.845343,0.670000,5,1784422404.950686,0.640000,0.040941,-0.190941,seven_trigger side=YES vel=0.0100 ask=0.670 delta=0.0371%
2967260,S66_SevenTrigger_ExitStack,NO,1784422710.226526,0.700000,5,1784422710.335098,0.690000,0.038588,-0.088588,seven_trigger side=NO vel=-0.0100 ask=0.700 delta=-0.0209%
2967884,S66_SevenTrigger_ExitStack,NO,1784426493.09801,0.690000,5,1784426500.715432,0.680000,0.039462,-0.089462,seven_trigger side=NO vel=-0.0600 ask=0.690 delta=-0.0818%
2967912,S66_SevenTrigger_ExitStack,YES,1784426727.907051,0.640000,5,1784426734.254626,0.670000,0.042467,0.107533,seven_trigger side=YES vel=0.0300 ask=0.640 delta=0.0222%
2967926,S66_SevenTrigger_ExitStack,YES,1784427015.983016,0.680000,5,1784427019.982597,0.660000,0.040247,-0.140247,seven_trigger side=YES vel=0.0100 ask=0.680 delta=0.0319%
2967953,S66_SevenTrigger_ExitStack,YES,1784427321.260195,0.630000,5,1784427321.905355,0.600000,0.042789,-0.192789,seven_trigger side=YES vel=0.0100 ask=0.630 delta=0.0226%
2967969,S66_SevenTrigger_ExitStack,NO,1784427613.956676,0.640000,5,1784427615.600907,0.640000,0.042467,-0.042467,seven_trigger side=NO vel=-0.0100 ask=0.640 delta=-0.0327%
2968042,S66_SevenTrigger_ExitStack,YES,1784428510.528708,0.680000,5,1784428518.055983,0.710000,0.040247,0.109753,seven_trigger side=YES vel=0.0100 ask=0.680 delta=0.0237%
2968131,S66_SevenTrigger_ExitStack,NO,1784429485.754054,0.630000,5,1784429497.044895,0.560000,0.042789,-0.392789,seven_trigger side=NO vel=-0.0100 ask=0.630 delta=-0.0244%
2968144,S66_SevenTrigger_ExitStack,YES,1784430006.395821,0.680000,5,1784430010.958545,0.670000,0.040247,-0.090247,seven_trigger side=YES vel=0.0100 ask=0.680 delta=0.0229%
2968229,S66_SevenTrigger_ExitStack,NO,1784431267.351063,0.670000,5,1784431268.686912,0.660000,0.040941,-0.090941,seven_trigger side=NO vel=-0.0100 ask=0.670 delta=-0.0219%
2968243,S66_SevenTrigger_ExitStack,YES,1784431596.945046,0.700000,5,1784431600.434115,0.710000,0.038588,0.011412,seven_trigger side=YES vel=0.0300 ask=0.700 delta=0.0290%
2968310,S66_SevenTrigger_ExitStack,YES,1784432119.240553,0.640000,5,1784432119.593281,0.630000,0.042467,-0.092467,seven_trigger side=YES vel=0.0100 ask=0.640 delta=0.0233%
2968401,S66_SevenTrigger_ExitStack,YES,1784432882.212257,0.650000,5,1784432882.329014,0.650000,0.042052,-0.042052,seven_trigger side=YES vel=0.0100 ask=0.650 delta=0.0201%
2968664,S66_SevenTrigger_ExitStack,YES,1784433367.733468,0.680000,5,1784433375.021963,0.660000,0.040247,-0.140247,seven_trigger side=YES vel=0.0100 ask=0.680 delta=0.0239%
2969035,S66_SevenTrigger_ExitStack,NO,1784433729.800763,0.670000,5,1784433732.607176,0.660000,0.040941,-0.090941,seven_trigger side=NO vel=-0.0600 ask=0.670 delta=-0.0255%
2969057,S66_SevenTrigger_ExitStack,NO,1784433998.395112,0.680000,5,1784433998.941633,0.700000,0.040247,0.059753,seven_trigger side=NO vel=-0.0600 ask=0.680 delta=-0.0310%
2969070,S66_SevenTrigger_ExitStack,NO,1784434446.588605,0.630000,5,1784434446.707111,0.620000,0.042789,-0.092789,seven_trigger side=NO vel=-0.0800 ask=0.630 delta=-0.0224%
2969080,S66_SevenTrigger_ExitStack,YES,1784434548.727247,0.650000,5,1784434549.496026,0.600000,0.042052,-0.292052,seven_trigger side=YES vel=0.0100 ask=0.650 delta=0.0220%
2969204,S66_SevenTrigger_ExitStack,NO,1784435581.075866,0.700000,5,1784435581.210104,0.690000,0.038588,-0.088588,seven_trigger side=NO vel=-0.0800 ask=0.700 delta=-0.0217%
2969321,S66_SevenTrigger_ExitStack,YES,1784436428.104435,0.640000,5,1784436428.722057,0.620000,0.042467,-0.142467,seven_trigger side=YES vel=0.0100 ask=0.640 delta=0.0316%
2969836,S66_SevenTrigger_ExitStack,NO,1784437569.119341,0.700000,5,1784437569.497134,0.700000,0.038588,-0.038588,seven_trigger side=NO vel=-0.0100 ask=0.700 delta=-0.0286%
2969915,S66_SevenTrigger_ExitStack,YES,1784438266.379245,0.600000,5,1784438270.686415,0.560000,0.043200,-0.243200,seven_trigger side=YES vel=0.0200 ask=0.600 delta=0.0213%
2969957,S66_SevenTrigger_ExitStack,YES,1784438730.902811,0.660000,5,1784438737.682253,0.650000,0.041543,-0.091543,seven_trigger side=YES vel=0.0100 ask=0.660 delta=0.0202%
2970021,S66_SevenTrigger_ExitStack,NO,1784439337.546935,0.700000,5,1784439337.659313,0.600000,0.038588,-0.538587,seven_trigger side=NO vel=-0.0500 ask=0.700 delta=-0.0242%
2970074,S66_SevenTrigger_ExitStack,YES,1784440226.019248,0.670000,5,1784440226.255519,0.630000,0.040941,-0.240941,seven_trigger side=YES vel=0.0600 ask=0.670 delta=0.0219%
2970154,S66_SevenTrigger_ExitStack,NO,1784442446.307356,0.700000,5,1784442446.425579,0.500000,0.038588,-1.038587,seven_trigger side=NO vel=-0.0100 ask=0.700 delta=-0.0216%
2970218,S66_SevenTrigger_ExitStack,NO,1784442952.565262,0.660000,5,1784442954.849723,0.580000,0.041543,-0.441543,seven_trigger side=NO vel=-0.0800 ask=0.660 delta=-0.0235%
2970423,S66_SevenTrigger_ExitStack,NO,1784447213.66857,0.690000,5,1784447215.616701,0.550000,0.039462,-0.739462,seven_trigger side=NO vel=-0.0200 ask=0.690 delta=-0.0222%
2970433,S66_SevenTrigger_ExitStack,YES,1784447683.592465,0.330000,5,1784447683.700927,0.320000,0.020165,-0.070165,seven_trigger side=YES vel=0.0600 ask=0.330 delta=0.0208%
2970474,S66_SevenTrigger_ExitStack,NO,1784447816.358398,0.680000,5,1784447816.809738,0.680000,0.040247,-0.040247,seven_trigger side=NO vel=-0.0600 ask=0.680 delta=-0.0373%
2970507,S66_SevenTrigger_ExitStack,NO,1784448547.716068,0.680000,5,1784448547.84244,0.670000,0.040247,-0.090247,seven_trigger side=NO vel=-0.0700 ask=0.680 delta=-0.0360%
2970517,S66_SevenTrigger_ExitStack,YES,1784448790.284177,0.530000,5,1784448790.404659,0.420000,0.041109,-0.591109,seven_trigger side=YES vel=0.0100 ask=0.530 delta=0.0278%
2970542,S66_SevenTrigger_ExitStack,NO,1784449107.190294,0.630000,5,1784449107.312811,0.610000,0.042789,-0.142789,seven_trigger side=NO vel=-0.0300 ask=0.630 delta=-0.0239%
2970588,S66_SevenTrigger_ExitStack,NO,1784449305.061241,0.650000,5,1784449305.704598,0.620000,0.042052,-0.192052,seven_trigger side=NO vel=-0.0700 ask=0.650 delta=-0.0255%
2970599,S66_SevenTrigger_ExitStack,YES,1784449502.492592,0.550000,5,1784449502.755229,0.530000,0.042114,-0.142114,seven_trigger side=YES vel=0.0500 ask=0.550 delta=0.0356%
2970671,S66_SevenTrigger_ExitStack,NO,1784450135.455827,0.680000,5,1784450139.426386,0.660000,0.040247,-0.140247,seven_trigger side=NO vel=-0.0400 ask=0.680 delta=-0.0360%
2970751,S66_SevenTrigger_ExitStack,NO,1784450418.266605,0.670000,5,1784450418.740505,0.650000,0.040941,-0.140941,seven_trigger side=NO vel=-0.0200 ask=0.670 delta=-0.0219%
2970778,S66_SevenTrigger_ExitStack,YES,1784451004.589956,0.670000,5,1784451008.860396,0.660000,0.040941,-0.090941,seven_trigger side=YES vel=0.0100 ask=0.670 delta=0.0220%
2970883,S66_SevenTrigger_ExitStack,NO,1784451925.399352,0.670000,5,1784451932.29947,0.660000,0.040941,-0.090941,seven_trigger side=NO vel=-0.0200 ask=0.670 delta=-0.0221%
2970892,S66_SevenTrigger_ExitStack,NO,1784452291.357186,0.700000,5,1784452291.507975,0.530000,0.038588,-0.888587,seven_trigger side=NO vel=-0.0600 ask=0.700 delta=-0.0247%
2970905,S66_SevenTrigger_ExitStack,NO,1784452517.281528,0.700000,5,1784452520.363311,0.660000,0.038588,-0.238587,seven_trigger side=NO vel=-0.0300 ask=0.700 delta=-0.0226%
2970920,S66_SevenTrigger_ExitStack,NO,1784452898.037553,0.650000,5,1784452898.547286,0.620000,0.042052,-0.192052,seven_trigger side=NO vel=-0.0900 ask=0.650 delta=-0.0297%
2970989,S66_SevenTrigger_ExitStack,NO,1784453823.742499,0.350000,5,1784453824.714652,0.320000,0.022643,-0.172643,seven_trigger side=NO vel=-0.0200 ask=0.350 delta=-0.0265%
2971016,S66_SevenTrigger_ExitStack,NO,1784454050.250148,0.430000,5,1784454051.246965,0.440000,0.032290,0.017710,seven_trigger side=NO vel=-0.0200 ask=0.430 delta=-0.0202%
2971020,S66_SevenTrigger_ExitStack,YES,1784454493.136151,0.640000,5,1784454493.260365,0.630000,0.042467,-0.092467,seven_trigger side=YES vel=0.0600 ask=0.640 delta=0.0291%
2971037,S66_SevenTrigger_ExitStack,NO,1784454751.920554,0.660000,5,1784454753.88461,0.580000,0.041543,-0.441543,seven_trigger side=NO vel=-0.0100 ask=0.660 delta=-0.0249%
2971183,S66_SevenTrigger_ExitStack,NO,1784454981.475448,0.590000,5,1784454986.049617,0.580000,0.043155,-0.093155,seven_trigger side=NO vel=-0.0100 ask=0.590 delta=-0.0201%
2971222,S66_SevenTrigger_ExitStack,NO,1784455228.501753,0.660000,5,1784455235.020321,0.620000,0.041543,-0.241543,seven_trigger side=NO vel=-0.0100 ask=0.660 delta=-0.0204%
2971231,S66_SevenTrigger_ExitStack,NO,1784455548.195339,0.680000,5,1784455549.169759,0.660000,0.040247,-0.140247,seven_trigger side=NO vel=-0.0700 ask=0.680 delta=-0.0337%
2971241,S66_SevenTrigger_ExitStack,YES,1784455858.979309,0.700000,5,1784455865.688193,0.740000,0.038588,0.161413,seven_trigger side=YES vel=0.0100 ask=0.700 delta=0.0225%
2971272,S66_SevenTrigger_ExitStack,NO,1784456763.741077,0.530000,5,1784456764.53773,0.440000,0.041109,-0.491109,seven_trigger side=NO vel=-0.0100 ask=0.530 delta=-0.0201%
2971287,S66_SevenTrigger_ExitStack,NO,1784457192.057832,0.670000,5,1784457192.192892,0.650000,0.040941,-0.140941,seven_trigger side=NO vel=-0.0100 ask=0.670 delta=-0.0204%
2971333,S66_SevenTrigger_ExitStack,NO,1784457529.524338,0.610000,5,1784457529.664291,0.580000,0.043155,-0.193155,seven_trigger side=NO vel=-0.2700 ask=0.610 delta=-0.0221%
2971348,S66_SevenTrigger_ExitStack,YES,1784457663.02406,0.700000,5,1784457665.960493,0.680000,0.038588,-0.138587,seven_trigger side=YES vel=0.0100 ask=0.700 delta=0.0202%
2971360,S66_SevenTrigger_ExitStack,YES,1784458000.045605,0.520000,5,1784458002.129977,0.520000,0.040495,-0.040495,seven_trigger side=YES vel=0.0100 ask=0.520 delta=0.0420%
2971371,S66_SevenTrigger_ExitStack,NO,1784458245.185018,0.650000,5,1784458246.434475,0.680000,0.042052,0.107948,seven_trigger side=NO vel=-0.0100 ask=0.650 delta=-0.0200%
2971385,S66_SevenTrigger_ExitStack,NO,1784458722.581153,0.700000,5,1784458722.713195,0.690000,0.038588,-0.088588,seven_trigger side=NO vel=-0.0100 ask=0.700 delta=-0.0204%
2971429,S66_SevenTrigger_ExitStack,YES,1784459779.141325,0.650000,5,1784459779.267798,0.640000,0.042052,-0.092052,seven_trigger side=YES vel=0.0100 ask=0.650 delta=0.0238%
2971444,S66_SevenTrigger_ExitStack,YES,1784460136.694405,0.700000,5,1784460137.894867,0.710000,0.038588,0.011412,seven_trigger side=YES vel=0.0100 ask=0.700 delta=0.0246%
2971585,S66_SevenTrigger_ExitStack,NO,1784461953.8451,0.630000,5,1784461955.68245,0.620000,0.042789,-0.092789,seven_trigger side=NO vel=-0.1200 ask=0.630 delta=-0.0256%
2971744,S66_SevenTrigger_ExitStack,NO,1784462179.408286,0.690000,5,1784462179.556588,0.600000,0.039462,-0.489462,seven_trigger side=NO vel=-0.0500 ask=0.690 delta=-0.0348%
2971763,S66_SevenTrigger_ExitStack,NO,1784462444.851398,0.660000,5,1784462446.620132,0.650000,0.041543,-0.091543,seven_trigger side=NO vel=-0.0200 ask=0.660 delta=-0.0203%
2971786,S66_SevenTrigger_ExitStack,NO,1784462758.059394,0.700000,5,1784462760.472571,0.700000,0.038588,-0.038588,seven_trigger side=NO vel=-0.0300 ask=0.700 delta=-0.0223%
2971816,S66_SevenTrigger_ExitStack,YES,1784463334.926509,0.700000,5,1784463343.747182,0.750000,0.038588,0.211413,seven_trigger side=YES vel=0.0100 ask=0.700 delta=0.0208%
2971826,S66_SevenTrigger_ExitStack,YES,1784463636.161244,0.670000,5,1784463650.85974,0.780000,0.040941,0.509059,seven_trigger side=YES vel=0.0100 ask=0.670 delta=0.0350%
2971828,S66_SevenTrigger_ExitStack,NO,1784463943.812844,0.660000,5,1784463944.094137,0.670000,0.041543,0.008457,seven_trigger side=NO vel=-0.0300 ask=0.660 delta=-0.0286%
2971841,S66_SevenTrigger_ExitStack,YES,1784464243.144885,0.690000,5,1784464247.558858,0.700000,0.039462,0.010538,seven_trigger side=YES vel=0.0200 ask=0.690 delta=0.0369%
2971893,S66_SevenTrigger_ExitStack,YES,1784464542.385375,0.700000,5,1784464543.488514,0.720000,0.038588,0.061412,seven_trigger side=YES vel=0.0200 ask=0.700 delta=0.0299%
2971906,S66_SevenTrigger_ExitStack,NO,1784464864.737123,0.570000,5,1784464867.336651,0.550000,0.042803,-0.142803,seven_trigger side=NO vel=-0.0200 ask=0.570 delta=-0.0210%
2972020,S66_SevenTrigger_ExitStack,NO,1784466392.442461,0.700000,5,1784466392.706188,0.710000,0.038588,0.011412,seven_trigger side=NO vel=-0.0600 ask=0.700 delta=-0.0371%
2972026,S66_SevenTrigger_ExitStack,NO,1784466650.393423,0.700000,5,1784466650.668331,0.700000,0.038588,-0.038588,seven_trigger side=NO vel=-0.0600 ask=0.700 delta=-0.0367%
2972041,S66_SevenTrigger_ExitStack,NO,1784466962.643823,0.530000,5,1784466962.789922,0.450000,0.041109,-0.441109,seven_trigger side=NO vel=-0.2600 ask=0.530 delta=-0.0256%
2972051,S66_SevenTrigger_ExitStack,YES,1784467239.866764,0.670000,5,1784467244.448261,0.630000,0.040941,-0.240941,seven_trigger side=YES vel=0.0400 ask=0.670 delta=0.0267%
2972104,S66_SevenTrigger_ExitStack,YES,1784467843.926623,0.700000,5,1784467844.286692,0.670000,0.038588,-0.188587,seven_trigger side=YES vel=0.0100 ask=0.700 delta=0.0209%
2972156,S66_SevenTrigger_ExitStack,NO,1784468259.820206,0.700000,5,1784468261.395078,0.700000,0.038588,-0.038588,seven_trigger side=NO vel=-0.0300 ask=0.700 delta=-0.0332%
2972215,S66_SevenTrigger_ExitStack,NO,1784468461.350797,0.700000,5,1784468461.621821,0.700000,0.038588,-0.038588,seven_trigger side=NO vel=-0.0200 ask=0.700 delta=-0.0210%
2972280,S66_SevenTrigger_ExitStack,NO,1784469951.103989,0.700000,5,1784469952.971948,0.700000,0.038588,-0.038588,seven_trigger side=NO vel=-0.0100 ask=0.700 delta=-0.0219%
2972355,S66_SevenTrigger_ExitStack,NO,1784471236.410891,0.700000,5,1784471239.308311,0.660000,0.038588,-0.238587,seven_trigger side=NO vel=-0.1400 ask=0.700 delta=-0.0269%
2972369,S66_SevenTrigger_ExitStack,NO,1784471424.030908,0.700000,5,1784471424.753216,0.700000,0.038588,-0.038588,seven_trigger side=NO vel=-0.0100 ask=0.700 delta=-0.0212%
2972421,S66_SevenTrigger_ExitStack,YES,1784471716.612406,0.690000,5,1784471718.184401,0.640000,0.039462,-0.289462,seven_trigger side=YES vel=0.0200 ask=0.690 delta=0.0236%
2972455,S66_SevenTrigger_ExitStack,YES,1784472640.21317,0.680000,5,1784472643.193594,0.630000,0.040247,-0.290247,seven_trigger side=YES vel=0.0100 ask=0.680 delta=0.0544%
2972480,S66_SevenTrigger_ExitStack,YES,1784473227.810163,0.680000,5,1784473228.74794,0.670000,0.040247,-0.090247,seven_trigger side=YES vel=0.0100 ask=0.680 delta=0.0213%
2972492,S66_SevenTrigger_ExitStack,NO,1784473527.989784,0.700000,5,1784473528.124887,0.610000,0.038588,-0.488588,seven_trigger side=NO vel=-0.0300 ask=0.700 delta=-0.0205%
2972497,S66_SevenTrigger_ExitStack,NO,1784473801.959062,0.620000,5,1784473803.240401,0.510000,0.043018,-0.593018,seven_trigger side=NO vel=-0.0100 ask=0.620 delta=-0.0228%
2972512,S66_SevenTrigger_ExitStack,YES,1784474116.74689,0.700000,5,1784474122.763074,0.700000,0.038588,-0.038588,seven_trigger side=YES vel=0.0200 ask=0.700 delta=0.0211%
2972542,S66_SevenTrigger_ExitStack,NO,1784474485.285505,0.650000,5,1784474485.990736,0.590000,0.042052,-0.342052,seven_trigger side=NO vel=-0.1200 ask=0.650 delta=-0.0283%
2972635,S66_SevenTrigger_ExitStack,YES,1784475743.616749,0.630000,5,1784475744.158301,0.680000,0.042789,0.207211,seven_trigger side=YES vel=0.0100 ask=0.630 delta=0.0226%
2972643,S66_SevenTrigger_ExitStack,YES,1784476005.442691,0.700000,5,1784476009.736758,0.680000,0.038588,-0.138587,seven_trigger side=YES vel=0.0100 ask=0.700 delta=0.0200%
2972660,S66_SevenTrigger_ExitStack,NO,1784476358.72169,0.690000,5,1784476361.311797,0.620000,0.039462,-0.389462,seven_trigger side=NO vel=-0.1100 ask=0.690 delta=-0.0296%
2972966,S66_SevenTrigger_ExitStack,NO,1784477018.900799,0.670000,5,1784477019.044369,0.660000,0.040941,-0.090941,seven_trigger side=NO vel=-0.1600 ask=0.670 delta=-0.0228%
2972996,S66_SevenTrigger_ExitStack,YES,1784477175.813433,0.520000,5,1784477179.15643,0.510000,0.040495,-0.090495,seven_trigger side=YES vel=0.0200 ask=0.520 delta=0.0265%
2973024,S66_SevenTrigger_ExitStack,NO,1784477854.385013,0.680000,5,1784477855.993129,0.600000,0.040247,-0.440247,seven_trigger side=NO vel=-0.1300 ask=0.680 delta=-0.0310%
2973032,S66_SevenTrigger_ExitStack,YES,1784478054.787818,0.680000,5,1784478057.485196,0.660000,0.040247,-0.140247,seven_trigger side=YES vel=0.0100 ask=0.680 delta=0.0202%
2973162,S66_SevenTrigger_ExitStack,YES,1784479231.588426,0.680000,5,1784479235.593654,0.720000,0.040247,0.159753,seven_trigger side=YES vel=0.0100 ask=0.680 delta=0.0228%
2973192,S66_SevenTrigger_ExitStack,NO,1784479575.140213,0.700000,5,1784479578.616026,0.700000,0.038588,-0.038588,seven_trigger side=NO vel=-0.0100 ask=0.700 delta=-0.0207%
2973212,S66_SevenTrigger_ExitStack,NO,1784479897.901778,0.700000,5,1784479900.288015,0.580000,0.038588,-0.638588,seven_trigger side=NO vel=-0.0400 ask=0.700 delta=-0.0224%
2973669,S66_SevenTrigger_ExitStack,NO,1784480490.83265,0.630000,5,1784480491.69825,0.630000,0.042789,-0.042789,seven_trigger side=NO vel=-0.1000 ask=0.630 delta=-0.0200%
2973678,S66_SevenTrigger_ExitStack,YES,1784480756.182773,0.700000,5,1784480756.595795,0.720000,0.038588,0.061412,seven_trigger side=YES vel=0.0100 ask=0.700 delta=0.0585%
2973703,S66_SevenTrigger_ExitStack,YES,1784481307.247225,0.660000,5,1784481307.895608,0.640000,0.041543,-0.141543,seven_trigger side=YES vel=0.0100 ask=0.660 delta=0.0298%
2973714,S66_SevenTrigger_ExitStack,YES,1784481697.570049,0.660000,5,1784481705.995711,0.760000,0.041543,0.458457,seven_trigger side=YES vel=0.0100 ask=0.660 delta=0.0233%
2973726,S66_SevenTrigger_ExitStack,NO,1784481952.849215,0.680000,5,1784481956.672101,0.640000,0.040247,-0.240247,seven_trigger side=NO vel=-0.0700 ask=0.680 delta=-0.0429%
2973749,S66_SevenTrigger_ExitStack,NO,1784482223.600737,0.690000,5,1784482230.595107,0.670000,0.039462,-0.139462,seven_trigger side=NO vel=-0.0100 ask=0.690 delta=-0.0215%
2973795,S66_SevenTrigger_ExitStack,YES,1784482516.302193,0.700000,5,1784482518.511696,0.710000,0.038588,0.011412,seven_trigger side=YES vel=0.0100 ask=0.700 delta=0.0232%
2974013,S66_SevenTrigger_ExitStack,NO,1784483157.020033,0.690000,5,1784483158.971984,0.660000,0.039462,-0.189462,seven_trigger side=NO vel=-0.1100 ask=0.690 delta=-0.0314%
2974027,S66_SevenTrigger_ExitStack,NO,1784483497.713398,0.670000,5,1784483501.320912,0.670000,0.040941,-0.040941,seven_trigger side=NO vel=-0.0500 ask=0.670 delta=-0.0249%
2974061,S66_SevenTrigger_ExitStack,NO,1784483827.852392,0.670000,5,1784483831.017954,0.670000,0.040941,-0.040941,seven_trigger side=NO vel=-0.0100 ask=0.670 delta=-0.0206%
2974283,S66_SevenTrigger_ExitStack,NO,1784484043.200888,0.630000,5,1784484045.498789,0.600000,0.042789,-0.192789,seven_trigger side=NO vel=-0.0700 ask=0.630 delta=-0.0229%
2974289,S66_SevenTrigger_ExitStack,NO,1784484332.657952,0.640000,5,1784484334.470259,0.640000,0.042467,-0.042467,seven_trigger side=NO vel=-0.0100 ask=0.640 delta=-0.0209%
2974386,S66_SevenTrigger_ExitStack,YES,1784484611.608647,0.630000,5,1784484612.465379,0.610000,0.042789,-0.142789,seven_trigger side=YES vel=0.0100 ask=0.630 delta=0.0222%
2974396,S66_SevenTrigger_ExitStack,NO,1784484953.32041,0.700000,5,1784484954.375719,0.680000,0.038588,-0.138587,seven_trigger side=NO vel=-0.0400 ask=0.700 delta=-0.0262%
2974411,S66_SevenTrigger_ExitStack,NO,1784485316.201261,0.460000,5,1784485318.484342,0.380000,0.035479,-0.435479,seven_trigger side=NO vel=-0.0200 ask=0.460 delta=-0.0235%
2974424,S66_SevenTrigger_ExitStack,NO,1784485564.780849,0.670000,5,1784485565.208434,0.670000,0.040941,-0.040941,seven_trigger side=NO vel=-0.0100 ask=0.670 delta=-0.0203%
2974445,S66_SevenTrigger_ExitStack,NO,1784485807.885996,0.620000,5,1784485810.966709,0.580000,0.043018,-0.243018,seven_trigger side=NO vel=-0.0900 ask=0.620 delta=-0.0288%
2974508,S66_SevenTrigger_ExitStack,NO,1784486807.452877,0.700000,5,1784486808.367336,0.720000,0.038588,0.061412,seven_trigger side=NO vel=-0.1100 ask=0.700 delta=-0.0372%
2974539,S66_SevenTrigger_ExitStack,NO,1784487016.312734,0.670000,5,1784487018.067816,0.670000,0.040941,-0.040941,seven_trigger side=NO vel=-0.0100 ask=0.670 delta=-0.0231%
2976509,S66_SevenTrigger_ExitStack,NO,1784487629.311494,0.610000,5,1784487631.386624,0.570000,0.043155,-0.243155,seven_trigger side=NO vel=-0.0600 ask=0.610 delta=-0.0247%
2977253,S66_SevenTrigger_ExitStack,YES,1784487922.779337,0.630000,5,1784487923.918651,0.570000,0.042789,-0.342789,seven_trigger side=YES vel=0.0100 ask=0.630 delta=0.0214%
2977287,S66_SevenTrigger_ExitStack,NO,1784489001.735482,0.660000,5,1784489001.941551,0.620000,0.041543,-0.241543,seven_trigger side=NO vel=-0.1900 ask=0.660 delta=-0.0260%
2977312,S66_SevenTrigger_ExitStack,NO,1784489483.251052,0.700000,5,1784489495.486994,0.630000,0.038588,-0.388588,seven_trigger side=NO vel=-0.0600 ask=0.700 delta=-0.0292%
2977366,S66_SevenTrigger_ExitStack,YES,1784489846.42286,0.580000,5,1784489846.858114,0.630000,0.043022,0.206978,seven_trigger side=YES vel=0.0100 ask=0.580 delta=0.0203%
2977440,S66_SevenTrigger_ExitStack,NO,1784490372.639916,0.700000,5,1784490373.873834,0.650000,0.038588,-0.288587,seven_trigger side=NO vel=-0.0500 ask=0.700 delta=-0.0203%
2977469,S66_SevenTrigger_ExitStack,NO,1784490640.532099,0.700000,5,1784490643.335931,0.610000,0.038588,-0.488588,seven_trigger side=NO vel=-0.0400 ask=0.700 delta=-0.0275%
2977516,S66_SevenTrigger_ExitStack,YES,1784491048.090477,0.640000,5,1784491051.815757,0.840000,0.042467,0.957533,seven_trigger side=YES vel=0.0100 ask=0.640 delta=0.0254%
2977613,S66_SevenTrigger_ExitStack,YES,1784491848.126851,0.640000,5,1784491849.71247,0.600000,0.042467,-0.242467,seven_trigger side=YES vel=0.0100 ask=0.640 delta=0.0222%
2977743,S66_SevenTrigger_ExitStack,NO,1784492756.049337,0.690000,5,1784492759.553148,0.660000,0.039462,-0.189462,seven_trigger side=NO vel=-0.0300 ask=0.690 delta=-0.0242%
2977997,S66_SevenTrigger_ExitStack,NO,1784493650.9994,0.660000,5,1784493651.543824,0.570000,0.041543,-0.491543,seven_trigger side=NO vel=-0.0500 ask=0.660 delta=-0.0215%
2978076,S66_SevenTrigger_ExitStack,NO,1784494645.817737,0.630000,5,1784494647.97127,0.650000,0.042789,0.057211,seven_trigger side=NO vel=-0.2000 ask=0.630 delta=-0.0255%
2978133,S66_SevenTrigger_ExitStack,YES,1784494898.13106,0.640000,5,1784494913.67301,0.710000,0.042467,0.307533,seven_trigger side=YES vel=0.0400 ask=0.640 delta=0.0206%
2978148,S66_SevenTrigger_ExitStack,NO,1784495136.879817,0.660000,5,1784495137.387907,0.640000,0.041543,-0.141543,seven_trigger side=NO vel=-0.1100 ask=0.660 delta=-0.0229%
2978201,S66_SevenTrigger_ExitStack,NO,1784496317.650802,0.680000,5,1784496322.648538,0.600000,0.040247,-0.440247,seven_trigger side=NO vel=-0.0200 ask=0.680 delta=-0.0206%
2978264,S66_SevenTrigger_ExitStack,NO,1784497123.128938,0.670000,5,1784497123.25043,0.560000,0.040941,-0.590941,seven_trigger side=NO vel=-0.1200 ask=0.670 delta=-0.0211%
2978293,S66_SevenTrigger_ExitStack,YES,1784497532.107556,0.660000,5,1784497571.310619,0.820000,0.041543,0.758457,seven_trigger side=YES vel=0.0100 ask=0.660 delta=0.0239%
2978306,S66_SevenTrigger_ExitStack,NO,1784497869.969172,0.650000,5,1784497871.142982,0.550000,0.042052,-0.542052,seven_trigger side=NO vel=-0.1100 ask=0.650 delta=-0.0221%
2978315,S66_SevenTrigger_ExitStack,NO,1784498193.69636,0.680000,5,1784498197.04792,0.600000,0.040247,-0.440247,seven_trigger side=NO vel=-0.1000 ask=0.680 delta=-0.0442%
2978330,S66_SevenTrigger_ExitStack,NO,1784498419.489204,0.680000,5,1784498420.515779,0.600000,0.040247,-0.440247,seven_trigger side=NO vel=-0.0600 ask=0.680 delta=-0.0214%
2978346,S66_SevenTrigger_ExitStack,NO,1784498709.751892,0.660000,5,1784498712.442705,0.650000,0.041543,-0.091543,seven_trigger side=NO vel=-0.0100 ask=0.660 delta=-0.0218%
2978362,S66_SevenTrigger_ExitStack,YES,1784499025.287029,0.600000,5,1784499030.098908,0.580000,0.043200,-0.143200,seven_trigger side=YES vel=0.0300 ask=0.600 delta=0.0351%
2978379,S66_SevenTrigger_ExitStack,YES,1784499303.344481,0.550000,5,1784499304.615873,0.540000,0.042114,-0.092114,seven_trigger side=YES vel=0.0300 ask=0.550 delta=0.0242%
2978429,S66_SevenTrigger_ExitStack,NO,1784499601.459746,0.590000,5,1784499604.535098,0.500000,0.043155,-0.493155,seven_trigger side=NO vel=-0.0100 ask=0.590 delta=-0.0227%
2978577,S66_SevenTrigger_ExitStack,YES,1784499985.909831,0.600000,5,1784500000.251079,0.600000,0.043200,-0.043200,seven_trigger side=YES vel=0.0100 ask=0.600 delta=0.0208%
2978588,S66_SevenTrigger_ExitStack,YES,1784500243.574279,0.590000,5,1784500248.730578,0.630000,0.043155,0.156845,seven_trigger side=YES vel=0.0300 ask=0.590 delta=0.0253%
2978644,S66_SevenTrigger_ExitStack,NO,1784500555.887614,0.620000,5,1784500556.282675,0.620000,0.043018,-0.043018,seven_trigger side=NO vel=-0.0100 ask=0.620 delta=-0.0249%
2978674,S66_SevenTrigger_ExitStack,NO,1784500813.175666,0.660000,5,1784500814.500992,0.660000,0.041543,-0.041543,seven_trigger side=NO vel=-0.0100 ask=0.660 delta=-0.0266%
2978684,S66_SevenTrigger_ExitStack,NO,1784501103.880255,0.570000,5,1784501106.757928,0.650000,0.042803,0.357197,seven_trigger side=NO vel=-0.0200 ask=0.570 delta=-0.0294%
2978698,S66_SevenTrigger_ExitStack,NO,1784501439.986002,0.620000,5,1784501442.525889,0.620000,0.043018,-0.043018,seven_trigger side=NO vel=-0.0200 ask=0.620 delta=-0.0264%
2978708,S66_SevenTrigger_ExitStack,NO,1784501768.980511,0.670000,5,1784501773.954785,0.640000,0.040941,-0.190941,seven_trigger side=NO vel=-0.0100 ask=0.670 delta=-0.0213%
2978734,S66_SevenTrigger_ExitStack,NO,1784502009.026466,0.660000,5,1784502009.838996,0.660000,0.041543,-0.041543,seven_trigger side=NO vel=-0.0100 ask=0.660 delta=-0.0272%
2978746,S66_SevenTrigger_ExitStack,NO,1784502343.6476,0.620000,5,1784502344.599038,0.620000,0.043018,-0.043018,seven_trigger side=NO vel=-0.0100 ask=0.620 delta=-0.0214%
2978753,S66_SevenTrigger_ExitStack,NO,1784502623.314547,0.650000,5,1784502623.997153,0.560000,0.042052,-0.492052,seven_trigger side=NO vel=-0.0100 ask=0.650 delta=-0.0304%
2978759,S66_SevenTrigger_ExitStack,NO,1784502927.996387,0.700000,5,1784502930.427089,0.700000,0.038588,-0.038588,seven_trigger side=NO vel=-0.0100 ask=0.700 delta=-0.0351%
2978775,S66_SevenTrigger_ExitStack,NO,1784503213.330874,0.670000,5,1784503215.300181,0.670000,0.040941,-0.040941,seven_trigger side=NO vel=-0.0100 ask=0.670 delta=-0.0228%
2978819,S66_SevenTrigger_ExitStack,YES,1784503533.134233,0.620000,5,1784503543.616088,0.640000,0.043018,0.056982,seven_trigger side=YES vel=0.0100 ask=0.620 delta=0.0217%
2978843,S66_SevenTrigger_ExitStack,YES,1784504125.602851,0.670000,5,1784504126.717875,0.670000,0.040941,-0.040941,seven_trigger side=YES vel=0.0400 ask=0.670 delta=0.0230%
2978848,S66_SevenTrigger_ExitStack,NO,1784504405.855913,0.620000,5,1784504407.798143,0.600000,0.043018,-0.143018,seven_trigger side=NO vel=-0.0100 ask=0.620 delta=-0.0223%
2978861,S66_SevenTrigger_ExitStack,YES,1784504703.752797,0.620000,5,1784504706.36993,0.630000,0.043018,0.006982,seven_trigger side=YES vel=0.0100 ask=0.620 delta=0.0300%
2978877,S66_SevenTrigger_ExitStack,YES,1784505050.607785,0.660000,5,1784505052.032708,0.630000,0.041543,-0.191543,seven_trigger side=YES vel=0.0100 ask=0.660 delta=0.0203%
2978898,S66_SevenTrigger_ExitStack,YES,1784505339.9212,0.610000,5,1784505347.421847,0.610000,0.043155,-0.043155,seven_trigger side=YES vel=0.0100 ask=0.610 delta=0.0209%
2978936,S66_SevenTrigger_ExitStack,NO,1784505614.960175,0.700000,5,1784505616.323193,0.690000,0.038588,-0.088588,seven_trigger side=NO vel=-0.0200 ask=0.700 delta=-0.0569%
2978938,S66_SevenTrigger_ExitStack,YES,1784505923.283202,0.600000,5,1784505932.219895,0.760000,0.043200,0.756800,seven_trigger side=YES vel=0.0300 ask=0.600 delta=0.0261%
2978951,S66_SevenTrigger_ExitStack,YES,1784506202.99478,0.600000,5,1784506207.222276,0.540000,0.043200,-0.343200,seven_trigger side=YES vel=0.0400 ask=0.600 delta=0.0205%
2978961,S66_SevenTrigger_ExitStack,YES,1784506512.02024,0.580000,5,1784506514.514848,0.600000,0.043022,0.056978,seven_trigger side=YES vel=0.0100 ask=0.580 delta=0.0321%
2978968,S66_SevenTrigger_ExitStack,NO,1784506804.505312,0.640000,5,1784506805.558608,0.620000,0.042467,-0.142467,seven_trigger side=NO vel=-0.0100 ask=0.640 delta=-0.0254%
2978976,S66_SevenTrigger_ExitStack,NO,1784507111.524842,0.660000,5,1784507113.768161,0.670000,0.041543,0.008457,seven_trigger side=NO vel=-0.0200 ask=0.660 delta=-0.0502%
2978998,S66_SevenTrigger_ExitStack,NO,1784507415.6113,0.630000,5,1784507417.956383,0.610000,0.042789,-0.142789,seven_trigger side=NO vel=-0.0100 ask=0.630 delta=-0.0203%
2979018,S66_SevenTrigger_ExitStack,NO,1784507721.605434,0.550000,5,1784507723.082208,0.470000,0.042114,-0.442114,seven_trigger side=NO vel=-0.0100 ask=0.550 delta=-0.0201%
2979081,S66_SevenTrigger_ExitStack,NO,1784508006.476389,0.520000,5,1784508010.295643,0.510000,0.040495,-0.090495,seven_trigger side=NO vel=-0.0500 ask=0.520 delta=-0.0226%
2979098,S66_SevenTrigger_ExitStack,NO,1784508309.557477,0.610000,5,1784508310.806969,0.610000,0.043155,-0.043155,seven_trigger side=NO vel=-0.0100 ask=0.610 delta=-0.0244%
2979114,S66_SevenTrigger_ExitStack,NO,1784508642.607276,0.570000,5,1784508643.926331,0.570000,0.042803,-0.042803,seven_trigger side=NO vel=-0.0400 ask=0.570 delta=-0.0217%
2979123,S66_SevenTrigger_ExitStack,NO,1784508955.730206,0.610000,5,1784508958.003978,0.510000,0.043155,-0.543155,seven_trigger side=NO vel=-0.0100 ask=0.610 delta=-0.0268%
2979315,S66_SevenTrigger_ExitStack,YES,1784509224.679135,0.580000,5,1784509225.144528,0.580000,0.043022,-0.043022,seven_trigger side=YES vel=0.0100 ask=0.580 delta=0.0279%
2979322,S66_SevenTrigger_ExitStack,YES,1784509518.386232,0.530000,5,1784509518.837626,0.490000,0.041109,-0.241109,seven_trigger side=YES vel=0.0200 ask=0.530 delta=0.0253%
2979331,S66_SevenTrigger_ExitStack,YES,1784509806.884353,0.610000,5,1784509807.436386,0.480000,0.043155,-0.693155,seven_trigger side=YES vel=0.0300 ask=0.610 delta=0.0206%
2979347,S66_SevenTrigger_ExitStack,NO,1784510121.949595,0.660000,5,1784510123.787804,0.570000,0.041543,-0.491543,seven_trigger side=NO vel=-0.0100 ask=0.660 delta=-0.0422%
2979354,S66_SevenTrigger_ExitStack,NO,1784510431.814459,0.580000,5,1784510432.377953,0.570000,0.043022,-0.093022,seven_trigger side=NO vel=-0.0100 ask=0.580 delta=-0.0209%
2979383,S66_SevenTrigger_ExitStack,NO,1784510708.164182,0.610000,5,1784510710.94879,0.520000,0.043155,-0.493155,seven_trigger side=NO vel=-0.0100 ask=0.610 delta=-0.0269%
2979392,S66_SevenTrigger_ExitStack,NO,1784511016.422315,0.630000,5,1784511021.144377,0.540000,0.042789,-0.492789,seven_trigger side=NO vel=-0.0100 ask=0.630 delta=-0.0249%
2979448,S66_SevenTrigger_ExitStack,NO,1784511355.814165,0.700000,5,1784511356.140052,0.700000,0.038588,-0.038588,seven_trigger side=NO vel=-0.0100 ask=0.700 delta=-0.0256%
2979523,S66_SevenTrigger_ExitStack,YES,1784511621.372085,0.580000,5,1784511622.556658,0.560000,0.043022,-0.143022,seven_trigger side=YES vel=0.0100 ask=0.580 delta=0.0200%
2979532,S66_SevenTrigger_ExitStack,NO,1784511938.892859,0.600000,5,1784511939.540634,0.590000,0.043200,-0.093200,seven_trigger side=NO vel=-0.0100 ask=0.600 delta=-0.0204%
2979564,S66_SevenTrigger_ExitStack,NO,1784512511.510203,0.580000,5,1784512512.80034,0.580000,0.043022,-0.043022,seven_trigger side=NO vel=-0.0200 ask=0.580 delta=-0.0220%
2979578,S66_SevenTrigger_ExitStack,YES,1784512825.623743,0.670000,5,1784512834.169644,0.760000,0.040941,0.409059,seven_trigger side=YES vel=0.0400 ask=0.670 delta=0.0219%
2979588,S66_SevenTrigger_ExitStack,NO,1784513102.64063,0.540000,5,1784513104.615532,0.520000,0.041649,-0.141649,seven_trigger side=NO vel=-0.0100 ask=0.540 delta=-0.0226%
2979614,S66_SevenTrigger_ExitStack,NO,1784513453.106004,0.700000,5,1784513454.380009,0.700000,0.038588,-0.038588,seven_trigger side=NO vel=-0.0200 ask=0.700 delta=-0.0611%
2979634,S66_SevenTrigger_ExitStack,NO,1784513729.360819,0.610000,5,1784513730.73911,0.600000,0.043155,-0.093155,seven_trigger side=NO vel=-0.0300 ask=0.610 delta=-0.0223%
2979643,S66_SevenTrigger_ExitStack,NO,1784514005.508568,0.640000,5,1784514006.70937,0.600000,0.042467,-0.242467,seven_trigger side=NO vel=-0.0100 ask=0.640 delta=-0.0500%
2979661,S66_SevenTrigger_ExitStack,YES,1784514323.567098,0.680000,5,1784514327.505198,0.670000,0.040247,-0.090247,seven_trigger side=YES vel=0.0100 ask=0.680 delta=0.0331%
2979678,S66_SevenTrigger_ExitStack,NO,1784514603.538119,0.560000,5,1784514604.584413,0.460000,0.042499,-0.542499,seven_trigger side=NO vel=-0.0300 ask=0.560 delta=-0.0205%
2979732,S66_SevenTrigger_ExitStack,YES,1784514915.991735,0.610000,5,1784514916.845609,0.590000,0.043155,-0.143155,seven_trigger side=YES vel=0.0200 ask=0.610 delta=0.0294%
2979830,S66_SevenTrigger_ExitStack,NO,1784515219.759358,0.610000,5,1784515223.416243,0.580000,0.043155,-0.193155,seven_trigger side=NO vel=-0.0100 ask=0.610 delta=-0.0235%
2979846,S66_SevenTrigger_ExitStack,YES,1784515528.282637,0.640000,5,1784515541.215322,0.750000,0.042467,0.507533,seven_trigger side=YES vel=0.0300 ask=0.640 delta=0.0222%
2979855,S66_SevenTrigger_ExitStack,YES,1784515810.730461,0.520000,5,1784515810.965278,0.500000,0.040495,-0.140495,seven_trigger side=YES vel=0.0100 ask=0.520 delta=0.0224%
2979872,S66_SevenTrigger_ExitStack,NO,1784516143.95008,0.700000,5,1784516144.256765,0.700000,0.038588,-0.038588,seven_trigger side=NO vel=-0.0200 ask=0.700 delta=-0.0365%
2979891,S66_SevenTrigger_ExitStack,YES,1784516508.186989,0.620000,5,1784516514.558881,0.730000,0.043018,0.506982,seven_trigger side=YES vel=0.0100 ask=0.620 delta=0.0320%
2979897,S66_SevenTrigger_ExitStack,NO,1784516740.639935,0.670000,5,1784516740.853008,0.660000,0.040941,-0.090941,seven_trigger side=NO vel=-0.0100 ask=0.670 delta=-0.0242%
2979926,S66_SevenTrigger_ExitStack,NO,1784517099.53657,0.700000,5,1784517101.64476,0.700000,0.038588,-0.038588,seven_trigger side=NO vel=-0.0300 ask=0.700 delta=-0.0502%
2979951,S66_SevenTrigger_ExitStack,NO,1784517307.278988,0.620000,5,1784517310.602669,0.600000,0.043018,-0.143018,seven_trigger side=NO vel=-0.0200 ask=0.620 delta=-0.0274%
2979960,S66_SevenTrigger_ExitStack,NO,1784517609.374631,0.600000,5,1784517613.318881,0.600000,0.043200,-0.043200,seven_trigger side=NO vel=-0.0100 ask=0.600 delta=-0.0230%
2979964,S66_SevenTrigger_ExitStack,NO,1784517912.972934,0.700000,5,1784517914.37646,0.680000,0.038588,-0.138587,seven_trigger side=NO vel=-0.0200 ask=0.700 delta=-0.0322%
2979980,S66_SevenTrigger_ExitStack,NO,1784518206.870774,0.630000,5,1784518208.581645,0.600000,0.042789,-0.192789,seven_trigger side=NO vel=-0.0100 ask=0.630 delta=-0.0208%
2980024,S66_SevenTrigger_ExitStack,NO,1784518516.200793,0.630000,5,1784518516.630191,0.630000,0.042789,-0.042789,seven_trigger side=NO vel=-0.0100 ask=0.630 delta=-0.0209%
2980084,S66_SevenTrigger_ExitStack,YES,1784518826.954515,0.660000,5,1784518827.857148,0.640000,0.041543,-0.141543,seven_trigger side=YES vel=0.0400 ask=0.660 delta=0.0242%
2980096,S66_SevenTrigger_ExitStack,YES,1784519112.234419,0.520000,5,1784519112.462088,0.500000,0.040495,-0.140495,seven_trigger side=YES vel=0.0100 ask=0.520 delta=0.0272%
2980108,S66_SevenTrigger_ExitStack,YES,1784519437.131809,0.660000,5,1784519437.763581,0.630000,0.041543,-0.191543,seven_trigger side=YES vel=0.0100 ask=0.660 delta=0.0238%
2980618,S66_SevenTrigger_ExitStack,NO,1784519753.263896,0.650000,5,1784519756.256563,0.610000,0.042052,-0.242052,seven_trigger side=NO vel=-0.0100 ask=0.650 delta=-0.0209%
2981091,S66_SevenTrigger_ExitStack,NO,1784520014.792281,0.700000,5,1784520015.52139,0.700000,0.038588,-0.038588,seven_trigger side=NO vel=-0.0100 ask=0.700 delta=-0.0251%
2981106,S66_SevenTrigger_ExitStack,NO,1784520320.243542,0.700000,5,1784520320.896916,0.690000,0.038588,-0.088588,seven_trigger side=NO vel=-0.0100 ask=0.700 delta=-0.0282%
2981149,S66_SevenTrigger_ExitStack,YES,1784520624.805073,0.700000,5,1784520625.359334,0.680000,0.038588,-0.138587,seven_trigger side=YES vel=0.0200 ask=0.700 delta=0.0301%
2981200,S66_SevenTrigger_ExitStack,YES,1784521254.744407,0.680000,5,1784521256.455471,0.670000,0.040247,-0.090247,seven_trigger side=YES vel=0.0300 ask=0.680 delta=0.0242%
2981347,S66_SevenTrigger_ExitStack,NO,1784521927.19814,0.700000,5,1784521928.237167,0.690000,0.038588,-0.088588,seven_trigger side=NO vel=-0.0600 ask=0.700 delta=-0.0526%
2981392,S66_SevenTrigger_ExitStack,YES,1784522115.788819,0.700000,5,1784522116.104856,0.680000,0.038588,-0.138587,seven_trigger side=YES vel=0.0200 ask=0.700 delta=0.0231%
2981487,S66_SevenTrigger_ExitStack,NO,1784522549.619042,0.680000,5,1784522552.563439,0.640000,0.040247,-0.240247,seven_trigger side=NO vel=-0.1000 ask=0.680 delta=-0.0494%
2981496,S66_SevenTrigger_ExitStack,NO,1784522713.325502,0.670000,5,1784522718.822943,0.640000,0.040941,-0.190941,seven_trigger side=NO vel=-0.0100 ask=0.670 delta=-0.0264%
2981547,S66_SevenTrigger_ExitStack,NO,1784523013.456406,0.610000,5,1784523014.515654,0.610000,0.043155,-0.043155,seven_trigger side=NO vel=-0.0100 ask=0.610 delta=-0.0239%
2982253,S66_SevenTrigger_ExitStack,YES,1784523321.184336,0.680000,5,1784523321.969631,0.680000,0.040247,-0.040247,seven_trigger side=YES vel=0.0100 ask=0.680 delta=0.0273%
2985218,S66_SevenTrigger_ExitStack,YES,1784523606.099022,0.610000,5,1784523608.690264,0.700000,0.043155,0.406845,seven_trigger side=YES vel=0.0100 ask=0.610 delta=0.0206%
2985237,S66_SevenTrigger_ExitStack,NO,1784523920.44661,0.700000,5,1784523921.588664,0.670000,0.038588,-0.188587,seven_trigger side=NO vel=-0.0300 ask=0.700 delta=-0.0763%
2985257,S66_SevenTrigger_ExitStack,NO,1784524212.24788,0.580000,5,1784524216.308092,0.560000,0.043022,-0.143022,seven_trigger side=NO vel=-0.0300 ask=0.580 delta=-0.0207%
2985266,S66_SevenTrigger_ExitStack,NO,1784524507.844372,0.550000,5,1784524510.876424,0.470000,0.042114,-0.442114,seven_trigger side=NO vel=-0.0300 ask=0.550 delta=-0.0339%
2985278,S66_SevenTrigger_ExitStack,YES,1784524818.616582,0.610000,5,1784524819.421429,0.590000,0.043155,-0.143155,seven_trigger side=YES vel=0.0200 ask=0.610 delta=0.0237%
2985348,S66_SevenTrigger_ExitStack,NO,1784525110.786553,0.590000,5,1784525114.277704,0.530000,0.043155,-0.343155,seven_trigger side=NO vel=-0.0100 ask=0.590 delta=-0.0273%
2985362,S66_SevenTrigger_ExitStack,NO,1784525407.521518,0.510000,5,1784525407.997309,0.540000,0.039812,0.110188,seven_trigger side=NO vel=-0.0300 ask=0.510 delta=-0.0221%
2985372,S66_SevenTrigger_ExitStack,NO,1784525707.364648,0.610000,5,1784525713.715043,0.540000,0.043155,-0.393155,seven_trigger side=NO vel=-0.0100 ask=0.610 delta=-0.0374%
2985427,S66_SevenTrigger_ExitStack,YES,1784526019.62771,0.670000,5,1784526026.220624,0.680000,0.040941,0.009059,seven_trigger side=YES vel=0.0100 ask=0.670 delta=0.0415%
2985443,S66_SevenTrigger_ExitStack,NO,1784526316.268007,0.690000,5,1784526316.602246,0.700000,0.039462,0.010538,seven_trigger side=NO vel=-0.0200 ask=0.690 delta=-0.0421%
2985448,S66_SevenTrigger_ExitStack,NO,1784526661.41589,0.650000,5,1784526662.468628,0.640000,0.042052,-0.092052,seven_trigger side=NO vel=-0.0100 ask=0.650 delta=-0.0300%
2985496,S66_SevenTrigger_ExitStack,NO,1784526928.881206,0.520000,5,1784526929.92668,0.440000,0.040495,-0.440495,seven_trigger side=NO vel=-0.0200 ask=0.520 delta=-0.0204%
2985507,S66_SevenTrigger_ExitStack,YES,1784527204.941621,0.540000,5,1784527207.692848,0.590000,0.041649,0.208351,seven_trigger side=YES vel=0.0300 ask=0.540 delta=0.0233%
2985514,S66_SevenTrigger_ExitStack,NO,1784527532.928469,0.690000,5,1784527534.25064,0.680000,0.039462,-0.089462,seven_trigger side=NO vel=-0.0100 ask=0.690 delta=-0.0254%
2985527,S66_SevenTrigger_ExitStack,NO,1784527805.614101,0.660000,5,1784527807.439951,0.660000,0.041543,-0.041543,seven_trigger side=NO vel=-0.0200 ask=0.660 delta=-0.0315%
2985535,S66_SevenTrigger_ExitStack,YES,1784528189.691559,0.700000,5,1784528195.135266,0.720000,0.038588,0.061412,seven_trigger side=YES vel=0.0100 ask=0.700 delta=0.0339%
2985549,S66_SevenTrigger_ExitStack,YES,1784528427.739202,0.670000,5,1784528433.142605,0.750000,0.040941,0.359059,seven_trigger side=YES vel=0.0200 ask=0.670 delta=0.0222%
2985552,S66_SevenTrigger_ExitStack,YES,1784528760.864152,0.660000,5,1784528761.821367,0.620000,0.041543,-0.241543,seven_trigger side=YES vel=0.0100 ask=0.660 delta=0.0224%
2985557,S66_SevenTrigger_ExitStack,NO,1784529029.587652,0.640000,5,1784529034.126787,0.610000,0.042467,-0.192467,seven_trigger side=NO vel=-0.0300 ask=0.640 delta=-0.0250%
2985610,S66_SevenTrigger_ExitStack,NO,1784529351.047234,0.630000,5,1784529352.464197,0.630000,0.042789,-0.042789,seven_trigger side=NO vel=-0.0100 ask=0.630 delta=-0.0321%
2985629,S66_SevenTrigger_ExitStack,NO,1784529605.854289,0.550000,5,1784529610.648354,0.550000,0.042114,-0.042114,seven_trigger side=NO vel=-0.0100 ask=0.550 delta=-0.0284%
2985632,S66_SevenTrigger_ExitStack,NO,1784529908.447287,0.560000,5,1784529909.636372,0.480000,0.042499,-0.442499,seven_trigger side=NO vel=-0.0200 ask=0.560 delta=-0.0314%
2985646,S66_SevenTrigger_ExitStack,NO,1784530204.39814,0.540000,5,1784530206.420317,0.420000,0.041649,-0.641649,seven_trigger side=NO vel=-0.0100 ask=0.540 delta=-0.0241%
2985665,S66_SevenTrigger_ExitStack,YES,1784530527.878751,0.670000,5,1784530529.878828,0.650000,0.040941,-0.140941,seven_trigger side=YES vel=0.0600 ask=0.670 delta=0.0308%
2985667,S66_SevenTrigger_ExitStack,YES,1784530830.136382,0.670000,5,1784530830.398047,0.640000,0.040941,-0.190941,seven_trigger side=YES vel=0.0200 ask=0.670 delta=0.0302%
2985686,S66_SevenTrigger_ExitStack,NO,1784531112.350912,0.620000,5,1784531112.833067,0.610000,0.043018,-0.093018,seven_trigger side=NO vel=-0.0100 ask=0.620 delta=-0.0224%
2985692,S66_SevenTrigger_ExitStack,NO,1784531447.960805,0.670000,5,1784531448.941124,0.590000,0.040941,-0.440941,seven_trigger side=NO vel=-0.0300 ask=0.670 delta=-0.0268%
2985710,S66_SevenTrigger_ExitStack,NO,1784531772.844584,0.650000,5,1784531773.222992,0.660000,0.042052,0.007948,seven_trigger side=NO vel=-0.0200 ask=0.650 delta=-0.0256%
2985712,S66_SevenTrigger_ExitStack,NO,1784532015.298571,0.670000,5,1784532021.242872,0.670000,0.040941,-0.040941,seven_trigger side=NO vel=-0.0100 ask=0.670 delta=-0.0256%
2985730,S66_SevenTrigger_ExitStack,YES,1784532311.89747,0.500000,5,1784532312.150671,0.470000,0.039062,-0.189063,seven_trigger side=YES vel=0.0100 ask=0.500 delta=0.0208%
2985750,S66_SevenTrigger_ExitStack,YES,1784532618.714997,0.610000,5,1784532622.192495,0.670000,0.043155,0.256845,seven_trigger side=YES vel=0.0300 ask=0.610 delta=0.0233%
2985793,S66_SevenTrigger_ExitStack,NO,1784532925.092771,0.640000,5,1784532928.324185,0.630000,0.042467,-0.092467,seven_trigger side=NO vel=-0.0100 ask=0.640 delta=-0.0338%
2985801,S66_SevenTrigger_ExitStack,NO,1784533211.946094,0.500000,5,1784533212.202041,0.500000,0.039062,-0.039062,seven_trigger side=NO vel=-0.1700 ask=0.500 delta=-0.0228%
2985815,S66_SevenTrigger_ExitStack,YES,1784533558.257025,0.690000,5,1784533560.115622,0.690000,0.039462,-0.039462,seven_trigger side=YES vel=0.0300 ask=0.690 delta=0.0609%
2985819,S66_SevenTrigger_ExitStack,NO,1784533812.663244,0.610000,5,1784533812.901239,0.570000,0.043155,-0.243155,seven_trigger side=NO vel=-0.0400 ask=0.610 delta=-0.0250%
2985854,S66_SevenTrigger_ExitStack,NO,1784534117.651041,0.640000,5,1784534123.125135,0.520000,0.042467,-0.642467,seven_trigger side=NO vel=-0.0100 ask=0.640 delta=-0.0253%
2985868,S66_SevenTrigger_ExitStack,NO,1784534405.095618,0.610000,5,1784534406.040431,0.590000,0.043155,-0.143155,seven_trigger side=NO vel=-0.0600 ask=0.610 delta=-0.0200%
2985915,S66_SevenTrigger_ExitStack,NO,1784534734.54388,0.640000,5,1784534737.402297,0.550000,0.042467,-0.492467,seven_trigger side=NO vel=-0.0200 ask=0.640 delta=-0.0219%
2985988,S66_SevenTrigger_ExitStack,NO,1784535042.32993,0.530000,5,1784535044.507314,0.530000,0.041109,-0.041109,seven_trigger side=NO vel=-0.0100 ask=0.530 delta=-0.0201%
2986006,S66_SevenTrigger_ExitStack,NO,1784535330.360455,0.680000,5,1784535333.048376,0.600000,0.040247,-0.440247,seven_trigger side=NO vel=-0.0800 ask=0.680 delta=-0.0458%
2986014,S66_SevenTrigger_ExitStack,NO,1784535649.760803,0.700000,5,1784535650.49918,0.670000,0.038588,-0.188587,seven_trigger side=NO vel=-0.0700 ask=0.700 delta=-0.0722%
2986022,S66_SevenTrigger_ExitStack,NO,1784535959.805753,0.370000,5,1784535961.254859,0.330000,0.025130,-0.225130,seven_trigger side=NO vel=-0.0200 ask=0.370 delta=-0.0204%
2986033,S66_SevenTrigger_ExitStack,NO,1784536471.311168,0.270000,5,1784536471.454536,0.260000,0.013111,-0.063111,seven_trigger side=NO vel=-0.0100 ask=0.270 delta=-0.0219%
2986083,S66_SevenTrigger_ExitStack,YES,1784536503.572659,0.600000,5,1784536506.3159,0.780000,0.043200,0.856800,seven_trigger side=YES vel=0.1900 ask=0.600 delta=0.0413%
2986113,S66_SevenTrigger_ExitStack,NO,1784536906.704389,0.700000,5,1784536907.886404,0.650000,0.038588,-0.288587,seven_trigger side=NO vel=-0.0400 ask=0.700 delta=-0.0254%
2986122,S66_SevenTrigger_ExitStack,YES,1784537116.735749,0.670000,5,1784537124.031079,0.740000,0.040941,0.309059,seven_trigger side=YES vel=0.0100 ask=0.670 delta=0.0247%
2986139,S66_SevenTrigger_ExitStack,YES,1784537418.607317,0.680000,5,1784537420.686219,0.680000,0.040247,-0.040247,seven_trigger side=YES vel=0.0100 ask=0.680 delta=0.0243%
2986143,S66_SevenTrigger_ExitStack,YES,1784537719.189359,0.610000,5,1784537725.308734,0.600000,0.043155,-0.093155,seven_trigger side=YES vel=0.0100 ask=0.610 delta=0.0271%
2986157,S66_SevenTrigger_ExitStack,YES,1784538063.106925,0.520000,5,1784538064.440618,0.500000,0.040495,-0.140495,seven_trigger side=YES vel=0.0100 ask=0.520 delta=0.0210%
2986174,S66_SevenTrigger_ExitStack,NO,1784538330.147849,0.660000,5,1784538335.487077,0.660000,0.041543,-0.041543,seven_trigger side=NO vel=-0.0200 ask=0.660 delta=-0.0219%
2986184,S66_SevenTrigger_ExitStack,YES,1784538639.105549,0.580000,5,1784538640.394581,0.560000,0.043022,-0.143022,seven_trigger side=YES vel=0.0200 ask=0.580 delta=0.0450%
2986191,S66_SevenTrigger_ExitStack,YES,1784538945.520238,0.700000,5,1784538945.913289,0.680000,0.038588,-0.138587,seven_trigger side=YES vel=0.0100 ask=0.700 delta=0.0647%
2986213,S66_SevenTrigger_ExitStack,YES,1784539211.705833,0.700000,5,1784539213.002348,0.710000,0.038588,0.011412,seven_trigger side=YES vel=0.0100 ask=0.700 delta=0.0308%
2986225,S66_SevenTrigger_ExitStack,YES,1784539550.343806,0.650000,5,1784539550.720567,0.620000,0.042052,-0.192052,seven_trigger side=YES vel=0.0300 ask=0.650 delta=0.0344%
2986228,S66_SevenTrigger_ExitStack,NO,1784539827.280221,0.630000,5,1784539827.702106,0.630000,0.042789,-0.042789,seven_trigger side=NO vel=-0.0100 ask=0.630 delta=-0.0202%
2986288,S66_SevenTrigger_ExitStack,YES,1784540186.425823,0.450000,5,1784540188.595414,0.430000,0.034457,-0.134457,seven_trigger side=YES vel=0.0100 ask=0.450 delta=0.0201%
2986300,S66_SevenTrigger_ExitStack,YES,1784540413.467209,0.450000,5,1784540417.173488,0.440000,0.034457,-0.084457,seven_trigger side=YES vel=0.0100 ask=0.450 delta=0.0222%
2986314,S66_SevenTrigger_ExitStack,YES,1784540717.113801,0.680000,5,1784540717.415074,0.650000,0.040247,-0.190247,seven_trigger side=YES vel=0.0200 ask=0.680 delta=0.0218%
2986316,S66_SevenTrigger_ExitStack,YES,1784541067.759532,0.670000,5,1784541069.791734,0.650000,0.040941,-0.140941,seven_trigger side=YES vel=0.0100 ask=0.670 delta=0.0275%
2986396,S66_SevenTrigger_ExitStack,NO,1784541324.540252,0.700000,5,1784541327.210344,0.660000,0.038588,-0.238587,seven_trigger side=NO vel=-0.0100 ask=0.700 delta=-0.0239%
2986411,S66_SevenTrigger_ExitStack,NO,1784541694.635787,0.690000,5,1784541695.359108,0.720000,0.039462,0.110538,seven_trigger side=NO vel=-0.0200 ask=0.690 delta=-0.0481%
2986416,S66_SevenTrigger_ExitStack,NO,1784542008.992483,0.700000,5,1784542009.403324,0.700000,0.038588,-0.038588,seven_trigger side=NO vel=-0.0700 ask=0.700 delta=-0.0396%
2986519,S66_SevenTrigger_ExitStack,YES,1784542300.102231,0.700000,5,1784542300.635831,0.650000,0.038588,-0.288587,seven_trigger side=YES vel=0.0400 ask=0.700 delta=0.0435%
2986528,S66_SevenTrigger_ExitStack,NO,1784542549.949785,0.700000,5,1784542553.413491,0.610000,0.038588,-0.488588,seven_trigger side=NO vel=-0.0100 ask=0.700 delta=-0.0319%
2986539,S66_SevenTrigger_ExitStack,YES,1784542910.933773,0.670000,5,1784542918.356417,0.680000,0.040941,0.009059,seven_trigger side=YES vel=0.0100 ask=0.670 delta=0.0268%
2986552,S66_SevenTrigger_ExitStack,YES,1784543120.711884,0.620000,5,1784543122.696325,0.600000,0.043018,-0.143018,seven_trigger side=YES vel=0.0100 ask=0.620 delta=0.0224%
2986561,S66_SevenTrigger_ExitStack,NO,1784543426.70335,0.690000,5,1784543427.411765,0.700000,0.039462,0.010538,seven_trigger side=NO vel=-0.0100 ask=0.690 delta=-0.0274%
2986614,S66_SevenTrigger_ExitStack,NO,1784543709.56119,0.660000,5,1784543713.368602,0.630000,0.041543,-0.191543,seven_trigger side=NO vel=-0.0300 ask=0.660 delta=-0.0214%
2986743,S66_SevenTrigger_ExitStack,NO,1784544045.950718,0.700000,5,1784544050.18348,0.670000,0.038588,-0.188587,seven_trigger side=NO vel=-0.0300 ask=0.700 delta=-0.0308%
2986757,S66_SevenTrigger_ExitStack,NO,1784544321.3668,0.640000,5,1784544328.188843,0.650000,0.042467,0.007533,seven_trigger side=NO vel=-0.0100 ask=0.640 delta=-0.0230%
2986768,S66_SevenTrigger_ExitStack,NO,1784544691.216036,0.680000,5,1784544692.695172,0.580000,0.040247,-0.540247,seven_trigger side=NO vel=-0.0700 ask=0.680 delta=-0.0324%
2987063,S66_SevenTrigger_ExitStack,NO,1784544954.922222,0.690000,5,1784544955.479785,0.680000,0.039462,-0.089462,seven_trigger side=NO vel=-0.0200 ask=0.690 delta=-0.0208%
2987158,S66_SevenTrigger_ExitStack,NO,1784545474.093395,0.480000,5,1784545474.245326,0.670000,0.037380,0.912620,seven_trigger side=NO vel=-0.5000 ask=0.480 delta=-0.0420%
2987172,S66_SevenTrigger_ExitStack,YES,1784545503.519001,0.590000,5,1784545514.725981,0.780000,0.043155,0.906845,seven_trigger side=YES vel=0.0400 ask=0.590 delta=0.0252%
2987184,S66_SevenTrigger_ExitStack,NO,1784545849.973759,0.670000,5,1784545852.229951,0.670000,0.040941,-0.040941,seven_trigger side=NO vel=-0.0200 ask=0.670 delta=-0.0230%
2987194,S66_SevenTrigger_ExitStack,NO,1784546145.155919,0.700000,5,1784546145.800452,0.640000,0.038588,-0.338587,seven_trigger side=NO vel=-0.0200 ask=0.700 delta=-0.0362%
2987215,S66_SevenTrigger_ExitStack,NO,1784546506.827273,0.690000,5,1784546507.550972,0.590000,0.039462,-0.539462,seven_trigger side=NO vel=-0.1100 ask=0.690 delta=-0.0334%
2987312,S66_SevenTrigger_ExitStack,YES,1784547013.679198,0.630000,5,1784547015.100234,0.700000,0.042789,0.307211,seven_trigger side=YES vel=0.0800 ask=0.630 delta=0.1067%
2987354,S66_SevenTrigger_ExitStack,NO,1784547311.892592,0.590000,5,1784547312.437414,0.590000,0.043155,-0.043155,seven_trigger side=NO vel=-0.0100 ask=0.590 delta=-0.0349%
2987372,S66_SevenTrigger_ExitStack,YES,1784547608.358875,0.520000,5,1784547622.392271,0.510000,0.040495,-0.090495,seven_trigger side=YES vel=0.0100 ask=0.520 delta=0.0235%
2987378,S66_SevenTrigger_ExitStack,YES,1784547910.201112,0.540000,5,1784547916.804136,0.650000,0.041649,0.508351,seven_trigger side=YES vel=0.0100 ask=0.540 delta=0.0284%
2987391,S66_SevenTrigger_ExitStack,NO,1784548211.622896,0.660000,5,1784548212.823828,0.660000,0.041543,-0.041543,seven_trigger side=NO vel=-0.0100 ask=0.660 delta=-0.0485%
2987500,S66_SevenTrigger_ExitStack,NO,1784548527.997192,0.700000,5,1784548528.717214,0.710000,0.038588,0.011412,seven_trigger side=NO vel=-0.0100 ask=0.700 delta=-0.0438%
2987515,S66_SevenTrigger_ExitStack,NO,1784548812.882816,0.660000,5,1784548815.145744,0.660000,0.041543,-0.041543,seven_trigger side=NO vel=-0.0100 ask=0.660 delta=-0.0425%
2987527,S66_SevenTrigger_ExitStack,NO,1784549115.265746,0.590000,5,1784549117.209573,0.600000,0.043155,0.006845,seven_trigger side=NO vel=-0.0100 ask=0.590 delta=-0.0303%
2987540,S66_SevenTrigger_ExitStack,NO,1784549414.829436,0.580000,5,1784549423.733509,0.490000,0.043022,-0.493022,seven_trigger side=NO vel=-0.0100 ask=0.580 delta=-0.0223%
2987554,S66_SevenTrigger_ExitStack,YES,1784549712.008641,0.650000,5,1784549712.825586,0.630000,0.042052,-0.142052,seven_trigger side=YES vel=0.0300 ask=0.650 delta=0.0283%
2987627,S66_SevenTrigger_ExitStack,NO,1784550015.285274,0.550000,5,1784550018.29173,0.550000,0.042114,-0.042114,seven_trigger side=NO vel=-0.0200 ask=0.550 delta=-0.0256%
2987732,S66_SevenTrigger_ExitStack,NO,1784550307.202654,0.690000,5,1784550310.088642,0.600000,0.039462,-0.489462,seven_trigger side=NO vel=-0.0100 ask=0.690 delta=-0.0276%
2987738,S66_SevenTrigger_ExitStack,YES,1784550687.560358,0.670000,5,1784550692.666559,0.630000,0.040941,-0.240941,seven_trigger side=YES vel=0.0300 ask=0.670 delta=0.0233%
2987786,S66_SevenTrigger_ExitStack,YES,1784550910.282662,0.610000,5,1784550925.32263,0.660000,0.043155,0.206845,seven_trigger side=YES vel=0.0100 ask=0.610 delta=0.0203%
2987825,S66_SevenTrigger_ExitStack,NO,1784551275.049599,0.640000,5,1784551286.182528,0.550000,0.042467,-0.492467,seven_trigger side=NO vel=-0.0100 ask=0.640 delta=-0.0237%
2987849,S66_SevenTrigger_ExitStack,NO,1784551856.660999,0.590000,5,1784551858.021551,0.470000,0.043155,-0.643155,seven_trigger side=NO vel=-0.0300 ask=0.590 delta=-0.0212%
2987910,S66_SevenTrigger_ExitStack,YES,1784552143.690659,0.700000,5,1784552146.715239,0.710000,0.038588,0.011412,seven_trigger side=YES vel=0.0200 ask=0.700 delta=0.0283%
2987917,S66_SevenTrigger_ExitStack,YES,1784552403.636277,0.600000,5,1784552413.629258,0.610000,0.043200,0.006800,seven_trigger side=YES vel=0.0200 ask=0.600 delta=0.0233%
2987935,S66_SevenTrigger_ExitStack,YES,1784552763.883379,0.700000,5,1784552764.473845,0.620000,0.038588,-0.438587,seven_trigger side=YES vel=0.0100 ask=0.700 delta=0.0380%
2988028,S66_SevenTrigger_ExitStack,NO,1784553040.416829,0.670000,5,1784553049.687335,0.660000,0.040941,-0.090941,seven_trigger side=NO vel=-0.0100 ask=0.670 delta=-0.0298%
2988037,S66_SevenTrigger_ExitStack,YES,1784553449.909762,0.650000,5,1784553466.371332,0.700000,0.042052,0.207948,seven_trigger side=YES vel=0.0100 ask=0.650 delta=0.0214%
2988076,S66_SevenTrigger_ExitStack,YES,1784554206.759378,0.660000,5,1784554210.117343,0.640000,0.041543,-0.141543,seven_trigger side=YES vel=0.0100 ask=0.660 delta=0.0536%
2988127,S66_SevenTrigger_ExitStack,YES,1784554510.482239,0.600000,5,1784554515.294267,0.630000,0.043200,0.106800,seven_trigger side=YES vel=0.0100 ask=0.600 delta=0.0233%
2988295,S66_SevenTrigger_ExitStack,YES,1784554805.314002,0.620000,5,1784554810.661807,0.610000,0.043018,-0.093018,seven_trigger side=YES vel=0.0400 ask=0.620 delta=0.0238%
2988311,S66_SevenTrigger_ExitStack,NO,1784555120.475908,0.580000,5,1784555121.693392,0.580000,0.043022,-0.043022,seven_trigger side=NO vel=-0.0200 ask=0.580 delta=-0.0234%
2988321,S66_SevenTrigger_ExitStack,YES,1784555415.843699,0.580000,5,1784555417.625772,0.580000,0.043022,-0.043022,seven_trigger side=YES vel=0.0200 ask=0.580 delta=0.0204%
2988339,S66_SevenTrigger_ExitStack,YES,1784555708.537144,0.580000,5,1784555711.461439,0.630000,0.043022,0.206978,seven_trigger side=YES vel=0.0700 ask=0.580 delta=0.0239%
2988367,S66_SevenTrigger_ExitStack,YES,1784556023.535284,0.580000,5,1784556024.409204,0.560000,0.043022,-0.143022,seven_trigger side=YES vel=0.0100 ask=0.580 delta=0.0264%
2988378,S66_SevenTrigger_ExitStack,NO,1784556317.35527,0.650000,5,1784556319.018282,0.560000,0.042052,-0.492052,seven_trigger side=NO vel=-0.0100 ask=0.650 delta=-0.0398%
2988519,S66_SevenTrigger_ExitStack,NO,1784556609.034409,0.630000,5,1784556611.346734,0.610000,0.042789,-0.142789,seven_trigger side=NO vel=-0.0100 ask=0.630 delta=-0.0538%
2988533,S66_SevenTrigger_ExitStack,NO,1784556907.669198,0.590000,5,1784556907.968282,0.550000,0.043155,-0.243155,seven_trigger side=NO vel=-0.0400 ask=0.590 delta=-0.0558%
2988543,S66_SevenTrigger_ExitStack,NO,1784557206.080409,0.610000,5,1784557206.687591,0.510000,0.043155,-0.543155,seven_trigger side=NO vel=-0.0400 ask=0.610 delta=-0.0652%
2988588,S66_SevenTrigger_ExitStack,YES,1784557505.394494,0.580000,5,1784557509.12301,0.560000,0.043022,-0.143022,seven_trigger side=YES vel=0.0100 ask=0.580 delta=0.0215%
2988612,S66_SevenTrigger_ExitStack,NO,1784557810.981031,0.580000,5,1784557816.235172,0.550000,0.043022,-0.193022,seven_trigger side=NO vel=-0.0100 ask=0.580 delta=-0.0204%
2988654,S66_SevenTrigger_ExitStack,NO,1784558106.790294,0.550000,5,1784558111.437504,0.530000,0.042114,-0.142114,seven_trigger side=NO vel=-0.0300 ask=0.550 delta=-0.0281%
2988669,S66_SevenTrigger_ExitStack,YES,1784558447.916869,0.620000,5,1784558452.190305,0.710000,0.043018,0.406982,seven_trigger side=YES vel=0.0100 ask=0.620 delta=0.0321%
2988686,S66_SevenTrigger_ExitStack,NO,1784558708.475403,0.610000,5,1784558709.095308,0.610000,0.043155,-0.043155,seven_trigger side=NO vel=-0.0400 ask=0.610 delta=-0.0497%
2988697,S66_SevenTrigger_ExitStack,NO,1784559003.418685,0.560000,5,1784559004.529554,0.520000,0.042499,-0.242499,seven_trigger side=NO vel=-0.0200 ask=0.560 delta=-0.0354%
2988810,S66_SevenTrigger_ExitStack,NO,1784559304.071669,0.550000,5,1784559305.38132,0.550000,0.042114,-0.042114,seven_trigger side=NO vel=-0.0100 ask=0.550 delta=-0.0209%
2988833,S66_SevenTrigger_ExitStack,YES,1784559602.23819,0.630000,5,1784559603.79618,0.630000,0.042789,-0.042789,seven_trigger side=YES vel=0.0200 ask=0.630 delta=0.0379%
2988834,S66_SevenTrigger_ExitStack,NO,1784559921.74715,0.630000,5,1784559922.797419,0.580000,0.042789,-0.292789,seven_trigger side=NO vel=-0.0300 ask=0.630 delta=-0.0394%
2988850,S66_SevenTrigger_ExitStack,YES,1784560209.58197,0.530000,5,1784560210.171388,0.520000,0.041109,-0.091109,seven_trigger side=YES vel=0.0400 ask=0.530 delta=0.0328%
2988862,S66_SevenTrigger_ExitStack,NO,1784560515.906813,0.630000,5,1784560516.997892,0.610000,0.042789,-0.142789,seven_trigger side=NO vel=-0.0200 ask=0.630 delta=-0.0324%
2988878,S66_SevenTrigger_ExitStack,YES,1784560815.464235,0.530000,5,1784560818.160884,0.540000,0.041109,0.008891,seven_trigger side=YES vel=0.0100 ask=0.530 delta=0.0219%
2988937,S66_SevenTrigger_ExitStack,NO,1784561112.567204,0.660000,5,1784561112.904581,0.670000,0.041543,0.008457,seven_trigger side=NO vel=-0.0200 ask=0.660 delta=-0.0548%
2988944,S66_SevenTrigger_ExitStack,YES,1784561404.631455,0.550000,5,1784561406.836917,0.530000,0.042114,-0.142114,seven_trigger side=YES vel=0.0400 ask=0.550 delta=0.0252%
2989007,S66_SevenTrigger_ExitStack,NO,1784561707.484822,0.610000,5,1784561707.794832,0.610000,0.043155,-0.043155,seven_trigger side=NO vel=-0.0100 ask=0.610 delta=-0.0230%
2989026,S66_SevenTrigger_ExitStack,YES,1784562012.709554,0.580000,5,1784562013.567032,0.540000,0.043022,-0.243022,seven_trigger side=YES vel=0.0100 ask=0.580 delta=0.0252%
2989034,S66_SevenTrigger_ExitStack,YES,1784562301.740877,0.510000,5,1784562304.299366,0.580000,0.039812,0.310188,seven_trigger side=YES vel=0.0100 ask=0.510 delta=0.0316%
2989051,S66_SevenTrigger_ExitStack,YES,1784562605.258738,0.590000,5,1784562605.538189,0.520000,0.043155,-0.393155,seven_trigger side=YES vel=0.0200 ask=0.590 delta=0.0670%
2989594,S66_SevenTrigger_ExitStack,YES,1784562905.912442,0.520000,5,1784562908.133354,0.500000,0.040495,-0.140495,seven_trigger side=YES vel=0.0100 ask=0.520 delta=0.0235%
2989898,S66_SevenTrigger_ExitStack,YES,1784563205.00716,0.550000,5,1784563206.299629,0.570000,0.042114,0.057886,seven_trigger side=YES vel=0.0300 ask=0.550 delta=0.0204%
2989913,S66_SevenTrigger_ExitStack,NO,1784563522.479084,0.650000,5,1784563523.32503,0.640000,0.042052,-0.092052,seven_trigger side=NO vel=-0.0100 ask=0.650 delta=-0.0290%
2989970,S66_SevenTrigger_ExitStack,YES,1784563817.10163,0.610000,5,1784563825.878772,0.730000,0.043155,0.556845,seven_trigger side=YES vel=0.0100 ask=0.610 delta=0.0316%
