market_id,strategy,side,entry_time,entry_price,shares,exit_time,exit_price,fee_paid,pnl,reason
2933923,S39_Cross_Window_Momentum_Continuation,NO,1784201252.787822,0.720000,5,1784201399.920989,1.000000,0.036578,1.363422,cross_momentum sv=-0.020 lv=-0.030
2933933,S39_Cross_Window_Momentum_Continuation,NO,1784201473.774442,0.750000,5,1784201699.898366,0.000000,0.032959,-3.782959,cross_momentum sv=-0.020 lv=-0.030
2933981,S39_Cross_Window_Momentum_Continuation,YES,1784201869.713648,0.680000,5,1784201999.989534,1.000000,0.040247,1.559753,cross_momentum sv=0.010 lv=0.020
2934021,S39_Cross_Window_Momentum_Continuation,YES,1784202045.663067,0.740000,5,1784202299.922277,1.000000,0.034241,1.265759,cross_momentum sv=0.030 lv=0.030
2934049,S39_Cross_Window_Momentum_Continuation,NO,1784202634.950302,0.580000,5,1784202899.978167,0.000000,0.043022,-2.943022,cross_momentum sv=-0.020 lv=-0.020
2934267,S39_Cross_Window_Momentum_Continuation,YES,1784203059.343084,0.750000,5,1784203199.968853,1.000000,0.032959,1.217041,cross_momentum sv=0.020 lv=0.020
2934325,S39_Cross_Window_Momentum_Continuation,NO,1784203240.187463,0.720000,5,1784203499.906016,1.000000,0.036578,1.363422,cross_momentum sv=-0.010 lv=-0.020
2934344,S39_Cross_Window_Momentum_Continuation,NO,1784203756.013793,0.300000,5,1784203799.905116,0.000000,0.016537,-1.516538,cross_momentum sv=-0.050 lv=-0.120
2934361,S39_Cross_Window_Momentum_Continuation,NO,1784204125.513333,0.720000,5,1784204399.9051,0.000000,0.036578,-3.636578,cross_momentum sv=-0.040 lv=-0.030
2934379,S39_Cross_Window_Momentum_Continuation,NO,1784204493.094168,0.710000,5,1784204699.949445,1.000000,0.037625,1.412375,cross_momentum sv=-0.050 lv=-0.110
2934397,S39_Cross_Window_Momentum_Continuation,NO,1784205140.630804,0.730000,5,1784205299.994984,1.000000,0.035449,1.314551,cross_momentum sv=-0.020 lv=-0.020
2934447,S39_Cross_Window_Momentum_Continuation,NO,1784205410.883671,0.750000,5,1784205599.890878,1.000000,0.032959,1.217041,cross_momentum sv=-0.050 lv=-0.050
2934490,S39_Cross_Window_Momentum_Continuation,NO,1784205655.193087,0.620000,5,1784205899.915684,1.000000,0.043018,1.856982,cross_momentum sv=-0.050 lv=-0.020
2934493,S39_Cross_Window_Momentum_Continuation,NO,1784205947.888553,0.640000,5,1784206199.959226,0.000000,0.042467,-3.242467,cross_momentum sv=-0.020 lv=-0.030
2934513,S39_Cross_Window_Momentum_Continuation,YES,1784206359.649279,0.730000,5,1784206499.994437,1.000000,0.035449,1.314551,cross_momentum sv=0.010 lv=0.020
2934573,S39_Cross_Window_Momentum_Continuation,NO,1784206523.890917,0.750000,5,1784206799.91893,1.000000,0.032959,1.217041,cross_momentum sv=-0.020 lv=-0.020
2934577,S39_Cross_Window_Momentum_Continuation,YES,1784206819.659491,0.720000,5,1784207099.947875,1.000000,0.036578,1.363422,cross_momentum sv=0.060 lv=0.060
2934590,S39_Cross_Window_Momentum_Continuation,YES,1784207140.143325,0.630000,5,1784207399.957443,1.000000,0.042789,1.807211,cross_momentum sv=0.010 lv=0.020
2934605,S39_Cross_Window_Momentum_Continuation,YES,1784207436.295348,0.750000,5,1784207699.912184,1.000000,0.032959,1.217041,cross_momentum sv=0.030 lv=0.030
2934623,S39_Cross_Window_Momentum_Continuation,NO,1784207907.4091,0.720000,5,1784207999.954737,0.000000,0.036578,-3.636578,cross_momentum sv=-0.090 lv=-0.090
2934636,S39_Cross_Window_Momentum_Continuation,YES,1784208024.903682,0.710000,5,1784208299.989105,1.000000,0.037625,1.412375,cross_momentum sv=0.030 lv=0.060
2934650,S39_Cross_Window_Momentum_Continuation,NO,1784208306.099968,0.690000,5,1784208599.960075,0.000000,0.039462,-3.489462,cross_momentum sv=-0.030 lv=-0.020
2934730,S39_Cross_Window_Momentum_Continuation,YES,1784208606.814468,0.670000,5,1784208899.983656,1.000000,0.040941,1.609059,cross_momentum sv=0.030 lv=0.060
2934777,S39_Cross_Window_Momentum_Continuation,YES,1784208953.759116,0.600000,5,1784209199.984145,0.000000,0.043200,-3.043200,cross_momentum sv=0.010 lv=0.020
2934814,S39_Cross_Window_Momentum_Continuation,YES,1784209208.495623,0.600000,5,1784209499.996363,0.000000,0.043200,-3.043200,cross_momentum sv=0.020 lv=0.020
2934831,S39_Cross_Window_Momentum_Continuation,YES,1784209507.220232,0.650000,5,1784209799.95927,1.000000,0.042052,1.707948,cross_momentum sv=0.020 lv=0.050
2934863,S39_Cross_Window_Momentum_Continuation,YES,1784209824.48085,0.640000,5,1784210099.925036,1.000000,0.042467,1.757533,cross_momentum sv=0.050 lv=0.050
2934877,S39_Cross_Window_Momentum_Continuation,NO,1784210105.155967,0.560000,5,1784210399.959285,0.000000,0.042499,-2.842499,cross_momentum sv=-0.030 lv=-0.030
2934890,S39_Cross_Window_Momentum_Continuation,YES,1784210406.996213,0.610000,5,1784210699.882863,0.000000,0.043155,-3.093155,cross_momentum sv=0.050 lv=0.030
2934906,S39_Cross_Window_Momentum_Continuation,YES,1784210709.122695,0.620000,5,1784210999.90861,1.000000,0.043018,1.856982,cross_momentum sv=0.020 lv=0.030
2934922,S39_Cross_Window_Momentum_Continuation,NO,1784211068.035561,0.650000,5,1784211299.965166,0.000000,0.042052,-3.292052,cross_momentum sv=-0.020 lv=-0.020
2934932,S39_Cross_Window_Momentum_Continuation,NO,1784211321.356361,0.690000,5,1784211600.000436,0.000000,0.039462,-3.489462,cross_momentum sv=-0.020 lv=-0.020
2934949,S39_Cross_Window_Momentum_Continuation,NO,1784211676.934053,0.750000,5,1784211899.981149,1.000000,0.032959,1.217041,cross_momentum sv=-0.020 lv=-0.020
2934961,S39_Cross_Window_Momentum_Continuation,NO,1784211912.883029,0.650000,5,1784212199.944591,0.000000,0.042052,-3.292052,cross_momentum sv=-0.010 lv=-0.020
2934977,S39_Cross_Window_Momentum_Continuation,YES,1784212209.109989,0.600000,5,1784212499.981085,0.000000,0.043200,-3.043200,cross_momentum sv=0.020 lv=0.030
2935023,S39_Cross_Window_Momentum_Continuation,YES,1784212555.552513,0.650000,5,1784212799.993802,0.000000,0.042052,-3.292052,cross_momentum sv=0.010 lv=0.020
2935037,S39_Cross_Window_Momentum_Continuation,NO,1784212835.994589,0.590000,5,1784213099.953344,0.000000,0.043155,-2.993155,cross_momentum sv=-0.010 lv=-0.020
2935060,S39_Cross_Window_Momentum_Continuation,NO,1784213148.964301,0.650000,5,1784213399.95051,1.000000,0.042052,1.707948,cross_momentum sv=-0.050 lv=-0.030
2935061,S39_Cross_Window_Momentum_Continuation,NO,1784213413.131326,0.570000,5,1784213699.989363,1.000000,0.042803,2.107197,cross_momentum sv=-0.040 lv=-0.040
2935086,S39_Cross_Window_Momentum_Continuation,NO,1784213713.470783,0.630000,5,1784213999.888917,1.000000,0.042789,1.807211,cross_momentum sv=-0.030 lv=-0.040
2935087,S39_Cross_Window_Momentum_Continuation,YES,1784214005.355772,0.620000,5,1784214299.861777,0.000000,0.043018,-3.143018,cross_momentum sv=0.020 lv=0.030
2935106,S39_Cross_Window_Momentum_Continuation,NO,1784214312.91489,0.690000,5,1784214599.944456,1.000000,0.039462,1.510538,cross_momentum sv=-0.030 lv=-0.030
2935124,S39_Cross_Window_Momentum_Continuation,YES,1784214704.146669,0.680000,5,1784214899.918153,0.000000,0.040247,-3.440247,cross_momentum sv=0.010 lv=0.020
2935166,S39_Cross_Window_Momentum_Continuation,YES,1784214905.993257,0.630000,5,1784215199.919174,1.000000,0.042789,1.807211,cross_momentum sv=0.010 lv=0.020
2935175,S39_Cross_Window_Momentum_Continuation,YES,1784215282.186739,0.630000,5,1784215499.982782,1.000000,0.042789,1.807211,cross_momentum sv=0.020 lv=0.020
2935185,S39_Cross_Window_Momentum_Continuation,YES,1784215516.258232,0.630000,5,1784215800.004147,1.000000,0.042789,1.807211,cross_momentum sv=0.020 lv=0.020
2935211,S39_Cross_Window_Momentum_Continuation,NO,1784215823.212483,0.690000,5,1784216100.004792,1.000000,0.039462,1.510538,cross_momentum sv=-0.010 lv=-0.020
2935252,S39_Cross_Window_Momentum_Continuation,NO,1784216130.002549,0.620000,5,1784216399.959844,0.000000,0.043018,-3.143018,cross_momentum sv=-0.020 lv=-0.020
2935260,S39_Cross_Window_Momentum_Continuation,NO,1784216434.49113,0.640000,5,1784216699.896426,1.000000,0.042467,1.757533,cross_momentum sv=-0.040 lv=-0.050
2935273,S39_Cross_Window_Momentum_Continuation,NO,1784216732.491901,0.700000,5,1784216999.951163,0.000000,0.038588,-3.538588,cross_momentum sv=-0.020 lv=-0.020
2935293,S39_Cross_Window_Momentum_Continuation,YES,1784217071.52775,0.610000,5,1784217299.997166,0.000000,0.043155,-3.093155,cross_momentum sv=0.020 lv=0.020
2935486,S39_Cross_Window_Momentum_Continuation,NO,1784217326.104474,0.660000,5,1784217599.958373,1.000000,0.041543,1.658457,cross_momentum sv=-0.060 lv=-0.060
2935536,S39_Cross_Window_Momentum_Continuation,NO,1784217689.487313,0.670000,5,1784217899.891045,1.000000,0.040941,1.609059,cross_momentum sv=-0.030 lv=-0.040
2935547,S39_Cross_Window_Momentum_Continuation,NO,1784217910.885382,0.590000,5,1784218199.920624,1.000000,0.043155,2.006845,cross_momentum sv=-0.030 lv=-0.020
2935556,S39_Cross_Window_Momentum_Continuation,NO,1784218215.947688,0.750000,5,1784218500.00046,1.000000,0.032959,1.217041,cross_momentum sv=-0.010 lv=-0.020
2935578,S39_Cross_Window_Momentum_Continuation,NO,1784218512.407081,0.630000,5,1784218799.959224,1.000000,0.042789,1.807211,cross_momentum sv=-0.010 lv=-0.020
2935583,S39_Cross_Window_Momentum_Continuation,NO,1784218818.188606,0.750000,5,1784219099.930195,1.000000,0.032959,1.217041,cross_momentum sv=-0.020 lv=-0.040
2935593,S39_Cross_Window_Momentum_Continuation,YES,1784219138.282063,0.710000,5,1784219399.999461,1.000000,0.037625,1.412375,cross_momentum sv=0.020 lv=0.020
2935604,S39_Cross_Window_Momentum_Continuation,YES,1784219412.9652,0.640000,5,1784219699.941756,1.000000,0.042467,1.757533,cross_momentum sv=0.020 lv=0.020
2935659,S39_Cross_Window_Momentum_Continuation,NO,1784219734.055346,0.650000,5,1784219999.954897,1.000000,0.042052,1.707948,cross_momentum sv=-0.040 lv=-0.040
2935671,S39_Cross_Window_Momentum_Continuation,YES,1784220039.937077,0.670000,5,1784220299.926822,0.000000,0.040941,-3.390941,cross_momentum sv=0.030 lv=0.030
2935691,S39_Cross_Window_Momentum_Continuation,NO,1784220350.003275,0.620000,5,1784220599.982654,0.000000,0.043018,-3.143018,cross_momentum sv=-0.040 lv=-0.070
2935693,S39_Cross_Window_Momentum_Continuation,YES,1784220627.53288,0.700000,5,1784220899.910637,1.000000,0.038588,1.461413,cross_momentum sv=0.030 lv=0.060
2936247,S39_Cross_Window_Momentum_Continuation,YES,1784220927.957207,0.680000,5,1784221199.945146,1.000000,0.040247,1.559753,cross_momentum sv=0.050 lv=0.050
2936273,S39_Cross_Window_Momentum_Continuation,NO,1784221530.748768,0.610000,5,1784221799.965192,1.000000,0.043155,1.906845,cross_momentum sv=-0.020 lv=-0.020
2936343,S39_Cross_Window_Momentum_Continuation,NO,1784221843.792129,0.700000,5,1784222099.942396,1.000000,0.038588,1.461413,cross_momentum sv=-0.020 lv=-0.030
2936346,S39_Cross_Window_Momentum_Continuation,YES,1784222110.716349,0.750000,5,1784222399.987714,1.000000,0.032959,1.217041,cross_momentum sv=0.050 lv=0.070
2936368,S39_Cross_Window_Momentum_Continuation,YES,1784222420.237813,0.670000,5,1784222700.001951,1.000000,0.040941,1.609059,cross_momentum sv=0.030 lv=0.030
2936522,S39_Cross_Window_Momentum_Continuation,NO,1784222729.389522,0.750000,5,1784222999.914208,0.000000,0.032959,-3.782959,cross_momentum sv=-0.010 lv=-0.020
2936536,S39_Cross_Window_Momentum_Continuation,YES,1784223026.187701,0.670000,5,1784223299.888188,1.000000,0.040941,1.609059,cross_momentum sv=0.010 lv=0.020
2936584,S39_Cross_Window_Momentum_Continuation,NO,1784223369.30169,0.710000,5,1784223599.959077,1.000000,0.037625,1.412375,cross_momentum sv=-0.030 lv=-0.030
2936593,S39_Cross_Window_Momentum_Continuation,NO,1784223619.62068,0.700000,5,1784223899.968809,1.000000,0.038588,1.461413,cross_momentum sv=-0.020 lv=-0.020
2936613,S39_Cross_Window_Momentum_Continuation,NO,1784223955.422812,0.610000,5,1784224199.893499,1.000000,0.043155,1.906845,cross_momentum sv=-0.060 lv=-0.060
2936631,S39_Cross_Window_Momentum_Continuation,NO,1784224232.107282,0.650000,5,1784224499.910352,1.000000,0.042052,1.707948,cross_momentum sv=-0.030 lv=-0.030
2936666,S39_Cross_Window_Momentum_Continuation,YES,1784224822.605912,0.640000,5,1784225099.877007,1.000000,0.042467,1.757533,cross_momentum sv=0.040 lv=0.060
2936676,S39_Cross_Window_Momentum_Continuation,YES,1784225224.464885,0.740000,5,1784225399.923713,1.000000,0.034241,1.265759,cross_momentum sv=0.020 lv=0.020
2936747,S39_Cross_Window_Momentum_Continuation,YES,1784225512.005204,0.740000,5,1784225699.973012,1.000000,0.034241,1.265759,cross_momentum sv=0.010 lv=0.020
2936791,S39_Cross_Window_Momentum_Continuation,NO,1784225762.298296,0.740000,5,1784225999.91878,0.000000,0.034241,-3.734241,cross_momentum sv=-0.030 lv=-0.030
2936934,S39_Cross_Window_Momentum_Continuation,NO,1784226368.352164,0.740000,5,1784226599.887855,1.000000,0.034241,1.265759,cross_momentum sv=-0.050 lv=-0.060
2937046,S39_Cross_Window_Momentum_Continuation,NO,1784226647.283935,0.670000,5,1784226899.963584,1.000000,0.040941,1.609059,cross_momentum sv=-0.050 lv=-0.050
2937142,S39_Cross_Window_Momentum_Continuation,NO,1784226909.149378,0.700000,5,1784227199.885841,1.000000,0.038588,1.461413,cross_momentum sv=-0.010 lv=-0.020
2937159,S39_Cross_Window_Momentum_Continuation,NO,1784227218.636281,0.630000,5,1784227499.934495,0.000000,0.042789,-3.192789,cross_momentum sv=-0.050 lv=-0.050
2937169,S39_Cross_Window_Momentum_Continuation,YES,1784227537.56284,0.740000,5,1784227799.928024,1.000000,0.034241,1.265759,cross_momentum sv=0.010 lv=0.020
2937182,S39_Cross_Window_Momentum_Continuation,YES,1784227875.66033,0.750000,5,1784228099.937944,1.000000,0.032959,1.217041,cross_momentum sv=0.030 lv=0.030
2937377,S39_Cross_Window_Momentum_Continuation,YES,1784228476.53968,0.740000,5,1784228699.987698,1.000000,0.034241,1.265759,cross_momentum sv=0.020 lv=0.020
2937380,S39_Cross_Window_Momentum_Continuation,YES,1784228768.992222,0.740000,5,1784228999.954987,0.000000,0.034241,-3.734241,cross_momentum sv=0.010 lv=0.020
2937400,S39_Cross_Window_Momentum_Continuation,NO,1784229014.316311,0.690000,5,1784229299.909584,1.000000,0.039462,1.510538,cross_momentum sv=-0.010 lv=-0.020
2937426,S39_Cross_Window_Momentum_Continuation,YES,1784229716.606574,0.740000,5,1784229899.928387,0.000000,0.034241,-3.734241,cross_momentum sv=0.020 lv=0.020
2937452,S39_Cross_Window_Momentum_Continuation,YES,1784230251.293949,0.680000,5,1784230499.948483,0.000000,0.040247,-3.440247,cross_momentum sv=0.020 lv=0.020
2937491,S39_Cross_Window_Momentum_Continuation,NO,1784230603.972859,0.750000,5,1784230799.931368,1.000000,0.032959,1.217041,cross_momentum sv=-0.030 lv=-0.030
2937499,S39_Cross_Window_Momentum_Continuation,NO,1784230846.332511,0.750000,5,1784231099.86402,1.000000,0.032959,1.217041,cross_momentum sv=-0.040 lv=-0.050
2937509,S39_Cross_Window_Momentum_Continuation,NO,1784231203.86116,0.720000,5,1784231399.921671,1.000000,0.036578,1.363422,cross_momentum sv=-0.010 lv=-0.020
2937568,S39_Cross_Window_Momentum_Continuation,YES,1784231459.405922,0.750000,5,1784231699.908605,1.000000,0.032959,1.217041,cross_momentum sv=0.010 lv=0.020
2937677,S39_Cross_Window_Momentum_Continuation,NO,1784232155.75695,0.730000,5,1784232299.974743,1.000000,0.035449,1.314551,cross_momentum sv=-0.090 lv=-0.090
2937720,S39_Cross_Window_Momentum_Continuation,NO,1784232973.496244,0.750000,5,1784233199.990979,0.000000,0.032959,-3.782959,cross_momentum sv=-0.040 lv=-0.040
2937736,S39_Cross_Window_Momentum_Continuation,NO,1784233524.416911,0.710000,5,1784233800.001427,1.000000,0.037625,1.412375,cross_momentum sv=-0.050 lv=-0.050
2937751,S39_Cross_Window_Momentum_Continuation,NO,1784233828.752869,0.740000,5,1784234099.896142,0.000000,0.034241,-3.734241,cross_momentum sv=-0.020 lv=-0.020
2937846,S39_Cross_Window_Momentum_Continuation,NO,1784235105.548256,0.730000,5,1784235299.965304,1.000000,0.035449,1.314551,cross_momentum sv=-0.050 lv=-0.050
2937859,S39_Cross_Window_Momentum_Continuation,YES,1784235576.094805,0.380000,5,1784235599.968562,0.000000,0.026366,-1.926366,cross_momentum sv=0.060 lv=0.060
2937993,S39_Cross_Window_Momentum_Continuation,YES,1784237752.221641,0.560000,5,1784238000.002433,1.000000,0.042499,2.157501,cross_momentum sv=0.020 lv=0.030
2938024,S39_Cross_Window_Momentum_Continuation,NO,1784238328.389042,0.750000,5,1784238599.986527,1.000000,0.032959,1.217041,cross_momentum sv=-0.020 lv=-0.020
2938435,S39_Cross_Window_Momentum_Continuation,NO,1784239537.881756,0.750000,5,1784239799.963544,1.000000,0.032959,1.217041,cross_momentum sv=-0.040 lv=-0.040
2938439,S39_Cross_Window_Momentum_Continuation,NO,1784239936.490227,0.500000,5,1784240099.957255,0.000000,0.039062,-2.539062,cross_momentum sv=-0.010 lv=-0.020
2938449,S39_Cross_Window_Momentum_Continuation,NO,1784240113.362327,0.700000,5,1784240399.90903,1.000000,0.038588,1.461413,cross_momentum sv=-0.010 lv=-0.020
2938468,S39_Cross_Window_Momentum_Continuation,NO,1784240429.624796,0.750000,5,1784240699.974653,1.000000,0.032959,1.217041,cross_momentum sv=-0.070 lv=-0.090
2938471,S39_Cross_Window_Momentum_Continuation,NO,1784240727.155422,0.750000,5,1784240999.94863,1.000000,0.032959,1.217041,cross_momentum sv=-0.040 lv=-0.030
2938546,S39_Cross_Window_Momentum_Continuation,NO,1784241614.480459,0.740000,5,1784241899.90511,1.000000,0.034241,1.265759,cross_momentum sv=-0.030 lv=-0.020
2938557,S39_Cross_Window_Momentum_Continuation,NO,1784241974.257116,0.580000,5,1784242199.917818,1.000000,0.043022,2.056978,cross_momentum sv=-0.010 lv=-0.020
2938563,S39_Cross_Window_Momentum_Continuation,NO,1784242268.224485,0.520000,5,1784242499.926384,1.000000,0.040495,2.359505,cross_momentum sv=-0.030 lv=-0.040
2940872,S39_Cross_Window_Momentum_Continuation,NO,1784242805.274224,0.640000,5,1784243100.005045,1.000000,0.042467,1.757533,cross_momentum sv=-0.050 lv=-0.050
2940896,S39_Cross_Window_Momentum_Continuation,NO,1784243662.599438,0.480000,5,1784243699.923379,1.000000,0.037380,2.562620,cross_momentum sv=-0.050 lv=-0.090
2940904,S39_Cross_Window_Momentum_Continuation,NO,1784243731.108231,0.690000,5,1784243999.960522,1.000000,0.039462,1.510538,cross_momentum sv=-0.020 lv=-0.030
2940920,S39_Cross_Window_Momentum_Continuation,NO,1784244026.554715,0.740000,5,1784244299.917143,1.000000,0.034241,1.265759,cross_momentum sv=-0.050 lv=-0.020
2940928,S39_Cross_Window_Momentum_Continuation,YES,1784244337.887693,0.730000,5,1784244599.949481,1.000000,0.035449,1.314551,cross_momentum sv=0.010 lv=0.020
2940939,S39_Cross_Window_Momentum_Continuation,NO,1784244610.597723,0.660000,5,1784244899.911702,1.000000,0.041543,1.658457,cross_momentum sv=-0.030 lv=-0.030
2940986,S39_Cross_Window_Momentum_Continuation,NO,1784245035.966272,0.710000,5,1784245199.984047,1.000000,0.037625,1.412375,cross_momentum sv=-0.020 lv=-0.020
2941006,S39_Cross_Window_Momentum_Continuation,NO,1784245556.084903,0.740000,5,1784245800.000239,0.000000,0.034241,-3.734241,cross_momentum sv=-0.030 lv=-0.020
2941021,S39_Cross_Window_Momentum_Continuation,YES,1784245823.760081,0.750000,5,1784246099.9079,1.000000,0.032959,1.217041,cross_momentum sv=0.030 lv=0.040
2941036,S39_Cross_Window_Momentum_Continuation,NO,1784246119.057796,0.720000,5,1784246399.912349,1.000000,0.036578,1.363422,cross_momentum sv=-0.020 lv=-0.020
2941053,S39_Cross_Window_Momentum_Continuation,NO,1784246424.42819,0.690000,5,1784246699.922803,1.000000,0.039462,1.510538,cross_momentum sv=-0.020 lv=-0.030
2941084,S39_Cross_Window_Momentum_Continuation,NO,1784246724.661763,0.630000,5,1784246999.899043,1.000000,0.042789,1.807211,cross_momentum sv=-0.020 lv=-0.040
2941095,S39_Cross_Window_Momentum_Continuation,YES,1784247058.623971,0.720000,5,1784247299.957874,1.000000,0.036578,1.363422,cross_momentum sv=0.030 lv=0.050
2941115,S39_Cross_Window_Momentum_Continuation,YES,1784247340.537661,0.750000,5,1784247599.906308,1.000000,0.032959,1.217041,cross_momentum sv=0.020 lv=0.020
2941128,S39_Cross_Window_Momentum_Continuation,NO,1784247679.286447,0.690000,5,1784247899.998631,1.000000,0.039462,1.510538,cross_momentum sv=-0.060 lv=-0.070
2941133,S39_Cross_Window_Momentum_Continuation,NO,1784247918.170652,0.580000,5,1784248199.888789,1.000000,0.043022,2.056978,cross_momentum sv=-0.040 lv=-0.040
2941139,S39_Cross_Window_Momentum_Continuation,NO,1784248235.784608,0.690000,5,1784248499.975262,1.000000,0.039462,1.510538,cross_momentum sv=-0.020 lv=-0.020
2941171,S39_Cross_Window_Momentum_Continuation,NO,1784248537.027867,0.560000,5,1784248800.004192,1.000000,0.042499,2.157501,cross_momentum sv=-0.080 lv=-0.070
2941199,S39_Cross_Window_Momentum_Continuation,NO,1784248921.989452,0.460000,5,1784249099.919688,0.000000,0.035479,-2.335479,cross_momentum sv=-0.020 lv=-0.040
2941224,S39_Cross_Window_Momentum_Continuation,YES,1784249127.27306,0.670000,5,1784249399.956038,1.000000,0.040941,1.609059,cross_momentum sv=0.020 lv=0.030
2941252,S39_Cross_Window_Momentum_Continuation,NO,1784249421.388426,0.650000,5,1784249699.948754,1.000000,0.042052,1.707948,cross_momentum sv=-0.010 lv=-0.020
2941372,S39_Cross_Window_Momentum_Continuation,YES,1784249718.583708,0.660000,5,1784249999.964673,1.000000,0.041543,1.658457,cross_momentum sv=0.020 lv=0.020
2941612,S39_Cross_Window_Momentum_Continuation,YES,1784250125.823243,0.710000,5,1784250299.946213,1.000000,0.037625,1.412375,cross_momentum sv=0.010 lv=0.020
2941671,S39_Cross_Window_Momentum_Continuation,YES,1784250352.768594,0.730000,5,1784250599.976881,1.000000,0.035449,1.314551,cross_momentum sv=0.020 lv=0.020
2941717,S39_Cross_Window_Momentum_Continuation,NO,1784250661.342269,0.710000,5,1784250899.90547,1.000000,0.037625,1.412375,cross_momentum sv=-0.030 lv=-0.020
2941733,S39_Cross_Window_Momentum_Continuation,YES,1784250920.328992,0.740000,5,1784251199.916071,0.000000,0.034241,-3.734241,cross_momentum sv=0.020 lv=0.050
2941761,S39_Cross_Window_Momentum_Continuation,NO,1784251219.192113,0.740000,5,1784251499.988085,0.000000,0.034241,-3.734241,cross_momentum sv=-0.010 lv=-0.020
2941837,S39_Cross_Window_Momentum_Continuation,YES,1784252223.448227,0.720000,5,1784252399.988258,1.000000,0.036578,1.363422,cross_momentum sv=0.020 lv=0.020
2941857,S39_Cross_Window_Momentum_Continuation,NO,1784252722.751653,0.700000,5,1784252999.901382,1.000000,0.038588,1.461413,cross_momentum sv=-0.020 lv=-0.020
2941872,S39_Cross_Window_Momentum_Continuation,NO,1784253020.732784,0.650000,5,1784253299.980835,1.000000,0.042052,1.707948,cross_momentum sv=-0.020 lv=-0.020
2941882,S39_Cross_Window_Momentum_Continuation,NO,1784253327.486467,0.520000,5,1784253599.93024,0.000000,0.040495,-2.640495,cross_momentum sv=-0.040 lv=-0.030
2941892,S39_Cross_Window_Momentum_Continuation,NO,1784253605.67931,0.600000,5,1784253899.973774,0.000000,0.043200,-3.043200,cross_momentum sv=-0.020 lv=-0.020
2941907,S39_Cross_Window_Momentum_Continuation,YES,1784253963.02673,0.670000,5,1784254199.965999,0.000000,0.040941,-3.390941,cross_momentum sv=0.010 lv=0.020
2941910,S39_Cross_Window_Momentum_Continuation,YES,1784254254.087267,0.670000,5,1784254499.907059,1.000000,0.040941,1.609059,cross_momentum sv=0.010 lv=0.020
2941923,S39_Cross_Window_Momentum_Continuation,NO,1784254596.572803,0.680000,5,1784254800.003201,1.000000,0.040247,1.559753,cross_momentum sv=-0.050 lv=-0.050
2941934,S39_Cross_Window_Momentum_Continuation,NO,1784254825.607693,0.630000,5,1784255099.979401,1.000000,0.042789,1.807211,cross_momentum sv=-0.050 lv=-0.050
2941937,S39_Cross_Window_Momentum_Continuation,YES,1784255134.31534,0.710000,5,1784255399.991291,0.000000,0.037625,-3.587625,cross_momentum sv=0.010 lv=0.020
2941944,S39_Cross_Window_Momentum_Continuation,NO,1784255411.294258,0.610000,5,1784255699.90623,1.000000,0.043155,1.906845,cross_momentum sv=-0.030 lv=-0.050
2941957,S39_Cross_Window_Momentum_Continuation,NO,1784255829.110766,0.670000,5,1784255999.923862,1.000000,0.040941,1.609059,cross_momentum sv=-0.030 lv=-0.030
2941965,S39_Cross_Window_Momentum_Continuation,YES,1784256040.953027,0.750000,5,1784256299.986386,1.000000,0.032959,1.217041,cross_momentum sv=0.030 lv=0.020
2942033,S39_Cross_Window_Momentum_Continuation,YES,1784256365.343805,0.670000,5,1784256599.994121,0.000000,0.040941,-3.390941,cross_momentum sv=0.020 lv=0.030
2942045,S39_Cross_Window_Momentum_Continuation,YES,1784256616.246413,0.720000,5,1784256899.923517,0.000000,0.036578,-3.636578,cross_momentum sv=0.010 lv=0.020
2942148,S39_Cross_Window_Momentum_Continuation,YES,1784257250.344155,0.720000,5,1784257499.967485,1.000000,0.036578,1.363422,cross_momentum sv=0.010 lv=0.020
2942165,S39_Cross_Window_Momentum_Continuation,NO,1784257854.396373,0.660000,5,1784258099.976137,1.000000,0.041543,1.658457,cross_momentum sv=-0.020 lv=-0.040
2942186,S39_Cross_Window_Momentum_Continuation,NO,1784258483.656125,0.750000,5,1784258699.979133,1.000000,0.032959,1.217041,cross_momentum sv=-0.020 lv=-0.020
2942197,S39_Cross_Window_Momentum_Continuation,YES,1784258752.316825,0.750000,5,1784258999.907801,1.000000,0.032959,1.217041,cross_momentum sv=0.010 lv=0.020
2942217,S39_Cross_Window_Momentum_Continuation,NO,1784259144.373474,0.730000,5,1784259299.987017,0.000000,0.035449,-3.685449,cross_momentum sv=-0.030 lv=-0.030
2942263,S39_Cross_Window_Momentum_Continuation,NO,1784259316.302824,0.690000,5,1784259599.99159,1.000000,0.039462,1.510538,cross_momentum sv=-0.010 lv=-0.020
2942282,S39_Cross_Window_Momentum_Continuation,NO,1784259770.777395,0.730000,5,1784259899.912514,1.000000,0.035449,1.314551,cross_momentum sv=-0.070 lv=-0.100
2942302,S39_Cross_Window_Momentum_Continuation,NO,1784259939.495712,0.720000,5,1784260199.915776,1.000000,0.036578,1.363422,cross_momentum sv=-0.010 lv=-0.020
2942303,S39_Cross_Window_Momentum_Continuation,NO,1784260257.778313,0.740000,5,1784260499.966943,0.000000,0.034241,-3.734241,cross_momentum sv=-0.020 lv=-0.020
2942458,S39_Cross_Window_Momentum_Continuation,YES,1784260571.436958,0.750000,5,1784260799.932101,1.000000,0.032959,1.217041,cross_momentum sv=0.020 lv=0.020
2942683,S39_Cross_Window_Momentum_Continuation,NO,1784260846.282367,0.720000,5,1784261099.98239,1.000000,0.036578,1.363422,cross_momentum sv=-0.110 lv=-0.120
2942712,S39_Cross_Window_Momentum_Continuation,YES,1784261818.10172,0.720000,5,1784261999.932384,0.000000,0.036578,-3.636578,cross_momentum sv=0.010 lv=0.020
2942729,S39_Cross_Window_Momentum_Continuation,NO,1784262017.624272,0.560000,5,1784262300.00905,0.000000,0.042499,-2.842499,cross_momentum sv=-0.040 lv=-0.040
2942801,S39_Cross_Window_Momentum_Continuation,NO,1784262501.763941,0.730000,5,1784262599.905953,1.000000,0.035449,1.314551,cross_momentum sv=-0.050 lv=-0.090
2942816,S39_Cross_Window_Momentum_Continuation,NO,1784262744.421569,0.740000,5,1784262899.916252,1.000000,0.034241,1.265759,cross_momentum sv=-0.010 lv=-0.020
2942856,S39_Cross_Window_Momentum_Continuation,YES,1784262920.348007,0.660000,5,1784263199.944326,1.000000,0.041543,1.658457,cross_momentum sv=0.010 lv=0.020
2942867,S39_Cross_Window_Momentum_Continuation,NO,1784263274.438408,0.720000,5,1784263499.998926,0.000000,0.036578,-3.636578,cross_momentum sv=-0.060 lv=-0.070
2942870,S39_Cross_Window_Momentum_Continuation,YES,1784263526.981353,0.680000,5,1784263799.97804,1.000000,0.040247,1.559753,cross_momentum sv=0.020 lv=0.020
2942911,S39_Cross_Window_Momentum_Continuation,NO,1784263844.598702,0.710000,5,1784264099.930954,1.000000,0.037625,1.412375,cross_momentum sv=-0.020 lv=-0.020
2943257,S39_Cross_Window_Momentum_Continuation,NO,1784264141.945317,0.750000,5,1784264399.986432,1.000000,0.032959,1.217041,cross_momentum sv=-0.020 lv=-0.050
2943449,S39_Cross_Window_Momentum_Continuation,NO,1784264414.89494,0.750000,5,1784264699.989919,1.000000,0.032959,1.217041,cross_momentum sv=-0.050 lv=-0.050
2943452,S39_Cross_Window_Momentum_Continuation,NO,1784264740.799314,0.740000,5,1784264999.90873,0.000000,0.034241,-3.734241,cross_momentum sv=-0.020 lv=-0.020
2943487,S39_Cross_Window_Momentum_Continuation,NO,1784265392.387224,0.750000,5,1784265599.927111,1.000000,0.032959,1.217041,cross_momentum sv=-0.050 lv=-0.060
2943503,S39_Cross_Window_Momentum_Continuation,NO,1784265674.928374,0.730000,5,1784265899.912781,1.000000,0.035449,1.314551,cross_momentum sv=-0.090 lv=-0.100
2943515,S39_Cross_Window_Momentum_Continuation,NO,1784265916.890885,0.750000,5,1784266199.927913,1.000000,0.032959,1.217041,cross_momentum sv=-0.040 lv=-0.040
2943542,S39_Cross_Window_Momentum_Continuation,NO,1784266528.125719,0.740000,5,1784266799.973417,1.000000,0.034241,1.265759,cross_momentum sv=-0.040 lv=-0.040
2945848,S39_Cross_Window_Momentum_Continuation,NO,1784287821.561758,0.720000,5,1784288099.963026,0.000000,0.036578,-3.636578,cross_momentum sv=-0.050 lv=-0.050
2945869,S39_Cross_Window_Momentum_Continuation,YES,1784288131.245282,0.750000,5,1784288399.867533,1.000000,0.032959,1.217041,cross_momentum sv=0.010 lv=0.020
2945881,S39_Cross_Window_Momentum_Continuation,YES,1784288735.214658,0.720000,5,1784288999.953311,0.000000,0.036578,-3.636578,cross_momentum sv=0.010 lv=0.020
2945898,S39_Cross_Window_Momentum_Continuation,NO,1784289035.430363,0.700000,5,1784289299.926623,0.000000,0.038588,-3.538588,cross_momentum sv=-0.020 lv=-0.020
2945963,S39_Cross_Window_Momentum_Continuation,YES,1784290508.899976,0.710000,5,1784290799.931977,0.000000,0.037625,-3.587625,cross_momentum sv=0.040 lv=0.030
2946009,S39_Cross_Window_Momentum_Continuation,NO,1784291476.83904,0.740000,5,1784291699.953407,1.000000,0.034241,1.265759,cross_momentum sv=-0.020 lv=-0.030
2946074,S39_Cross_Window_Momentum_Continuation,NO,1784292108.892125,0.690000,5,1784292299.960661,1.000000,0.039462,1.510538,cross_momentum sv=-0.070 lv=-0.070
2946090,S39_Cross_Window_Momentum_Continuation,NO,1784292372.484765,0.730000,5,1784292599.893973,1.000000,0.035449,1.314551,cross_momentum sv=-0.030 lv=-0.030
2946155,S39_Cross_Window_Momentum_Continuation,NO,1784293098.162742,0.750000,5,1784293199.87238,1.000000,0.032959,1.217041,cross_momentum sv=-0.060 lv=-0.090
2946172,S39_Cross_Window_Momentum_Continuation,NO,1784293237.228101,0.740000,5,1784293499.991029,1.000000,0.034241,1.265759,cross_momentum sv=-0.020 lv=-0.020
2946192,S39_Cross_Window_Momentum_Continuation,NO,1784293881.18113,0.740000,5,1784294099.993776,1.000000,0.034241,1.265759,cross_momentum sv=-0.030 lv=-0.050
2946204,S39_Cross_Window_Momentum_Continuation,YES,1784294145.361542,0.710000,5,1784294399.959374,1.000000,0.037625,1.412375,cross_momentum sv=0.020 lv=0.030
2946219,S39_Cross_Window_Momentum_Continuation,YES,1784294438.221468,0.720000,5,1784294700.000378,0.000000,0.036578,-3.636578,cross_momentum sv=0.010 lv=0.020
2946223,S39_Cross_Window_Momentum_Continuation,YES,1784294752.744867,0.710000,5,1784295000.005894,0.000000,0.037625,-3.587625,cross_momentum sv=0.030 lv=0.030
2946230,S39_Cross_Window_Momentum_Continuation,YES,1784295003.912128,0.720000,5,1784295299.982951,0.000000,0.036578,-3.636578,cross_momentum sv=0.030 lv=0.070
2946285,S39_Cross_Window_Momentum_Continuation,NO,1784295361.83639,0.580000,5,1784295599.907902,1.000000,0.043022,2.056978,cross_momentum sv=-0.010 lv=-0.020
2946378,S39_Cross_Window_Momentum_Continuation,YES,1784295608.564032,0.680000,5,1784295899.964635,0.000000,0.040247,-3.440247,cross_momentum sv=0.010 lv=0.020
2946425,S39_Cross_Window_Momentum_Continuation,NO,1784295916.235099,0.530000,5,1784296199.956958,0.000000,0.041109,-2.691109,cross_momentum sv=-0.010 lv=-0.020
2946460,S39_Cross_Window_Momentum_Continuation,YES,1784296231.465171,0.610000,5,1784296499.95677,1.000000,0.043155,1.906845,cross_momentum sv=0.020 lv=0.030
2946483,S39_Cross_Window_Momentum_Continuation,NO,1784296510.994611,0.590000,5,1784296799.974381,0.000000,0.043155,-2.993155,cross_momentum sv=-0.030 lv=-0.020
2946540,S39_Cross_Window_Momentum_Continuation,YES,1784296806.197092,0.520000,5,1784297099.937954,1.000000,0.040495,2.359505,cross_momentum sv=0.040 lv=0.030
2946548,S39_Cross_Window_Momentum_Continuation,YES,1784297101.916727,0.530000,5,1784297399.997412,1.000000,0.041109,2.308891,cross_momentum sv=0.040 lv=0.050
2946666,S39_Cross_Window_Momentum_Continuation,YES,1784297414.749403,0.600000,5,1784297699.95034,1.000000,0.043200,1.956800,cross_momentum sv=0.020 lv=0.020
2946686,S39_Cross_Window_Momentum_Continuation,NO,1784297720.822396,0.690000,5,1784297999.896367,1.000000,0.039462,1.510538,cross_momentum sv=-0.010 lv=-0.020
2946696,S39_Cross_Window_Momentum_Continuation,YES,1784298014.610051,0.590000,5,1784298299.9921,0.000000,0.043155,-2.993155,cross_momentum sv=0.010 lv=0.020
2946722,S39_Cross_Window_Momentum_Continuation,YES,1784298308.513776,0.650000,5,1784298599.990555,0.000000,0.042052,-3.292052,cross_momentum sv=0.010 lv=0.020
2946736,S39_Cross_Window_Momentum_Continuation,NO,1784298636.413227,0.650000,5,1784298899.919252,1.000000,0.042052,1.707948,cross_momentum sv=-0.020 lv=-0.020
2946781,S39_Cross_Window_Momentum_Continuation,YES,1784298936.510702,0.620000,5,1784299199.93875,1.000000,0.043018,1.856982,cross_momentum sv=0.020 lv=0.050
2946787,S39_Cross_Window_Momentum_Continuation,NO,1784299217.244888,0.630000,5,1784299499.884654,1.000000,0.042789,1.807211,cross_momentum sv=-0.010 lv=-0.020
2946808,S39_Cross_Window_Momentum_Continuation,NO,1784299514.326676,0.570000,5,1784299799.987721,1.000000,0.042803,2.107197,cross_momentum sv=-0.020 lv=-0.030
2946815,S39_Cross_Window_Momentum_Continuation,YES,1784299825.706173,0.670000,5,1784300099.925787,0.000000,0.040941,-3.390941,cross_momentum sv=0.030 lv=0.030
2946899,S39_Cross_Window_Momentum_Continuation,YES,1784300114.533492,0.620000,5,1784300399.940893,1.000000,0.043018,1.856982,cross_momentum sv=0.020 lv=0.040
2946909,S39_Cross_Window_Momentum_Continuation,NO,1784300413.213373,0.640000,5,1784300699.917229,1.000000,0.042467,1.757533,cross_momentum sv=-0.020 lv=-0.030
2946919,S39_Cross_Window_Momentum_Continuation,NO,1784300711.31287,0.590000,5,1784300999.941622,1.000000,0.043155,2.006845,cross_momentum sv=-0.010 lv=-0.020
2946934,S39_Cross_Window_Momentum_Continuation,YES,1784301007.50101,0.620000,5,1784301300.008617,0.000000,0.043018,-3.143018,cross_momentum sv=0.010 lv=0.020
2946950,S39_Cross_Window_Momentum_Continuation,YES,1784301334.002133,0.630000,5,1784301599.900326,1.000000,0.042789,1.807211,cross_momentum sv=0.010 lv=0.020
2946954,S39_Cross_Window_Momentum_Continuation,NO,1784301633.488867,0.620000,5,1784301899.989146,0.000000,0.043018,-3.143018,cross_momentum sv=-0.020 lv=-0.020
2946966,S39_Cross_Window_Momentum_Continuation,YES,1784301930.547329,0.600000,5,1784302199.949345,1.000000,0.043200,1.956800,cross_momentum sv=0.010 lv=0.020
2946970,S39_Cross_Window_Momentum_Continuation,YES,1784302233.909897,0.650000,5,1784302499.946107,0.000000,0.042052,-3.292052,cross_momentum sv=0.040 lv=0.040
2947037,S39_Cross_Window_Momentum_Continuation,YES,1784302557.343308,0.620000,5,1784302799.95453,1.000000,0.043018,1.856982,cross_momentum sv=0.020 lv=0.020
2947050,S39_Cross_Window_Momentum_Continuation,NO,1784302834.392277,0.610000,5,1784303099.896403,1.000000,0.043155,1.906845,cross_momentum sv=-0.020 lv=-0.020
2947062,S39_Cross_Window_Momentum_Continuation,NO,1784303143.166407,0.660000,5,1784303399.955736,1.000000,0.041543,1.658457,cross_momentum sv=-0.040 lv=-0.040
2947068,S39_Cross_Window_Momentum_Continuation,YES,1784303406.038717,0.680000,5,1784303700.005332,1.000000,0.040247,1.559753,cross_momentum sv=0.020 lv=0.040
2947286,S39_Cross_Window_Momentum_Continuation,YES,1784303716.824488,0.630000,5,1784303999.938549,1.000000,0.042789,1.807211,cross_momentum sv=0.020 lv=0.020
2947322,S39_Cross_Window_Momentum_Continuation,NO,1784304052.792058,0.660000,5,1784304299.938373,1.000000,0.041543,1.658457,cross_momentum sv=-0.030 lv=-0.030
2947449,S39_Cross_Window_Momentum_Continuation,NO,1784304461.609346,0.690000,5,1784304599.925339,0.000000,0.039462,-3.489462,cross_momentum sv=-0.020 lv=-0.020
2947461,S39_Cross_Window_Momentum_Continuation,YES,1784304602.252469,0.650000,5,1784304899.99983,1.000000,0.042052,1.707948,cross_momentum sv=0.030 lv=0.060
2947474,S39_Cross_Window_Momentum_Continuation,NO,1784304919.952131,0.700000,5,1784305199.979818,0.000000,0.038588,-3.538588,cross_momentum sv=-0.020 lv=-0.020
2947492,S39_Cross_Window_Momentum_Continuation,NO,1784305215.856854,0.620000,5,1784305499.91871,1.000000,0.043018,1.856982,cross_momentum sv=-0.030 lv=-0.030
2947501,S39_Cross_Window_Momentum_Continuation,YES,1784305523.234848,0.680000,5,1784305799.905762,1.000000,0.040247,1.559753,cross_momentum sv=0.030 lv=0.070
2947534,S39_Cross_Window_Momentum_Continuation,NO,1784305855.259988,0.670000,5,1784306099.92063,1.000000,0.040941,1.609059,cross_momentum sv=-0.040 lv=-0.040
2947752,S39_Cross_Window_Momentum_Continuation,YES,1784306131.092483,0.680000,5,1784306399.989573,1.000000,0.040247,1.559753,cross_momentum sv=0.010 lv=0.020
2947759,S39_Cross_Window_Momentum_Continuation,NO,1784306463.547101,0.750000,5,1784306699.903864,0.000000,0.032959,-3.782959,cross_momentum sv=-0.020 lv=-0.020
2947774,S39_Cross_Window_Momentum_Continuation,YES,1784306711.404498,0.620000,5,1784306999.917706,1.000000,0.043018,1.856982,cross_momentum sv=0.010 lv=0.020
2947777,S39_Cross_Window_Momentum_Continuation,YES,1784307018.594674,0.620000,5,1784307299.891075,1.000000,0.043018,1.856982,cross_momentum sv=0.010 lv=0.020
2948438,S39_Cross_Window_Momentum_Continuation,NO,1784307366.34874,0.750000,5,1784307599.897769,1.000000,0.032959,1.217041,cross_momentum sv=-0.030 lv=-0.020
2948460,S39_Cross_Window_Momentum_Continuation,YES,1784307627.538791,0.650000,5,1784307899.915858,1.000000,0.042052,1.707948,cross_momentum sv=0.040 lv=0.040
2948481,S39_Cross_Window_Momentum_Continuation,YES,1784307992.286535,0.680000,5,1784308199.896288,1.000000,0.040247,1.559753,cross_momentum sv=0.010 lv=0.020
2948579,S39_Cross_Window_Momentum_Continuation,NO,1784308232.989047,0.620000,5,1784308499.959633,1.000000,0.043018,1.856982,cross_momentum sv=-0.010 lv=-0.020
2948585,S39_Cross_Window_Momentum_Continuation,NO,1784308515.712704,0.610000,5,1784308799.948706,1.000000,0.043155,1.906845,cross_momentum sv=-0.020 lv=-0.040
2948603,S39_Cross_Window_Momentum_Continuation,YES,1784308851.824721,0.660000,5,1784309099.911053,1.000000,0.041543,1.658457,cross_momentum sv=0.020 lv=0.020
2948701,S39_Cross_Window_Momentum_Continuation,YES,1784309108.957861,0.590000,5,1784309399.976044,1.000000,0.043155,2.006845,cross_momentum sv=0.030 lv=0.040
2948708,S39_Cross_Window_Momentum_Continuation,YES,1784309450.746178,0.620000,5,1784309699.960514,1.000000,0.043018,1.856982,cross_momentum sv=0.020 lv=0.030
2948758,S39_Cross_Window_Momentum_Continuation,NO,1784309729.664436,0.720000,5,1784309999.979668,1.000000,0.036578,1.363422,cross_momentum sv=-0.010 lv=-0.020
2948769,S39_Cross_Window_Momentum_Continuation,NO,1784310034.019324,0.650000,5,1784310299.998746,1.000000,0.042052,1.707948,cross_momentum sv=-0.010 lv=-0.020
2948776,S39_Cross_Window_Momentum_Continuation,YES,1784310339.029996,0.710000,5,1784310599.949535,1.000000,0.037625,1.412375,cross_momentum sv=0.010 lv=0.020
2948794,S39_Cross_Window_Momentum_Continuation,NO,1784310652.721342,0.690000,5,1784310899.919773,1.000000,0.039462,1.510538,cross_momentum sv=-0.020 lv=-0.020
2949255,S39_Cross_Window_Momentum_Continuation,NO,1784310912.50509,0.620000,5,1784311199.978639,0.000000,0.043018,-3.143018,cross_momentum sv=-0.070 lv=-0.070
2949590,S39_Cross_Window_Momentum_Continuation,YES,1784311204.938348,0.600000,5,1784311499.906776,0.000000,0.043200,-3.043200,cross_momentum sv=0.040 lv=0.090
2949667,S39_Cross_Window_Momentum_Continuation,YES,1784311523.229015,0.640000,5,1784311800.004756,1.000000,0.042467,1.757533,cross_momentum sv=0.030 lv=0.050
2950115,S39_Cross_Window_Momentum_Continuation,YES,1784311807.313282,0.670000,5,1784312099.949469,1.000000,0.040941,1.609059,cross_momentum sv=0.010 lv=0.020
2950518,S39_Cross_Window_Momentum_Continuation,NO,1784312113.297728,0.650000,5,1784312399.938201,1.000000,0.042052,1.707948,cross_momentum sv=-0.020 lv=-0.020
2950526,S39_Cross_Window_Momentum_Continuation,NO,1784312426.026722,0.640000,5,1784312699.912481,1.000000,0.042467,1.757533,cross_momentum sv=-0.050 lv=-0.050
2950536,S39_Cross_Window_Momentum_Continuation,YES,1784312712.885731,0.670000,5,1784312999.940386,1.000000,0.040941,1.609059,cross_momentum sv=0.010 lv=0.020
2950542,S39_Cross_Window_Momentum_Continuation,YES,1784313018.760284,0.670000,5,1784313299.935639,1.000000,0.040941,1.609059,cross_momentum sv=0.030 lv=0.030
2950598,S39_Cross_Window_Momentum_Continuation,YES,1784313424.613557,0.720000,5,1784313599.914095,1.000000,0.036578,1.363422,cross_momentum sv=0.010 lv=0.020
2950622,S39_Cross_Window_Momentum_Continuation,YES,1784313716.098231,0.750000,5,1784313899.990574,1.000000,0.032959,1.217041,cross_momentum sv=0.020 lv=0.020
2950641,S39_Cross_Window_Momentum_Continuation,YES,1784313917.060094,0.640000,5,1784314199.953349,1.000000,0.042467,1.757533,cross_momentum sv=0.020 lv=0.030
2950647,S39_Cross_Window_Momentum_Continuation,NO,1784314207.501356,0.650000,5,1784314499.889078,0.000000,0.042052,-3.292052,cross_momentum sv=-0.020 lv=-0.030
2950785,S39_Cross_Window_Momentum_Continuation,NO,1784314527.799751,0.710000,5,1784314799.910807,1.000000,0.037625,1.412375,cross_momentum sv=-0.030 lv=-0.030
2950839,S39_Cross_Window_Momentum_Continuation,NO,1784314839.41242,0.640000,5,1784315099.854487,1.000000,0.042467,1.757533,cross_momentum sv=-0.040 lv=-0.050
2950849,S39_Cross_Window_Momentum_Continuation,NO,1784315142.361756,0.730000,5,1784315399.910932,1.000000,0.035449,1.314551,cross_momentum sv=-0.040 lv=-0.040
2950860,S39_Cross_Window_Momentum_Continuation,NO,1784315477.061295,0.590000,5,1784315699.97866,1.000000,0.043155,2.006845,cross_momentum sv=-0.020 lv=-0.030
2950871,S39_Cross_Window_Momentum_Continuation,NO,1784315871.250043,0.720000,5,1784315999.909768,1.000000,0.036578,1.363422,cross_momentum sv=-0.110 lv=-0.110
2950882,S39_Cross_Window_Momentum_Continuation,NO,1784316008.487823,0.650000,5,1784316299.950911,1.000000,0.042052,1.707948,cross_momentum sv=-0.010 lv=-0.020
2950891,S39_Cross_Window_Momentum_Continuation,NO,1784316321.293212,0.720000,5,1784316599.917999,0.000000,0.036578,-3.636578,cross_momentum sv=-0.030 lv=-0.030
2950911,S39_Cross_Window_Momentum_Continuation,YES,1784316608.493502,0.660000,5,1784316899.899782,1.000000,0.041543,1.658457,cross_momentum sv=0.090 lv=0.030
2950956,S39_Cross_Window_Momentum_Continuation,YES,1784317045.597776,0.740000,5,1784317199.93693,1.000000,0.034241,1.265759,cross_momentum sv=0.010 lv=0.020
2950982,S39_Cross_Window_Momentum_Continuation,YES,1784317289.414291,0.750000,5,1784317499.91522,1.000000,0.032959,1.217041,cross_momentum sv=0.040 lv=0.020
2950998,S39_Cross_Window_Momentum_Continuation,YES,1784317536.80796,0.700000,5,1784317800.001978,0.000000,0.038588,-3.538588,cross_momentum sv=0.040 lv=0.030
2951004,S39_Cross_Window_Momentum_Continuation,YES,1784317813.750578,0.710000,5,1784318099.910139,1.000000,0.037625,1.412375,cross_momentum sv=0.040 lv=0.040
2951019,S39_Cross_Window_Momentum_Continuation,NO,1784318150.517578,0.710000,5,1784318399.983769,1.000000,0.037625,1.412375,cross_momentum sv=-0.020 lv=-0.020
2951066,S39_Cross_Window_Momentum_Continuation,NO,1784318791.619098,0.740000,5,1784318999.915287,1.000000,0.034241,1.265759,cross_momentum sv=-0.020 lv=-0.020
2951087,S39_Cross_Window_Momentum_Continuation,NO,1784319395.181782,0.610000,5,1784319599.895442,0.000000,0.043155,-3.093155,cross_momentum sv=-0.020 lv=-0.020
2951103,S39_Cross_Window_Momentum_Continuation,YES,1784319628.440392,0.730000,5,1784319899.984519,1.000000,0.035449,1.314551,cross_momentum sv=0.020 lv=0.020
2951166,S39_Cross_Window_Momentum_Continuation,YES,1784320153.746421,0.500000,5,1784320199.932774,0.000000,0.039062,-2.539062,cross_momentum sv=0.030 lv=0.050
2951175,S39_Cross_Window_Momentum_Continuation,NO,1784320301.366583,0.730000,5,1784320499.94208,1.000000,0.035449,1.314551,cross_momentum sv=-0.030 lv=-0.020
2951361,S39_Cross_Window_Momentum_Continuation,NO,1784320543.124005,0.660000,5,1784320799.943144,1.000000,0.041543,1.658457,cross_momentum sv=-0.020 lv=-0.040
2951362,S39_Cross_Window_Momentum_Continuation,NO,1784320826.783766,0.740000,5,1784321099.904341,0.000000,0.034241,-3.734241,cross_momentum sv=-0.020 lv=-0.020
2951382,S39_Cross_Window_Momentum_Continuation,YES,1784321143.488422,0.700000,5,1784321399.920091,0.000000,0.038588,-3.538588,cross_momentum sv=0.060 lv=0.060
2951400,S39_Cross_Window_Momentum_Continuation,YES,1784321749.256709,0.740000,5,1784321999.95733,0.000000,0.034241,-3.734241,cross_momentum sv=0.010 lv=0.020
2951441,S39_Cross_Window_Momentum_Continuation,YES,1784322037.94527,0.630000,5,1784322299.902811,1.000000,0.042789,1.807211,cross_momentum sv=0.030 lv=0.040
2951451,S39_Cross_Window_Momentum_Continuation,NO,1784322361.039359,0.710000,5,1784322599.962096,1.000000,0.037625,1.412375,cross_momentum sv=-0.120 lv=-0.120
2951492,S39_Cross_Window_Momentum_Continuation,NO,1784323282.524802,0.730000,5,1784323499.978867,0.000000,0.035449,-3.685449,cross_momentum sv=-0.020 lv=-0.020
2951500,S39_Cross_Window_Momentum_Continuation,NO,1784323503.563114,0.630000,5,1784323799.947006,1.000000,0.042789,1.807211,cross_momentum sv=-0.040 lv=-0.040
2951520,S39_Cross_Window_Momentum_Continuation,NO,1784323914.614488,0.590000,5,1784324099.914693,1.000000,0.043155,2.006845,cross_momentum sv=-0.010 lv=-0.020
2951645,S39_Cross_Window_Momentum_Continuation,NO,1784324600.915263,0.740000,5,1784324699.943602,0.000000,0.034241,-3.734241,cross_momentum sv=-0.080 lv=-0.080
2951651,S39_Cross_Window_Momentum_Continuation,NO,1784324809.357483,0.730000,5,1784324999.892044,0.000000,0.035449,-3.685449,cross_momentum sv=-0.020 lv=-0.020
2951666,S39_Cross_Window_Momentum_Continuation,NO,1784325042.659006,0.720000,5,1784325299.981036,1.000000,0.036578,1.363422,cross_momentum sv=-0.010 lv=-0.020
2951861,S39_Cross_Window_Momentum_Continuation,NO,1784325553.013081,0.700000,5,1784325599.898577,0.000000,0.038588,-3.538588,cross_momentum sv=-0.190 lv=-0.190
2951909,S39_Cross_Window_Momentum_Continuation,YES,1784325631.901892,0.710000,5,1784325900.002997,0.000000,0.037625,-3.587625,cross_momentum sv=0.020 lv=0.020
2951977,S39_Cross_Window_Momentum_Continuation,YES,1784326308.897705,0.510000,5,1784326499.955266,1.000000,0.039812,2.410188,cross_momentum sv=0.030 lv=0.040
2952003,S39_Cross_Window_Momentum_Continuation,NO,1784326926.054798,0.730000,5,1784327099.886976,0.000000,0.035449,-3.685449,cross_momentum sv=-0.080 lv=-0.080
2952033,S39_Cross_Window_Momentum_Continuation,NO,1784327553.608848,0.730000,5,1784327699.915357,1.000000,0.035449,1.314551,cross_momentum sv=-0.070 lv=-0.140
2952110,S39_Cross_Window_Momentum_Continuation,YES,1784328115.588163,0.750000,5,1784328299.9784,1.000000,0.032959,1.217041,cross_momentum sv=0.060 lv=0.030
2953332,S39_Cross_Window_Momentum_Continuation,NO,1784329544.41773,0.750000,5,1784329799.955722,1.000000,0.032959,1.217041,cross_momentum sv=-0.030 lv=-0.030
2953348,S39_Cross_Window_Momentum_Continuation,NO,1784329928.386108,0.750000,5,1784330099.899243,1.000000,0.032959,1.217041,cross_momentum sv=-0.050 lv=-0.110
2953497,S39_Cross_Window_Momentum_Continuation,NO,1784331589.859134,0.750000,5,1784331599.943048,1.000000,0.032959,1.217041,cross_momentum sv=-0.090 lv=-0.160
2953542,S39_Cross_Window_Momentum_Continuation,NO,1784331781.009162,0.660000,5,1784331899.99364,1.000000,0.041543,1.658457,cross_momentum sv=-0.020 lv=-0.020
2953557,S39_Cross_Window_Momentum_Continuation,NO,1784331905.210567,0.600000,5,1784332199.964566,1.000000,0.043200,1.956800,cross_momentum sv=-0.020 lv=-0.020
2953598,S39_Cross_Window_Momentum_Continuation,YES,1784332573.731467,0.500000,5,1784332799.946831,0.000000,0.039062,-2.539062,cross_momentum sv=0.030 lv=0.040
2953679,S39_Cross_Window_Momentum_Continuation,YES,1784332963.025523,0.540000,5,1784333099.944628,0.000000,0.041649,-2.741649,cross_momentum sv=0.050 lv=0.050
2953702,S39_Cross_Window_Momentum_Continuation,NO,1784333222.268433,0.640000,5,1784333399.972618,1.000000,0.042467,1.757533,cross_momentum sv=-0.030 lv=-0.040
2953796,S39_Cross_Window_Momentum_Continuation,NO,1784334092.42052,0.730000,5,1784334299.9028,1.000000,0.035449,1.314551,cross_momentum sv=-0.090 lv=-0.090
2954123,S39_Cross_Window_Momentum_Continuation,NO,1784335922.41596,0.570000,5,1784336099.918987,1.000000,0.042803,2.107197,cross_momentum sv=-0.010 lv=-0.020
2954332,S39_Cross_Window_Momentum_Continuation,NO,1784336634.480314,0.350000,5,1784336700.001192,0.000000,0.022643,-1.772643,cross_momentum sv=-0.020 lv=-0.030
2954549,S39_Cross_Window_Momentum_Continuation,NO,1784339975.435587,0.650000,5,1784339999.93543,1.000000,0.042052,1.707948,cross_momentum sv=-0.020 lv=-0.020
2954584,S39_Cross_Window_Momentum_Continuation,NO,1784340345.128925,0.730000,5,1784340599.956548,0.000000,0.035449,-3.685449,cross_momentum sv=-0.040 lv=-0.030
2954596,S39_Cross_Window_Momentum_Continuation,NO,1784340616.355945,0.600000,5,1784340899.948111,0.000000,0.043200,-3.043200,cross_momentum sv=-0.050 lv=-0.020
2954610,S39_Cross_Window_Momentum_Continuation,YES,1784341126.876602,0.730000,5,1784341199.916027,1.000000,0.035449,1.314551,cross_momentum sv=0.020 lv=0.020
2954747,S39_Cross_Window_Momentum_Continuation,NO,1784342256.101661,0.750000,5,1784342399.947573,0.000000,0.032959,-3.782959,cross_momentum sv=-0.030 lv=-0.050
2954803,S39_Cross_Window_Momentum_Continuation,NO,1784342411.716548,0.730000,5,1784342699.965244,1.000000,0.035449,1.314551,cross_momentum sv=-0.060 lv=-0.050
2955158,S39_Cross_Window_Momentum_Continuation,NO,1784344315.476514,0.630000,5,1784344499.92142,1.000000,0.042789,1.807211,cross_momentum sv=-0.010 lv=-0.020
2955868,S39_Cross_Window_Momentum_Continuation,NO,1784348356.436563,0.300000,5,1784348399.911223,0.000000,0.016537,-1.516538,cross_momentum sv=-0.040 lv=-0.030
2955884,S39_Cross_Window_Momentum_Continuation,NO,1784348415.839479,0.710000,5,1784348699.976982,1.000000,0.037625,1.412375,cross_momentum sv=-0.080 lv=-0.080
2956046,S39_Cross_Window_Momentum_Continuation,YES,1784350486.823459,0.340000,5,1784350499.992213,1.000000,0.021401,3.278599,cross_momentum sv=0.020 lv=0.050
2956682,S39_Cross_Window_Momentum_Continuation,NO,1784350931.881691,0.640000,5,1784351099.922469,1.000000,0.042467,1.757533,cross_momentum sv=-0.020 lv=-0.020
2956794,S39_Cross_Window_Momentum_Continuation,NO,1784353167.517303,0.410000,5,1784353199.936212,1.000000,0.029989,2.920011,cross_momentum sv=-0.040 lv=-0.100
2956852,S39_Cross_Window_Momentum_Continuation,YES,1784353624.544902,0.610000,5,1784353799.912675,0.000000,0.043155,-3.093155,cross_momentum sv=0.010 lv=0.020
2956866,S39_Cross_Window_Momentum_Continuation,NO,1784353960.474278,0.730000,5,1784354099.892159,1.000000,0.035449,1.314551,cross_momentum sv=-0.050 lv=-0.120
2957123,S39_Cross_Window_Momentum_Continuation,YES,1784358245.015704,0.740000,5,1784358299.898627,0.000000,0.034241,-3.734241,cross_momentum sv=0.020 lv=0.030
2957367,S39_Cross_Window_Momentum_Continuation,NO,1784361676.082663,0.750000,5,1784361899.905244,1.000000,0.032959,1.217041,cross_momentum sv=-0.030 lv=-0.040
2957502,S39_Cross_Window_Momentum_Continuation,NO,1784363800.157027,0.710000,5,1784363999.882422,1.000000,0.037625,1.412375,cross_momentum sv=-0.030 lv=-0.030
2958905,S39_Cross_Window_Momentum_Continuation,YES,1784376320.686221,0.730000,5,1784376599.956431,1.000000,0.035449,1.314551,cross_momentum sv=0.030 lv=0.030
2958982,S39_Cross_Window_Momentum_Continuation,NO,1784378021.133157,0.730000,5,1784378100.005133,0.000000,0.035449,-3.685449,cross_momentum sv=-0.170 lv=-0.190
2959036,S39_Cross_Window_Momentum_Continuation,NO,1784378460.947537,0.740000,5,1784378699.890738,1.000000,0.034241,1.265759,cross_momentum sv=-0.050 lv=-0.060
2959116,S39_Cross_Window_Momentum_Continuation,NO,1784379615.896652,0.660000,5,1784379899.937361,1.000000,0.041543,1.658457,cross_momentum sv=-0.010 lv=-0.020
2959141,S39_Cross_Window_Momentum_Continuation,NO,1784380218.942219,0.740000,5,1784380499.937629,1.000000,0.034241,1.265759,cross_momentum sv=-0.030 lv=-0.050
2959146,S39_Cross_Window_Momentum_Continuation,YES,1784380641.042609,0.740000,5,1784380799.97777,0.000000,0.034241,-3.734241,cross_momentum sv=0.020 lv=0.020
2959165,S39_Cross_Window_Momentum_Continuation,NO,1784380943.310812,0.730000,5,1784381099.954039,1.000000,0.035449,1.314551,cross_momentum sv=-0.080 lv=-0.150
2959239,S39_Cross_Window_Momentum_Continuation,NO,1784381790.669384,0.730000,5,1784381999.985218,1.000000,0.035449,1.314551,cross_momentum sv=-0.030 lv=-0.030
2959317,S39_Cross_Window_Momentum_Continuation,YES,1784383249.140044,0.730000,5,1784383499.912373,1.000000,0.035449,1.314551,cross_momentum sv=0.020 lv=0.020
2959881,S39_Cross_Window_Momentum_Continuation,YES,1784387881.327995,0.590000,5,1784387999.897548,0.000000,0.043155,-2.993155,cross_momentum sv=0.050 lv=0.090
2960059,S39_Cross_Window_Momentum_Continuation,YES,1784389897.989835,0.750000,5,1784390099.96427,0.000000,0.032959,-3.782959,cross_momentum sv=0.020 lv=0.030
2960269,S39_Cross_Window_Momentum_Continuation,NO,1784390556.682828,0.720000,5,1784390699.896356,1.000000,0.036578,1.363422,cross_momentum sv=-0.030 lv=-0.030
2960326,S39_Cross_Window_Momentum_Continuation,NO,1784391632.189604,0.330000,5,1784391899.95733,1.000000,0.020165,3.329835,cross_momentum sv=-0.060 lv=-0.070
2960367,S39_Cross_Window_Momentum_Continuation,YES,1784392419.827446,0.590000,5,1784392499.884057,1.000000,0.043155,2.006845,cross_momentum sv=0.040 lv=0.050
2960475,S39_Cross_Window_Momentum_Continuation,NO,1784393550.547061,0.750000,5,1784393699.978383,0.000000,0.032959,-3.782959,cross_momentum sv=-0.210 lv=-0.210
2960864,S39_Cross_Window_Momentum_Continuation,NO,1784394216.703813,0.570000,5,1784394299.895796,0.000000,0.042803,-2.892803,cross_momentum sv=-0.040 lv=-0.040
2960981,S39_Cross_Window_Momentum_Continuation,YES,1784394782.996271,0.750000,5,1784394899.938481,1.000000,0.032959,1.217041,cross_momentum sv=0.050 lv=0.060
2960991,S39_Cross_Window_Momentum_Continuation,YES,1784394976.654386,0.710000,5,1784395199.920579,1.000000,0.037625,1.412375,cross_momentum sv=0.060 lv=0.040
2961007,S39_Cross_Window_Momentum_Continuation,NO,1784395252.984617,0.720000,5,1784395499.942915,1.000000,0.036578,1.363422,cross_momentum sv=-0.060 lv=-0.040
2961155,S39_Cross_Window_Momentum_Continuation,YES,1784396040.796673,0.520000,5,1784396099.966,1.000000,0.040495,2.359505,cross_momentum sv=0.110 lv=0.030
2961250,S39_Cross_Window_Momentum_Continuation,YES,1784396415.89197,0.640000,5,1784396699.924716,1.000000,0.042467,1.757533,cross_momentum sv=0.020 lv=0.020
2961273,S39_Cross_Window_Momentum_Continuation,YES,1784396764.701919,0.750000,5,1784396999.893161,1.000000,0.032959,1.217041,cross_momentum sv=0.120 lv=0.110
2961282,S39_Cross_Window_Momentum_Continuation,NO,1784397065.5616,0.740000,5,1784397299.897735,0.000000,0.034241,-3.734241,cross_momentum sv=-0.030 lv=-0.050
2961607,S39_Cross_Window_Momentum_Continuation,YES,1784398849.894444,0.740000,5,1784399099.885916,1.000000,0.034241,1.265759,cross_momentum sv=0.030 lv=0.020
2961997,S39_Cross_Window_Momentum_Continuation,YES,1784399107.317559,0.580000,5,1784399399.947704,0.000000,0.043022,-2.943022,cross_momentum sv=0.100 lv=0.030
2962151,S39_Cross_Window_Momentum_Continuation,NO,1784399427.882495,0.710000,5,1784399699.958723,1.000000,0.037625,1.412375,cross_momentum sv=-0.010 lv=-0.020
2962211,S39_Cross_Window_Momentum_Continuation,YES,1784399804.686052,0.740000,5,1784399999.932951,0.000000,0.034241,-3.734241,cross_momentum sv=0.040 lv=0.020
2962822,S39_Cross_Window_Momentum_Continuation,YES,1784400373.245576,0.750000,5,1784400599.980533,1.000000,0.032959,1.217041,cross_momentum sv=0.010 lv=0.020
2963033,S39_Cross_Window_Momentum_Continuation,YES,1784401134.752256,0.750000,5,1784401199.886583,1.000000,0.032959,1.217041,cross_momentum sv=0.010 lv=0.020
2963064,S39_Cross_Window_Momentum_Continuation,YES,1784401583.529409,0.750000,5,1784401799.92126,1.000000,0.032959,1.217041,cross_momentum sv=0.090 lv=0.090
2963089,S39_Cross_Window_Momentum_Continuation,YES,1784402132.34569,0.720000,5,1784402399.958043,1.000000,0.036578,1.363422,cross_momentum sv=0.010 lv=0.020
2963175,S39_Cross_Window_Momentum_Continuation,YES,1784403339.997443,0.710000,5,1784403599.921217,1.000000,0.037625,1.412375,cross_momentum sv=0.040 lv=0.040
2963268,S39_Cross_Window_Momentum_Continuation,NO,1784404220.971938,0.740000,5,1784404499.903418,0.000000,0.034241,-3.734241,cross_momentum sv=-0.020 lv=-0.030
2963323,S39_Cross_Window_Momentum_Continuation,NO,1784404875.105682,0.680000,5,1784405099.915635,0.000000,0.040247,-3.440247,cross_momentum sv=-0.060 lv=-0.060
2963343,S39_Cross_Window_Momentum_Continuation,NO,1784405172.870708,0.740000,5,1784405399.897907,0.000000,0.034241,-3.734241,cross_momentum sv=-0.020 lv=-0.050
2963378,S39_Cross_Window_Momentum_Continuation,YES,1784406014.82424,0.400000,5,1784406299.883316,1.000000,0.028800,2.971200,cross_momentum sv=0.020 lv=0.020
2963417,S39_Cross_Window_Momentum_Continuation,NO,1784406419.622395,0.750000,5,1784406599.926362,1.000000,0.032959,1.217041,cross_momentum sv=-0.040 lv=-0.020
2963422,S39_Cross_Window_Momentum_Continuation,NO,1784406636.619507,0.560000,5,1784406899.995127,1.000000,0.042499,2.157501,cross_momentum sv=-0.030 lv=-0.030
2963474,S39_Cross_Window_Momentum_Continuation,NO,1784406974.440451,0.740000,5,1784407199.909603,1.000000,0.034241,1.265759,cross_momentum sv=-0.040 lv=-0.040
2963525,S39_Cross_Window_Momentum_Continuation,NO,1784407733.62429,0.740000,5,1784407799.992125,1.000000,0.034241,1.265759,cross_momentum sv=-0.050 lv=-0.120
2963557,S39_Cross_Window_Momentum_Continuation,YES,1784408181.160463,0.680000,5,1784408399.99305,1.000000,0.040247,1.559753,cross_momentum sv=0.020 lv=0.020
2963677,S39_Cross_Window_Momentum_Continuation,YES,1784409309.551405,0.610000,5,1784409599.95861,1.000000,0.043155,1.906845,cross_momentum sv=0.010 lv=0.020
2963688,S39_Cross_Window_Momentum_Continuation,YES,1784409641.699319,0.720000,5,1784409899.940613,0.000000,0.036578,-3.636578,cross_momentum sv=0.030 lv=0.060
2963888,S39_Cross_Window_Momentum_Continuation,NO,1784410626.347219,0.750000,5,1784410799.990677,1.000000,0.032959,1.217041,cross_momentum sv=-0.050 lv=-0.050
2963929,S39_Cross_Window_Momentum_Continuation,NO,1784411139.287393,0.730000,5,1784411399.972144,0.000000,0.035449,-3.685449,cross_momentum sv=-0.020 lv=-0.020
2963989,S39_Cross_Window_Momentum_Continuation,YES,1784411453.781739,0.700000,5,1784411699.96363,1.000000,0.038588,1.461413,cross_momentum sv=0.020 lv=0.040
2964737,S39_Cross_Window_Momentum_Continuation,NO,1784411764.759087,0.720000,5,1784411999.929916,1.000000,0.036578,1.363422,cross_momentum sv=-0.060 lv=-0.060
2965065,S39_Cross_Window_Momentum_Continuation,NO,1784413881.783269,0.690000,5,1784414100.002018,0.000000,0.039462,-3.489462,cross_momentum sv=-0.160 lv=-0.160
2965128,S39_Cross_Window_Momentum_Continuation,NO,1784414208.130538,0.740000,5,1784414399.940862,1.000000,0.034241,1.265759,cross_momentum sv=-0.100 lv=-0.100
2965351,S39_Cross_Window_Momentum_Continuation,NO,1784414980.791407,0.550000,5,1784414999.982718,1.000000,0.042114,2.207886,cross_momentum sv=-0.220 lv=-0.430
2965356,S39_Cross_Window_Momentum_Continuation,YES,1784415280.954494,0.740000,5,1784415299.994711,0.000000,0.034241,-3.734241,cross_momentum sv=0.055 lv=0.060
2966363,S39_Cross_Window_Momentum_Continuation,NO,1784415880.428037,0.730000,5,1784415899.950599,1.000000,0.035449,1.314551,cross_momentum sv=-0.120 lv=-0.240
2966451,S39_Cross_Window_Momentum_Continuation,NO,1784416384.55288,0.750000,5,1784416499.919354,1.000000,0.032959,1.217041,cross_momentum sv=-0.080 lv=-0.060
2966536,S39_Cross_Window_Momentum_Continuation,YES,1784416850.752733,0.750000,5,1784417099.918229,0.000000,0.032959,-3.782959,cross_momentum sv=0.020 lv=0.020
2966562,S39_Cross_Window_Momentum_Continuation,YES,1784417199.191803,0.750000,5,1784417399.923085,1.000000,0.032959,1.217041,cross_momentum sv=0.010 lv=0.020
2966724,S39_Cross_Window_Momentum_Continuation,YES,1784417915.330784,0.590000,5,1784417999.99311,1.000000,0.043155,2.006845,cross_momentum sv=0.020 lv=0.020
2966804,S39_Cross_Window_Momentum_Continuation,NO,1784418030.406275,0.750000,5,1784418299.942073,1.000000,0.032959,1.217041,cross_momentum sv=-0.020 lv=-0.030
2967037,S39_Cross_Window_Momentum_Continuation,NO,1784420607.439405,0.590000,5,1784420699.927642,1.000000,0.043155,2.006845,cross_momentum sv=-0.200 lv=-0.240
2967046,S39_Cross_Window_Momentum_Continuation,YES,1784420779.757544,0.680000,5,1784420999.944954,0.000000,0.040247,-3.440247,cross_momentum sv=0.010 lv=0.020
2967065,S39_Cross_Window_Momentum_Continuation,YES,1784421106.251794,0.750000,5,1784421299.957465,1.000000,0.032959,1.217041,cross_momentum sv=0.020 lv=0.020
2967884,S39_Cross_Window_Momentum_Continuation,NO,1784426492.880695,0.710000,5,1784426699.965159,0.000000,0.037625,-3.587625,cross_momentum sv=-0.040 lv=-0.050
2967926,S39_Cross_Window_Momentum_Continuation,YES,1784427023.377,0.680000,5,1784427299.943773,1.000000,0.040247,1.559753,cross_momentum sv=0.020 lv=0.020
2967953,S39_Cross_Window_Momentum_Continuation,YES,1784427350.021813,0.750000,5,1784427599.932236,0.000000,0.032959,-3.782959,cross_momentum sv=0.010 lv=0.020
2967969,S39_Cross_Window_Momentum_Continuation,NO,1784427614.405366,0.630000,5,1784427899.949033,0.000000,0.042789,-3.192789,cross_momentum sv=-0.010 lv=-0.020
2968042,S39_Cross_Window_Momentum_Continuation,YES,1784428570.542006,0.740000,5,1784428799.916016,0.000000,0.034241,-3.734241,cross_momentum sv=0.010 lv=0.020
2968144,S39_Cross_Window_Momentum_Continuation,NO,1784430129.930998,0.750000,5,1784430299.950235,1.000000,0.032959,1.217041,cross_momentum sv=-0.040 lv=-0.050
2968216,S39_Cross_Window_Momentum_Continuation,NO,1784431005.10419,0.740000,5,1784431199.937152,1.000000,0.034241,1.265759,cross_momentum sv=-0.050 lv=-0.050
2968229,S39_Cross_Window_Momentum_Continuation,NO,1784431281.5141,0.750000,5,1784431499.893481,1.000000,0.032959,1.217041,cross_momentum sv=-0.050 lv=-0.060
2968243,S39_Cross_Window_Momentum_Continuation,YES,1784431650.566763,0.750000,5,1784431799.960557,1.000000,0.032959,1.217041,cross_momentum sv=0.020 lv=0.030
2969057,S39_Cross_Window_Momentum_Continuation,NO,1784433990.018073,0.750000,5,1784434199.952863,1.000000,0.032959,1.217041,cross_momentum sv=-0.040 lv=-0.040
2969326,S39_Cross_Window_Momentum_Continuation,NO,1784436683.142845,0.750000,5,1784436899.962657,1.000000,0.032959,1.217041,cross_momentum sv=-0.030 lv=-0.030
2969836,S39_Cross_Window_Momentum_Continuation,NO,1784437558.997022,0.730000,5,1784437799.938824,1.000000,0.035449,1.314551,cross_momentum sv=-0.040 lv=-0.050
2970474,S39_Cross_Window_Momentum_Continuation,NO,1784447813.964605,0.720000,5,1784447999.984743,0.000000,0.036578,-3.636578,cross_momentum sv=-0.020 lv=-0.020
2970480,S39_Cross_Window_Momentum_Continuation,NO,1784448068.912426,0.750000,5,1784448299.939308,1.000000,0.032959,1.217041,cross_momentum sv=-0.020 lv=-0.020
2970507,S39_Cross_Window_Momentum_Continuation,NO,1784448546.989032,0.750000,5,1784448599.997366,1.000000,0.032959,1.217041,cross_momentum sv=-0.080 lv=-0.040
2970517,S39_Cross_Window_Momentum_Continuation,YES,1784448798.350482,0.570000,5,1784448899.896946,1.000000,0.042803,2.107197,cross_momentum sv=0.040 lv=0.030
2970542,S39_Cross_Window_Momentum_Continuation,NO,1784449122.573972,0.630000,5,1784449199.981781,1.000000,0.042789,1.807211,cross_momentum sv=-0.090 lv=-0.040
2970588,S39_Cross_Window_Momentum_Continuation,NO,1784449407.211188,0.740000,5,1784449499.990558,1.000000,0.034241,1.265759,cross_momentum sv=-0.040 lv=-0.040
2970599,S39_Cross_Window_Momentum_Continuation,YES,1784449502.492592,0.550000,5,1784449799.908548,1.000000,0.042114,2.207886,cross_momentum sv=0.050 lv=0.050
2970671,S39_Cross_Window_Momentum_Continuation,NO,1784450135.455827,0.680000,5,1784450400.003083,1.000000,0.040247,1.559753,cross_momentum sv=-0.040 lv=-0.040
2970778,S39_Cross_Window_Momentum_Continuation,YES,1784451063.643699,0.730000,5,1784451299.95094,0.000000,0.035449,-3.685449,cross_momentum sv=0.010 lv=0.020
2970892,S39_Cross_Window_Momentum_Continuation,NO,1784452266.147029,0.750000,5,1784452499.916944,1.000000,0.032959,1.217041,cross_momentum sv=-0.080 lv=-0.080
2970989,S39_Cross_Window_Momentum_Continuation,NO,1784453836.408466,0.540000,5,1784453999.919525,1.000000,0.041649,2.258351,cross_momentum sv=-0.010 lv=-0.020
2971037,S39_Cross_Window_Momentum_Continuation,NO,1784454754.11299,0.580000,5,1784454899.965626,1.000000,0.043022,2.056978,cross_momentum sv=-0.020 lv=-0.040
2971222,S39_Cross_Window_Momentum_Continuation,NO,1784455269.509035,0.670000,5,1784455499.969294,0.000000,0.040941,-3.390941,cross_momentum sv=-0.020 lv=-0.040
2971231,S39_Cross_Window_Momentum_Continuation,NO,1784455533.312729,0.750000,5,1784455799.931424,1.000000,0.032959,1.217041,cross_momentum sv=-0.030 lv=-0.020
2971371,S39_Cross_Window_Momentum_Continuation,NO,1784458327.042737,0.740000,5,1784458499.983056,1.000000,0.034241,1.265759,cross_momentum sv=-0.140 lv=-0.140
2971404,S39_Cross_Window_Momentum_Continuation,NO,1784458838.207963,0.740000,5,1784459099.888438,1.000000,0.034241,1.265759,cross_momentum sv=-0.040 lv=-0.040
2971744,S39_Cross_Window_Momentum_Continuation,NO,1784462178.008805,0.740000,5,1784462399.943892,1.000000,0.034241,1.265759,cross_momentum sv=-0.030 lv=-0.020
2971763,S39_Cross_Window_Momentum_Continuation,NO,1784462481.834496,0.750000,5,1784462699.90446,1.000000,0.032959,1.217041,cross_momentum sv=-0.030 lv=-0.030
2971816,S39_Cross_Window_Momentum_Continuation,YES,1784463339.708114,0.750000,5,1784463599.942895,1.000000,0.032959,1.217041,cross_momentum sv=0.020 lv=0.030
2971826,S39_Cross_Window_Momentum_Continuation,YES,1784463637.634521,0.700000,5,1784463899.912617,1.000000,0.038588,1.461413,cross_momentum sv=0.030 lv=0.030
2971828,S39_Cross_Window_Momentum_Continuation,NO,1784463947.219601,0.640000,5,1784464199.999503,1.000000,0.042467,1.757533,cross_momentum sv=-0.030 lv=-0.030
2971841,S39_Cross_Window_Momentum_Continuation,YES,1784464243.521945,0.710000,5,1784464499.910946,1.000000,0.037625,1.412375,cross_momentum sv=0.020 lv=0.040
2971906,S39_Cross_Window_Momentum_Continuation,NO,1784464894.79191,0.710000,5,1784465100.000101,1.000000,0.037625,1.412375,cross_momentum sv=-0.040 lv=-0.030
2971916,S39_Cross_Window_Momentum_Continuation,NO,1784465261.498556,0.750000,5,1784465399.911161,1.000000,0.032959,1.217041,cross_momentum sv=-0.030 lv=-0.040
2972020,S39_Cross_Window_Momentum_Continuation,NO,1784466392.442461,0.700000,5,1784466599.908727,1.000000,0.038588,1.461413,cross_momentum sv=-0.060 lv=-0.060
2972026,S39_Cross_Window_Momentum_Continuation,NO,1784466629.044143,0.750000,5,1784466899.954589,1.000000,0.032959,1.217041,cross_momentum sv=-0.020 lv=-0.020
2972041,S39_Cross_Window_Momentum_Continuation,YES,1784466973.595848,0.750000,5,1784467199.908834,0.000000,0.032959,-3.782959,cross_momentum sv=0.060 lv=0.080
2972051,S39_Cross_Window_Momentum_Continuation,YES,1784467226.658957,0.740000,5,1784467499.973647,1.000000,0.034241,1.265759,cross_momentum sv=0.010 lv=0.020
2972156,S39_Cross_Window_Momentum_Continuation,NO,1784468259.399144,0.720000,5,1784468399.997438,1.000000,0.036578,1.363422,cross_momentum sv=-0.060 lv=-0.110
2972421,S39_Cross_Window_Momentum_Continuation,NO,1784471763.351788,0.750000,5,1784471999.896034,1.000000,0.032959,1.217041,cross_momentum sv=-0.050 lv=-0.040
2972433,S39_Cross_Window_Momentum_Continuation,NO,1784472118.138755,0.740000,5,1784472299.967317,0.000000,0.034241,-3.734241,cross_momentum sv=-0.090 lv=-0.100
2972448,S39_Cross_Window_Momentum_Continuation,YES,1784472360.018214,0.750000,5,1784472599.966189,1.000000,0.032959,1.217041,cross_momentum sv=0.020 lv=0.020
2972455,S39_Cross_Window_Momentum_Continuation,NO,1784472783.634825,0.730000,5,1784472899.981524,1.000000,0.035449,1.314551,cross_momentum sv=-0.050 lv=-0.040
2972480,S39_Cross_Window_Momentum_Continuation,YES,1784473267.719356,0.690000,5,1784473499.988509,0.000000,0.039462,-3.489462,cross_momentum sv=0.030 lv=0.030
2972497,S39_Cross_Window_Momentum_Continuation,NO,1784473803.587766,0.510000,5,1784474099.964728,0.000000,0.039812,-2.589812,cross_momentum sv=-0.080 lv=-0.110
2972512,S39_Cross_Window_Momentum_Continuation,NO,1784474224.191368,0.720000,5,1784474399.916647,1.000000,0.036578,1.363422,cross_momentum sv=-0.110 lv=-0.120
2972542,S39_Cross_Window_Momentum_Continuation,NO,1784474532.894279,0.690000,5,1784474699.986778,1.000000,0.039462,1.510538,cross_momentum sv=-0.150 lv=-0.150
2972996,S39_Cross_Window_Momentum_Continuation,YES,1784477163.669488,0.730000,5,1784477399.935539,0.000000,0.035449,-3.685449,cross_momentum sv=0.030 lv=0.020
2973024,S39_Cross_Window_Momentum_Continuation,NO,1784477765.400958,0.730000,5,1784477999.903719,0.000000,0.035449,-3.685449,cross_momentum sv=-0.110 lv=-0.110
2973046,S39_Cross_Window_Momentum_Continuation,NO,1784478341.012771,0.740000,5,1784478599.870929,1.000000,0.034241,1.265759,cross_momentum sv=-0.050 lv=-0.050
2973669,S39_Cross_Window_Momentum_Continuation,NO,1784480505.117531,0.750000,5,1784480699.905172,0.000000,0.032959,-3.782959,cross_momentum sv=-0.070 lv=-0.070
2973678,S39_Cross_Window_Momentum_Continuation,YES,1784480743.106941,0.710000,5,1784480999.979325,1.000000,0.037625,1.412375,cross_momentum sv=0.050 lv=0.070
2973703,S39_Cross_Window_Momentum_Continuation,YES,1784481312.622542,0.720000,5,1784481599.996988,0.000000,0.036578,-3.636578,cross_momentum sv=0.100 lv=0.090
2973714,S39_Cross_Window_Momentum_Continuation,YES,1784481704.118678,0.750000,5,1784481899.854296,1.000000,0.032959,1.217041,cross_momentum sv=0.020 lv=0.020
2973726,S39_Cross_Window_Momentum_Continuation,NO,1784481944.175546,0.750000,5,1784482199.993782,1.000000,0.032959,1.217041,cross_momentum sv=-0.010 lv=-0.020
2973749,S39_Cross_Window_Momentum_Continuation,YES,1784482278.530623,0.710000,5,1784482499.849721,1.000000,0.037625,1.412375,cross_momentum sv=0.010 lv=0.020
2974013,S39_Cross_Window_Momentum_Continuation,NO,1784483157.020033,0.690000,5,1784483399.968225,1.000000,0.039462,1.510538,cross_momentum sv=-0.110 lv=-0.080
2974289,S39_Cross_Window_Momentum_Continuation,NO,1784484353.579412,0.660000,5,1784484599.946866,1.000000,0.041543,1.658457,cross_momentum sv=-0.030 lv=-0.030
2974386,S39_Cross_Window_Momentum_Continuation,YES,1784484651.48573,0.690000,5,1784484899.928287,1.000000,0.039462,1.510538,cross_momentum sv=0.030 lv=0.030
2974396,S39_Cross_Window_Momentum_Continuation,NO,1784484965.384165,0.750000,5,1784485199.953466,0.000000,0.032959,-3.782959,cross_momentum sv=-0.030 lv=-0.030
2974411,S39_Cross_Window_Momentum_Continuation,NO,1784485371.446906,0.580000,5,1784485499.891081,0.000000,0.043022,-2.943022,cross_momentum sv=-0.030 lv=-0.020
2974445,S39_Cross_Window_Momentum_Continuation,NO,1784485837.93219,0.610000,5,1784486099.995805,0.000000,0.043155,-3.093155,cross_momentum sv=-0.040 lv=-0.050
2974508,S39_Cross_Window_Momentum_Continuation,NO,1784486807.164109,0.720000,5,1784486999.928676,0.000000,0.036578,-3.636578,cross_momentum sv=-0.090 lv=-0.100
2974539,S39_Cross_Window_Momentum_Continuation,NO,1784487059.154378,0.750000,5,1784487299.894727,1.000000,0.032959,1.217041,cross_momentum sv=-0.020 lv=-0.020
2976509,S39_Cross_Window_Momentum_Continuation,NO,1784487673.767445,0.740000,5,1784487899.896889,1.000000,0.034241,1.265759,cross_momentum sv=-0.010 lv=-0.020
2977312,S39_Cross_Window_Momentum_Continuation,NO,1784489454.040208,0.740000,5,1784489699.987743,1.000000,0.034241,1.265759,cross_momentum sv=-0.060 lv=-0.060
2977538,S39_Cross_Window_Momentum_Continuation,YES,1784491210.554632,0.750000,5,1784491499.890657,1.000000,0.032959,1.217041,cross_momentum sv=0.030 lv=0.040
2978280,S39_Cross_Window_Momentum_Continuation,NO,1784497241.086823,0.750000,5,1784497500.0028,1.000000,0.032959,1.217041,cross_momentum sv=-0.070 lv=-0.090
2978293,S39_Cross_Window_Momentum_Continuation,YES,1784497558.477961,0.750000,5,1784497799.913412,1.000000,0.032959,1.217041,cross_momentum sv=0.090 lv=0.100
2978315,S39_Cross_Window_Momentum_Continuation,NO,1784498176.060371,0.750000,5,1784498392.333966,0.000000,0.032959,-3.782959,cross_momentum sv=-0.040 lv=-0.070
2978330,S39_Cross_Window_Momentum_Continuation,YES,1784498433.458817,0.550000,5,1784498699.934892,1.000000,0.042114,2.207886,cross_momentum sv=0.020 lv=0.020
2978346,S39_Cross_Window_Momentum_Continuation,NO,1784498715.558542,0.720000,5,1784498999.973615,0.000000,0.036578,-3.636578,cross_momentum sv=-0.020 lv=-0.020
2978362,S39_Cross_Window_Momentum_Continuation,YES,1784499035.386813,0.670000,5,1784499299.982366,1.000000,0.040941,1.609059,cross_momentum sv=0.030 lv=0.060
2978379,S39_Cross_Window_Momentum_Continuation,YES,1784499306.719787,0.590000,5,1784499599.97254,1.000000,0.043155,2.006845,cross_momentum sv=0.020 lv=0.040
2978429,S39_Cross_Window_Momentum_Continuation,YES,1784499622.117185,0.620000,5,1784499899.964341,0.000000,0.043018,-3.143018,cross_momentum sv=0.040 lv=0.040
2978577,S39_Cross_Window_Momentum_Continuation,YES,1784500010.38039,0.660000,5,1784500199.93464,1.000000,0.041543,1.658457,cross_momentum sv=0.020 lv=0.030
2978588,S39_Cross_Window_Momentum_Continuation,YES,1784500249.68193,0.680000,5,1784500499.931152,0.000000,0.040247,-3.440247,cross_momentum sv=0.040 lv=0.030
2978644,S39_Cross_Window_Momentum_Continuation,NO,1784500566.311084,0.700000,5,1784500800.002777,0.000000,0.038588,-3.538588,cross_momentum sv=-0.010 lv=-0.020
2978674,S39_Cross_Window_Momentum_Continuation,NO,1784500818.859678,0.650000,5,1784501099.980766,0.000000,0.042052,-3.292052,cross_momentum sv=-0.040 lv=-0.030
2978684,S39_Cross_Window_Momentum_Continuation,NO,1784501110.321138,0.640000,5,1784501399.99632,1.000000,0.042467,1.757533,cross_momentum sv=-0.040 lv=-0.040
2978698,S39_Cross_Window_Momentum_Continuation,NO,1784501445.356441,0.580000,5,1784501699.897365,1.000000,0.043022,2.056978,cross_momentum sv=-0.070 lv=-0.070
2978734,S39_Cross_Window_Momentum_Continuation,NO,1784502012.504852,0.650000,5,1784502295.348021,1.000000,0.042052,1.707948,cross_momentum sv=-0.010 lv=-0.020
2978746,S39_Cross_Window_Momentum_Continuation,YES,1784502360.505618,0.750000,5,1784502599.904199,1.000000,0.032959,1.217041,cross_momentum sv=0.010 lv=0.020
2978753,S39_Cross_Window_Momentum_Continuation,NO,1784502623.881358,0.590000,5,1784502899.913937,0.000000,0.043155,-2.993155,cross_momentum sv=-0.060 lv=-0.070
2978759,S39_Cross_Window_Momentum_Continuation,NO,1784502927.164017,0.710000,5,1784503199.971051,1.000000,0.037625,1.412375,cross_momentum sv=-0.020 lv=-0.020
2978775,S39_Cross_Window_Momentum_Continuation,NO,1784503225.650643,0.710000,5,1784503499.959806,1.000000,0.037625,1.412375,cross_momentum sv=-0.010 lv=-0.020
2978819,S39_Cross_Window_Momentum_Continuation,YES,1784503562.524638,0.750000,5,1784503799.900346,0.000000,0.032959,-3.782959,cross_momentum sv=0.010 lv=0.020
2978843,S39_Cross_Window_Momentum_Continuation,NO,1784504170.917049,0.750000,5,1784504399.993133,1.000000,0.032959,1.217041,cross_momentum sv=-0.040 lv=-0.060
2978848,S39_Cross_Window_Momentum_Continuation,YES,1784504485.975261,0.720000,5,1784504699.974324,1.000000,0.036578,1.363422,cross_momentum sv=0.020 lv=0.020
2978861,S39_Cross_Window_Momentum_Continuation,YES,1784504704.192768,0.650000,5,1784504999.991225,0.000000,0.042052,-3.292052,cross_momentum sv=0.030 lv=0.040
2978877,S39_Cross_Window_Momentum_Continuation,YES,1784505073.062771,0.750000,5,1784505299.97651,1.000000,0.032959,1.217041,cross_momentum sv=0.010 lv=0.020
2978898,S39_Cross_Window_Momentum_Continuation,YES,1784505367.654504,0.710000,5,1784505599.909661,1.000000,0.037625,1.412375,cross_momentum sv=0.030 lv=0.030
2978936,S39_Cross_Window_Momentum_Continuation,NO,1784505612.742062,0.740000,5,1784505899.985107,1.000000,0.034241,1.265759,cross_momentum sv=-0.050 lv=-0.050
2978938,S39_Cross_Window_Momentum_Continuation,YES,1784505927.713494,0.750000,5,1784506199.929522,1.000000,0.032959,1.217041,cross_momentum sv=0.030 lv=0.030
2978951,S39_Cross_Window_Momentum_Continuation,YES,1784506223.112914,0.600000,5,1784506499.972668,1.000000,0.043200,1.956800,cross_momentum sv=0.010 lv=0.020
2978961,S39_Cross_Window_Momentum_Continuation,YES,1784506513.036694,0.590000,5,1784506799.936905,1.000000,0.043155,2.006845,cross_momentum sv=0.010 lv=0.020
2978968,S39_Cross_Window_Momentum_Continuation,NO,1784506808.790801,0.660000,5,1784507099.95324,1.000000,0.041543,1.658457,cross_momentum sv=-0.010 lv=-0.020
2978976,S39_Cross_Window_Momentum_Continuation,NO,1784507111.629471,0.650000,5,1784507399.970736,1.000000,0.042052,1.707948,cross_momentum sv=-0.030 lv=-0.020
2978998,S39_Cross_Window_Momentum_Continuation,NO,1784507427.799609,0.730000,5,1784507699.996826,1.000000,0.035449,1.314551,cross_momentum sv=-0.020 lv=-0.020
2979018,S39_Cross_Window_Momentum_Continuation,YES,1784507754.218151,0.740000,5,1784507999.972226,1.000000,0.034241,1.265759,cross_momentum sv=0.010 lv=0.020
2979081,S39_Cross_Window_Momentum_Continuation,NO,1784508066.87519,0.690000,5,1784508299.987307,1.000000,0.039462,1.510538,cross_momentum sv=-0.050 lv=-0.050
2979098,S39_Cross_Window_Momentum_Continuation,NO,1784508315.38591,0.720000,5,1784508599.96807,1.000000,0.036578,1.363422,cross_momentum sv=-0.040 lv=-0.030
2979114,S39_Cross_Window_Momentum_Continuation,NO,1784508649.243301,0.610000,5,1784508899.927824,1.000000,0.043155,1.906845,cross_momentum sv=-0.040 lv=-0.050
2979123,S39_Cross_Window_Momentum_Continuation,NO,1784509098.297164,0.750000,5,1784509199.987012,1.000000,0.032959,1.217041,cross_momentum sv=-0.020 lv=-0.020
2979315,S39_Cross_Window_Momentum_Continuation,YES,1784509235.525509,0.590000,5,1784509499.903741,1.000000,0.043155,2.006845,cross_momentum sv=0.040 lv=0.020
2979322,S39_Cross_Window_Momentum_Continuation,YES,1784509535.559912,0.680000,5,1784509799.906286,1.000000,0.040247,1.559753,cross_momentum sv=0.020 lv=0.020
2979331,S39_Cross_Window_Momentum_Continuation,NO,1784509822.793478,0.540000,5,1784510099.997224,1.000000,0.041649,2.258351,cross_momentum sv=-0.080 lv=-0.080
2979347,S39_Cross_Window_Momentum_Continuation,NO,1784510122.066251,0.650000,5,1784510399.907218,1.000000,0.042052,1.707948,cross_momentum sv=-0.020 lv=-0.020
2979354,S39_Cross_Window_Momentum_Continuation,NO,1784510449.067101,0.580000,5,1784510699.930397,0.000000,0.043022,-2.943022,cross_momentum sv=-0.030 lv=-0.060
2979383,S39_Cross_Window_Momentum_Continuation,YES,1784510760.422947,0.670000,5,1784510999.986518,0.000000,0.040941,-3.390941,cross_momentum sv=0.010 lv=0.020
2979392,S39_Cross_Window_Momentum_Continuation,YES,1784511103.378085,0.640000,5,1784511299.982276,1.000000,0.042467,1.757533,cross_momentum sv=0.020 lv=0.020
2979448,S39_Cross_Window_Momentum_Continuation,NO,1784511360.82085,0.720000,5,1784511599.951112,0.000000,0.036578,-3.636578,cross_momentum sv=-0.010 lv=-0.020
2979532,S39_Cross_Window_Momentum_Continuation,NO,1784511944.398907,0.720000,5,1784512200.010219,0.000000,0.036578,-3.636578,cross_momentum sv=-0.010 lv=-0.020
2979547,S39_Cross_Window_Momentum_Continuation,NO,1784512225.991186,0.730000,5,1784512499.998713,1.000000,0.035449,1.314551,cross_momentum sv=-0.020 lv=-0.020
2979564,S39_Cross_Window_Momentum_Continuation,NO,1784512569.291101,0.640000,5,1784512799.977092,0.000000,0.042467,-3.242467,cross_momentum sv=-0.020 lv=-0.020
2979578,S39_Cross_Window_Momentum_Continuation,YES,1784512827.56682,0.710000,5,1784513099.90843,1.000000,0.037625,1.412375,cross_momentum sv=0.030 lv=0.030
2979588,S39_Cross_Window_Momentum_Continuation,NO,1784513107.549498,0.520000,5,1784513399.91346,1.000000,0.040495,2.359505,cross_momentum sv=-0.050 lv=-0.050
2979614,S39_Cross_Window_Momentum_Continuation,NO,1784513446.099577,0.750000,5,1784513699.952669,1.000000,0.032959,1.217041,cross_momentum sv=-0.040 lv=-0.050
2979634,S39_Cross_Window_Momentum_Continuation,NO,1784513748.341371,0.750000,5,1784513999.89618,1.000000,0.032959,1.217041,cross_momentum sv=-0.060 lv=-0.060
2979643,S39_Cross_Window_Momentum_Continuation,NO,1784514005.614529,0.630000,5,1784514299.993017,0.000000,0.042789,-3.192789,cross_momentum sv=-0.020 lv=-0.020
2979661,S39_Cross_Window_Momentum_Continuation,NO,1784514368.05818,0.640000,5,1784514599.946714,1.000000,0.042467,1.757533,cross_momentum sv=-0.010 lv=-0.020
2979678,S39_Cross_Window_Momentum_Continuation,YES,1784514638.173315,0.720000,5,1784514899.998576,1.000000,0.036578,1.363422,cross_momentum sv=0.020 lv=0.030
2979732,S39_Cross_Window_Momentum_Continuation,YES,1784514997.894945,0.720000,5,1784515199.953871,0.000000,0.036578,-3.636578,cross_momentum sv=0.010 lv=0.020
2979846,S39_Cross_Window_Momentum_Continuation,YES,1784515536.191155,0.720000,5,1784515799.909105,1.000000,0.036578,1.363422,cross_momentum sv=0.020 lv=0.020
2979855,S39_Cross_Window_Momentum_Continuation,NO,1784515839.469387,0.720000,5,1784516099.976417,1.000000,0.036578,1.363422,cross_momentum sv=-0.010 lv=-0.020
2979872,S39_Cross_Window_Momentum_Continuation,NO,1784516143.95008,0.700000,5,1784516399.971668,1.000000,0.038588,1.461413,cross_momentum sv=-0.020 lv=-0.020
2979891,S39_Cross_Window_Momentum_Continuation,YES,1784516464.311476,0.750000,5,1784516700.01235,1.000000,0.032959,1.217041,cross_momentum sv=0.030 lv=0.030
2979926,S39_Cross_Window_Momentum_Continuation,NO,1784517096.426849,0.740000,5,1784517299.908831,0.000000,0.034241,-3.734241,cross_momentum sv=-0.020 lv=-0.020
2979951,S39_Cross_Window_Momentum_Continuation,NO,1784517327.894198,0.750000,5,1784517599.98318,1.000000,0.032959,1.217041,cross_momentum sv=-0.030 lv=-0.030
2979960,S39_Cross_Window_Momentum_Continuation,NO,1784517616.962711,0.650000,5,1784517899.99531,1.000000,0.042052,1.707948,cross_momentum sv=-0.030 lv=-0.040
2979964,S39_Cross_Window_Momentum_Continuation,NO,1784517912.972934,0.700000,5,1784518199.913652,1.000000,0.038588,1.461413,cross_momentum sv=-0.020 lv=-0.020
2980024,S39_Cross_Window_Momentum_Continuation,NO,1784518523.584076,0.650000,5,1784518799.975811,0.000000,0.042052,-3.292052,cross_momentum sv=-0.040 lv=-0.040
2980084,S39_Cross_Window_Momentum_Continuation,YES,1784518941.263,0.740000,5,1784519099.97294,1.000000,0.034241,1.265759,cross_momentum sv=0.020 lv=0.020
2980096,S39_Cross_Window_Momentum_Continuation,NO,1784519184.237204,0.750000,5,1784519399.953222,1.000000,0.032959,1.217041,cross_momentum sv=-0.060 lv=-0.130
2980618,S39_Cross_Window_Momentum_Continuation,NO,1784519781.946855,0.570000,5,1784519999.997764,0.000000,0.042803,-2.892803,cross_momentum sv=-0.130 lv=-0.150
2981091,S39_Cross_Window_Momentum_Continuation,NO,1784520016.302219,0.650000,5,1784520299.999325,1.000000,0.042052,1.707948,cross_momentum sv=-0.070 lv=-0.050
2981106,S39_Cross_Window_Momentum_Continuation,NO,1784520326.077768,0.740000,5,1784520599.901721,1.000000,0.034241,1.265759,cross_momentum sv=-0.010 lv=-0.020
2981149,S39_Cross_Window_Momentum_Continuation,YES,1784520626.600161,0.710000,5,1784520899.935891,0.000000,0.037625,-3.587625,cross_momentum sv=0.010 lv=0.020
2981200,S39_Cross_Window_Momentum_Continuation,NO,1784521306.851564,0.690000,5,1784521499.98036,0.000000,0.039462,-3.489462,cross_momentum sv=-0.020 lv=-0.020
2981336,S39_Cross_Window_Momentum_Continuation,YES,1784521581.082666,0.720000,5,1784521799.901216,1.000000,0.036578,1.363422,cross_momentum sv=0.010 lv=0.020
2981347,S39_Cross_Window_Momentum_Continuation,NO,1784521879.009145,0.750000,5,1784522099.934374,1.000000,0.032959,1.217041,cross_momentum sv=-0.070 lv=-0.090
2981392,S39_Cross_Window_Momentum_Continuation,YES,1784522123.78554,0.710000,5,1784522399.927256,1.000000,0.037625,1.412375,cross_momentum sv=0.020 lv=0.020
2981487,S39_Cross_Window_Momentum_Continuation,NO,1784522436.353709,0.750000,5,1784522699.987353,1.000000,0.032959,1.217041,cross_momentum sv=-0.040 lv=-0.040
2981496,S39_Cross_Window_Momentum_Continuation,NO,1784522744.501334,0.630000,5,1784522999.983879,1.000000,0.042789,1.807211,cross_momentum sv=-0.060 lv=-0.060
2981547,S39_Cross_Window_Momentum_Continuation,NO,1784523027.626162,0.600000,5,1784523299.949911,1.000000,0.043200,1.956800,cross_momentum sv=-0.070 lv=-0.070
2982253,S39_Cross_Window_Momentum_Continuation,YES,1784523335.362444,0.720000,5,1784523599.989235,1.000000,0.036578,1.363422,cross_momentum sv=0.010 lv=0.020
2985218,S39_Cross_Window_Momentum_Continuation,NO,1784523704.71513,0.710000,5,1784523900.004806,1.000000,0.037625,1.412375,cross_momentum sv=-0.010 lv=-0.020
2985237,S39_Cross_Window_Momentum_Continuation,NO,1784523919.679356,0.730000,5,1784524199.988216,1.000000,0.035449,1.314551,cross_momentum sv=-0.030 lv=-0.030
2985257,S39_Cross_Window_Momentum_Continuation,NO,1784524249.237608,0.650000,5,1784524500.004131,1.000000,0.042052,1.707948,cross_momentum sv=-0.020 lv=-0.030
2985266,S39_Cross_Window_Momentum_Continuation,NO,1784524507.844372,0.550000,5,1784524799.979749,0.000000,0.042114,-2.792114,cross_momentum sv=-0.030 lv=-0.030
2985278,S39_Cross_Window_Momentum_Continuation,NO,1784524863.986467,0.530000,5,1784525099.972179,1.000000,0.041109,2.308891,cross_momentum sv=-0.030 lv=-0.040
2985348,S39_Cross_Window_Momentum_Continuation,NO,1784525113.38743,0.540000,5,1784525399.945109,1.000000,0.041649,2.258351,cross_momentum sv=-0.020 lv=-0.020
2985362,S39_Cross_Window_Momentum_Continuation,NO,1784525435.61222,0.660000,5,1784525699.934111,1.000000,0.041543,1.658457,cross_momentum sv=-0.030 lv=-0.030
2985372,S39_Cross_Window_Momentum_Continuation,NO,1784525707.727549,0.600000,5,1784525999.950192,0.000000,0.043200,-3.043200,cross_momentum sv=-0.010 lv=-0.020
2985427,S39_Cross_Window_Momentum_Continuation,YES,1784526041.355008,0.710000,5,1784526299.952601,1.000000,0.037625,1.412375,cross_momentum sv=0.020 lv=0.020
2985443,S39_Cross_Window_Momentum_Continuation,NO,1784526316.268007,0.690000,5,1784526599.93586,1.000000,0.039462,1.510538,cross_momentum sv=-0.020 lv=-0.020
2985448,S39_Cross_Window_Momentum_Continuation,NO,1784526661.769535,0.640000,5,1784526899.925581,1.000000,0.042467,1.757533,cross_momentum sv=-0.010 lv=-0.020
2985496,S39_Cross_Window_Momentum_Continuation,YES,1784526979.652374,0.680000,5,1784527199.971239,1.000000,0.040247,1.559753,cross_momentum sv=0.010 lv=0.020
2985507,S39_Cross_Window_Momentum_Continuation,YES,1784527251.285149,0.700000,5,1784527500.00372,1.000000,0.038588,1.461413,cross_momentum sv=0.030 lv=0.030
2985514,S39_Cross_Window_Momentum_Continuation,NO,1784527560.797444,0.750000,5,1784527799.982461,0.000000,0.032959,-3.782959,cross_momentum sv=-0.040 lv=-0.040
2985527,S39_Cross_Window_Momentum_Continuation,NO,1784527805.614101,0.660000,5,1784528099.990881,0.000000,0.041543,-3.341543,cross_momentum sv=-0.020 lv=-0.020
2985535,S39_Cross_Window_Momentum_Continuation,YES,1784528192.70538,0.720000,5,1784528399.958908,0.000000,0.036578,-3.636578,cross_momentum sv=0.010 lv=0.020
2985549,S39_Cross_Window_Momentum_Continuation,YES,1784528432.300724,0.730000,5,1784528699.966785,0.000000,0.035449,-3.685449,cross_momentum sv=0.020 lv=0.020
2985552,S39_Cross_Window_Momentum_Continuation,YES,1784528819.314812,0.740000,5,1784528999.941812,1.000000,0.034241,1.265759,cross_momentum sv=0.020 lv=0.020
2985557,S39_Cross_Window_Momentum_Continuation,NO,1784529145.118188,0.730000,5,1784529299.959457,1.000000,0.035449,1.314551,cross_momentum sv=-0.010 lv=-0.020
2985610,S39_Cross_Window_Momentum_Continuation,NO,1784529354.235863,0.640000,5,1784529599.906789,1.000000,0.042467,1.757533,cross_momentum sv=-0.040 lv=-0.040
2985629,S39_Cross_Window_Momentum_Continuation,NO,1784529620.643227,0.620000,5,1784529899.935815,1.000000,0.043018,1.856982,cross_momentum sv=-0.020 lv=-0.020
2985632,S39_Cross_Window_Momentum_Continuation,NO,1784529908.55628,0.550000,5,1784530199.947809,0.000000,0.042114,-2.792114,cross_momentum sv=-0.030 lv=-0.030
2985646,S39_Cross_Window_Momentum_Continuation,YES,1784530219.793932,0.710000,5,1784530499.983523,1.000000,0.037625,1.412375,cross_momentum sv=0.020 lv=0.020
2985665,S39_Cross_Window_Momentum_Continuation,NO,1784530772.495434,0.730000,5,1784530799.882931,0.000000,0.035449,-3.685449,cross_momentum sv=-0.190 lv=-0.180
2985667,S39_Cross_Window_Momentum_Continuation,YES,1784530830.136382,0.670000,5,1784531099.908512,1.000000,0.040941,1.609059,cross_momentum sv=0.020 lv=0.030
2985692,S39_Cross_Window_Momentum_Continuation,NO,1784531509.694972,0.730000,5,1784531700.003633,1.000000,0.035449,1.314551,cross_momentum sv=-0.010 lv=-0.020
2985710,S39_Cross_Window_Momentum_Continuation,NO,1784531776.833664,0.620000,5,1784531999.941135,1.000000,0.043018,1.856982,cross_momentum sv=-0.020 lv=-0.020
2985712,S39_Cross_Window_Momentum_Continuation,NO,1784532070.715404,0.710000,5,1784532299.981326,0.000000,0.037625,-3.587625,cross_momentum sv=-0.020 lv=-0.020
2985730,S39_Cross_Window_Momentum_Continuation,YES,1784532430.582914,0.740000,5,1784532599.995806,1.000000,0.034241,1.265759,cross_momentum sv=0.030 lv=0.040
2985750,S39_Cross_Window_Momentum_Continuation,YES,1784532620.339679,0.700000,5,1784532899.984449,1.000000,0.038588,1.461413,cross_momentum sv=0.030 lv=0.070
2985793,S39_Cross_Window_Momentum_Continuation,NO,1784532925.239314,0.630000,5,1784533199.991864,1.000000,0.042789,1.807211,cross_momentum sv=-0.020 lv=-0.020
2985801,S39_Cross_Window_Momentum_Continuation,NO,1784533222.884877,0.530000,5,1784533499.889877,0.000000,0.041109,-2.691109,cross_momentum sv=-0.040 lv=-0.040
2985815,S39_Cross_Window_Momentum_Continuation,YES,1784533559.486764,0.710000,5,1784533799.958538,1.000000,0.037625,1.412375,cross_momentum sv=0.010 lv=0.020
2985819,S39_Cross_Window_Momentum_Continuation,YES,1784533941.263171,0.720000,5,1784534099.94786,1.000000,0.036578,1.363422,cross_momentum sv=0.020 lv=0.020
2985854,S39_Cross_Window_Momentum_Continuation,NO,1784534122.745194,0.610000,5,1784534399.980691,0.000000,0.043155,-3.093155,cross_momentum sv=-0.020 lv=-0.020
2985868,S39_Cross_Window_Momentum_Continuation,YES,1784534670.377102,0.750000,5,1784534699.960639,1.000000,0.032959,1.217041,cross_momentum sv=0.040 lv=0.050
2985915,S39_Cross_Window_Momentum_Continuation,NO,1784534752.48968,0.740000,5,1784535000.001298,1.000000,0.034241,1.265759,cross_momentum sv=-0.030 lv=-0.030
2986006,S39_Cross_Window_Momentum_Continuation,NO,1784535327.561466,0.720000,5,1784535599.916777,1.000000,0.036578,1.363422,cross_momentum sv=-0.010 lv=-0.020
2986014,S39_Cross_Window_Momentum_Continuation,NO,1784535649.205263,0.740000,5,1784535899.972328,1.000000,0.034241,1.265759,cross_momentum sv=-0.030 lv=-0.070
2986022,S39_Cross_Window_Momentum_Continuation,NO,1784535991.274643,0.410000,5,1784536199.985502,1.000000,0.029989,2.920011,cross_momentum sv=-0.020 lv=-0.030
2986033,S39_Cross_Window_Momentum_Continuation,NO,1784536492.418413,0.730000,5,1784536499.948884,1.000000,0.035449,1.314551,cross_momentum sv=-0.080 lv=-0.100
2986083,S39_Cross_Window_Momentum_Continuation,YES,1784536503.572659,0.600000,5,1784536799.904382,0.000000,0.043200,-3.043200,cross_momentum sv=0.170 lv=0.170
2986113,S39_Cross_Window_Momentum_Continuation,NO,1784536910.64549,0.670000,5,1784537099.965812,1.000000,0.040941,1.609059,cross_momentum sv=-0.050 lv=-0.040
2986122,S39_Cross_Window_Momentum_Continuation,YES,1784537160.037737,0.710000,5,1784537399.940951,1.000000,0.037625,1.412375,cross_momentum sv=0.020 lv=0.020
2986139,S39_Cross_Window_Momentum_Continuation,YES,1784537424.500368,0.720000,5,1784537700.000993,0.000000,0.036578,-3.636578,cross_momentum sv=0.010 lv=0.020
2986143,S39_Cross_Window_Momentum_Continuation,YES,1784537971.256089,0.510000,5,1784537999.903898,1.000000,0.039812,2.410188,cross_momentum sv=0.060 lv=0.020
2986157,S39_Cross_Window_Momentum_Continuation,YES,1784538148.679081,0.630000,5,1784538299.88901,0.000000,0.042789,-3.192789,cross_momentum sv=0.020 lv=0.020
2986174,S39_Cross_Window_Momentum_Continuation,NO,1784538355.358845,0.660000,5,1784538599.897149,1.000000,0.041543,1.658457,cross_momentum sv=-0.060 lv=-0.060
2986184,S39_Cross_Window_Momentum_Continuation,YES,1784538624.128878,0.740000,5,1784538899.89594,1.000000,0.034241,1.265759,cross_momentum sv=0.020 lv=0.020
2986191,S39_Cross_Window_Momentum_Continuation,YES,1784538935.403107,0.730000,5,1784539199.891141,0.000000,0.035449,-3.685449,cross_momentum sv=0.010 lv=0.020
2986213,S39_Cross_Window_Momentum_Continuation,YES,1784539215.892691,0.710000,5,1784539499.967922,1.000000,0.037625,1.412375,cross_momentum sv=0.010 lv=0.020
2986225,S39_Cross_Window_Momentum_Continuation,YES,1784539551.358343,0.640000,5,1784539799.915907,1.000000,0.042467,1.757533,cross_momentum sv=0.010 lv=0.020
2986228,S39_Cross_Window_Momentum_Continuation,YES,1784539955.691779,0.590000,5,1784540099.902201,1.000000,0.043155,2.006845,cross_momentum sv=0.020 lv=0.020
2986300,S39_Cross_Window_Momentum_Continuation,YES,1784540519.115502,0.560000,5,1784540699.8873,1.000000,0.042499,2.157501,cross_momentum sv=0.020 lv=0.030
2986314,S39_Cross_Window_Momentum_Continuation,YES,1784540741.777594,0.650000,5,1784540999.909765,1.000000,0.042052,1.707948,cross_momentum sv=0.060 lv=0.060
2986316,S39_Cross_Window_Momentum_Continuation,YES,1784541086.224317,0.750000,5,1784541299.934694,0.000000,0.032959,-3.782959,cross_momentum sv=0.020 lv=0.020
2986396,S39_Cross_Window_Momentum_Continuation,NO,1784541401.385683,0.730000,5,1784541599.924714,1.000000,0.035449,1.314551,cross_momentum sv=-0.010 lv=-0.020
2986411,S39_Cross_Window_Momentum_Continuation,NO,1784541692.967593,0.750000,5,1784541899.886525,0.000000,0.032959,-3.782959,cross_momentum sv=-0.050 lv=-0.070
2986416,S39_Cross_Window_Momentum_Continuation,NO,1784541998.583571,0.750000,5,1784542199.935692,0.000000,0.032959,-3.782959,cross_momentum sv=-0.020 lv=-0.030
2986519,S39_Cross_Window_Momentum_Continuation,YES,1784542299.983452,0.710000,5,1784542499.981901,1.000000,0.037625,1.412375,cross_momentum sv=0.050 lv=0.050
2986528,S39_Cross_Window_Momentum_Continuation,NO,1784542545.550771,0.710000,5,1784542799.926378,1.000000,0.037625,1.412375,cross_momentum sv=-0.020 lv=-0.020
2986539,S39_Cross_Window_Momentum_Continuation,YES,1784542894.438541,0.710000,5,1784543099.993064,1.000000,0.037625,1.412375,cross_momentum sv=0.030 lv=0.030
2986552,S39_Cross_Window_Momentum_Continuation,NO,1784543135.586498,0.720000,5,1784543399.931111,1.000000,0.036578,1.363422,cross_momentum sv=-0.010 lv=-0.020
2986561,S39_Cross_Window_Momentum_Continuation,NO,1784543431.922941,0.700000,5,1784543699.999426,1.000000,0.038588,1.461413,cross_momentum sv=-0.060 lv=-0.060
2986614,S39_Cross_Window_Momentum_Continuation,NO,1784543720.037641,0.710000,5,1784543999.84575,1.000000,0.037625,1.412375,cross_momentum sv=-0.030 lv=-0.020
2986743,S39_Cross_Window_Momentum_Continuation,NO,1784544045.950718,0.700000,5,1784544299.969272,0.000000,0.038588,-3.538588,cross_momentum sv=-0.030 lv=-0.030
2986757,S39_Cross_Window_Momentum_Continuation,NO,1784544384.441228,0.660000,5,1784544599.962722,0.000000,0.041543,-3.341543,cross_momentum sv=-0.010 lv=-0.020
2986768,S39_Cross_Window_Momentum_Continuation,NO,1784544691.090017,0.730000,5,1784544899.90657,0.000000,0.035449,-3.685449,cross_momentum sv=-0.020 lv=-0.020
2987158,S39_Cross_Window_Momentum_Continuation,YES,1784545316.832437,0.730000,5,1784545500.006498,1.000000,0.035449,1.314551,cross_momentum sv=0.030 lv=0.030
2987172,S39_Cross_Window_Momentum_Continuation,YES,1784545506.987092,0.690000,5,1784545799.930908,1.000000,0.039462,1.510538,cross_momentum sv=0.030 lv=0.030
2987184,S39_Cross_Window_Momentum_Continuation,NO,1784545955.692665,0.730000,5,1784546099.911279,1.000000,0.035449,1.314551,cross_momentum sv=-0.050 lv=-0.050
2987194,S39_Cross_Window_Momentum_Continuation,NO,1784546145.299389,0.670000,5,1784546290.490424,1.000000,0.040941,1.609059,cross_momentum sv=-0.050 lv=-0.040
2987215,S39_Cross_Window_Momentum_Continuation,NO,1784546506.827273,0.690000,5,1784546699.982137,1.000000,0.039462,1.510538,cross_momentum sv=-0.110 lv=-0.120
2987295,S39_Cross_Window_Momentum_Continuation,YES,1784546740.082958,0.720000,5,1784546999.99636,1.000000,0.036578,1.363422,cross_momentum sv=0.020 lv=0.020
2987312,S39_Cross_Window_Momentum_Continuation,YES,1784547013.679198,0.630000,5,1784547300.004816,1.000000,0.042789,1.807211,cross_momentum sv=0.080 lv=0.080
2987354,S39_Cross_Window_Momentum_Continuation,NO,1784547314.353169,0.590000,5,1784547599.892912,0.000000,0.043155,-2.993155,cross_momentum sv=-0.030 lv=-0.020
2987372,S39_Cross_Window_Momentum_Continuation,YES,1784547624.895893,0.570000,5,1784547899.994287,0.000000,0.042803,-2.892803,cross_momentum sv=0.050 lv=0.060
2987378,S39_Cross_Window_Momentum_Continuation,YES,1784547914.666879,0.670000,5,1784548199.957001,1.000000,0.040941,1.609059,cross_momentum sv=0.070 lv=0.070
2987391,S39_Cross_Window_Momentum_Continuation,NO,1784548225.646082,0.730000,5,1784548499.915808,0.000000,0.035449,-3.685449,cross_momentum sv=-0.010 lv=-0.020
2987500,S39_Cross_Window_Momentum_Continuation,NO,1784548532.405176,0.690000,5,1784548799.90492,0.000000,0.039462,-3.489462,cross_momentum sv=-0.030 lv=-0.030
2987515,S39_Cross_Window_Momentum_Continuation,NO,1784548822.717854,0.710000,5,1784549099.961105,1.000000,0.037625,1.412375,cross_momentum sv=-0.030 lv=-0.030
2987527,S39_Cross_Window_Momentum_Continuation,YES,1784549136.591652,0.610000,5,1784549399.967043,1.000000,0.043155,1.906845,cross_momentum sv=0.010 lv=0.020
2987554,S39_Cross_Window_Momentum_Continuation,YES,1784549724.441098,0.670000,5,1784549999.900229,0.000000,0.040941,-3.390941,cross_momentum sv=0.020 lv=0.020
2987627,S39_Cross_Window_Momentum_Continuation,YES,1784550101.960908,0.680000,5,1784550299.861699,1.000000,0.040247,1.559753,cross_momentum sv=0.030 lv=0.030
2987732,S39_Cross_Window_Momentum_Continuation,NO,1784550308.953149,0.650000,5,1784550599.885473,1.000000,0.042052,1.707948,cross_momentum sv=-0.020 lv=-0.040
2987738,S39_Cross_Window_Momentum_Continuation,NO,1784550743.538315,0.700000,5,1784550899.985501,0.000000,0.038588,-3.538588,cross_momentum sv=-0.020 lv=-0.020
2987786,S39_Cross_Window_Momentum_Continuation,YES,1784550920.708292,0.680000,5,1784551199.957766,0.000000,0.040247,-3.440247,cross_momentum sv=0.030 lv=0.030
2987843,S39_Cross_Window_Momentum_Continuation,YES,1784551537.959564,0.720000,5,1784551799.994505,1.000000,0.036578,1.363422,cross_momentum sv=0.010 lv=0.020
2987849,S39_Cross_Window_Momentum_Continuation,NO,1784551981.49482,0.740000,5,1784552099.942999,1.000000,0.034241,1.265759,cross_momentum sv=-0.050 lv=-0.070
2987910,S39_Cross_Window_Momentum_Continuation,NO,1784552165.778474,0.600000,5,1784552399.918948,1.000000,0.043200,1.956800,cross_momentum sv=-0.050 lv=-0.050
2987917,S39_Cross_Window_Momentum_Continuation,YES,1784552416.933283,0.670000,5,1784552699.987575,0.000000,0.040941,-3.390941,cross_momentum sv=0.070 lv=0.070
2987935,S39_Cross_Window_Momentum_Continuation,YES,1784552754.384014,0.730000,5,1784552999.931963,1.000000,0.035449,1.314551,cross_momentum sv=0.010 lv=0.020
2988028,S39_Cross_Window_Momentum_Continuation,NO,1784553061.602733,0.660000,5,1784553299.996175,1.000000,0.041543,1.658457,cross_momentum sv=-0.050 lv=-0.050
2988076,S39_Cross_Window_Momentum_Continuation,YES,1784554214.55454,0.570000,5,1784554499.9963,1.000000,0.042803,2.107197,cross_momentum sv=0.020 lv=0.030
2988127,S39_Cross_Window_Momentum_Continuation,YES,1784554514.522005,0.620000,5,1784554799.982302,0.000000,0.043018,-3.143018,cross_momentum sv=0.010 lv=0.020
2988295,S39_Cross_Window_Momentum_Continuation,NO,1784554845.692502,0.640000,5,1784555099.909288,1.000000,0.042467,1.757533,cross_momentum sv=-0.020 lv=-0.020
2988311,S39_Cross_Window_Momentum_Continuation,NO,1784555170.975118,0.740000,5,1784555399.935053,0.000000,0.034241,-3.734241,cross_momentum sv=-0.020 lv=-0.040
2988321,S39_Cross_Window_Momentum_Continuation,YES,1784555419.167446,0.610000,5,1784555699.929042,0.000000,0.043155,-3.093155,cross_momentum sv=0.010 lv=0.020
2988339,S39_Cross_Window_Momentum_Continuation,YES,1784555709.952783,0.630000,5,1784555999.900039,0.000000,0.042789,-3.192789,cross_momentum sv=0.040 lv=0.050
2988367,S39_Cross_Window_Momentum_Continuation,YES,1784556037.231416,0.630000,5,1784556299.989414,1.000000,0.042789,1.807211,cross_momentum sv=0.010 lv=0.020
2988378,S39_Cross_Window_Momentum_Continuation,NO,1784556318.894996,0.630000,5,1784556599.883153,0.000000,0.042789,-3.192789,cross_momentum sv=-0.010 lv=-0.020
2988519,S39_Cross_Window_Momentum_Continuation,NO,1784556609.654027,0.620000,5,1784556899.883256,1.000000,0.043018,1.856982,cross_momentum sv=-0.010 lv=-0.020
2988533,S39_Cross_Window_Momentum_Continuation,NO,1784556907.669198,0.590000,5,1784557199.935081,1.000000,0.043155,2.006845,cross_momentum sv=-0.040 lv=-0.040
2988543,S39_Cross_Window_Momentum_Continuation,NO,1784557206.080409,0.610000,5,1784557499.924817,0.000000,0.043155,-3.093155,cross_momentum sv=-0.040 lv=-0.040
2988588,S39_Cross_Window_Momentum_Continuation,YES,1784557512.558146,0.590000,5,1784557799.910504,1.000000,0.043155,2.006845,cross_momentum sv=0.010 lv=0.020
2988612,S39_Cross_Window_Momentum_Continuation,YES,1784557844.180093,0.640000,5,1784558099.906314,0.000000,0.042467,-3.242467,cross_momentum sv=0.020 lv=0.030
2988654,S39_Cross_Window_Momentum_Continuation,NO,1784558124.584863,0.620000,5,1784558399.894756,1.000000,0.043018,1.856982,cross_momentum sv=-0.010 lv=-0.020
2988669,S39_Cross_Window_Momentum_Continuation,YES,1784558448.072174,0.660000,5,1784558699.996306,1.000000,0.041543,1.658457,cross_momentum sv=0.050 lv=0.050
2988686,S39_Cross_Window_Momentum_Continuation,NO,1784558708.475403,0.610000,5,1784558999.950246,1.000000,0.043155,1.906845,cross_momentum sv=-0.040 lv=-0.040
2988697,S39_Cross_Window_Momentum_Continuation,NO,1784559003.925185,0.540000,5,1784559299.947794,1.000000,0.041649,2.258351,cross_momentum sv=-0.020 lv=-0.030
2988810,S39_Cross_Window_Momentum_Continuation,YES,1784559333.093798,0.630000,5,1784559599.998208,1.000000,0.042789,1.807211,cross_momentum sv=0.020 lv=0.020
2988833,S39_Cross_Window_Momentum_Continuation,YES,1784559603.472471,0.650000,5,1784559899.918003,1.000000,0.042052,1.707948,cross_momentum sv=0.010 lv=0.020
2988834,S39_Cross_Window_Momentum_Continuation,NO,1784559921.74715,0.630000,5,1784560199.910462,0.000000,0.042789,-3.192789,cross_momentum sv=-0.030 lv=-0.030
2988850,S39_Cross_Window_Momentum_Continuation,YES,1784560211.36773,0.550000,5,1784560499.876069,1.000000,0.042114,2.207886,cross_momentum sv=0.010 lv=0.020
2988862,S39_Cross_Window_Momentum_Continuation,NO,1784560516.303975,0.620000,5,1784560799.949084,0.000000,0.043018,-3.143018,cross_momentum sv=-0.010 lv=-0.020
2988878,S39_Cross_Window_Momentum_Continuation,NO,1784560844.723247,0.660000,5,1784561099.898624,1.000000,0.041543,1.658457,cross_momentum sv=-0.040 lv=-0.040
2988937,S39_Cross_Window_Momentum_Continuation,NO,1784561112.567204,0.660000,5,1784561399.893704,1.000000,0.041543,1.658457,cross_momentum sv=-0.030 lv=-0.020
2988944,S39_Cross_Window_Momentum_Continuation,YES,1784561417.933826,0.570000,5,1784561699.961462,0.000000,0.042803,-2.892803,cross_momentum sv=0.050 lv=0.040
2989007,S39_Cross_Window_Momentum_Continuation,NO,1784561711.512109,0.610000,5,1784561999.917023,0.000000,0.043155,-3.093155,cross_momentum sv=-0.020 lv=-0.030
2989026,S39_Cross_Window_Momentum_Continuation,YES,1784562045.687982,0.710000,5,1784562299.88293,1.000000,0.037625,1.412375,cross_momentum sv=0.020 lv=0.020
2989034,S39_Cross_Window_Momentum_Continuation,YES,1784562302.709631,0.540000,5,1784562599.99272,1.000000,0.041649,2.258351,cross_momentum sv=0.030 lv=0.040
2989051,S39_Cross_Window_Momentum_Continuation,NO,1784562643.812603,0.580000,5,1784562899.995893,0.000000,0.043022,-2.943022,cross_momentum sv=-0.030 lv=-0.030
2989594,S39_Cross_Window_Momentum_Continuation,YES,1784562908.852526,0.540000,5,1784563199.923756,1.000000,0.041649,2.258351,cross_momentum sv=0.020 lv=0.020
2989898,S39_Cross_Window_Momentum_Continuation,YES,1784563205.916556,0.580000,5,1784563499.901878,0.000000,0.043022,-2.943022,cross_momentum sv=0.030 lv=0.060
2989913,S39_Cross_Window_Momentum_Continuation,NO,1784563526.514455,0.660000,5,1784563799.971519,1.000000,0.041543,1.658457,cross_momentum sv=-0.030 lv=-0.020
2989970,S39_Cross_Window_Momentum_Continuation,YES,1784563817.10163,0.610000,5,1784564099.957946,1.000000,0.043155,1.906845,cross_momentum sv=0.010 lv=0.020
