market_id,strategy,side,entry_time,entry_price,shares,exit_time,exit_price,fee_paid,pnl,reason
2933933,S39_Cross_Window_Momentum_Continuation,NO,1784201627.610745,0.500000,5,1784201699.898366,0.000000,0.039062,-2.539062,cross_momentum sv=-0.200 lv=-0.220
2933981,S39_Cross_Window_Momentum_Continuation,NO,1784201962.785934,0.560000,5,1784201999.989534,0.000000,0.042499,-2.842499,cross_momentum sv=-0.230 lv=-0.320
2934021,S39_Cross_Window_Momentum_Continuation,YES,1784202097.84986,0.640000,5,1784202299.922277,1.000000,0.042467,1.757533,cross_momentum sv=0.020 lv=0.020
2934041,S39_Cross_Window_Momentum_Continuation,NO,1784202447.256161,0.630000,5,1784202599.888569,1.000000,0.042789,1.807211,cross_momentum sv=-0.040 lv=-0.040
2934049,S39_Cross_Window_Momentum_Continuation,NO,1784202634.950302,0.580000,5,1784202899.978167,0.000000,0.043022,-2.943022,cross_momentum sv=-0.020 lv=-0.020
2934325,S39_Cross_Window_Momentum_Continuation,NO,1784203216.658833,0.620000,5,1784203499.906016,1.000000,0.043018,1.856982,cross_momentum sv=-0.040 lv=-0.020
2934344,S39_Cross_Window_Momentum_Continuation,NO,1784203562.805898,0.640000,5,1784203799.905116,0.000000,0.042467,-3.242467,cross_momentum sv=-0.030 lv=-0.030
2934354,S39_Cross_Window_Momentum_Continuation,YES,1784203867.009525,0.640000,5,1784204099.889787,0.000000,0.042467,-3.242467,cross_momentum sv=0.020 lv=0.030
2934361,S39_Cross_Window_Momentum_Continuation,NO,1784204159.034541,0.640000,5,1784204399.9051,0.000000,0.042467,-3.242467,cross_momentum sv=-0.020 lv=-0.030
2934379,S39_Cross_Window_Momentum_Continuation,YES,1784204423.257537,0.650000,5,1784204699.949445,0.000000,0.042052,-3.292052,cross_momentum sv=0.030 lv=0.030
2934397,S39_Cross_Window_Momentum_Continuation,YES,1784205005.430394,0.650000,5,1784205299.994984,0.000000,0.042052,-3.292052,cross_momentum sv=0.030 lv=0.040
2934490,S39_Cross_Window_Momentum_Continuation,NO,1784205655.193087,0.620000,5,1784205899.915684,1.000000,0.043018,1.856982,cross_momentum sv=-0.050 lv=-0.020
2934493,S39_Cross_Window_Momentum_Continuation,NO,1784205921.026143,0.570000,5,1784206199.959226,0.000000,0.042803,-2.892803,cross_momentum sv=-0.020 lv=-0.030
2934573,S39_Cross_Window_Momentum_Continuation,NO,1784206546.706917,0.650000,5,1784206799.91893,1.000000,0.042052,1.707948,cross_momentum sv=-0.020 lv=-0.020
2934590,S39_Cross_Window_Momentum_Continuation,YES,1784207135.691895,0.610000,5,1784207399.957443,1.000000,0.043155,1.906845,cross_momentum sv=0.040 lv=0.040
2934623,S39_Cross_Window_Momentum_Continuation,NO,1784207908.925598,0.650000,5,1784207999.954737,0.000000,0.042052,-3.292052,cross_momentum sv=-0.060 lv=-0.060
2934650,S39_Cross_Window_Momentum_Continuation,NO,1784208310.889876,0.640000,5,1784208599.960075,0.000000,0.042467,-3.242467,cross_momentum sv=-0.060 lv=-0.040
2934730,S39_Cross_Window_Momentum_Continuation,YES,1784208667.610591,0.570000,5,1784208899.983656,1.000000,0.042803,2.107197,cross_momentum sv=0.020 lv=0.030
2934777,S39_Cross_Window_Momentum_Continuation,NO,1784208923.196502,0.600000,5,1784209199.984145,1.000000,0.043200,1.956800,cross_momentum sv=-0.020 lv=-0.020
2934814,S39_Cross_Window_Momentum_Continuation,YES,1784209208.495623,0.600000,5,1784209499.996363,0.000000,0.043200,-3.043200,cross_momentum sv=0.020 lv=0.020
2934831,S39_Cross_Window_Momentum_Continuation,YES,1784209505.854673,0.620000,5,1784209799.95927,1.000000,0.043018,1.856982,cross_momentum sv=0.030 lv=0.030
2934863,S39_Cross_Window_Momentum_Continuation,YES,1784209824.48085,0.640000,5,1784210099.925036,1.000000,0.042467,1.757533,cross_momentum sv=0.050 lv=0.050
2934877,S39_Cross_Window_Momentum_Continuation,NO,1784210105.155967,0.560000,5,1784210399.959285,0.000000,0.042499,-2.842499,cross_momentum sv=-0.030 lv=-0.030
2934890,S39_Cross_Window_Momentum_Continuation,YES,1784210406.996213,0.610000,5,1784210699.882863,0.000000,0.043155,-3.093155,cross_momentum sv=0.050 lv=0.030
2934906,S39_Cross_Window_Momentum_Continuation,YES,1784210707.987006,0.600000,5,1784210999.90861,1.000000,0.043200,1.956800,cross_momentum sv=0.020 lv=0.020
2934922,S39_Cross_Window_Momentum_Continuation,NO,1784211068.035561,0.650000,5,1784211299.965166,0.000000,0.042052,-3.292052,cross_momentum sv=-0.020 lv=-0.020
2934932,S39_Cross_Window_Momentum_Continuation,NO,1784211324.290711,0.630000,5,1784211600.000436,0.000000,0.042789,-3.192789,cross_momentum sv=-0.030 lv=-0.040
2934961,S39_Cross_Window_Momentum_Continuation,NO,1784211922.700256,0.650000,5,1784212199.944591,0.000000,0.042052,-3.292052,cross_momentum sv=-0.020 lv=-0.020
2934977,S39_Cross_Window_Momentum_Continuation,YES,1784212209.109989,0.600000,5,1784212499.981085,0.000000,0.043200,-3.043200,cross_momentum sv=0.020 lv=0.030
2935023,S39_Cross_Window_Momentum_Continuation,YES,1784212552.60833,0.600000,5,1784212799.993802,0.000000,0.043200,-3.043200,cross_momentum sv=0.030 lv=0.020
2935037,S39_Cross_Window_Momentum_Continuation,NO,1784212837.109967,0.570000,5,1784213099.953344,0.000000,0.042803,-2.892803,cross_momentum sv=-0.020 lv=-0.030
2935060,S39_Cross_Window_Momentum_Continuation,NO,1784213110.451182,0.570000,5,1784213399.95051,1.000000,0.042803,2.107197,cross_momentum sv=-0.020 lv=-0.020
2935061,S39_Cross_Window_Momentum_Continuation,NO,1784213413.131326,0.570000,5,1784213699.989363,1.000000,0.042803,2.107197,cross_momentum sv=-0.040 lv=-0.040
2935086,S39_Cross_Window_Momentum_Continuation,NO,1784213713.470783,0.630000,5,1784213999.888917,1.000000,0.042789,1.807211,cross_momentum sv=-0.030 lv=-0.040
2935087,S39_Cross_Window_Momentum_Continuation,YES,1784214005.355772,0.620000,5,1784214299.861777,0.000000,0.043018,-3.143018,cross_momentum sv=0.020 lv=0.030
2935106,S39_Cross_Window_Momentum_Continuation,NO,1784214335.252431,0.650000,5,1784214599.944456,1.000000,0.042052,1.707948,cross_momentum sv=-0.020 lv=-0.020
2935124,S39_Cross_Window_Momentum_Continuation,YES,1784214690.057666,0.520000,5,1784214899.918153,0.000000,0.040495,-2.640495,cross_momentum sv=0.020 lv=0.020
2935166,S39_Cross_Window_Momentum_Continuation,NO,1784214921.258567,0.550000,5,1784215199.919174,0.000000,0.042114,-2.792114,cross_momentum sv=-0.040 lv=-0.040
2935175,S39_Cross_Window_Momentum_Continuation,YES,1784215262.532815,0.600000,5,1784215499.982782,1.000000,0.043200,1.956800,cross_momentum sv=0.030 lv=0.040
2935185,S39_Cross_Window_Momentum_Continuation,YES,1784215516.258232,0.630000,5,1784215800.004147,1.000000,0.042789,1.807211,cross_momentum sv=0.020 lv=0.020
2935252,S39_Cross_Window_Momentum_Continuation,NO,1784216110.806117,0.580000,5,1784216399.959844,0.000000,0.043022,-2.943022,cross_momentum sv=-0.020 lv=-0.020
2935260,S39_Cross_Window_Momentum_Continuation,NO,1784216434.49113,0.640000,5,1784216699.896426,1.000000,0.042467,1.757533,cross_momentum sv=-0.040 lv=-0.050
2935273,S39_Cross_Window_Momentum_Continuation,NO,1784216753.402641,0.650000,5,1784216999.951163,0.000000,0.042052,-3.292052,cross_momentum sv=-0.050 lv=-0.050
2935293,S39_Cross_Window_Momentum_Continuation,YES,1784217054.88944,0.620000,5,1784217299.997166,0.000000,0.043018,-3.143018,cross_momentum sv=0.030 lv=0.030
2935486,S39_Cross_Window_Momentum_Continuation,NO,1784217326.376362,0.640000,5,1784217599.958373,1.000000,0.042467,1.757533,cross_momentum sv=-0.070 lv=-0.080
2935536,S39_Cross_Window_Momentum_Continuation,NO,1784217670.316583,0.610000,5,1784217899.891045,1.000000,0.043155,1.906845,cross_momentum sv=-0.030 lv=-0.030
2935547,S39_Cross_Window_Momentum_Continuation,NO,1784217910.885382,0.590000,5,1784218199.920624,1.000000,0.043155,2.006845,cross_momentum sv=-0.030 lv=-0.020
2935578,S39_Cross_Window_Momentum_Continuation,NO,1784218539.011999,0.630000,5,1784218799.959224,1.000000,0.042789,1.807211,cross_momentum sv=-0.060 lv=-0.060
2935583,S39_Cross_Window_Momentum_Continuation,NO,1784218906.650729,0.630000,5,1784219099.930195,1.000000,0.042789,1.807211,cross_momentum sv=-0.030 lv=-0.030
2935593,S39_Cross_Window_Momentum_Continuation,YES,1784219135.417562,0.650000,5,1784219399.999461,1.000000,0.042052,1.707948,cross_momentum sv=0.040 lv=0.040
2935604,S39_Cross_Window_Momentum_Continuation,YES,1784219412.9652,0.640000,5,1784219699.941756,1.000000,0.042467,1.757533,cross_momentum sv=0.020 lv=0.020
2935659,S39_Cross_Window_Momentum_Continuation,NO,1784219734.055346,0.650000,5,1784219999.954897,1.000000,0.042052,1.707948,cross_momentum sv=-0.040 lv=-0.040
2935671,S39_Cross_Window_Momentum_Continuation,YES,1784220028.894616,0.640000,5,1784220299.926822,0.000000,0.042467,-3.242467,cross_momentum sv=0.020 lv=0.020
2935691,S39_Cross_Window_Momentum_Continuation,NO,1784220350.129089,0.620000,5,1784220599.982654,0.000000,0.043018,-3.143018,cross_momentum sv=-0.040 lv=-0.050
2936247,S39_Cross_Window_Momentum_Continuation,YES,1784220925.405379,0.640000,5,1784221199.945146,1.000000,0.042467,1.757533,cross_momentum sv=0.020 lv=0.030
2936266,S39_Cross_Window_Momentum_Continuation,NO,1784221212.057129,0.600000,5,1784221499.954992,1.000000,0.043200,1.956800,cross_momentum sv=-0.020 lv=-0.020
2936273,S39_Cross_Window_Momentum_Continuation,NO,1784221530.748768,0.610000,5,1784221799.965192,1.000000,0.043155,1.906845,cross_momentum sv=-0.020 lv=-0.020
2936346,S39_Cross_Window_Momentum_Continuation,NO,1784222242.258777,0.630000,5,1784222399.987714,0.000000,0.042789,-3.192789,cross_momentum sv=-0.080 lv=-0.100
2936368,S39_Cross_Window_Momentum_Continuation,YES,1784222408.074931,0.630000,5,1784222700.001951,1.000000,0.042789,1.807211,cross_momentum sv=0.020 lv=0.020
2936522,S39_Cross_Window_Momentum_Continuation,NO,1784222809.300723,0.650000,5,1784222999.914208,0.000000,0.042052,-3.292052,cross_momentum sv=-0.030 lv=-0.030
2936536,S39_Cross_Window_Momentum_Continuation,YES,1784223024.309639,0.650000,5,1784223299.888188,1.000000,0.042052,1.707948,cross_momentum sv=0.030 lv=0.020
2936584,S39_Cross_Window_Momentum_Continuation,NO,1784223369.443267,0.630000,5,1784223599.959077,1.000000,0.042789,1.807211,cross_momentum sv=-0.110 lv=-0.110
2936593,S39_Cross_Window_Momentum_Continuation,NO,1784223667.904214,0.630000,5,1784223899.968809,1.000000,0.042789,1.807211,cross_momentum sv=-0.060 lv=-0.050
2936613,S39_Cross_Window_Momentum_Continuation,NO,1784223955.422812,0.610000,5,1784224199.893499,1.000000,0.043155,1.906845,cross_momentum sv=-0.060 lv=-0.060
2936631,S39_Cross_Window_Momentum_Continuation,NO,1784224232.107282,0.650000,5,1784224499.910352,1.000000,0.042052,1.707948,cross_momentum sv=-0.030 lv=-0.030
2936666,S39_Cross_Window_Momentum_Continuation,NO,1784224818.473509,0.490000,5,1784225099.877007,0.000000,0.038251,-2.488251,cross_momentum sv=-0.070 lv=-0.070
2936791,S39_Cross_Window_Momentum_Continuation,NO,1784225708.685193,0.580000,5,1784225999.91878,0.000000,0.043022,-2.943022,cross_momentum sv=-0.030 lv=-0.040
2936854,S39_Cross_Window_Momentum_Continuation,NO,1784226017.540232,0.650000,5,1784226299.941212,0.000000,0.042052,-3.292052,cross_momentum sv=-0.020 lv=-0.020
2936934,S39_Cross_Window_Momentum_Continuation,NO,1784226376.933382,0.640000,5,1784226599.887855,1.000000,0.042467,1.757533,cross_momentum sv=-0.020 lv=-0.020
2937046,S39_Cross_Window_Momentum_Continuation,NO,1784226610.517103,0.600000,5,1784226899.963584,1.000000,0.043200,1.956800,cross_momentum sv=-0.020 lv=-0.020
2937142,S39_Cross_Window_Momentum_Continuation,NO,1784226912.752445,0.640000,5,1784227199.885841,1.000000,0.042467,1.757533,cross_momentum sv=-0.030 lv=-0.030
2937159,S39_Cross_Window_Momentum_Continuation,NO,1784227218.636281,0.630000,5,1784227499.934495,0.000000,0.042789,-3.192789,cross_momentum sv=-0.050 lv=-0.050
2937169,S39_Cross_Window_Momentum_Continuation,YES,1784227574.239579,0.650000,5,1784227799.928024,1.000000,0.042052,1.707948,cross_momentum sv=0.020 lv=0.020
2937288,S39_Cross_Window_Momentum_Continuation,NO,1784228117.329967,0.630000,5,1784228399.898124,1.000000,0.042789,1.807211,cross_momentum sv=-0.040 lv=-0.040
2937377,S39_Cross_Window_Momentum_Continuation,NO,1784228404.845937,0.600000,5,1784228699.987698,0.000000,0.043200,-3.043200,cross_momentum sv=-0.030 lv=-0.050
2937400,S39_Cross_Window_Momentum_Continuation,NO,1784229009.216338,0.640000,5,1784229299.909584,1.000000,0.042467,1.757533,cross_momentum sv=-0.030 lv=-0.030
2937410,S39_Cross_Window_Momentum_Continuation,NO,1784229356.383281,0.640000,5,1784229599.891282,1.000000,0.042467,1.757533,cross_momentum sv=-0.040 lv=-0.060
2937435,S39_Cross_Window_Momentum_Continuation,NO,1784230039.465222,0.640000,5,1784230199.890109,0.000000,0.042467,-3.242467,cross_momentum sv=-0.060 lv=-0.060
2937452,S39_Cross_Window_Momentum_Continuation,NO,1784230206.550789,0.620000,5,1784230499.948483,1.000000,0.043018,1.856982,cross_momentum sv=-0.050 lv=-0.050
2937491,S39_Cross_Window_Momentum_Continuation,NO,1784230524.057821,0.620000,5,1784230799.931368,1.000000,0.043018,1.856982,cross_momentum sv=-0.040 lv=-0.030
2937499,S39_Cross_Window_Momentum_Continuation,NO,1784230863.31801,0.600000,5,1784231099.86402,1.000000,0.043200,1.956800,cross_momentum sv=-0.040 lv=-0.060
2937638,S39_Cross_Window_Momentum_Continuation,NO,1784231953.708804,0.630000,5,1784231999.911824,0.000000,0.042789,-3.192789,cross_momentum sv=-0.100 lv=-0.100
2937677,S39_Cross_Window_Momentum_Continuation,NO,1784232159.018118,0.620000,5,1784232299.974743,1.000000,0.043018,1.856982,cross_momentum sv=-0.110 lv=-0.110
2937736,S39_Cross_Window_Momentum_Continuation,NO,1784233538.904019,0.640000,5,1784233800.001427,1.000000,0.042467,1.757533,cross_momentum sv=-0.050 lv=-0.050
2937751,S39_Cross_Window_Momentum_Continuation,NO,1784233862.249206,0.630000,5,1784234099.896142,0.000000,0.042789,-3.192789,cross_momentum sv=-0.030 lv=-0.030
2937826,S39_Cross_Window_Momentum_Continuation,NO,1784234483.612424,0.650000,5,1784234699.893131,1.000000,0.042052,1.707948,cross_momentum sv=-0.080 lv=-0.070
2937846,S39_Cross_Window_Momentum_Continuation,NO,1784235206.753421,0.640000,5,1784235299.965304,1.000000,0.042467,1.757533,cross_momentum sv=-0.100 lv=-0.100
2937859,S39_Cross_Window_Momentum_Continuation,YES,1784235540.924793,0.510000,5,1784235599.968562,0.000000,0.039812,-2.589812,cross_momentum sv=0.020 lv=0.020
2937879,S39_Cross_Window_Momentum_Continuation,NO,1784235772.638216,0.650000,5,1784235899.891278,0.000000,0.042052,-3.292052,cross_momentum sv=-0.090 lv=-0.090
2937940,S39_Cross_Window_Momentum_Continuation,NO,1784237466.101468,0.560000,5,1784237699.950523,1.000000,0.042499,2.157501,cross_momentum sv=-0.030 lv=-0.030
2937993,S39_Cross_Window_Momentum_Continuation,YES,1784237745.515543,0.520000,5,1784238000.002433,1.000000,0.040495,2.359505,cross_momentum sv=0.020 lv=0.020
2937997,S39_Cross_Window_Momentum_Continuation,NO,1784238208.91403,0.240000,5,1784238299.997709,0.000000,0.009981,-1.209981,cross_momentum sv=-0.020 lv=-0.020
2938439,S39_Cross_Window_Momentum_Continuation,NO,1784239822.675789,0.510000,5,1784240099.957255,0.000000,0.039812,-2.589812,cross_momentum sv=-0.030 lv=-0.030
2938471,S39_Cross_Window_Momentum_Continuation,NO,1784240747.528434,0.640000,5,1784240999.94863,1.000000,0.042467,1.757533,cross_momentum sv=-0.120 lv=-0.110
2938546,S39_Cross_Window_Momentum_Continuation,NO,1784241736.087272,0.600000,5,1784241899.90511,1.000000,0.043200,1.956800,cross_momentum sv=-0.180 lv=-0.170
2938557,S39_Cross_Window_Momentum_Continuation,NO,1784241978.607539,0.560000,5,1784242199.917818,1.000000,0.042499,2.157501,cross_momentum sv=-0.030 lv=-0.030
2938563,S39_Cross_Window_Momentum_Continuation,NO,1784242268.095157,0.520000,5,1784242499.926384,1.000000,0.040495,2.359505,cross_momentum sv=-0.040 lv=-0.040
2940872,S39_Cross_Window_Momentum_Continuation,NO,1784242805.274224,0.640000,5,1784243100.005045,1.000000,0.042467,1.757533,cross_momentum sv=-0.050 lv=-0.050
2940896,S39_Cross_Window_Momentum_Continuation,NO,1784243549.023922,0.390000,5,1784243699.923379,1.000000,0.027591,3.022409,cross_momentum sv=-0.060 lv=-0.060
2940904,S39_Cross_Window_Momentum_Continuation,NO,1784243747.654553,0.650000,5,1784243999.960522,1.000000,0.042052,1.707948,cross_momentum sv=-0.040 lv=-0.030
2940920,S39_Cross_Window_Momentum_Continuation,NO,1784244012.80744,0.610000,5,1784244299.917143,1.000000,0.043155,1.906845,cross_momentum sv=-0.050 lv=-0.020
2940939,S39_Cross_Window_Momentum_Continuation,NO,1784244610.821575,0.630000,5,1784244899.911702,1.000000,0.042789,1.807211,cross_momentum sv=-0.040 lv=-0.060
2940986,S39_Cross_Window_Momentum_Continuation,NO,1784245143.292498,0.650000,5,1784245199.984047,1.000000,0.042052,1.707948,cross_momentum sv=-0.030 lv=-0.040
2941006,S39_Cross_Window_Momentum_Continuation,NO,1784245557.44167,0.650000,5,1784245800.000239,0.000000,0.042052,-3.292052,cross_momentum sv=-0.030 lv=-0.020
2941053,S39_Cross_Window_Momentum_Continuation,NO,1784246415.928779,0.640000,5,1784246699.922803,1.000000,0.042467,1.757533,cross_momentum sv=-0.020 lv=-0.020
2941084,S39_Cross_Window_Momentum_Continuation,NO,1784246706.597371,0.520000,5,1784246999.899043,1.000000,0.040495,2.359505,cross_momentum sv=-0.040 lv=-0.040
2941128,S39_Cross_Window_Momentum_Continuation,NO,1784247670.864223,0.570000,5,1784247899.998631,1.000000,0.042803,2.107197,cross_momentum sv=-0.040 lv=-0.040
2941133,S39_Cross_Window_Momentum_Continuation,NO,1784247918.170652,0.580000,5,1784248199.888789,1.000000,0.043022,2.056978,cross_momentum sv=-0.040 lv=-0.040
2941171,S39_Cross_Window_Momentum_Continuation,NO,1784248534.530361,0.620000,5,1784248800.004192,1.000000,0.043018,1.856982,cross_momentum sv=-0.020 lv=-0.020
2941199,S39_Cross_Window_Momentum_Continuation,NO,1784248920.971024,0.490000,5,1784249099.919688,0.000000,0.038251,-2.488251,cross_momentum sv=-0.030 lv=-0.050
2941224,S39_Cross_Window_Momentum_Continuation,YES,1784249107.78677,0.600000,5,1784249399.956038,1.000000,0.043200,1.956800,cross_momentum sv=0.020 lv=0.020
2941252,S39_Cross_Window_Momentum_Continuation,NO,1784249445.070907,0.650000,5,1784249699.948754,1.000000,0.042052,1.707948,cross_momentum sv=-0.020 lv=-0.020
2941372,S39_Cross_Window_Momentum_Continuation,YES,1784249725.102735,0.620000,5,1784249999.964673,1.000000,0.043018,1.856982,cross_momentum sv=0.020 lv=0.030
2941612,S39_Cross_Window_Momentum_Continuation,NO,1784250008.88658,0.590000,5,1784250299.946213,0.000000,0.043155,-2.993155,cross_momentum sv=-0.070 lv=-0.080
2941717,S39_Cross_Window_Momentum_Continuation,YES,1784250611.02997,0.550000,5,1784250899.90547,0.000000,0.042114,-2.792114,cross_momentum sv=0.060 lv=0.060
2941733,S39_Cross_Window_Momentum_Continuation,YES,1784250937.491863,0.610000,5,1784251199.916071,0.000000,0.043155,-3.093155,cross_momentum sv=0.020 lv=0.020
2941761,S39_Cross_Window_Momentum_Continuation,NO,1784251305.480897,0.640000,5,1784251499.988085,0.000000,0.042467,-3.242467,cross_momentum sv=-0.020 lv=-0.020
2941857,S39_Cross_Window_Momentum_Continuation,NO,1784252710.638448,0.580000,5,1784252999.901382,1.000000,0.043022,2.056978,cross_momentum sv=-0.020 lv=-0.030
2941872,S39_Cross_Window_Momentum_Continuation,NO,1784253020.732784,0.650000,5,1784253299.980835,1.000000,0.042052,1.707948,cross_momentum sv=-0.020 lv=-0.020
2941882,S39_Cross_Window_Momentum_Continuation,NO,1784253312.177006,0.500000,5,1784253599.93024,0.000000,0.039062,-2.539062,cross_momentum sv=-0.040 lv=-0.040
2941892,S39_Cross_Window_Momentum_Continuation,NO,1784253605.67931,0.600000,5,1784253899.973774,0.000000,0.043200,-3.043200,cross_momentum sv=-0.020 lv=-0.020
2941907,S39_Cross_Window_Momentum_Continuation,YES,1784253971.267938,0.630000,5,1784254199.965999,0.000000,0.042789,-3.192789,cross_momentum sv=0.020 lv=0.020
2941910,S39_Cross_Window_Momentum_Continuation,NO,1784254216.1302,0.530000,5,1784254499.907059,0.000000,0.041109,-2.691109,cross_momentum sv=-0.040 lv=-0.050
2941923,S39_Cross_Window_Momentum_Continuation,NO,1784254599.963942,0.650000,5,1784254800.003201,1.000000,0.042052,1.707948,cross_momentum sv=-0.040 lv=-0.050
2941934,S39_Cross_Window_Momentum_Continuation,NO,1784254822.195875,0.600000,5,1784255099.979401,1.000000,0.043200,1.956800,cross_momentum sv=-0.020 lv=-0.020
2941937,S39_Cross_Window_Momentum_Continuation,NO,1784255268.142497,0.640000,5,1784255399.991291,1.000000,0.042467,1.757533,cross_momentum sv=-0.020 lv=-0.020
2941944,S39_Cross_Window_Momentum_Continuation,NO,1784255411.294258,0.610000,5,1784255699.90623,1.000000,0.043155,1.906845,cross_momentum sv=-0.030 lv=-0.050
2941957,S39_Cross_Window_Momentum_Continuation,NO,1784255727.471161,0.540000,5,1784255999.923862,1.000000,0.041649,2.258351,cross_momentum sv=-0.040 lv=-0.050
2941965,S39_Cross_Window_Momentum_Continuation,NO,1784256009.615595,0.600000,5,1784256299.986386,0.000000,0.043200,-3.043200,cross_momentum sv=-0.020 lv=-0.030
2942033,S39_Cross_Window_Momentum_Continuation,YES,1784256311.981429,0.610000,5,1784256599.994121,0.000000,0.043155,-3.093155,cross_momentum sv=0.020 lv=0.030
2942045,S39_Cross_Window_Momentum_Continuation,YES,1784256610.851504,0.640000,5,1784256899.923517,0.000000,0.042467,-3.242467,cross_momentum sv=0.040 lv=0.030
2942148,S39_Cross_Window_Momentum_Continuation,YES,1784257349.65325,0.630000,5,1784257499.967485,1.000000,0.042789,1.807211,cross_momentum sv=0.020 lv=0.020
2942165,S39_Cross_Window_Momentum_Continuation,NO,1784257810.604393,0.610000,5,1784258099.976137,1.000000,0.043155,1.906845,cross_momentum sv=-0.060 lv=-0.060
2942180,S39_Cross_Window_Momentum_Continuation,YES,1784258177.563897,0.640000,5,1784258399.921021,1.000000,0.042467,1.757533,cross_momentum sv=0.050 lv=0.040
2942186,S39_Cross_Window_Momentum_Continuation,NO,1784258578.394281,0.570000,5,1784258699.979133,1.000000,0.042803,2.107197,cross_momentum sv=-0.040 lv=-0.020
2942197,S39_Cross_Window_Momentum_Continuation,YES,1784258917.775351,0.600000,5,1784258999.907801,1.000000,0.043200,1.956800,cross_momentum sv=0.030 lv=0.020
2942217,S39_Cross_Window_Momentum_Continuation,NO,1784259032.937541,0.600000,5,1784259299.987017,0.000000,0.043200,-3.043200,cross_momentum sv=-0.080 lv=-0.080
2942263,S39_Cross_Window_Momentum_Continuation,NO,1784259320.213227,0.640000,5,1784259599.99159,1.000000,0.042467,1.757533,cross_momentum sv=-0.040 lv=-0.030
2942302,S39_Cross_Window_Momentum_Continuation,NO,1784259959.635659,0.630000,5,1784260199.915776,1.000000,0.042789,1.807211,cross_momentum sv=-0.030 lv=-0.030
2942303,S39_Cross_Window_Momentum_Continuation,NO,1784260321.649313,0.620000,5,1784260499.966943,0.000000,0.043018,-3.143018,cross_momentum sv=-0.090 lv=-0.090
2942458,S39_Cross_Window_Momentum_Continuation,YES,1784260604.359878,0.650000,5,1784260799.932101,1.000000,0.042052,1.707948,cross_momentum sv=0.020 lv=0.030
2942683,S39_Cross_Window_Momentum_Continuation,NO,1784260868.695528,0.530000,5,1784261099.98239,1.000000,0.041109,2.308891,cross_momentum sv=-0.040 lv=-0.040
2942712,S39_Cross_Window_Momentum_Continuation,YES,1784261740.456912,0.650000,5,1784261999.932384,0.000000,0.042052,-3.292052,cross_momentum sv=0.020 lv=0.030
2942729,S39_Cross_Window_Momentum_Continuation,NO,1784262017.624272,0.560000,5,1784262300.00905,0.000000,0.042499,-2.842499,cross_momentum sv=-0.040 lv=-0.040
2942801,S39_Cross_Window_Momentum_Continuation,NO,1784262405.786586,0.580000,5,1784262599.905953,1.000000,0.043022,2.056978,cross_momentum sv=-0.020 lv=-0.020
2942816,S39_Cross_Window_Momentum_Continuation,NO,1784262673.379345,0.600000,5,1784262899.916252,1.000000,0.043200,1.956800,cross_momentum sv=-0.020 lv=-0.020
2942856,S39_Cross_Window_Momentum_Continuation,YES,1784262910.780939,0.630000,5,1784263199.944326,1.000000,0.042789,1.807211,cross_momentum sv=0.020 lv=0.030
2942867,S39_Cross_Window_Momentum_Continuation,NO,1784263230.146593,0.650000,5,1784263499.998926,0.000000,0.042052,-3.292052,cross_momentum sv=-0.020 lv=-0.020
2942870,S39_Cross_Window_Momentum_Continuation,YES,1784263514.559075,0.650000,5,1784263799.97804,1.000000,0.042052,1.707948,cross_momentum sv=0.020 lv=0.020
2942911,S39_Cross_Window_Momentum_Continuation,NO,1784263821.018833,0.630000,5,1784264099.930954,1.000000,0.042789,1.807211,cross_momentum sv=-0.040 lv=-0.040
2943257,S39_Cross_Window_Momentum_Continuation,NO,1784264143.35025,0.640000,5,1784264399.986432,1.000000,0.042467,1.757533,cross_momentum sv=-0.070 lv=-0.100
2943452,S39_Cross_Window_Momentum_Continuation,NO,1784264771.551326,0.650000,5,1784264999.90873,0.000000,0.042052,-3.292052,cross_momentum sv=-0.030 lv=-0.050
2943481,S39_Cross_Window_Momentum_Continuation,NO,1784265131.648482,0.640000,5,1784265299.995107,0.000000,0.042467,-3.242467,cross_momentum sv=-0.040 lv=-0.040
2943487,S39_Cross_Window_Momentum_Continuation,NO,1784265417.536072,0.640000,5,1784265599.927111,1.000000,0.042467,1.757533,cross_momentum sv=-0.080 lv=-0.080
2943503,S39_Cross_Window_Momentum_Continuation,NO,1784265677.635999,0.630000,5,1784265899.912781,1.000000,0.042789,1.807211,cross_momentum sv=-0.060 lv=-0.060
2943538,S39_Cross_Window_Momentum_Continuation,YES,1784266240.954869,0.650000,5,1784266499.966139,0.000000,0.042052,-3.292052,cross_momentum sv=0.020 lv=0.020
2943542,S39_Cross_Window_Momentum_Continuation,NO,1784266541.006886,0.640000,5,1784266799.973417,1.000000,0.042467,1.757533,cross_momentum sv=-0.030 lv=-0.030
2945828,S39_Cross_Window_Momentum_Continuation,NO,1784287339.970647,0.610000,5,1784287499.92323,1.000000,0.043155,1.906845,cross_momentum sv=-0.050 lv=-0.050
2945848,S39_Cross_Window_Momentum_Continuation,NO,1784287992.005245,0.630000,5,1784288099.963026,0.000000,0.042789,-3.192789,cross_momentum sv=-0.070 lv=-0.110
2945879,S39_Cross_Window_Momentum_Continuation,NO,1784288627.465339,0.600000,5,1784288699.996699,0.000000,0.043200,-3.043200,cross_momentum sv=-0.100 lv=-0.100
2945898,S39_Cross_Window_Momentum_Continuation,NO,1784289038.733913,0.620000,5,1784289299.926623,0.000000,0.043018,-3.143018,cross_momentum sv=-0.060 lv=-0.080
2946009,S39_Cross_Window_Momentum_Continuation,NO,1784291481.107895,0.530000,5,1784291699.953407,1.000000,0.041109,2.308891,cross_momentum sv=-0.060 lv=-0.090
2946068,S39_Cross_Window_Momentum_Continuation,NO,1784291759.018648,0.620000,5,1784291999.958727,1.000000,0.043018,1.856982,cross_momentum sv=-0.020 lv=-0.030
2946074,S39_Cross_Window_Momentum_Continuation,NO,1784292020.353789,0.600000,5,1784292299.960661,1.000000,0.043200,1.956800,cross_momentum sv=-0.060 lv=-0.050
2946090,S39_Cross_Window_Momentum_Continuation,NO,1784292374.009463,0.650000,5,1784292599.893973,1.000000,0.042052,1.707948,cross_momentum sv=-0.070 lv=-0.080
2946155,S39_Cross_Window_Momentum_Continuation,NO,1784292994.545377,0.620000,5,1784293199.87238,1.000000,0.043018,1.856982,cross_momentum sv=-0.050 lv=-0.050
2946172,S39_Cross_Window_Momentum_Continuation,NO,1784293242.65856,0.610000,5,1784293499.991029,1.000000,0.043155,1.906845,cross_momentum sv=-0.050 lv=-0.050
2946192,S39_Cross_Window_Momentum_Continuation,NO,1784293846.798896,0.580000,5,1784294099.993776,1.000000,0.043022,2.056978,cross_momentum sv=-0.060 lv=-0.050
2946204,S39_Cross_Window_Momentum_Continuation,YES,1784294238.769572,0.640000,5,1784294399.959374,1.000000,0.042467,1.757533,cross_momentum sv=0.050 lv=0.020
2946219,S39_Cross_Window_Momentum_Continuation,YES,1784294416.995874,0.650000,5,1784294700.000378,0.000000,0.042052,-3.292052,cross_momentum sv=0.020 lv=0.030
2946223,S39_Cross_Window_Momentum_Continuation,NO,1784294714.003329,0.630000,5,1784295000.005894,1.000000,0.042789,1.807211,cross_momentum sv=-0.020 lv=-0.020
2946230,S39_Cross_Window_Momentum_Continuation,YES,1784295083.597106,0.620000,5,1784295299.982951,0.000000,0.043018,-3.143018,cross_momentum sv=0.030 lv=0.030
2946285,S39_Cross_Window_Momentum_Continuation,NO,1784295368.100052,0.560000,5,1784295599.907902,1.000000,0.042499,2.157501,cross_momentum sv=-0.040 lv=-0.040
2946378,S39_Cross_Window_Momentum_Continuation,NO,1784295852.695106,0.640000,5,1784295899.964635,1.000000,0.042467,1.757533,cross_momentum sv=-0.080 lv=-0.050
2946425,S39_Cross_Window_Momentum_Continuation,NO,1784295923.10453,0.510000,5,1784296199.956958,0.000000,0.039812,-2.589812,cross_momentum sv=-0.030 lv=-0.030
2946460,S39_Cross_Window_Momentum_Continuation,YES,1784296223.158265,0.570000,5,1784296499.95677,1.000000,0.042803,2.107197,cross_momentum sv=0.030 lv=0.030
2946483,S39_Cross_Window_Momentum_Continuation,NO,1784296510.994611,0.590000,5,1784296799.974381,0.000000,0.043155,-2.993155,cross_momentum sv=-0.030 lv=-0.020
2946540,S39_Cross_Window_Momentum_Continuation,YES,1784296806.197092,0.520000,5,1784297099.937954,1.000000,0.040495,2.359505,cross_momentum sv=0.040 lv=0.030
2946548,S39_Cross_Window_Momentum_Continuation,YES,1784297101.916727,0.530000,5,1784297399.997412,1.000000,0.041109,2.308891,cross_momentum sv=0.040 lv=0.050
2946666,S39_Cross_Window_Momentum_Continuation,YES,1784297410.452192,0.550000,5,1784297699.95034,1.000000,0.042114,2.207886,cross_momentum sv=0.020 lv=0.020
2946686,S39_Cross_Window_Momentum_Continuation,NO,1784297726.133108,0.650000,5,1784297999.896367,1.000000,0.042052,1.707948,cross_momentum sv=-0.050 lv=-0.050
2946696,S39_Cross_Window_Momentum_Continuation,YES,1784298022.412132,0.630000,5,1784298299.9921,0.000000,0.042789,-3.192789,cross_momentum sv=0.040 lv=0.050
2946722,S39_Cross_Window_Momentum_Continuation,YES,1784298341.012431,0.640000,5,1784298599.990555,0.000000,0.042467,-3.242467,cross_momentum sv=0.020 lv=0.020
2946736,S39_Cross_Window_Momentum_Continuation,NO,1784298636.413227,0.650000,5,1784298899.919252,1.000000,0.042052,1.707948,cross_momentum sv=-0.020 lv=-0.020
2946781,S39_Cross_Window_Momentum_Continuation,YES,1784298936.648083,0.620000,5,1784299199.93875,1.000000,0.043018,1.856982,cross_momentum sv=0.020 lv=0.030
2946787,S39_Cross_Window_Momentum_Continuation,NO,1784299206.33946,0.530000,5,1784299499.884654,1.000000,0.041109,2.308891,cross_momentum sv=-0.050 lv=-0.030
2946808,S39_Cross_Window_Momentum_Continuation,NO,1784299514.326676,0.570000,5,1784299799.987721,1.000000,0.042803,2.107197,cross_momentum sv=-0.020 lv=-0.030
2946815,S39_Cross_Window_Momentum_Continuation,YES,1784299820.523286,0.610000,5,1784300099.925787,0.000000,0.043155,-3.093155,cross_momentum sv=0.040 lv=0.030
2946899,S39_Cross_Window_Momentum_Continuation,YES,1784300114.794315,0.620000,5,1784300399.940893,1.000000,0.043018,1.856982,cross_momentum sv=0.020 lv=0.020
2946909,S39_Cross_Window_Momentum_Continuation,NO,1784300413.213373,0.640000,5,1784300699.917229,1.000000,0.042467,1.757533,cross_momentum sv=-0.020 lv=-0.030
2946919,S39_Cross_Window_Momentum_Continuation,NO,1784300751.089312,0.640000,5,1784300999.941622,1.000000,0.042467,1.757533,cross_momentum sv=-0.020 lv=-0.020
2946934,S39_Cross_Window_Momentum_Continuation,YES,1784301006.133713,0.600000,5,1784301300.008617,0.000000,0.043200,-3.043200,cross_momentum sv=0.030 lv=0.050
2946950,S39_Cross_Window_Momentum_Continuation,YES,1784301336.848355,0.650000,5,1784301599.900326,1.000000,0.042052,1.707948,cross_momentum sv=0.020 lv=0.030
2946954,S39_Cross_Window_Momentum_Continuation,NO,1784301633.488867,0.620000,5,1784301899.989146,0.000000,0.043018,-3.143018,cross_momentum sv=-0.020 lv=-0.020
2946966,S39_Cross_Window_Momentum_Continuation,YES,1784301930.808132,0.610000,5,1784302199.949345,1.000000,0.043155,1.906845,cross_momentum sv=0.020 lv=0.030
2946970,S39_Cross_Window_Momentum_Continuation,YES,1784302233.909897,0.650000,5,1784302499.946107,0.000000,0.042052,-3.292052,cross_momentum sv=0.040 lv=0.040
2947037,S39_Cross_Window_Momentum_Continuation,NO,1784302511.685291,0.570000,5,1784302799.95453,0.000000,0.042803,-2.892803,cross_momentum sv=-0.030 lv=-0.030
2947050,S39_Cross_Window_Momentum_Continuation,NO,1784302834.392277,0.610000,5,1784303099.896403,1.000000,0.043155,1.906845,cross_momentum sv=-0.020 lv=-0.020
2947068,S39_Cross_Window_Momentum_Continuation,YES,1784303469.851573,0.620000,5,1784303700.005332,1.000000,0.043018,1.856982,cross_momentum sv=0.020 lv=0.030
2947286,S39_Cross_Window_Momentum_Continuation,YES,1784303716.824488,0.630000,5,1784303999.938549,1.000000,0.042789,1.807211,cross_momentum sv=0.020 lv=0.020
2947322,S39_Cross_Window_Momentum_Continuation,NO,1784304008.550385,0.600000,5,1784304299.938373,1.000000,0.043200,1.956800,cross_momentum sv=-0.020 lv=-0.020
2947449,S39_Cross_Window_Momentum_Continuation,NO,1784304362.170826,0.640000,5,1784304599.925339,0.000000,0.042467,-3.242467,cross_momentum sv=-0.040 lv=-0.020
2947461,S39_Cross_Window_Momentum_Continuation,YES,1784304679.126815,0.630000,5,1784304899.99983,1.000000,0.042789,1.807211,cross_momentum sv=0.030 lv=0.020
2947474,S39_Cross_Window_Momentum_Continuation,NO,1784304922.652955,0.610000,5,1784305199.979818,0.000000,0.043155,-3.093155,cross_momentum sv=-0.040 lv=-0.050
2947492,S39_Cross_Window_Momentum_Continuation,NO,1784305215.856854,0.620000,5,1784305499.91871,1.000000,0.043018,1.856982,cross_momentum sv=-0.030 lv=-0.030
2947501,S39_Cross_Window_Momentum_Continuation,YES,1784305520.365565,0.630000,5,1784305799.905762,1.000000,0.042789,1.807211,cross_momentum sv=0.020 lv=0.020
2947534,S39_Cross_Window_Momentum_Continuation,NO,1784305848.711539,0.640000,5,1784306099.92063,1.000000,0.042467,1.757533,cross_momentum sv=-0.020 lv=-0.030
2947752,S39_Cross_Window_Momentum_Continuation,YES,1784306125.718532,0.620000,5,1784306399.989573,1.000000,0.043018,1.856982,cross_momentum sv=0.020 lv=0.020
2947759,S39_Cross_Window_Momentum_Continuation,NO,1784306499.00604,0.600000,5,1784306699.903864,0.000000,0.043200,-3.043200,cross_momentum sv=-0.060 lv=-0.050
2947774,S39_Cross_Window_Momentum_Continuation,YES,1784306712.718561,0.650000,5,1784306999.917706,1.000000,0.042052,1.707948,cross_momentum sv=0.020 lv=0.030
2947777,S39_Cross_Window_Momentum_Continuation,YES,1784307224.847396,0.640000,5,1784307299.891075,1.000000,0.042467,1.757533,cross_momentum sv=0.040 lv=0.050
2948460,S39_Cross_Window_Momentum_Continuation,YES,1784307617.708594,0.620000,5,1784307899.915858,1.000000,0.043018,1.856982,cross_momentum sv=0.020 lv=0.020
2948481,S39_Cross_Window_Momentum_Continuation,YES,1784307966.992782,0.640000,5,1784308199.896288,1.000000,0.042467,1.757533,cross_momentum sv=0.020 lv=0.020
2948579,S39_Cross_Window_Momentum_Continuation,NO,1784308203.25148,0.530000,5,1784308499.959633,1.000000,0.041109,2.308891,cross_momentum sv=-0.040 lv=-0.050
2948585,S39_Cross_Window_Momentum_Continuation,NO,1784308526.297941,0.640000,5,1784308799.948706,1.000000,0.042467,1.757533,cross_momentum sv=-0.020 lv=-0.020
2948603,S39_Cross_Window_Momentum_Continuation,YES,1784308813.561563,0.590000,5,1784309099.911053,1.000000,0.043155,2.006845,cross_momentum sv=0.030 lv=0.030
2948701,S39_Cross_Window_Momentum_Continuation,YES,1784309108.957861,0.590000,5,1784309399.976044,1.000000,0.043155,2.006845,cross_momentum sv=0.030 lv=0.040
2948708,S39_Cross_Window_Momentum_Continuation,NO,1784309404.486034,0.530000,5,1784309699.960514,0.000000,0.041109,-2.691109,cross_momentum sv=-0.040 lv=-0.040
2948769,S39_Cross_Window_Momentum_Continuation,NO,1784310093.443224,0.580000,5,1784310299.998746,1.000000,0.043022,2.056978,cross_momentum sv=-0.020 lv=-0.020
2949255,S39_Cross_Window_Momentum_Continuation,NO,1784310912.50509,0.620000,5,1784311199.978639,0.000000,0.043018,-3.143018,cross_momentum sv=-0.070 lv=-0.070
2949590,S39_Cross_Window_Momentum_Continuation,NO,1784311227.539893,0.590000,5,1784311499.906776,1.000000,0.043155,2.006845,cross_momentum sv=-0.030 lv=-0.050
2949667,S39_Cross_Window_Momentum_Continuation,YES,1784311523.229015,0.640000,5,1784311800.004756,1.000000,0.042467,1.757533,cross_momentum sv=0.030 lv=0.050
2950115,S39_Cross_Window_Momentum_Continuation,YES,1784311994.283195,0.550000,5,1784312099.949469,1.000000,0.042114,2.207886,cross_momentum sv=0.030 lv=0.030
2950518,S39_Cross_Window_Momentum_Continuation,NO,1784312113.297728,0.650000,5,1784312399.938201,1.000000,0.042052,1.707948,cross_momentum sv=-0.020 lv=-0.020
2950526,S39_Cross_Window_Momentum_Continuation,NO,1784312426.026722,0.640000,5,1784312699.912481,1.000000,0.042467,1.757533,cross_momentum sv=-0.050 lv=-0.050
2950536,S39_Cross_Window_Momentum_Continuation,YES,1784312709.005814,0.650000,5,1784312999.940386,1.000000,0.042052,1.707948,cross_momentum sv=0.020 lv=0.030
2950542,S39_Cross_Window_Momentum_Continuation,YES,1784313111.505437,0.600000,5,1784313299.935639,1.000000,0.043200,1.956800,cross_momentum sv=0.050 lv=0.080
2950598,S39_Cross_Window_Momentum_Continuation,YES,1784313341.596472,0.620000,5,1784313599.914095,1.000000,0.043018,1.856982,cross_momentum sv=0.020 lv=0.020
2950622,S39_Cross_Window_Momentum_Continuation,YES,1784313835.35534,0.630000,5,1784313899.990574,1.000000,0.042789,1.807211,cross_momentum sv=0.020 lv=0.030
2950641,S39_Cross_Window_Momentum_Continuation,YES,1784313912.788468,0.580000,5,1784314199.953349,1.000000,0.043022,2.056978,cross_momentum sv=0.060 lv=0.080
2950647,S39_Cross_Window_Momentum_Continuation,NO,1784314207.501356,0.650000,5,1784314499.889078,0.000000,0.042052,-3.292052,cross_momentum sv=-0.020 lv=-0.030
2950839,S39_Cross_Window_Momentum_Continuation,NO,1784314839.41242,0.640000,5,1784315099.854487,1.000000,0.042467,1.757533,cross_momentum sv=-0.040 lv=-0.050
2950849,S39_Cross_Window_Momentum_Continuation,NO,1784315173.253115,0.630000,5,1784315399.910932,1.000000,0.042789,1.807211,cross_momentum sv=-0.040 lv=-0.040
2950860,S39_Cross_Window_Momentum_Continuation,NO,1784315475.09536,0.620000,5,1784315699.97866,1.000000,0.043018,1.856982,cross_momentum sv=-0.020 lv=-0.020
2950871,S39_Cross_Window_Momentum_Continuation,NO,1784315874.746138,0.630000,5,1784315999.909768,1.000000,0.042789,1.807211,cross_momentum sv=-0.050 lv=-0.040
2950882,S39_Cross_Window_Momentum_Continuation,NO,1784316010.210131,0.610000,5,1784316299.950911,1.000000,0.043155,1.906845,cross_momentum sv=-0.030 lv=-0.030
2950891,S39_Cross_Window_Momentum_Continuation,NO,1784316327.462481,0.630000,5,1784316599.917999,0.000000,0.042789,-3.192789,cross_momentum sv=-0.020 lv=-0.020
2950911,S39_Cross_Window_Momentum_Continuation,YES,1784316657.180371,0.640000,5,1784316899.899782,1.000000,0.042467,1.757533,cross_momentum sv=0.020 lv=0.020
2950956,S39_Cross_Window_Momentum_Continuation,NO,1784316907.065458,0.580000,5,1784317199.93693,0.000000,0.043022,-2.943022,cross_momentum sv=-0.030 lv=-0.050
2950982,S39_Cross_Window_Momentum_Continuation,YES,1784317284.892644,0.650000,5,1784317499.91522,1.000000,0.042052,1.707948,cross_momentum sv=0.020 lv=0.030
2950998,S39_Cross_Window_Momentum_Continuation,YES,1784317562.216953,0.600000,5,1784317800.001978,0.000000,0.043200,-3.043200,cross_momentum sv=0.020 lv=0.020
2951004,S39_Cross_Window_Momentum_Continuation,YES,1784317825.795962,0.620000,5,1784318099.910139,1.000000,0.043018,1.856982,cross_momentum sv=0.020 lv=0.020
2951019,S39_Cross_Window_Momentum_Continuation,NO,1784318166.834555,0.650000,5,1784318399.983769,1.000000,0.042052,1.707948,cross_momentum sv=-0.020 lv=-0.030
2951066,S39_Cross_Window_Momentum_Continuation,NO,1784318743.959243,0.620000,5,1784318999.915287,1.000000,0.043018,1.856982,cross_momentum sv=-0.020 lv=-0.020
2951087,S39_Cross_Window_Momentum_Continuation,NO,1784319345.120889,0.550000,5,1784319599.895442,0.000000,0.042114,-2.792114,cross_momentum sv=-0.030 lv=-0.040
2951103,S39_Cross_Window_Momentum_Continuation,YES,1784319617.824933,0.640000,5,1784319899.984519,1.000000,0.042467,1.757533,cross_momentum sv=0.020 lv=0.030
2951166,S39_Cross_Window_Momentum_Continuation,YES,1784320115.257468,0.440000,5,1784320199.932774,0.000000,0.033392,-2.233392,cross_momentum sv=0.050 lv=0.060
2951175,S39_Cross_Window_Momentum_Continuation,NO,1784320279.011578,0.650000,5,1784320499.94208,1.000000,0.042052,1.707948,cross_momentum sv=-0.020 lv=-0.020
2951361,S39_Cross_Window_Momentum_Continuation,NO,1784320563.1892,0.640000,5,1784320799.943144,1.000000,0.042467,1.757533,cross_momentum sv=-0.060 lv=-0.070
2951362,S39_Cross_Window_Momentum_Continuation,NO,1784320831.521404,0.560000,5,1784321099.904341,0.000000,0.042499,-2.842499,cross_momentum sv=-0.120 lv=-0.120
2951400,S39_Cross_Window_Momentum_Continuation,NO,1784321931.786008,0.640000,5,1784321999.95733,1.000000,0.042467,1.757533,cross_momentum sv=-0.040 lv=-0.030
2951441,S39_Cross_Window_Momentum_Continuation,YES,1784322037.94527,0.630000,5,1784322299.902811,1.000000,0.042789,1.807211,cross_momentum sv=0.030 lv=0.040
2951451,S39_Cross_Window_Momentum_Continuation,NO,1784322387.369459,0.650000,5,1784322599.962096,1.000000,0.042052,1.707948,cross_momentum sv=-0.030 lv=-0.040
2951482,S39_Cross_Window_Momentum_Continuation,YES,1784323063.644023,0.620000,5,1784323200.005127,0.000000,0.043018,-3.143018,cross_momentum sv=0.050 lv=0.030
2951492,S39_Cross_Window_Momentum_Continuation,NO,1784323249.112571,0.620000,5,1784323499.978867,0.000000,0.043018,-3.143018,cross_momentum sv=-0.030 lv=-0.040
2951500,S39_Cross_Window_Momentum_Continuation,NO,1784323503.563114,0.630000,5,1784323799.947006,1.000000,0.042789,1.807211,cross_momentum sv=-0.040 lv=-0.040
2951520,S39_Cross_Window_Momentum_Continuation,NO,1784323802.072047,0.500000,5,1784324099.914693,1.000000,0.039062,2.460938,cross_momentum sv=-0.020 lv=-0.030
2951645,S39_Cross_Window_Momentum_Continuation,NO,1784324481.656864,0.640000,5,1784324699.943602,0.000000,0.042467,-3.242467,cross_momentum sv=-0.040 lv=-0.060
2951651,S39_Cross_Window_Momentum_Continuation,NO,1784324749.868908,0.650000,5,1784324999.892044,0.000000,0.042052,-3.292052,cross_momentum sv=-0.050 lv=-0.060
2951666,S39_Cross_Window_Momentum_Continuation,NO,1784325256.393513,0.640000,5,1784325299.981036,1.000000,0.042467,1.757533,cross_momentum sv=-0.140 lv=-0.140
2951861,S39_Cross_Window_Momentum_Continuation,NO,1784325592.681215,0.230000,5,1784325599.898577,0.000000,0.009017,-1.159017,cross_momentum sv=-0.090 lv=-0.050
2951909,S39_Cross_Window_Momentum_Continuation,YES,1784325625.119912,0.650000,5,1784325900.002997,0.000000,0.042052,-3.292052,cross_momentum sv=0.020 lv=0.020
2951972,S39_Cross_Window_Momentum_Continuation,YES,1784326074.568069,0.540000,5,1784326199.984817,0.000000,0.041649,-2.741649,cross_momentum sv=0.040 lv=0.060
2951977,S39_Cross_Window_Momentum_Continuation,YES,1784326306.394706,0.520000,5,1784326499.955266,1.000000,0.040495,2.359505,cross_momentum sv=0.040 lv=0.040
2952003,S39_Cross_Window_Momentum_Continuation,NO,1784326945.413167,0.650000,5,1784327099.886976,0.000000,0.042052,-3.292052,cross_momentum sv=-0.100 lv=-0.100
2952033,S39_Cross_Window_Momentum_Continuation,NO,1784327554.97816,0.630000,5,1784327699.915357,1.000000,0.042789,1.807211,cross_momentum sv=-0.070 lv=-0.070
2952097,S39_Cross_Window_Momentum_Continuation,NO,1784327739.771356,0.650000,5,1784327999.97485,1.000000,0.042052,1.707948,cross_momentum sv=-0.020 lv=-0.020
2953311,S39_Cross_Window_Momentum_Continuation,NO,1784329190.515171,0.220000,5,1784329199.903404,1.000000,0.008098,3.891902,cross_momentum sv=-0.030 lv=-0.040
2953357,S39_Cross_Window_Momentum_Continuation,YES,1784330309.93874,0.520000,5,1784330399.979859,1.000000,0.040495,2.359505,cross_momentum sv=0.020 lv=0.020
2953542,S39_Cross_Window_Momentum_Continuation,NO,1784331611.29845,0.650000,5,1784331899.99364,1.000000,0.042052,1.707948,cross_momentum sv=-0.080 lv=-0.080
2953557,S39_Cross_Window_Momentum_Continuation,NO,1784331905.210567,0.600000,5,1784332199.964566,1.000000,0.043200,1.956800,cross_momentum sv=-0.020 lv=-0.020
2953598,S39_Cross_Window_Momentum_Continuation,YES,1784332559.412234,0.500000,5,1784332799.946831,0.000000,0.039062,-2.539062,cross_momentum sv=0.060 lv=0.020
2953679,S39_Cross_Window_Momentum_Continuation,YES,1784332834.94816,0.650000,5,1784333099.944628,0.000000,0.042052,-3.292052,cross_momentum sv=0.030 lv=0.020
2953702,S39_Cross_Window_Momentum_Continuation,NO,1784333208.128985,0.560000,5,1784333399.972618,1.000000,0.042499,2.157501,cross_momentum sv=-0.040 lv=-0.040
2953747,S39_Cross_Window_Momentum_Continuation,YES,1784333560.193394,0.640000,5,1784333699.989541,1.000000,0.042467,1.757533,cross_momentum sv=0.020 lv=0.020
2953796,S39_Cross_Window_Momentum_Continuation,NO,1784334115.847772,0.630000,5,1784334299.9028,1.000000,0.042789,1.807211,cross_momentum sv=-0.080 lv=-0.110
2954123,S39_Cross_Window_Momentum_Continuation,NO,1784335843.310683,0.450000,5,1784336099.918987,1.000000,0.034457,2.715543,cross_momentum sv=-0.020 lv=-0.030
2954332,S39_Cross_Window_Momentum_Continuation,NO,1784336601.871197,0.310000,5,1784336700.001192,0.000000,0.017729,-1.567729,cross_momentum sv=-0.020 lv=-0.020
2954338,S39_Cross_Window_Momentum_Continuation,NO,1784336794.136514,0.610000,5,1784336999.931411,0.000000,0.043155,-3.093155,cross_momentum sv=-0.020 lv=-0.020
2954347,S39_Cross_Window_Momentum_Continuation,NO,1784337113.497029,0.620000,5,1784337299.952955,0.000000,0.043018,-3.143018,cross_momentum sv=-0.120 lv=-0.120
2954460,S39_Cross_Window_Momentum_Continuation,NO,1784338535.649308,0.520000,5,1784338799.950557,0.000000,0.040495,-2.640495,cross_momentum sv=-0.020 lv=-0.020
2954480,S39_Cross_Window_Momentum_Continuation,YES,1784339390.215441,0.550000,5,1784339399.946189,0.000000,0.042114,-2.792114,cross_momentum sv=0.140 lv=0.160
2954549,S39_Cross_Window_Momentum_Continuation,NO,1784339953.632593,0.540000,5,1784339999.93543,1.000000,0.041649,2.258351,cross_momentum sv=-0.030 lv=-0.040
2954584,S39_Cross_Window_Momentum_Continuation,NO,1784340405.958061,0.580000,5,1784340599.956548,0.000000,0.043022,-2.943022,cross_momentum sv=-0.120 lv=-0.150
2954596,S39_Cross_Window_Momentum_Continuation,NO,1784340616.355945,0.600000,5,1784340899.948111,0.000000,0.043200,-3.043200,cross_momentum sv=-0.050 lv=-0.020
2954747,S39_Cross_Window_Momentum_Continuation,YES,1784342188.626406,0.620000,5,1784342399.947573,1.000000,0.043018,1.856982,cross_momentum sv=0.160 lv=0.160
2954945,S39_Cross_Window_Momentum_Continuation,NO,1784343202.221642,0.430000,5,1784343299.979466,1.000000,0.032290,2.817710,cross_momentum sv=-0.030 lv=-0.040
2955158,S39_Cross_Window_Momentum_Continuation,NO,1784344316.161814,0.610000,5,1784344499.92142,1.000000,0.043155,1.906845,cross_momentum sv=-0.020 lv=-0.030
2955172,S39_Cross_Window_Momentum_Continuation,YES,1784344629.569194,0.510000,5,1784344799.937571,1.000000,0.039812,2.410188,cross_momentum sv=0.030 lv=0.020
2955340,S39_Cross_Window_Momentum_Continuation,YES,1784346104.195709,0.590000,5,1784346299.933733,1.000000,0.043155,2.006845,cross_momentum sv=0.050 lv=0.020
2955868,S39_Cross_Window_Momentum_Continuation,NO,1784348329.828757,0.500000,5,1784348399.911223,0.000000,0.039062,-2.539062,cross_momentum sv=-0.220 lv=-0.360
2955884,S39_Cross_Window_Momentum_Continuation,NO,1784348472.858068,0.500000,5,1784348699.976982,1.000000,0.039062,2.460938,cross_momentum sv=-0.060 lv=-0.080
2956046,S39_Cross_Window_Momentum_Continuation,YES,1784350490.033367,0.310000,5,1784350499.992213,1.000000,0.017729,3.432271,cross_momentum sv=0.090 lv=0.110
2956682,S39_Cross_Window_Momentum_Continuation,NO,1784350923.085447,0.620000,5,1784351099.922469,1.000000,0.043018,1.856982,cross_momentum sv=-0.020 lv=-0.030
2956699,S39_Cross_Window_Momentum_Continuation,NO,1784351521.385276,0.650000,5,1784351699.943627,1.000000,0.042052,1.707948,cross_momentum sv=-0.020 lv=-0.020
2956794,S39_Cross_Window_Momentum_Continuation,NO,1784353165.614935,0.620000,5,1784353199.936212,1.000000,0.043018,1.856982,cross_momentum sv=-0.030 lv=-0.030
2956852,S39_Cross_Window_Momentum_Continuation,YES,1784353628.606069,0.630000,5,1784353799.912675,0.000000,0.042789,-3.192789,cross_momentum sv=0.060 lv=0.060
2956944,S39_Cross_Window_Momentum_Continuation,NO,1784354128.569015,0.640000,5,1784354399.982515,0.000000,0.042467,-3.242467,cross_momentum sv=-0.040 lv=-0.040
2957123,S39_Cross_Window_Momentum_Continuation,YES,1784358267.668087,0.650000,5,1784358299.898627,0.000000,0.042052,-3.292052,cross_momentum sv=0.080 lv=0.070
2957317,S39_Cross_Window_Momentum_Continuation,NO,1784361050.632883,0.630000,5,1784361299.934518,1.000000,0.042789,1.807211,cross_momentum sv=-0.030 lv=-0.030
2957367,S39_Cross_Window_Momentum_Continuation,NO,1784361803.608819,0.570000,5,1784361899.905244,1.000000,0.042803,2.107197,cross_momentum sv=-0.040 lv=-0.020
2957398,S39_Cross_Window_Momentum_Continuation,NO,1784361953.416368,0.630000,5,1784362199.862117,1.000000,0.042789,1.807211,cross_momentum sv=-0.020 lv=-0.030
2957451,S39_Cross_Window_Momentum_Continuation,YES,1784363470.74931,0.590000,5,1784363699.951448,1.000000,0.043155,2.006845,cross_momentum sv=0.020 lv=0.020
2957502,S39_Cross_Window_Momentum_Continuation,NO,1784363815.175614,0.640000,5,1784363999.882422,1.000000,0.042467,1.757533,cross_momentum sv=-0.040 lv=-0.040
2957557,S39_Cross_Window_Momentum_Continuation,NO,1784364082.098112,0.600000,5,1784364299.921959,1.000000,0.043200,1.956800,cross_momentum sv=-0.110 lv=-0.120
2957670,S39_Cross_Window_Momentum_Continuation,NO,1784366356.477884,0.160000,5,1784366399.961805,1.000000,0.003613,4.196387,cross_momentum sv=-0.020 lv=-0.030
2957677,S39_Cross_Window_Momentum_Continuation,NO,1784366616.428875,0.650000,5,1784366699.914909,0.000000,0.042052,-3.292052,cross_momentum sv=-0.090 lv=-0.090
2958982,S39_Cross_Window_Momentum_Continuation,NO,1784378025.752898,0.650000,5,1784378100.005133,0.000000,0.042052,-3.292052,cross_momentum sv=-0.020 lv=-0.020
2959036,S39_Cross_Window_Momentum_Continuation,NO,1784378431.394866,0.650000,5,1784378699.890738,1.000000,0.042052,1.707948,cross_momentum sv=-0.020 lv=-0.020
2959116,S39_Cross_Window_Momentum_Continuation,NO,1784379616.981432,0.630000,5,1784379899.937361,1.000000,0.042789,1.807211,cross_momentum sv=-0.030 lv=-0.040
2959126,S39_Cross_Window_Momentum_Continuation,NO,1784379954.75635,0.650000,5,1784380199.915747,1.000000,0.042052,1.707948,cross_momentum sv=-0.050 lv=-0.060
2959146,S39_Cross_Window_Momentum_Continuation,YES,1784380754.563477,0.640000,5,1784380799.97777,0.000000,0.042467,-3.242467,cross_momentum sv=0.020 lv=0.030
2959165,S39_Cross_Window_Momentum_Continuation,NO,1784380863.021614,0.640000,5,1784381099.954039,1.000000,0.042467,1.757533,cross_momentum sv=-0.040 lv=-0.040
2959187,S39_Cross_Window_Momentum_Continuation,YES,1784381510.117427,0.650000,5,1784381699.984712,1.000000,0.042052,1.707948,cross_momentum sv=0.070 lv=0.020
2959249,S39_Cross_Window_Momentum_Continuation,NO,1784382285.80509,0.640000,5,1784382299.912045,1.000000,0.042467,1.757533,cross_momentum sv=-0.350 lv=-0.350
2959393,S39_Cross_Window_Momentum_Continuation,YES,1784385056.849085,0.650000,5,1784385299.955775,1.000000,0.042052,1.707948,cross_momentum sv=0.020 lv=0.030
2959437,S39_Cross_Window_Momentum_Continuation,NO,1784385536.203185,0.560000,5,1784385599.943401,0.000000,0.042499,-2.842499,cross_momentum sv=-0.250 lv=-0.330
2959881,S39_Cross_Window_Momentum_Continuation,YES,1784387872.001093,0.370000,5,1784387999.897548,0.000000,0.025130,-1.875130,cross_momentum sv=0.030 lv=0.040
2960269,S39_Cross_Window_Momentum_Continuation,NO,1784390566.554817,0.580000,5,1784390699.896356,1.000000,0.043022,2.056978,cross_momentum sv=-0.120 lv=-0.190
2960326,S39_Cross_Window_Momentum_Continuation,NO,1784391631.910125,0.380000,5,1784391899.95733,1.000000,0.026366,3.073634,cross_momentum sv=-0.020 lv=-0.020
2960367,S39_Cross_Window_Momentum_Continuation,YES,1784392356.996091,0.490000,5,1784392499.884057,1.000000,0.038251,2.511749,cross_momentum sv=0.030 lv=0.030
2960425,S39_Cross_Window_Momentum_Continuation,NO,1784392502.409462,0.480000,5,1784392799.945754,1.000000,0.037380,2.562620,cross_momentum sv=-0.030 lv=-0.020
2960475,S39_Cross_Window_Momentum_Continuation,NO,1784393551.125274,0.300000,5,1784393699.978383,0.000000,0.016537,-1.516538,cross_momentum sv=-0.450 lv=-0.660
2960862,S39_Cross_Window_Momentum_Continuation,NO,1784393829.216187,0.570000,5,1784393999.974623,1.000000,0.042803,2.107197,cross_momentum sv=-0.040 lv=-0.030
2960864,S39_Cross_Window_Momentum_Continuation,NO,1784394089.602906,0.620000,5,1784394299.895796,0.000000,0.043018,-3.143018,cross_momentum sv=-0.020 lv=-0.030
2961007,S39_Cross_Window_Momentum_Continuation,YES,1784395230.412399,0.620000,5,1784395499.942915,0.000000,0.043018,-3.143018,cross_momentum sv=0.020 lv=0.020
2961135,S39_Cross_Window_Momentum_Continuation,NO,1784395763.117251,0.570000,5,1784395799.996898,0.000000,0.042803,-2.892803,cross_momentum sv=-0.020 lv=-0.030
2961155,S39_Cross_Window_Momentum_Continuation,YES,1784396040.796673,0.520000,5,1784396099.966,1.000000,0.040495,2.359505,cross_momentum sv=0.110 lv=0.030
2961250,S39_Cross_Window_Momentum_Continuation,YES,1784396410.958894,0.590000,5,1784396699.924716,1.000000,0.043155,2.006845,cross_momentum sv=0.050 lv=0.050
2961273,S39_Cross_Window_Momentum_Continuation,NO,1784396706.353456,0.530000,5,1784396999.893161,0.000000,0.041109,-2.691109,cross_momentum sv=-0.020 lv=-0.020
2961282,S39_Cross_Window_Momentum_Continuation,NO,1784397066.830311,0.650000,5,1784397299.897735,0.000000,0.042052,-3.292052,cross_momentum sv=-0.090 lv=-0.090
2961310,S39_Cross_Window_Momentum_Continuation,NO,1784397386.340071,0.640000,5,1784397599.966916,0.000000,0.042467,-3.242467,cross_momentum sv=-0.040 lv=-0.040
2961607,S39_Cross_Window_Momentum_Continuation,NO,1784398954.670259,0.620000,5,1784399099.885916,0.000000,0.043018,-3.143018,cross_momentum sv=-0.140 lv=-0.120
2961997,S39_Cross_Window_Momentum_Continuation,YES,1784399107.317559,0.580000,5,1784399399.947704,0.000000,0.043022,-2.943022,cross_momentum sv=0.100 lv=0.030
2962151,S39_Cross_Window_Momentum_Continuation,NO,1784399428.792803,0.640000,5,1784399699.958723,1.000000,0.042467,1.757533,cross_momentum sv=-0.070 lv=-0.080
2963053,S39_Cross_Window_Momentum_Continuation,YES,1784401235.255812,0.630000,5,1784401499.921284,1.000000,0.042789,1.807211,cross_momentum sv=0.020 lv=0.020
2963268,S39_Cross_Window_Momentum_Continuation,NO,1784404234.718031,0.640000,5,1784404499.903418,0.000000,0.042467,-3.242467,cross_momentum sv=-0.030 lv=-0.020
2963323,S39_Cross_Window_Momentum_Continuation,NO,1784404876.645227,0.640000,5,1784405099.915635,0.000000,0.042467,-3.242467,cross_momentum sv=-0.020 lv=-0.030
2963343,S39_Cross_Window_Momentum_Continuation,NO,1784405182.958386,0.650000,5,1784405399.897907,0.000000,0.042052,-3.292052,cross_momentum sv=-0.090 lv=-0.100
2963378,S39_Cross_Window_Momentum_Continuation,YES,1784406014.82424,0.400000,5,1784406299.883316,1.000000,0.028800,2.971200,cross_momentum sv=0.020 lv=0.020
2963422,S39_Cross_Window_Momentum_Continuation,NO,1784406633.617811,0.500000,5,1784406899.995127,1.000000,0.039062,2.460938,cross_momentum sv=-0.180 lv=-0.170
2963474,S39_Cross_Window_Momentum_Continuation,NO,1784406985.430687,0.650000,5,1784407199.909603,1.000000,0.042052,1.707948,cross_momentum sv=-0.060 lv=-0.080
2963568,S39_Cross_Window_Momentum_Continuation,NO,1784408418.951261,0.650000,5,1784408699.987335,0.000000,0.042052,-3.292052,cross_momentum sv=-0.020 lv=-0.030
2963677,S39_Cross_Window_Momentum_Continuation,YES,1784409303.385293,0.600000,5,1784409599.95861,1.000000,0.043200,1.956800,cross_momentum sv=0.030 lv=0.030
2963688,S39_Cross_Window_Momentum_Continuation,NO,1784409639.662939,0.580000,5,1784409899.940613,1.000000,0.043022,2.056978,cross_momentum sv=-0.200 lv=-0.190
2963776,S39_Cross_Window_Momentum_Continuation,YES,1784409918.211892,0.640000,5,1784410199.930933,0.000000,0.042467,-3.242467,cross_momentum sv=0.030 lv=0.030
2963786,S39_Cross_Window_Momentum_Continuation,NO,1784410245.634729,0.610000,5,1784410499.992707,1.000000,0.043155,1.906845,cross_momentum sv=-0.080 lv=-0.080
2963915,S39_Cross_Window_Momentum_Continuation,NO,1784410890.003791,0.630000,5,1784411099.989264,1.000000,0.042789,1.807211,cross_momentum sv=-0.130 lv=-0.130
2963929,S39_Cross_Window_Momentum_Continuation,NO,1784411158.495948,0.580000,5,1784411399.972144,0.000000,0.043022,-2.943022,cross_momentum sv=-0.130 lv=-0.130
2963989,S39_Cross_Window_Momentum_Continuation,YES,1784411447.064931,0.650000,5,1784411699.96363,1.000000,0.042052,1.707948,cross_momentum sv=0.020 lv=0.020
2964737,S39_Cross_Window_Momentum_Continuation,NO,1784411794.425687,0.630000,5,1784411999.929916,1.000000,0.042789,1.807211,cross_momentum sv=-0.030 lv=-0.030
2964877,S39_Cross_Window_Momentum_Continuation,NO,1784412355.502738,0.650000,5,1784412599.924719,1.000000,0.042052,1.707948,cross_momentum sv=-0.030 lv=-0.030
2965065,S39_Cross_Window_Momentum_Continuation,NO,1784413988.73262,0.590000,5,1784414100.002018,0.000000,0.043155,-2.993155,cross_momentum sv=-0.110 lv=-0.140
2965128,S39_Cross_Window_Momentum_Continuation,NO,1784414107.186861,0.630000,5,1784414399.940862,1.000000,0.042789,1.807211,cross_momentum sv=-0.050 lv=-0.050
2965356,S39_Cross_Window_Momentum_Continuation,YES,1784415292.320742,0.190000,5,1784415299.994711,0.000000,0.005625,-0.955625,cross_momentum sv=0.030 lv=0.050
2966451,S39_Cross_Window_Momentum_Continuation,NO,1784416238.294095,0.630000,5,1784416499.919354,1.000000,0.042789,1.807211,cross_momentum sv=-0.050 lv=-0.050
2966536,S39_Cross_Window_Momentum_Continuation,YES,1784416816.31188,0.610000,5,1784417099.918229,0.000000,0.043155,-3.093155,cross_momentum sv=0.030 lv=0.030
2966562,S39_Cross_Window_Momentum_Continuation,YES,1784417255.384501,0.600000,5,1784417399.923085,1.000000,0.043200,1.956800,cross_momentum sv=0.020 lv=0.020
2966620,S39_Cross_Window_Momentum_Continuation,NO,1784417568.425434,0.640000,5,1784417699.918475,1.000000,0.042467,1.757533,cross_momentum sv=-0.020 lv=-0.020
2966724,S39_Cross_Window_Momentum_Continuation,YES,1784417904.756858,0.560000,5,1784417999.99311,1.000000,0.042499,2.157501,cross_momentum sv=0.060 lv=0.020
2966961,S39_Cross_Window_Momentum_Continuation,NO,1784419740.814862,0.620000,5,1784419799.924126,0.000000,0.043018,-3.143018,cross_momentum sv=-0.020 lv=-0.030
2967037,S39_Cross_Window_Momentum_Continuation,NO,1784420607.439405,0.590000,5,1784420699.927642,1.000000,0.043155,2.006845,cross_momentum sv=-0.200 lv=-0.240
2967117,S39_Cross_Window_Momentum_Continuation,NO,1784421368.855237,0.650000,5,1784421599.935371,1.000000,0.042052,1.707948,cross_momentum sv=-0.060 lv=-0.060
2967884,S39_Cross_Window_Momentum_Continuation,NO,1784426495.565381,0.650000,5,1784426699.965159,0.000000,0.042052,-3.292052,cross_momentum sv=-0.030 lv=-0.030
2967912,S39_Cross_Window_Momentum_Continuation,YES,1784426727.907051,0.640000,5,1784426999.936535,1.000000,0.042467,1.757533,cross_momentum sv=0.030 lv=0.030
2967969,S39_Cross_Window_Momentum_Continuation,NO,1784427620.403449,0.610000,5,1784427899.949033,0.000000,0.043155,-3.093155,cross_momentum sv=-0.040 lv=-0.040
2968042,S39_Cross_Window_Momentum_Continuation,YES,1784428534.483162,0.610000,5,1784428799.916016,0.000000,0.043155,-3.093155,cross_momentum sv=0.020 lv=0.020
2968107,S39_Cross_Window_Momentum_Continuation,NO,1784429396.993772,0.370000,5,1784429399.981543,0.000000,0.025130,-1.875130,cross_momentum sv=-0.600 lv=-0.610
2968131,S39_Cross_Window_Momentum_Continuation,NO,1784429491.690323,0.580000,5,1784429699.93355,1.000000,0.043022,2.056978,cross_momentum sv=-0.030 lv=-0.030
2968229,S39_Cross_Window_Momentum_Continuation,NO,1784431281.646681,0.650000,5,1784431499.893481,1.000000,0.042052,1.707948,cross_momentum sv=-0.150 lv=-0.160
2968310,S39_Cross_Window_Momentum_Continuation,YES,1784432126.895687,0.630000,5,1784432399.911251,1.000000,0.042789,1.807211,cross_momentum sv=0.020 lv=0.020
2969035,S39_Cross_Window_Momentum_Continuation,NO,1784433737.000465,0.640000,5,1784433899.941305,1.000000,0.042467,1.757533,cross_momentum sv=-0.060 lv=-0.070
2969070,S39_Cross_Window_Momentum_Continuation,NO,1784434447.98535,0.600000,5,1784434499.927967,0.000000,0.043200,-3.043200,cross_momentum sv=-0.070 lv=-0.080
2969080,S39_Cross_Window_Momentum_Continuation,YES,1784434551.029248,0.610000,5,1784434799.964585,1.000000,0.043155,1.906845,cross_momentum sv=0.040 lv=0.030
2969836,S39_Cross_Window_Momentum_Continuation,NO,1784437578.658827,0.620000,5,1784437799.938824,1.000000,0.043018,1.856982,cross_momentum sv=-0.080 lv=-0.070
2970021,S39_Cross_Window_Momentum_Continuation,NO,1784439337.781694,0.630000,5,1784439599.987212,0.000000,0.042789,-3.192789,cross_momentum sv=-0.120 lv=-0.120
2970154,S39_Cross_Window_Momentum_Continuation,NO,1784442446.425579,0.610000,5,1784442599.989251,1.000000,0.043155,1.906845,cross_momentum sv=-0.100 lv=-0.100
2970423,S39_Cross_Window_Momentum_Continuation,NO,1784447215.500432,0.640000,5,1784447399.961355,1.000000,0.042467,1.757533,cross_momentum sv=-0.050 lv=-0.050
2970433,S39_Cross_Window_Momentum_Continuation,YES,1784447690.906876,0.320000,5,1784447699.930474,0.000000,0.018940,-1.618940,cross_momentum sv=0.050 lv=0.040
2970474,S39_Cross_Window_Momentum_Continuation,NO,1784447999.243011,0.420000,5,1784447999.984743,0.000000,0.031154,-2.131154,cross_momentum sv=-0.040 lv=-0.050
2970507,S39_Cross_Window_Momentum_Continuation,NO,1784448551.696091,0.610000,5,1784448599.997366,1.000000,0.043155,1.906845,cross_momentum sv=-0.100 lv=-0.100
2970517,S39_Cross_Window_Momentum_Continuation,YES,1784448793.663911,0.510000,5,1784448899.896946,1.000000,0.039812,2.410188,cross_momentum sv=0.060 lv=0.030
2970542,S39_Cross_Window_Momentum_Continuation,NO,1784449108.04607,0.610000,5,1784449199.981781,1.000000,0.043155,1.906845,cross_momentum sv=-0.040 lv=-0.060
2970588,S39_Cross_Window_Momentum_Continuation,NO,1784449305.061241,0.650000,5,1784449499.990558,1.000000,0.042052,1.707948,cross_momentum sv=-0.070 lv=-0.070
2970599,S39_Cross_Window_Momentum_Continuation,YES,1784449502.492592,0.550000,5,1784449799.908548,1.000000,0.042114,2.207886,cross_momentum sv=0.050 lv=0.050
2970671,S39_Cross_Window_Momentum_Continuation,NO,1784450140.725503,0.650000,5,1784450400.003083,1.000000,0.042052,1.707948,cross_momentum sv=-0.020 lv=-0.020
2970751,S39_Cross_Window_Momentum_Continuation,NO,1784450418.3817,0.650000,5,1784450699.979167,1.000000,0.042052,1.707948,cross_momentum sv=-0.030 lv=-0.040
2970778,S39_Cross_Window_Momentum_Continuation,YES,1784451014.091831,0.650000,5,1784451299.95094,0.000000,0.042052,-3.292052,cross_momentum sv=0.030 lv=0.030
2970892,S39_Cross_Window_Momentum_Continuation,NO,1784452291.507975,0.640000,5,1784452499.916944,1.000000,0.042467,1.757533,cross_momentum sv=-0.090 lv=-0.120
2970905,S39_Cross_Window_Momentum_Continuation,NO,1784452551.984293,0.650000,5,1784452799.95245,1.000000,0.042052,1.707948,cross_momentum sv=-0.030 lv=-0.040
2970920,S39_Cross_Window_Momentum_Continuation,NO,1784452898.037553,0.650000,5,1784453099.9391,1.000000,0.042052,1.707948,cross_momentum sv=-0.090 lv=-0.090
2970989,S39_Cross_Window_Momentum_Continuation,NO,1784453823.742499,0.350000,5,1784453999.919525,1.000000,0.022643,3.227357,cross_momentum sv=-0.020 lv=-0.030
2971016,S39_Cross_Window_Momentum_Continuation,NO,1784454065.391378,0.440000,5,1784454299.997475,0.000000,0.033392,-2.233392,cross_momentum sv=-0.060 lv=-0.060
2971037,S39_Cross_Window_Momentum_Continuation,NO,1784454752.402811,0.620000,5,1784454899.965626,1.000000,0.043018,1.856982,cross_momentum sv=-0.030 lv=-0.040
2971183,S39_Cross_Window_Momentum_Continuation,NO,1784454981.7454,0.570000,5,1784455199.929181,1.000000,0.042803,2.107197,cross_momentum sv=-0.020 lv=-0.030
2971222,S39_Cross_Window_Momentum_Continuation,NO,1784455298.479568,0.580000,5,1784455499.969294,0.000000,0.043022,-2.943022,cross_momentum sv=-0.050 lv=-0.080
2971231,S39_Cross_Window_Momentum_Continuation,NO,1784455548.34308,0.650000,5,1784455799.931424,1.000000,0.042052,1.707948,cross_momentum sv=-0.100 lv=-0.100
2971272,S39_Cross_Window_Momentum_Continuation,NO,1784456764.011974,0.520000,5,1784456999.993384,0.000000,0.040495,-2.640495,cross_momentum sv=-0.020 lv=-0.020
2971287,S39_Cross_Window_Momentum_Continuation,NO,1784457196.947574,0.650000,5,1784457299.960646,0.000000,0.042052,-3.292052,cross_momentum sv=-0.020 lv=-0.020
2971333,S39_Cross_Window_Momentum_Continuation,NO,1784457529.524338,0.610000,5,1784457599.956832,0.000000,0.043155,-3.093155,cross_momentum sv=-0.270 lv=-0.250
2971360,S39_Cross_Window_Momentum_Continuation,NO,1784458062.647291,0.650000,5,1784458199.982252,1.000000,0.042052,1.707948,cross_momentum sv=-0.020 lv=-0.020
2971371,S39_Cross_Window_Momentum_Continuation,NO,1784458392.975628,0.620000,5,1784458499.983056,1.000000,0.043018,1.856982,cross_momentum sv=-0.050 lv=-0.060
2971385,S39_Cross_Window_Momentum_Continuation,NO,1784458766.288382,0.510000,5,1784458799.952337,1.000000,0.039812,2.410188,cross_momentum sv=-0.210 lv=-0.300
2971585,S39_Cross_Window_Momentum_Continuation,NO,1784461953.8451,0.630000,5,1784462099.920487,1.000000,0.042789,1.807211,cross_momentum sv=-0.120 lv=-0.110
2971744,S39_Cross_Window_Momentum_Continuation,NO,1784462179.556588,0.610000,5,1784462399.943892,1.000000,0.043155,1.906845,cross_momentum sv=-0.140 lv=-0.130
2971763,S39_Cross_Window_Momentum_Continuation,NO,1784462444.985701,0.650000,5,1784462699.90446,1.000000,0.042052,1.707948,cross_momentum sv=-0.030 lv=-0.030
2971816,S39_Cross_Window_Momentum_Continuation,YES,1784463569.52387,0.580000,5,1784463599.942895,1.000000,0.043022,2.056978,cross_momentum sv=0.040 lv=0.040
2971826,S39_Cross_Window_Momentum_Continuation,YES,1784463668.783891,0.650000,5,1784463899.912617,1.000000,0.042052,1.707948,cross_momentum sv=0.020 lv=0.020
2971828,S39_Cross_Window_Momentum_Continuation,NO,1784463947.219601,0.640000,5,1784464199.999503,1.000000,0.042467,1.757533,cross_momentum sv=-0.030 lv=-0.030
2971906,S39_Cross_Window_Momentum_Continuation,NO,1784464872.994912,0.620000,5,1784465100.000101,1.000000,0.043018,1.856982,cross_momentum sv=-0.020 lv=-0.030
2972020,S39_Cross_Window_Momentum_Continuation,NO,1784466413.557351,0.640000,5,1784466599.908727,1.000000,0.042467,1.757533,cross_momentum sv=-0.050 lv=-0.050
2972041,S39_Cross_Window_Momentum_Continuation,NO,1784466962.643823,0.530000,5,1784467199.908834,1.000000,0.041109,2.308891,cross_momentum sv=-0.260 lv=-0.270
2972051,S39_Cross_Window_Momentum_Continuation,YES,1784467240.019958,0.650000,5,1784467499.973647,1.000000,0.042052,1.707948,cross_momentum sv=0.020 lv=0.020
2972156,S39_Cross_Window_Momentum_Continuation,NO,1784468376.380532,0.640000,5,1784468399.997438,1.000000,0.042467,1.757533,cross_momentum sv=-0.220 lv=-0.230
2972280,S39_Cross_Window_Momentum_Continuation,NO,1784469961.141559,0.650000,5,1784470199.982626,1.000000,0.042052,1.707948,cross_momentum sv=-0.050 lv=-0.050
2972355,S39_Cross_Window_Momentum_Continuation,NO,1784471237.965549,0.650000,5,1784471399.917098,0.000000,0.042052,-3.292052,cross_momentum sv=-0.030 lv=-0.050
2972421,S39_Cross_Window_Momentum_Continuation,NO,1784471788.148319,0.630000,5,1784471999.896034,1.000000,0.042789,1.807211,cross_momentum sv=-0.130 lv=-0.130
2972455,S39_Cross_Window_Momentum_Continuation,NO,1784472656.941366,0.600000,5,1784472899.981524,1.000000,0.043200,1.956800,cross_momentum sv=-0.110 lv=-0.130
2972480,S39_Cross_Window_Momentum_Continuation,YES,1784473274.319133,0.630000,5,1784473499.988509,0.000000,0.042789,-3.192789,cross_momentum sv=0.030 lv=0.030
2972492,S39_Cross_Window_Momentum_Continuation,NO,1784473528.124887,0.620000,5,1784473799.924599,1.000000,0.043018,1.856982,cross_momentum sv=-0.110 lv=-0.110
2972497,S39_Cross_Window_Momentum_Continuation,NO,1784473803.240401,0.530000,5,1784474099.964728,0.000000,0.041109,-2.691109,cross_momentum sv=-0.070 lv=-0.100
2972542,S39_Cross_Window_Momentum_Continuation,NO,1784474485.285505,0.650000,5,1784474699.986778,1.000000,0.042052,1.707948,cross_momentum sv=-0.110 lv=-0.120
2972996,S39_Cross_Window_Momentum_Continuation,YES,1784477176.116471,0.520000,5,1784477399.935539,0.000000,0.040495,-2.640495,cross_momentum sv=0.020 lv=0.020
2973024,S39_Cross_Window_Momentum_Continuation,NO,1784477854.65457,0.650000,5,1784477999.903719,0.000000,0.042052,-3.292052,cross_momentum sv=-0.160 lv=-0.160
2973212,S39_Cross_Window_Momentum_Continuation,NO,1784479900.288015,0.600000,5,1784480099.97083,1.000000,0.043200,1.956800,cross_momentum sv=-0.070 lv=-0.080
2973669,S39_Cross_Window_Momentum_Continuation,NO,1784480490.83265,0.630000,5,1784480699.905172,0.000000,0.042789,-3.192789,cross_momentum sv=-0.090 lv=-0.120
2973703,S39_Cross_Window_Momentum_Continuation,YES,1784481354.463721,0.570000,5,1784481599.996988,0.000000,0.042803,-2.892803,cross_momentum sv=0.050 lv=0.050
2973726,S39_Cross_Window_Momentum_Continuation,NO,1784481953.00992,0.650000,5,1784482199.993782,1.000000,0.042052,1.707948,cross_momentum sv=-0.100 lv=-0.100
2973749,S39_Cross_Window_Momentum_Continuation,NO,1784482235.795457,0.620000,5,1784482499.849721,0.000000,0.043018,-3.143018,cross_momentum sv=-0.060 lv=-0.060
2974013,S39_Cross_Window_Momentum_Continuation,NO,1784483162.840018,0.630000,5,1784483399.968225,1.000000,0.042789,1.807211,cross_momentum sv=-0.070 lv=-0.060
2974283,S39_Cross_Window_Momentum_Continuation,NO,1784484043.200888,0.630000,5,1784484299.997338,1.000000,0.042789,1.807211,cross_momentum sv=-0.070 lv=-0.070
2974289,S39_Cross_Window_Momentum_Continuation,NO,1784484357.482788,0.620000,5,1784484599.946866,1.000000,0.043018,1.856982,cross_momentum sv=-0.020 lv=-0.030
2974386,S39_Cross_Window_Momentum_Continuation,YES,1784484612.057225,0.650000,5,1784484899.928287,1.000000,0.042052,1.707948,cross_momentum sv=0.020 lv=0.030
2974396,S39_Cross_Window_Momentum_Continuation,NO,1784485102.494461,0.590000,5,1784485199.953466,0.000000,0.043155,-2.993155,cross_momentum sv=-0.100 lv=-0.120
2974411,S39_Cross_Window_Momentum_Continuation,NO,1784485316.201261,0.460000,5,1784485499.891081,0.000000,0.035479,-2.335479,cross_momentum sv=-0.030 lv=-0.030
2974424,S39_Cross_Window_Momentum_Continuation,NO,1784485578.597208,0.600000,5,1784485799.950146,1.000000,0.043200,1.956800,cross_momentum sv=-0.080 lv=-0.050
2974445,S39_Cross_Window_Momentum_Continuation,NO,1784485807.885996,0.620000,5,1784486099.995805,0.000000,0.043018,-3.143018,cross_momentum sv=-0.090 lv=-0.080
2976509,S39_Cross_Window_Momentum_Continuation,NO,1784487629.311494,0.610000,5,1784487899.896889,1.000000,0.043155,1.906845,cross_momentum sv=-0.060 lv=-0.060
2977312,S39_Cross_Window_Momentum_Continuation,NO,1784489485.865145,0.640000,5,1784489699.987743,1.000000,0.042467,1.757533,cross_momentum sv=-0.030 lv=-0.050
2977366,S39_Cross_Window_Momentum_Continuation,YES,1784489846.858114,0.640000,5,1784489999.892695,0.000000,0.042467,-3.242467,cross_momentum sv=0.060 lv=0.070
2977440,S39_Cross_Window_Momentum_Continuation,NO,1784490391.939076,0.640000,5,1784490599.957077,1.000000,0.042467,1.757533,cross_momentum sv=-0.060 lv=-0.060
2977469,S39_Cross_Window_Momentum_Continuation,NO,1784490643.335931,0.620000,5,1784490899.966679,1.000000,0.043018,1.856982,cross_momentum sv=-0.040 lv=-0.040
2977997,S39_Cross_Window_Momentum_Continuation,NO,1784493651.131157,0.610000,5,1784493899.88746,0.000000,0.043155,-3.093155,cross_momentum sv=-0.100 lv=-0.100
2978076,S39_Cross_Window_Momentum_Continuation,NO,1784494645.817737,0.630000,5,1784494799.917634,0.000000,0.042789,-3.192789,cross_momentum sv=-0.160 lv=-0.180
2978133,S39_Cross_Window_Momentum_Continuation,YES,1784494898.13106,0.640000,5,1784495099.992154,1.000000,0.042467,1.757533,cross_momentum sv=0.040 lv=0.020
2978148,S39_Cross_Window_Momentum_Continuation,NO,1784495137.00072,0.640000,5,1784495399.929204,1.000000,0.042467,1.757533,cross_momentum sv=-0.130 lv=-0.130
2978201,S39_Cross_Window_Momentum_Continuation,NO,1784496320.910687,0.640000,5,1784496599.893726,1.000000,0.042467,1.757533,cross_momentum sv=-0.040 lv=-0.040
2978264,S39_Cross_Window_Momentum_Continuation,NO,1784497123.25043,0.590000,5,1784497199.915369,0.000000,0.043155,-2.993155,cross_momentum sv=-0.200 lv=-0.200
2978306,S39_Cross_Window_Momentum_Continuation,NO,1784497869.969172,0.650000,5,1784498099.979593,0.000000,0.042052,-3.292052,cross_momentum sv=-0.110 lv=-0.120
2978315,S39_Cross_Window_Momentum_Continuation,NO,1784498197.04792,0.630000,5,1784498392.333966,0.000000,0.042789,-3.192789,cross_momentum sv=-0.020 lv=-0.030
2978330,S39_Cross_Window_Momentum_Continuation,NO,1784498419.60808,0.650000,5,1784498699.934892,0.000000,0.042052,-3.292052,cross_momentum sv=-0.090 lv=-0.090
2978346,S39_Cross_Window_Momentum_Continuation,NO,1784498734.736215,0.650000,5,1784498999.973615,0.000000,0.042052,-3.292052,cross_momentum sv=-0.020 lv=-0.020
2978362,S39_Cross_Window_Momentum_Continuation,YES,1784499031.713912,0.600000,5,1784499299.982366,1.000000,0.043200,1.956800,cross_momentum sv=0.030 lv=0.030
2978379,S39_Cross_Window_Momentum_Continuation,YES,1784499304.241959,0.570000,5,1784499599.97254,1.000000,0.042803,2.107197,cross_momentum sv=0.020 lv=0.030
2978429,S39_Cross_Window_Momentum_Continuation,NO,1784499602.860804,0.570000,5,1784499899.964341,1.000000,0.042803,2.107197,cross_momentum sv=-0.020 lv=-0.020
2978588,S39_Cross_Window_Momentum_Continuation,YES,1784500243.574279,0.590000,5,1784500499.931152,0.000000,0.043155,-2.993155,cross_momentum sv=0.020 lv=0.030
2978644,S39_Cross_Window_Momentum_Continuation,NO,1784500587.844154,0.650000,5,1784500800.002777,0.000000,0.042052,-3.292052,cross_momentum sv=-0.020 lv=-0.030
2978674,S39_Cross_Window_Momentum_Continuation,NO,1784500818.859678,0.650000,5,1784501099.980766,0.000000,0.042052,-3.292052,cross_momentum sv=-0.040 lv=-0.030
2978684,S39_Cross_Window_Momentum_Continuation,NO,1784501110.321138,0.640000,5,1784501399.99632,1.000000,0.042467,1.757533,cross_momentum sv=-0.040 lv=-0.040
2978698,S39_Cross_Window_Momentum_Continuation,NO,1784501439.986002,0.620000,5,1784501699.897365,1.000000,0.043018,1.856982,cross_momentum sv=-0.030 lv=-0.020
2978708,S39_Cross_Window_Momentum_Continuation,NO,1784501784.089794,0.640000,5,1784501999.967244,1.000000,0.042467,1.757533,cross_momentum sv=-0.020 lv=-0.020
2978734,S39_Cross_Window_Momentum_Continuation,NO,1784502016.353198,0.630000,5,1784502295.348021,1.000000,0.042789,1.807211,cross_momentum sv=-0.060 lv=-0.070
2978746,S39_Cross_Window_Momentum_Continuation,NO,1784502348.60343,0.570000,5,1784502599.904199,0.000000,0.042803,-2.892803,cross_momentum sv=-0.060 lv=-0.060
2978753,S39_Cross_Window_Momentum_Continuation,NO,1784502623.881358,0.590000,5,1784502899.913937,0.000000,0.043155,-2.993155,cross_momentum sv=-0.060 lv=-0.070
2978759,S39_Cross_Window_Momentum_Continuation,NO,1784503185.544855,0.640000,5,1784503199.971051,1.000000,0.042467,1.757533,cross_momentum sv=-0.300 lv=-0.300
2978775,S39_Cross_Window_Momentum_Continuation,NO,1784503219.299292,0.640000,5,1784503499.959806,1.000000,0.042467,1.757533,cross_momentum sv=-0.030 lv=-0.030
2978819,S39_Cross_Window_Momentum_Continuation,YES,1784503548.10426,0.640000,5,1784503799.900346,0.000000,0.042467,-3.242467,cross_momentum sv=0.020 lv=0.020
2978843,S39_Cross_Window_Momentum_Continuation,YES,1784504138.9706,0.580000,5,1784504399.993133,0.000000,0.043022,-2.943022,cross_momentum sv=0.060 lv=0.030
2978848,S39_Cross_Window_Momentum_Continuation,NO,1784504410.495246,0.600000,5,1784504699.974324,0.000000,0.043200,-3.043200,cross_momentum sv=-0.020 lv=-0.020
2978861,S39_Cross_Window_Momentum_Continuation,YES,1784504704.192768,0.650000,5,1784504999.991225,0.000000,0.042052,-3.292052,cross_momentum sv=0.030 lv=0.040
2978877,S39_Cross_Window_Momentum_Continuation,YES,1784505066.777729,0.650000,5,1784505299.97651,1.000000,0.042052,1.707948,cross_momentum sv=0.020 lv=0.020
2978898,S39_Cross_Window_Momentum_Continuation,YES,1784505340.281467,0.630000,5,1784505599.909661,1.000000,0.042789,1.807211,cross_momentum sv=0.020 lv=0.030
2978951,S39_Cross_Window_Momentum_Continuation,YES,1784506223.221124,0.620000,5,1784506499.972668,1.000000,0.043018,1.856982,cross_momentum sv=0.030 lv=0.040
2978961,S39_Cross_Window_Momentum_Continuation,YES,1784506513.163365,0.600000,5,1784506799.936905,1.000000,0.043200,1.956800,cross_momentum sv=0.020 lv=0.020
2978968,S39_Cross_Window_Momentum_Continuation,NO,1784506811.010049,0.640000,5,1784507099.95324,1.000000,0.042467,1.757533,cross_momentum sv=-0.020 lv=-0.020
2978976,S39_Cross_Window_Momentum_Continuation,NO,1784507111.629471,0.650000,5,1784507399.970736,1.000000,0.042052,1.707948,cross_momentum sv=-0.030 lv=-0.020
2978998,S39_Cross_Window_Momentum_Continuation,NO,1784507416.629813,0.610000,5,1784507699.996826,1.000000,0.043155,1.906845,cross_momentum sv=-0.020 lv=-0.030
2979018,S39_Cross_Window_Momentum_Continuation,NO,1784507722.298189,0.530000,5,1784507999.972226,0.000000,0.041109,-2.691109,cross_momentum sv=-0.020 lv=-0.030
2979081,S39_Cross_Window_Momentum_Continuation,NO,1784508006.476389,0.520000,5,1784508299.987307,1.000000,0.040495,2.359505,cross_momentum sv=-0.050 lv=-0.080
2979098,S39_Cross_Window_Momentum_Continuation,NO,1784508318.932795,0.650000,5,1784508599.96807,1.000000,0.042052,1.707948,cross_momentum sv=-0.040 lv=-0.050
2979114,S39_Cross_Window_Momentum_Continuation,NO,1784508649.243301,0.610000,5,1784508899.927824,1.000000,0.043155,1.906845,cross_momentum sv=-0.040 lv=-0.050
2979123,S39_Cross_Window_Momentum_Continuation,NO,1784508957.561232,0.580000,5,1784509199.987012,1.000000,0.043022,2.056978,cross_momentum sv=-0.020 lv=-0.020
2979315,S39_Cross_Window_Momentum_Continuation,YES,1784509224.818619,0.600000,5,1784509499.903741,1.000000,0.043200,1.956800,cross_momentum sv=0.030 lv=0.020
2979322,S39_Cross_Window_Momentum_Continuation,YES,1784509529.954134,0.640000,5,1784509799.906286,1.000000,0.042467,1.757533,cross_momentum sv=0.060 lv=0.060
2979331,S39_Cross_Window_Momentum_Continuation,YES,1784509808.690955,0.530000,5,1784510099.997224,0.000000,0.041109,-2.691109,cross_momentum sv=0.040 lv=0.030
2979347,S39_Cross_Window_Momentum_Continuation,NO,1784510122.066251,0.650000,5,1784510399.907218,1.000000,0.042052,1.707948,cross_momentum sv=-0.020 lv=-0.020
2979354,S39_Cross_Window_Momentum_Continuation,NO,1784510432.044254,0.570000,5,1784510699.930397,0.000000,0.042803,-2.892803,cross_momentum sv=-0.020 lv=-0.020
2979383,S39_Cross_Window_Momentum_Continuation,NO,1784510708.408959,0.590000,5,1784510999.986518,1.000000,0.043155,2.006845,cross_momentum sv=-0.030 lv=-0.030
2979392,S39_Cross_Window_Momentum_Continuation,NO,1784511020.99977,0.570000,5,1784511299.982276,0.000000,0.042803,-2.892803,cross_momentum sv=-0.060 lv=-0.060
2979448,S39_Cross_Window_Momentum_Continuation,NO,1784511379.538404,0.650000,5,1784511599.951112,0.000000,0.042052,-3.292052,cross_momentum sv=-0.020 lv=-0.020
2979532,S39_Cross_Window_Momentum_Continuation,NO,1784511960.874881,0.650000,5,1784512200.010219,0.000000,0.042052,-3.292052,cross_momentum sv=-0.020 lv=-0.020
2979564,S39_Cross_Window_Momentum_Continuation,NO,1784512518.98569,0.530000,5,1784512799.977092,0.000000,0.041109,-2.691109,cross_momentum sv=-0.060 lv=-0.070
2979588,S39_Cross_Window_Momentum_Continuation,NO,1784513102.951275,0.520000,5,1784513399.91346,1.000000,0.040495,2.359505,cross_momentum sv=-0.020 lv=-0.020
2979614,S39_Cross_Window_Momentum_Continuation,NO,1784513554.511752,0.640000,5,1784513699.952669,1.000000,0.042467,1.757533,cross_momentum sv=-0.030 lv=-0.020
2979634,S39_Cross_Window_Momentum_Continuation,NO,1784513729.360819,0.610000,5,1784513999.89618,1.000000,0.043155,1.906845,cross_momentum sv=-0.040 lv=-0.030
2979643,S39_Cross_Window_Momentum_Continuation,NO,1784514005.614529,0.630000,5,1784514299.993017,0.000000,0.042789,-3.192789,cross_momentum sv=-0.020 lv=-0.020
2979661,S39_Cross_Window_Momentum_Continuation,NO,1784514368.180729,0.620000,5,1784514599.946714,1.000000,0.043018,1.856982,cross_momentum sv=-0.030 lv=-0.040
2979678,S39_Cross_Window_Momentum_Continuation,NO,1784514603.538119,0.560000,5,1784514899.998576,0.000000,0.042499,-2.842499,cross_momentum sv=-0.030 lv=-0.030
2979732,S39_Cross_Window_Momentum_Continuation,YES,1784514916.198479,0.610000,5,1784515199.953871,0.000000,0.043155,-3.093155,cross_momentum sv=0.020 lv=0.020
2979830,S39_Cross_Window_Momentum_Continuation,NO,1784515220.322288,0.590000,5,1784515499.949122,0.000000,0.043155,-2.993155,cross_momentum sv=-0.020 lv=-0.030
2979872,S39_Cross_Window_Momentum_Continuation,NO,1784516158.395962,0.650000,5,1784516399.971668,1.000000,0.042052,1.707948,cross_momentum sv=-0.020 lv=-0.020
2979891,S39_Cross_Window_Momentum_Continuation,YES,1784516508.287229,0.630000,5,1784516700.01235,1.000000,0.042789,1.807211,cross_momentum sv=0.020 lv=0.020
2979926,S39_Cross_Window_Momentum_Continuation,NO,1784517174.22979,0.630000,5,1784517299.908831,0.000000,0.042789,-3.192789,cross_momentum sv=-0.080 lv=-0.070
2979951,S39_Cross_Window_Momentum_Continuation,NO,1784517307.278988,0.620000,5,1784517599.98318,1.000000,0.043018,1.856982,cross_momentum sv=-0.020 lv=-0.020
2979960,S39_Cross_Window_Momentum_Continuation,NO,1784517616.962711,0.650000,5,1784517899.99531,1.000000,0.042052,1.707948,cross_momentum sv=-0.030 lv=-0.040
2979964,S39_Cross_Window_Momentum_Continuation,NO,1784517924.638709,0.630000,5,1784518199.913652,1.000000,0.042789,1.807211,cross_momentum sv=-0.050 lv=-0.070
2979980,S39_Cross_Window_Momentum_Continuation,NO,1784518210.790218,0.620000,5,1784518499.995206,0.000000,0.043018,-3.143018,cross_momentum sv=-0.020 lv=-0.020
2980024,S39_Cross_Window_Momentum_Continuation,NO,1784518523.584076,0.650000,5,1784518799.975811,0.000000,0.042052,-3.292052,cross_momentum sv=-0.040 lv=-0.040
2980084,S39_Cross_Window_Momentum_Continuation,YES,1784518832.58667,0.590000,5,1784519099.97294,1.000000,0.043155,2.006845,cross_momentum sv=0.020 lv=0.020
2980096,S39_Cross_Window_Momentum_Continuation,NO,1784519197.907253,0.650000,5,1784519399.953222,1.000000,0.042052,1.707948,cross_momentum sv=-0.020 lv=-0.030
2980618,S39_Cross_Window_Momentum_Continuation,NO,1784519755.795845,0.620000,5,1784519999.997764,0.000000,0.043018,-3.143018,cross_momentum sv=-0.030 lv=-0.030
2981091,S39_Cross_Window_Momentum_Continuation,NO,1784520016.302219,0.650000,5,1784520299.999325,1.000000,0.042052,1.707948,cross_momentum sv=-0.070 lv=-0.050
2981149,S39_Cross_Window_Momentum_Continuation,NO,1784520823.244516,0.640000,5,1784520899.935891,1.000000,0.042467,1.757533,cross_momentum sv=-0.100 lv=-0.100
2981200,S39_Cross_Window_Momentum_Continuation,NO,1784521312.586158,0.580000,5,1784521499.98036,0.000000,0.043022,-2.943022,cross_momentum sv=-0.090 lv=-0.110
2981347,S39_Cross_Window_Momentum_Continuation,NO,1784521932.218554,0.640000,5,1784522099.934374,1.000000,0.042467,1.757533,cross_momentum sv=-0.080 lv=-0.110
2981487,S39_Cross_Window_Momentum_Continuation,NO,1784522550.832678,0.650000,5,1784522699.987353,1.000000,0.042052,1.707948,cross_momentum sv=-0.030 lv=-0.030
2981496,S39_Cross_Window_Momentum_Continuation,NO,1784522716.328529,0.630000,5,1784522999.983879,1.000000,0.042789,1.807211,cross_momentum sv=-0.030 lv=-0.030
2981547,S39_Cross_Window_Momentum_Continuation,NO,1784523027.626162,0.600000,5,1784523299.949911,1.000000,0.043200,1.956800,cross_momentum sv=-0.070 lv=-0.070
2985218,S39_Cross_Window_Momentum_Continuation,YES,1784523612.202142,0.630000,5,1784523900.004806,0.000000,0.042789,-3.192789,cross_momentum sv=0.030 lv=0.030
2985237,S39_Cross_Window_Momentum_Continuation,NO,1784523927.262964,0.630000,5,1784524199.988216,1.000000,0.042789,1.807211,cross_momentum sv=-0.030 lv=-0.030
2985257,S39_Cross_Window_Momentum_Continuation,NO,1784524218.118636,0.570000,5,1784524500.004131,1.000000,0.042803,2.107197,cross_momentum sv=-0.020 lv=-0.020
2985266,S39_Cross_Window_Momentum_Continuation,NO,1784524507.844372,0.550000,5,1784524799.979749,0.000000,0.042114,-2.792114,cross_momentum sv=-0.030 lv=-0.030
2985278,S39_Cross_Window_Momentum_Continuation,YES,1784524818.616582,0.610000,5,1784525099.972179,0.000000,0.043155,-3.093155,cross_momentum sv=0.020 lv=0.020
2985348,S39_Cross_Window_Momentum_Continuation,NO,1784525111.043995,0.580000,5,1784525399.945109,1.000000,0.043022,2.056978,cross_momentum sv=-0.040 lv=-0.020
2985362,S39_Cross_Window_Momentum_Continuation,NO,1784525411.994962,0.540000,5,1784525699.934111,1.000000,0.041649,2.258351,cross_momentum sv=-0.020 lv=-0.020
2985372,S39_Cross_Window_Momentum_Continuation,NO,1784525708.208036,0.570000,5,1784525999.950192,0.000000,0.042803,-2.892803,cross_momentum sv=-0.030 lv=-0.050
2985427,S39_Cross_Window_Momentum_Continuation,YES,1784526035.62218,0.620000,5,1784526299.952601,1.000000,0.043018,1.856982,cross_momentum sv=0.020 lv=0.020
2985443,S39_Cross_Window_Momentum_Continuation,NO,1784526331.630384,0.650000,5,1784526599.93586,1.000000,0.042052,1.707948,cross_momentum sv=-0.040 lv=-0.040
2985448,S39_Cross_Window_Momentum_Continuation,NO,1784526661.646879,0.640000,5,1784526899.925581,1.000000,0.042467,1.757533,cross_momentum sv=-0.020 lv=-0.020
2985496,S39_Cross_Window_Momentum_Continuation,NO,1784526929.227324,0.500000,5,1784527199.971239,0.000000,0.039062,-2.539062,cross_momentum sv=-0.020 lv=-0.020
2985507,S39_Cross_Window_Momentum_Continuation,YES,1784527243.580447,0.630000,5,1784527500.00372,1.000000,0.042789,1.807211,cross_momentum sv=0.050 lv=0.040
2985514,S39_Cross_Window_Momentum_Continuation,NO,1784527617.514438,0.630000,5,1784527799.982461,0.000000,0.042789,-3.192789,cross_momentum sv=-0.030 lv=-0.030
2985527,S39_Cross_Window_Momentum_Continuation,NO,1784527808.854889,0.640000,5,1784528099.990881,0.000000,0.042467,-3.242467,cross_momentum sv=-0.030 lv=-0.030
2985535,S39_Cross_Window_Momentum_Continuation,NO,1784528229.192092,0.590000,5,1784528399.958908,1.000000,0.043155,2.006845,cross_momentum sv=-0.090 lv=-0.140
2985549,S39_Cross_Window_Momentum_Continuation,YES,1784528448.06513,0.620000,5,1784528699.966785,0.000000,0.043018,-3.143018,cross_momentum sv=0.040 lv=0.030
2985552,S39_Cross_Window_Momentum_Continuation,YES,1784528764.158947,0.590000,5,1784528999.941812,1.000000,0.043155,2.006845,cross_momentum sv=0.070 lv=0.070
2985557,S39_Cross_Window_Momentum_Continuation,NO,1784529029.587652,0.640000,5,1784529299.959457,1.000000,0.042467,1.757533,cross_momentum sv=-0.030 lv=-0.030
2985610,S39_Cross_Window_Momentum_Continuation,NO,1784529354.235863,0.640000,5,1784529599.906789,1.000000,0.042467,1.757533,cross_momentum sv=-0.040 lv=-0.040
2985629,S39_Cross_Window_Momentum_Continuation,NO,1784529620.643227,0.620000,5,1784529899.935815,1.000000,0.043018,1.856982,cross_momentum sv=-0.020 lv=-0.020
2985632,S39_Cross_Window_Momentum_Continuation,NO,1784529908.55628,0.550000,5,1784530199.947809,0.000000,0.042114,-2.792114,cross_momentum sv=-0.030 lv=-0.030
2985646,S39_Cross_Window_Momentum_Continuation,NO,1784530204.636119,0.500000,5,1784530499.983523,0.000000,0.039062,-2.539062,cross_momentum sv=-0.050 lv=-0.040
2985665,S39_Cross_Window_Momentum_Continuation,YES,1784530544.095928,0.540000,5,1784530799.882931,1.000000,0.041649,2.258351,cross_momentum sv=0.020 lv=0.020
2985667,S39_Cross_Window_Momentum_Continuation,YES,1784530847.08946,0.640000,5,1784531099.908512,1.000000,0.042467,1.757533,cross_momentum sv=0.050 lv=0.050
2985686,S39_Cross_Window_Momentum_Continuation,NO,1784531113.31888,0.600000,5,1784531399.938655,1.000000,0.043200,1.956800,cross_momentum sv=-0.020 lv=-0.030
2985692,S39_Cross_Window_Momentum_Continuation,NO,1784531448.086745,0.640000,5,1784531700.003633,1.000000,0.042467,1.757533,cross_momentum sv=-0.060 lv=-0.060
2985710,S39_Cross_Window_Momentum_Continuation,NO,1784531773.567516,0.650000,5,1784531999.941135,1.000000,0.042052,1.707948,cross_momentum sv=-0.020 lv=-0.020
2985712,S39_Cross_Window_Momentum_Continuation,NO,1784532016.846574,0.650000,5,1784532299.981326,0.000000,0.042052,-3.292052,cross_momentum sv=-0.020 lv=-0.020
2985730,S39_Cross_Window_Momentum_Continuation,YES,1784532376.680722,0.640000,5,1784532599.995806,1.000000,0.042467,1.757533,cross_momentum sv=0.020 lv=0.020
2985750,S39_Cross_Window_Momentum_Continuation,YES,1784532618.958315,0.620000,5,1784532899.984449,1.000000,0.043018,1.856982,cross_momentum sv=0.020 lv=0.030
2985793,S39_Cross_Window_Momentum_Continuation,NO,1784532925.239314,0.630000,5,1784533199.991864,1.000000,0.042789,1.807211,cross_momentum sv=-0.020 lv=-0.020
2985801,S39_Cross_Window_Momentum_Continuation,NO,1784533211.946094,0.500000,5,1784533499.889877,0.000000,0.039062,-2.539062,cross_momentum sv=-0.130 lv=-0.180
2985815,S39_Cross_Window_Momentum_Continuation,NO,1784533638.023731,0.640000,5,1784533799.958538,0.000000,0.042467,-3.242467,cross_momentum sv=-0.040 lv=-0.040
2985819,S39_Cross_Window_Momentum_Continuation,NO,1784533812.663244,0.610000,5,1784534099.94786,0.000000,0.043155,-3.093155,cross_momentum sv=-0.040 lv=-0.040
2985854,S39_Cross_Window_Momentum_Continuation,NO,1784534122.745194,0.610000,5,1784534399.980691,0.000000,0.043155,-3.093155,cross_momentum sv=-0.020 lv=-0.020
2985868,S39_Cross_Window_Momentum_Continuation,NO,1784534405.383612,0.600000,5,1784534699.960639,0.000000,0.043200,-3.043200,cross_momentum sv=-0.070 lv=-0.040
2985915,S39_Cross_Window_Momentum_Continuation,NO,1784534737.031824,0.590000,5,1784535000.001298,1.000000,0.043155,2.006845,cross_momentum sv=-0.040 lv=-0.040
2985988,S39_Cross_Window_Momentum_Continuation,NO,1784535049.851024,0.570000,5,1784535299.997366,0.000000,0.042803,-2.892803,cross_momentum sv=-0.040 lv=-0.030
2986006,S39_Cross_Window_Momentum_Continuation,NO,1784535332.917197,0.630000,5,1784535599.916777,1.000000,0.042789,1.807211,cross_momentum sv=-0.020 lv=-0.020
2986014,S39_Cross_Window_Momentum_Continuation,NO,1784535651.004624,0.640000,5,1784535899.972328,1.000000,0.042467,1.757533,cross_momentum sv=-0.040 lv=-0.060
2986022,S39_Cross_Window_Momentum_Continuation,NO,1784535963.520095,0.310000,5,1784536199.985502,1.000000,0.017729,3.432271,cross_momentum sv=-0.070 lv=-0.070
2986033,S39_Cross_Window_Momentum_Continuation,NO,1784536473.699915,0.250000,5,1784536499.948884,1.000000,0.010986,3.739014,cross_momentum sv=-0.020 lv=-0.020
2986083,S39_Cross_Window_Momentum_Continuation,YES,1784536503.572659,0.600000,5,1784536799.904382,0.000000,0.043200,-3.043200,cross_momentum sv=0.170 lv=0.170
2986113,S39_Cross_Window_Momentum_Continuation,NO,1784536907.09431,0.650000,5,1784537099.965812,1.000000,0.042052,1.707948,cross_momentum sv=-0.050 lv=-0.070
2986139,S39_Cross_Window_Momentum_Continuation,YES,1784537441.610633,0.630000,5,1784537700.000993,0.000000,0.042789,-3.192789,cross_momentum sv=0.020 lv=0.020
2986143,S39_Cross_Window_Momentum_Continuation,YES,1784537729.771046,0.600000,5,1784537999.903898,1.000000,0.043200,1.956800,cross_momentum sv=0.030 lv=0.020
2986157,S39_Cross_Window_Momentum_Continuation,YES,1784538138.562475,0.510000,5,1784538299.88901,0.000000,0.039812,-2.589812,cross_momentum sv=0.030 lv=0.020
2986174,S39_Cross_Window_Momentum_Continuation,NO,1784538355.486238,0.650000,5,1784538599.897149,1.000000,0.042052,1.707948,cross_momentum sv=-0.070 lv=-0.070
2986184,S39_Cross_Window_Momentum_Continuation,YES,1784538671.560324,0.630000,5,1784538899.89594,1.000000,0.042789,1.807211,cross_momentum sv=0.020 lv=0.020
2986191,S39_Cross_Window_Momentum_Continuation,YES,1784538961.995819,0.590000,5,1784539199.891141,0.000000,0.043155,-2.993155,cross_momentum sv=0.050 lv=0.070
2986213,S39_Cross_Window_Momentum_Continuation,YES,1784539241.721034,0.430000,5,1784539499.967922,1.000000,0.032290,2.817710,cross_momentum sv=0.020 lv=0.030
2986225,S39_Cross_Window_Momentum_Continuation,YES,1784539551.46414,0.640000,5,1784539799.915907,1.000000,0.042467,1.757533,cross_momentum sv=0.020 lv=0.030
2986228,S39_Cross_Window_Momentum_Continuation,NO,1784539833.174059,0.600000,5,1784540099.902201,0.000000,0.043200,-3.043200,cross_momentum sv=-0.040 lv=-0.040
2986300,S39_Cross_Window_Momentum_Continuation,YES,1784540413.725277,0.460000,5,1784540699.8873,1.000000,0.035479,2.664521,cross_momentum sv=0.020 lv=0.020
2986314,S39_Cross_Window_Momentum_Continuation,YES,1784540719.803639,0.540000,5,1784540999.909765,1.000000,0.041649,2.258351,cross_momentum sv=0.020 lv=0.020
2986396,S39_Cross_Window_Momentum_Continuation,NO,1784541329.350524,0.610000,5,1784541599.924714,1.000000,0.043155,1.906845,cross_momentum sv=-0.070 lv=-0.070
2986411,S39_Cross_Window_Momentum_Continuation,NO,1784541733.792263,0.520000,5,1784541899.886525,0.000000,0.040495,-2.640495,cross_momentum sv=-0.090 lv=-0.090
2986528,S39_Cross_Window_Momentum_Continuation,NO,1784542553.413491,0.640000,5,1784542799.926378,1.000000,0.042467,1.757533,cross_momentum sv=-0.050 lv=-0.050
2986561,S39_Cross_Window_Momentum_Continuation,NO,1784543432.316297,0.590000,5,1784543699.999426,1.000000,0.043155,2.006845,cross_momentum sv=-0.110 lv=-0.170
2986614,S39_Cross_Window_Momentum_Continuation,NO,1784543724.735959,0.650000,5,1784543999.84575,1.000000,0.042052,1.707948,cross_momentum sv=-0.030 lv=-0.030
2986743,S39_Cross_Window_Momentum_Continuation,NO,1784544069.294346,0.650000,5,1784544299.969272,0.000000,0.042052,-3.292052,cross_momentum sv=-0.050 lv=-0.050
2986757,S39_Cross_Window_Momentum_Continuation,NO,1784544329.660211,0.640000,5,1784544599.962722,0.000000,0.042467,-3.242467,cross_momentum sv=-0.030 lv=-0.020
2986768,S39_Cross_Window_Momentum_Continuation,NO,1784544692.812894,0.590000,5,1784544899.90657,0.000000,0.043155,-2.993155,cross_momentum sv=-0.090 lv=-0.090
2987158,S39_Cross_Window_Momentum_Continuation,NO,1784545474.093395,0.480000,5,1784545500.006498,0.000000,0.037380,-2.437380,cross_momentum sv=-0.500 lv=-0.500
2987172,S39_Cross_Window_Momentum_Continuation,YES,1784545503.657211,0.640000,5,1784545799.930908,1.000000,0.042467,1.757533,cross_momentum sv=0.060 lv=0.100
2987184,S39_Cross_Window_Momentum_Continuation,NO,1784545894.999438,0.640000,5,1784546099.911279,1.000000,0.042467,1.757533,cross_momentum sv=-0.040 lv=-0.050
2987194,S39_Cross_Window_Momentum_Continuation,NO,1784546145.42963,0.640000,5,1784546290.490424,1.000000,0.042467,1.757533,cross_momentum sv=-0.080 lv=-0.080
2987215,S39_Cross_Window_Momentum_Continuation,NO,1784546506.996508,0.650000,5,1784546699.982137,1.000000,0.042052,1.707948,cross_momentum sv=-0.150 lv=-0.160
2987312,S39_Cross_Window_Momentum_Continuation,YES,1784547013.679198,0.630000,5,1784547300.004816,1.000000,0.042789,1.807211,cross_momentum sv=0.080 lv=0.080
2987354,S39_Cross_Window_Momentum_Continuation,NO,1784547314.353169,0.590000,5,1784547599.892912,0.000000,0.043155,-2.993155,cross_momentum sv=-0.030 lv=-0.020
2987372,S39_Cross_Window_Momentum_Continuation,YES,1784547608.496371,0.530000,5,1784547899.994287,0.000000,0.041109,-2.691109,cross_momentum sv=0.020 lv=0.020
2987378,S39_Cross_Window_Momentum_Continuation,YES,1784547910.72118,0.560000,5,1784548199.957001,1.000000,0.042499,2.157501,cross_momentum sv=0.020 lv=0.030
2987391,S39_Cross_Window_Momentum_Continuation,NO,1784548229.75923,0.650000,5,1784548499.915808,0.000000,0.042052,-3.292052,cross_momentum sv=-0.020 lv=-0.020
2987500,S39_Cross_Window_Momentum_Continuation,NO,1784548538.758984,0.650000,5,1784548799.90492,0.000000,0.042052,-3.292052,cross_momentum sv=-0.030 lv=-0.050
2987515,S39_Cross_Window_Momentum_Continuation,NO,1784548825.652395,0.630000,5,1784549099.961105,1.000000,0.042789,1.807211,cross_momentum sv=-0.110 lv=-0.110
2987527,S39_Cross_Window_Momentum_Continuation,NO,1784549123.119428,0.560000,5,1784549399.967043,0.000000,0.042499,-2.842499,cross_momentum sv=-0.040 lv=-0.050
2987540,S39_Cross_Window_Momentum_Continuation,NO,1784549416.729319,0.550000,5,1784549700.009632,1.000000,0.042114,2.207886,cross_momentum sv=-0.030 lv=-0.030
2987554,S39_Cross_Window_Momentum_Continuation,YES,1784549723.039199,0.650000,5,1784549999.900229,0.000000,0.042052,-3.292052,cross_momentum sv=0.080 lv=0.080
2987627,S39_Cross_Window_Momentum_Continuation,NO,1784550024.597774,0.540000,5,1784550299.861699,0.000000,0.041649,-2.741649,cross_momentum sv=-0.040 lv=-0.040
2987732,S39_Cross_Window_Momentum_Continuation,NO,1784550309.092702,0.640000,5,1784550599.885473,1.000000,0.042467,1.757533,cross_momentum sv=-0.030 lv=-0.050
2987738,S39_Cross_Window_Momentum_Continuation,NO,1784550775.459849,0.650000,5,1784550899.985501,0.000000,0.042052,-3.292052,cross_momentum sv=-0.040 lv=-0.060
2987786,S39_Cross_Window_Momentum_Continuation,YES,1784550911.628582,0.640000,5,1784551199.957766,0.000000,0.042467,-3.242467,cross_momentum sv=0.030 lv=0.030
2987825,S39_Cross_Window_Momentum_Continuation,NO,1784551275.18186,0.630000,5,1784551499.894898,1.000000,0.042789,1.807211,cross_momentum sv=-0.020 lv=-0.020
2987849,S39_Cross_Window_Momentum_Continuation,NO,1784551856.660999,0.590000,5,1784552099.942999,1.000000,0.043155,2.006845,cross_momentum sv=-0.030 lv=-0.040
2987910,S39_Cross_Window_Momentum_Continuation,NO,1784552165.778474,0.600000,5,1784552399.918948,1.000000,0.043200,1.956800,cross_momentum sv=-0.050 lv=-0.050
2987917,S39_Cross_Window_Momentum_Continuation,YES,1784552440.759688,0.650000,5,1784552699.987575,0.000000,0.042052,-3.292052,cross_momentum sv=0.050 lv=0.050
2988028,S39_Cross_Window_Momentum_Continuation,NO,1784553061.737695,0.650000,5,1784553299.996175,1.000000,0.042052,1.707948,cross_momentum sv=-0.060 lv=-0.060
2988076,S39_Cross_Window_Momentum_Continuation,YES,1784554214.55454,0.570000,5,1784554499.9963,1.000000,0.042803,2.107197,cross_momentum sv=0.020 lv=0.030
2988127,S39_Cross_Window_Momentum_Continuation,YES,1784554514.661411,0.640000,5,1784554799.982302,0.000000,0.042467,-3.242467,cross_momentum sv=0.030 lv=0.040
2988295,S39_Cross_Window_Momentum_Continuation,YES,1784554805.314002,0.620000,5,1784555099.909288,0.000000,0.043018,-3.143018,cross_momentum sv=0.040 lv=0.040
2988311,S39_Cross_Window_Momentum_Continuation,NO,1784555120.475908,0.580000,5,1784555399.935053,0.000000,0.043022,-2.943022,cross_momentum sv=-0.020 lv=-0.020
2988321,S39_Cross_Window_Momentum_Continuation,YES,1784555424.679955,0.630000,5,1784555699.929042,0.000000,0.042789,-3.192789,cross_momentum sv=0.020 lv=0.020
2988339,S39_Cross_Window_Momentum_Continuation,YES,1784555708.537144,0.580000,5,1784555999.900039,0.000000,0.043022,-2.943022,cross_momentum sv=0.070 lv=0.080
2988367,S39_Cross_Window_Momentum_Continuation,YES,1784556030.534263,0.630000,5,1784556299.989414,1.000000,0.042789,1.807211,cross_momentum sv=0.020 lv=0.030
2988378,S39_Cross_Window_Momentum_Continuation,NO,1784556319.018282,0.590000,5,1784556599.883153,0.000000,0.043155,-2.993155,cross_momentum sv=-0.050 lv=-0.060
2988519,S39_Cross_Window_Momentum_Continuation,NO,1784556627.517044,0.630000,5,1784556899.883256,1.000000,0.042789,1.807211,cross_momentum sv=-0.030 lv=-0.030
2988533,S39_Cross_Window_Momentum_Continuation,NO,1784556907.669198,0.590000,5,1784557199.935081,1.000000,0.043155,2.006845,cross_momentum sv=-0.040 lv=-0.040
2988543,S39_Cross_Window_Momentum_Continuation,NO,1784557206.080409,0.610000,5,1784557499.924817,0.000000,0.043155,-3.093155,cross_momentum sv=-0.040 lv=-0.040
2988588,S39_Cross_Window_Momentum_Continuation,NO,1784557532.069278,0.520000,5,1784557799.910504,0.000000,0.040495,-2.640495,cross_momentum sv=-0.040 lv=-0.040
2988612,S39_Cross_Window_Momentum_Continuation,YES,1784557821.796311,0.560000,5,1784558099.906314,0.000000,0.042499,-2.842499,cross_momentum sv=0.020 lv=0.030
2988654,S39_Cross_Window_Momentum_Continuation,NO,1784558106.790294,0.550000,5,1784558399.894756,1.000000,0.042114,2.207886,cross_momentum sv=-0.030 lv=-0.030
2988669,S39_Cross_Window_Momentum_Continuation,YES,1784558481.908705,0.630000,5,1784558699.996306,1.000000,0.042789,1.807211,cross_momentum sv=0.020 lv=0.020
2988686,S39_Cross_Window_Momentum_Continuation,NO,1784558708.475403,0.610000,5,1784558999.950246,1.000000,0.043155,1.906845,cross_momentum sv=-0.040 lv=-0.040
2988697,S39_Cross_Window_Momentum_Continuation,NO,1784559003.925185,0.540000,5,1784559299.947794,1.000000,0.041649,2.258351,cross_momentum sv=-0.020 lv=-0.030
2988810,S39_Cross_Window_Momentum_Continuation,YES,1784559320.359335,0.600000,5,1784559599.998208,1.000000,0.043200,1.956800,cross_momentum sv=0.020 lv=0.020
2988833,S39_Cross_Window_Momentum_Continuation,YES,1784559632.896111,0.630000,5,1784559899.918003,1.000000,0.042789,1.807211,cross_momentum sv=0.050 lv=0.040
2988834,S39_Cross_Window_Momentum_Continuation,NO,1784559921.74715,0.630000,5,1784560199.910462,0.000000,0.042789,-3.192789,cross_momentum sv=-0.030 lv=-0.030
2988850,S39_Cross_Window_Momentum_Continuation,YES,1784560216.331638,0.610000,5,1784560499.876069,1.000000,0.043155,1.906845,cross_momentum sv=0.050 lv=0.050
2988862,S39_Cross_Window_Momentum_Continuation,NO,1784560525.625925,0.650000,5,1784560799.949084,0.000000,0.042052,-3.292052,cross_momentum sv=-0.030 lv=-0.030
2988878,S39_Cross_Window_Momentum_Continuation,YES,1784560815.599093,0.550000,5,1784561099.898624,0.000000,0.042114,-2.792114,cross_momentum sv=0.030 lv=0.040
2988937,S39_Cross_Window_Momentum_Continuation,NO,1784561115.610674,0.650000,5,1784561399.893704,1.000000,0.042052,1.707948,cross_momentum sv=-0.040 lv=-0.050
2988944,S39_Cross_Window_Momentum_Continuation,YES,1784561404.631455,0.550000,5,1784561699.961462,0.000000,0.042114,-2.792114,cross_momentum sv=0.040 lv=0.040
2989007,S39_Cross_Window_Momentum_Continuation,NO,1784561711.512109,0.610000,5,1784561999.917023,0.000000,0.043155,-3.093155,cross_momentum sv=-0.020 lv=-0.030
2989026,S39_Cross_Window_Momentum_Continuation,YES,1784562022.436626,0.610000,5,1784562299.88293,1.000000,0.043155,1.906845,cross_momentum sv=0.030 lv=0.030
2989034,S39_Cross_Window_Momentum_Continuation,YES,1784562302.709631,0.540000,5,1784562599.99272,1.000000,0.041649,2.258351,cross_momentum sv=0.030 lv=0.040
2989051,S39_Cross_Window_Momentum_Continuation,NO,1784562643.812603,0.580000,5,1784562899.995893,0.000000,0.043022,-2.943022,cross_momentum sv=-0.030 lv=-0.030
2989594,S39_Cross_Window_Momentum_Continuation,YES,1784562908.852526,0.540000,5,1784563199.923756,1.000000,0.041649,2.258351,cross_momentum sv=0.020 lv=0.020
2989898,S39_Cross_Window_Momentum_Continuation,YES,1784563206.154765,0.600000,5,1784563499.901878,0.000000,0.043200,-3.043200,cross_momentum sv=0.050 lv=0.060
2989913,S39_Cross_Window_Momentum_Continuation,NO,1784563527.202371,0.650000,5,1784563799.971519,1.000000,0.042052,1.707948,cross_momentum sv=-0.030 lv=-0.030
2989970,S39_Cross_Window_Momentum_Continuation,YES,1784563820.942911,0.640000,5,1784564099.957946,1.000000,0.042467,1.757533,cross_momentum sv=0.020 lv=0.020
