market_id,strategy,side,entry_time,entry_price,shares,exit_time,exit_price,fee_paid,pnl,reason
2933913,S32_MOMENTUM_Mode,YES,1784200844.596388,0.720000,5,1784201099.960979,1.000000,0.036578,1.363422,momentum vel=0.020 delta=0.0236% sustain=2
2933933,S32_MOMENTUM_Mode,NO,1784201473.774442,0.750000,5,1784201699.898366,0.000000,0.032959,-3.782959,momentum vel=-0.020 delta=-0.0303% sustain=2
2933981,S32_MOMENTUM_Mode,YES,1784201847.982392,0.670000,5,1784201999.989534,1.000000,0.040941,1.609059,momentum vel=0.040 delta=0.0271% sustain=2
2934021,S32_MOMENTUM_Mode,YES,1784202083.84027,0.680000,5,1784202299.922277,1.000000,0.040247,1.559753,momentum vel=0.040 delta=0.0309% sustain=2
2934041,S32_MOMENTUM_Mode,NO,1784202438.788298,0.750000,5,1784202599.888569,1.000000,0.032959,1.217041,momentum vel=-0.020 delta=-0.0200% sustain=2
2934049,S32_MOMENTUM_Mode,NO,1784202632.845777,0.600000,5,1784202899.978167,0.000000,0.043200,-3.043200,momentum vel=-0.030 delta=-0.0319% sustain=2
2934267,S32_MOMENTUM_Mode,YES,1784203016.768486,0.690000,5,1784203199.968853,1.000000,0.039462,1.510538,momentum vel=0.020 delta=0.0263% sustain=2
2934325,S32_MOMENTUM_Mode,NO,1784203216.531876,0.630000,5,1784203499.906016,1.000000,0.042789,1.807211,momentum vel=-0.030 delta=-0.0204% sustain=2
2934344,S32_MOMENTUM_Mode,NO,1784203684.924748,0.680000,5,1784203799.905116,0.000000,0.040247,-3.440247,momentum vel=-0.030 delta=-0.0232% sustain=2
2934354,S32_MOMENTUM_Mode,YES,1784203904.312265,0.640000,5,1784204099.889787,0.000000,0.042467,-3.242467,momentum vel=0.030 delta=0.0272% sustain=2
2934361,S32_MOMENTUM_Mode,NO,1784204135.004193,0.670000,5,1784204399.9051,0.000000,0.040941,-3.390941,momentum vel=-0.030 delta=-0.0516% sustain=2
2934379,S32_MOMENTUM_Mode,YES,1784204434.22874,0.650000,5,1784204699.949445,0.000000,0.042052,-3.292052,momentum vel=0.040 delta=0.0203% sustain=2
2934397,S32_MOMENTUM_Mode,NO,1784205140.630804,0.730000,5,1784205299.994984,1.000000,0.035449,1.314551,momentum vel=-0.020 delta=-0.0305% sustain=2
2934447,S32_MOMENTUM_Mode,NO,1784205410.883671,0.750000,5,1784205599.890878,1.000000,0.032959,1.217041,momentum vel=-0.050 delta=-0.0504% sustain=2
2934490,S32_MOMENTUM_Mode,NO,1784205655.193087,0.620000,5,1784205899.915684,1.000000,0.043018,1.856982,momentum vel=-0.050 delta=-0.0386% sustain=2
2934493,S32_MOMENTUM_Mode,NO,1784205925.299827,0.550000,5,1784206199.959226,0.000000,0.042114,-2.792114,momentum vel=-0.030 delta=-0.0246% sustain=2
2934573,S32_MOMENTUM_Mode,NO,1784206527.477778,0.690000,5,1784206799.91893,1.000000,0.039462,1.510538,momentum vel=-0.030 delta=-0.0632% sustain=2
2934577,S32_MOMENTUM_Mode,YES,1784206817.847525,0.660000,5,1784207099.947875,1.000000,0.041543,1.658457,momentum vel=0.020 delta=0.0288% sustain=2
2934590,S32_MOMENTUM_Mode,YES,1784207135.691895,0.610000,5,1784207399.957443,1.000000,0.043155,1.906845,momentum vel=0.040 delta=0.0247% sustain=2
2934605,S32_MOMENTUM_Mode,YES,1784207433.123762,0.710000,5,1784207699.912184,1.000000,0.037625,1.412375,momentum vel=0.050 delta=0.0270% sustain=2
2934623,S32_MOMENTUM_Mode,NO,1784207907.5426,0.710000,5,1784207999.954737,0.000000,0.037625,-3.587625,momentum vel=-0.100 delta=-0.0456% sustain=2
2934636,S32_MOMENTUM_Mode,YES,1784208024.499309,0.680000,5,1784208299.989105,1.000000,0.040247,1.559753,momentum vel=0.030 delta=0.0280% sustain=2
2934650,S32_MOMENTUM_Mode,NO,1784208305.926129,0.700000,5,1784208599.960075,0.000000,0.038588,-3.538588,momentum vel=-0.020 delta=-0.0332% sustain=2
2934730,S32_MOMENTUM_Mode,YES,1784208606.049948,0.650000,5,1784208899.983656,1.000000,0.042052,1.707948,momentum vel=0.040 delta=0.0625% sustain=2
2934777,S32_MOMENTUM_Mode,NO,1784208923.328346,0.590000,5,1784209199.984145,1.000000,0.043155,2.006845,momentum vel=-0.030 delta=-0.0249% sustain=2
2934814,S32_MOMENTUM_Mode,YES,1784209208.495623,0.600000,5,1784209499.996363,0.000000,0.043200,-3.043200,momentum vel=0.020 delta=0.0360% sustain=2
2934831,S32_MOMENTUM_Mode,YES,1784209506.920623,0.640000,5,1784209799.95927,1.000000,0.042467,1.757533,momentum vel=0.020 delta=0.0251% sustain=2
2934863,S32_MOMENTUM_Mode,YES,1784209824.48085,0.640000,5,1784210099.925036,1.000000,0.042467,1.757533,momentum vel=0.050 delta=0.0310% sustain=2
2934877,S32_MOMENTUM_Mode,NO,1784210106.253086,0.530000,5,1784210399.959285,0.000000,0.041109,-2.691109,momentum vel=-0.030 delta=-0.0443% sustain=2
2934890,S32_MOMENTUM_Mode,YES,1784210406.814983,0.610000,5,1784210699.882863,0.000000,0.043155,-3.093155,momentum vel=0.010 delta=0.0628% sustain=2
2934906,S32_MOMENTUM_Mode,YES,1784210709.264679,0.640000,5,1784210999.90861,1.000000,0.042467,1.757533,momentum vel=0.040 delta=0.0358% sustain=2
2934922,S32_MOMENTUM_Mode,NO,1784211068.035561,0.650000,5,1784211299.965166,0.000000,0.042052,-3.292052,momentum vel=-0.020 delta=-0.0448% sustain=2
2934932,S32_MOMENTUM_Mode,NO,1784211324.290711,0.630000,5,1784211600.000436,0.000000,0.042789,-3.192789,momentum vel=-0.030 delta=-0.0637% sustain=2
2934949,S32_MOMENTUM_Mode,NO,1784211836.518272,0.740000,5,1784211899.981149,1.000000,0.034241,1.265759,momentum vel=-0.030 delta=-0.0628% sustain=2
2934961,S32_MOMENTUM_Mode,NO,1784211933.487337,0.570000,5,1784212199.944591,0.000000,0.042803,-2.892803,momentum vel=-0.030 delta=-0.0443% sustain=2
2934977,S32_MOMENTUM_Mode,YES,1784212209.257572,0.610000,5,1784212499.981085,0.000000,0.043155,-3.093155,momentum vel=0.030 delta=0.0329% sustain=2
2935023,S32_MOMENTUM_Mode,YES,1784212553.022905,0.630000,5,1784212799.993802,0.000000,0.042789,-3.192789,momentum vel=0.050 delta=0.0270% sustain=2
2935037,S32_MOMENTUM_Mode,NO,1784212837.109967,0.570000,5,1784213099.953344,0.000000,0.042803,-2.892803,momentum vel=-0.020 delta=-0.0305% sustain=2
2935060,S32_MOMENTUM_Mode,NO,1784213110.897266,0.540000,5,1784213399.95051,1.000000,0.041649,2.258351,momentum vel=-0.040 delta=-0.0234% sustain=2
2935061,S32_MOMENTUM_Mode,NO,1784213412.956996,0.570000,5,1784213699.989363,1.000000,0.042803,2.107197,momentum vel=-0.040 delta=-0.0302% sustain=2
2935086,S32_MOMENTUM_Mode,NO,1784213719.448953,0.720000,5,1784213999.888917,1.000000,0.036578,1.363422,momentum vel=-0.020 delta=-0.0463% sustain=2
2935087,S32_MOMENTUM_Mode,YES,1784214005.502699,0.630000,5,1784214299.861777,0.000000,0.042789,-3.192789,momentum vel=0.030 delta=0.0471% sustain=2
2935106,S32_MOMENTUM_Mode,NO,1784214335.406229,0.640000,5,1784214599.944456,1.000000,0.042467,1.757533,momentum vel=-0.030 delta=-0.0603% sustain=2
2935124,S32_MOMENTUM_Mode,YES,1784214683.532819,0.670000,5,1784214899.918153,0.000000,0.040941,-3.390941,momentum vel=0.040 delta=0.0264% sustain=2
2935166,S32_MOMENTUM_Mode,NO,1784214921.390422,0.540000,5,1784215199.919174,0.000000,0.041649,-2.741649,momentum vel=-0.050 delta=-0.0407% sustain=2
2935175,S32_MOMENTUM_Mode,YES,1784215273.989088,0.590000,5,1784215499.982782,1.000000,0.043155,2.006845,momentum vel=0.030 delta=0.0262% sustain=2
2935185,S32_MOMENTUM_Mode,YES,1784215516.398487,0.640000,5,1784215800.004147,1.000000,0.042467,1.757533,momentum vel=0.030 delta=0.0343% sustain=2
2935211,S32_MOMENTUM_Mode,NO,1784215826.686311,0.720000,5,1784216100.004792,1.000000,0.036578,1.363422,momentum vel=-0.030 delta=-0.0741% sustain=2
2935252,S32_MOMENTUM_Mode,NO,1784216122.249743,0.570000,5,1784216399.959844,0.000000,0.042803,-2.892803,momentum vel=-0.020 delta=-0.0216% sustain=2
2935260,S32_MOMENTUM_Mode,NO,1784216438.605299,0.570000,5,1784216699.896426,1.000000,0.042803,2.107197,momentum vel=-0.020 delta=-0.0316% sustain=2
2935273,S32_MOMENTUM_Mode,NO,1784216753.28633,0.670000,5,1784216999.951163,0.000000,0.040941,-3.390941,momentum vel=-0.030 delta=-0.0628% sustain=2
2935293,S32_MOMENTUM_Mode,YES,1784217085.117507,0.600000,5,1784217299.997166,0.000000,0.043200,-3.043200,momentum vel=0.040 delta=0.0224% sustain=2
2935486,S32_MOMENTUM_Mode,NO,1784217326.104474,0.660000,5,1784217599.958373,1.000000,0.041543,1.658457,momentum vel=-0.060 delta=-0.0625% sustain=2
2935536,S32_MOMENTUM_Mode,NO,1784217670.46313,0.600000,5,1784217899.891045,1.000000,0.043200,1.956800,momentum vel=-0.040 delta=-0.0224% sustain=2
2935547,S32_MOMENTUM_Mode,NO,1784217910.759545,0.590000,5,1784218199.920624,1.000000,0.043155,2.006845,momentum vel=-0.030 delta=-0.0330% sustain=2
2935556,S32_MOMENTUM_Mode,NO,1784218226.646338,0.670000,5,1784218500.00046,1.000000,0.040941,1.609059,momentum vel=-0.040 delta=-0.0680% sustain=2
2935578,S32_MOMENTUM_Mode,NO,1784218527.290117,0.690000,5,1784218799.959224,1.000000,0.039462,1.510538,momentum vel=-0.030 delta=-0.0582% sustain=2
2935583,S32_MOMENTUM_Mode,NO,1784218864.814617,0.730000,5,1784219099.930195,1.000000,0.035449,1.314551,momentum vel=-0.020 delta=-0.0975% sustain=2
2935593,S32_MOMENTUM_Mode,YES,1784219135.542783,0.670000,5,1784219399.999461,1.000000,0.040941,1.609059,momentum vel=0.060 delta=0.0221% sustain=2
2935604,S32_MOMENTUM_Mode,YES,1784219426.390631,0.670000,5,1784219699.941756,1.000000,0.040941,1.609059,momentum vel=0.030 delta=0.0309% sustain=2
2935659,S32_MOMENTUM_Mode,NO,1784219734.055346,0.650000,5,1784219999.954897,1.000000,0.042052,1.707948,momentum vel=-0.040 delta=-0.0427% sustain=2
2935671,S32_MOMENTUM_Mode,YES,1784220029.023321,0.650000,5,1784220299.926822,0.000000,0.042052,-3.292052,momentum vel=0.030 delta=0.0264% sustain=2
2935691,S32_MOMENTUM_Mode,NO,1784220350.003275,0.620000,5,1784220599.982654,0.000000,0.043018,-3.143018,momentum vel=-0.040 delta=-0.0422% sustain=2
2935693,S32_MOMENTUM_Mode,YES,1784220627.53288,0.700000,5,1784220899.910637,1.000000,0.038588,1.461413,momentum vel=0.030 delta=0.0342% sustain=2
2936247,S32_MOMENTUM_Mode,YES,1784220925.405379,0.640000,5,1784221199.945146,1.000000,0.042467,1.757533,momentum vel=0.020 delta=0.0256% sustain=2
2936266,S32_MOMENTUM_Mode,NO,1784221219.640282,0.570000,5,1784221499.954992,1.000000,0.042803,2.107197,momentum vel=-0.040 delta=-0.0263% sustain=2
2936273,S32_MOMENTUM_Mode,NO,1784221531.266374,0.580000,5,1784221799.965192,1.000000,0.043022,2.056978,momentum vel=-0.030 delta=-0.0308% sustain=2
2936343,S32_MOMENTUM_Mode,NO,1784221843.792129,0.700000,5,1784222099.942396,1.000000,0.038588,1.461413,momentum vel=-0.020 delta=-0.0742% sustain=2
2936346,S32_MOMENTUM_Mode,YES,1784222200.21337,0.730000,5,1784222399.987714,1.000000,0.035449,1.314551,momentum vel=0.070 delta=0.0262% sustain=2
2936368,S32_MOMENTUM_Mode,NO,1784222441.450366,0.560000,5,1784222700.001951,0.000000,0.042499,-2.842499,momentum vel=-0.020 delta=-0.0238% sustain=2
2936522,S32_MOMENTUM_Mode,NO,1784222729.518625,0.740000,5,1784222999.914208,0.000000,0.034241,-3.734241,momentum vel=-0.020 delta=-0.0776% sustain=2
2936536,S32_MOMENTUM_Mode,YES,1784223024.161443,0.660000,5,1784223299.888188,1.000000,0.041543,1.658457,momentum vel=0.040 delta=0.0285% sustain=2
2936584,S32_MOMENTUM_Mode,NO,1784223369.443267,0.630000,5,1784223599.959077,1.000000,0.042789,1.807211,momentum vel=-0.110 delta=-0.0403% sustain=2
2936593,S32_MOMENTUM_Mode,NO,1784223619.62068,0.700000,5,1784223899.968809,1.000000,0.038588,1.461413,momentum vel=-0.020 delta=-0.0505% sustain=2
2936613,S32_MOMENTUM_Mode,NO,1784223955.616253,0.600000,5,1784224199.893499,1.000000,0.043200,1.956800,momentum vel=-0.070 delta=-0.0331% sustain=2
2936631,S32_MOMENTUM_Mode,NO,1784224229.51766,0.690000,5,1784224499.910352,1.000000,0.039462,1.510538,momentum vel=-0.030 delta=-0.0527% sustain=2
2936666,S32_MOMENTUM_Mode,YES,1784224822.605912,0.640000,5,1784225099.877007,1.000000,0.042467,1.757533,momentum vel=0.060 delta=0.0335% sustain=2
2936747,S32_MOMENTUM_Mode,YES,1784225510.701963,0.720000,5,1784225699.973012,1.000000,0.036578,1.363422,momentum vel=0.030 delta=0.0288% sustain=2
2936791,S32_MOMENTUM_Mode,NO,1784225763.162104,0.720000,5,1784225999.91878,0.000000,0.036578,-3.636578,momentum vel=-0.020 delta=-0.0506% sustain=2
2936854,S32_MOMENTUM_Mode,NO,1784226017.663507,0.610000,5,1784226299.941212,0.000000,0.043155,-3.093155,momentum vel=-0.060 delta=-0.0237% sustain=2
2936934,S32_MOMENTUM_Mode,NO,1784226384.531645,0.560000,5,1784226599.887855,1.000000,0.042499,2.157501,momentum vel=-0.030 delta=-0.0281% sustain=2
2937046,S32_MOMENTUM_Mode,NO,1784226617.286185,0.600000,5,1784226899.963584,1.000000,0.043200,1.956800,momentum vel=-0.020 delta=-0.0237% sustain=2
2937142,S32_MOMENTUM_Mode,NO,1784226909.289923,0.690000,5,1784227199.885841,1.000000,0.039462,1.510538,momentum vel=-0.020 delta=-0.0561% sustain=2
2937159,S32_MOMENTUM_Mode,NO,1784227261.327379,0.640000,5,1784227499.934495,0.000000,0.042467,-3.242467,momentum vel=-0.060 delta=-0.0418% sustain=2
2937169,S32_MOMENTUM_Mode,YES,1784227574.368539,0.660000,5,1784227799.928024,1.000000,0.041543,1.658457,momentum vel=0.030 delta=0.0285% sustain=2
2937182,S32_MOMENTUM_Mode,YES,1784227848.543893,0.720000,5,1784228099.937944,1.000000,0.036578,1.363422,momentum vel=0.040 delta=0.0232% sustain=2
2937288,S32_MOMENTUM_Mode,NO,1784228117.329967,0.630000,5,1784228399.898124,1.000000,0.042789,1.807211,momentum vel=-0.040 delta=-0.0270% sustain=2
2937377,S32_MOMENTUM_Mode,NO,1784228404.998003,0.570000,5,1784228699.987698,0.000000,0.042803,-2.892803,momentum vel=-0.060 delta=-0.0234% sustain=2
2937380,S32_MOMENTUM_Mode,YES,1784228761.748536,0.660000,5,1784228999.954987,0.000000,0.041543,-3.341543,momentum vel=0.020 delta=0.0205% sustain=2
2937400,S32_MOMENTUM_Mode,NO,1784229015.165304,0.660000,5,1784229299.909584,1.000000,0.041543,1.658457,momentum vel=-0.030 delta=-0.0310% sustain=2
2937410,S32_MOMENTUM_Mode,NO,1784229356.383281,0.640000,5,1784229599.891282,1.000000,0.042467,1.757533,momentum vel=-0.040 delta=-0.0250% sustain=2
2937426,S32_MOMENTUM_Mode,YES,1784229689.491193,0.690000,5,1784229899.928387,0.000000,0.039462,-3.489462,momentum vel=0.020 delta=0.0257% sustain=2
2937435,S32_MOMENTUM_Mode,NO,1784230032.512717,0.700000,5,1784230199.890109,0.000000,0.038588,-3.538588,momentum vel=-0.080 delta=-0.0248% sustain=2
2937452,S32_MOMENTUM_Mode,NO,1784230206.550789,0.620000,5,1784230499.948483,1.000000,0.043018,1.856982,momentum vel=-0.050 delta=-0.0215% sustain=2
2937491,S32_MOMENTUM_Mode,NO,1784230603.972859,0.750000,5,1784230799.931368,1.000000,0.032959,1.217041,momentum vel=-0.030 delta=-0.0407% sustain=2
2937499,S32_MOMENTUM_Mode,NO,1784230846.332511,0.750000,5,1784231099.86402,1.000000,0.032959,1.217041,momentum vel=-0.040 delta=-0.0636% sustain=2
2937638,S32_MOMENTUM_Mode,NO,1784231951.452698,0.720000,5,1784231999.911824,0.000000,0.036578,-3.636578,momentum vel=-0.090 delta=-0.0273% sustain=2
2937677,S32_MOMENTUM_Mode,NO,1784232159.018118,0.620000,5,1784232299.974743,1.000000,0.043018,1.856982,momentum vel=-0.110 delta=-0.0430% sustain=2
2937700,S32_MOMENTUM_Mode,NO,1784232472.116451,0.690000,5,1784232599.902159,1.000000,0.039462,1.510538,momentum vel=-0.100 delta=-0.0227% sustain=2
2937720,S32_MOMENTUM_Mode,NO,1784232973.496244,0.750000,5,1784233199.990979,0.000000,0.032959,-3.782959,momentum vel=-0.040 delta=-0.0440% sustain=2
2937736,S32_MOMENTUM_Mode,NO,1784233538.904019,0.640000,5,1784233800.001427,1.000000,0.042467,1.757533,momentum vel=-0.050 delta=-0.0331% sustain=2
2937751,S32_MOMENTUM_Mode,NO,1784233828.752869,0.740000,5,1784234099.896142,0.000000,0.034241,-3.734241,momentum vel=-0.020 delta=-0.0305% sustain=2
2937794,S32_MOMENTUM_Mode,NO,1784234158.767455,0.670000,5,1784234399.947647,1.000000,0.040941,1.609059,momentum vel=-0.100 delta=-0.0207% sustain=2
2937826,S32_MOMENTUM_Mode,NO,1784234483.762939,0.630000,5,1784234699.893131,1.000000,0.042789,1.807211,momentum vel=-0.100 delta=-0.0243% sustain=2
2937846,S32_MOMENTUM_Mode,NO,1784235105.548256,0.730000,5,1784235299.965304,1.000000,0.035449,1.314551,momentum vel=-0.050 delta=-0.0338% sustain=2
2937859,S32_MOMENTUM_Mode,YES,1784235537.311818,0.540000,5,1784235599.968562,0.000000,0.041649,-2.741649,momentum vel=0.030 delta=0.0262% sustain=2
2937879,S32_MOMENTUM_Mode,NO,1784235772.75318,0.640000,5,1784235899.891278,0.000000,0.042467,-3.242467,momentum vel=-0.100 delta=-0.0297% sustain=2
2937940,S32_MOMENTUM_Mode,NO,1784237466.234666,0.550000,5,1784237699.950523,1.000000,0.042114,2.207886,momentum vel=-0.040 delta=-0.0278% sustain=2
2937993,S32_MOMENTUM_Mode,YES,1784237745.515543,0.520000,5,1784238000.002433,1.000000,0.040495,2.359505,momentum vel=0.020 delta=0.0269% sustain=2
2937997,S32_MOMENTUM_Mode,NO,1784238233.691394,0.260000,5,1784238299.997709,0.000000,0.012031,-1.312031,momentum vel=-0.020 delta=-0.0242% sustain=2
2938435,S32_MOMENTUM_Mode,NO,1784239537.881756,0.750000,5,1784239799.963544,1.000000,0.032959,1.217041,momentum vel=-0.040 delta=-0.0335% sustain=2
2938439,S32_MOMENTUM_Mode,NO,1784239822.794769,0.490000,5,1784240099.957255,0.000000,0.038251,-2.488251,momentum vel=-0.050 delta=-0.0270% sustain=2
2938449,S32_MOMENTUM_Mode,NO,1784240157.831066,0.740000,5,1784240399.90903,1.000000,0.034241,1.265759,momentum vel=-0.110 delta=-0.0546% sustain=2
2938468,S32_MOMENTUM_Mode,NO,1784240429.624796,0.750000,5,1784240699.974653,1.000000,0.032959,1.217041,momentum vel=-0.070 delta=-0.0484% sustain=2
2938471,S32_MOMENTUM_Mode,NO,1784240727.155422,0.750000,5,1784240999.94863,1.000000,0.032959,1.217041,momentum vel=-0.040 delta=-0.0462% sustain=2
2938546,S32_MOMENTUM_Mode,NO,1784241729.303906,0.750000,5,1784241899.90511,1.000000,0.032959,1.217041,momentum vel=-0.140 delta=-0.1003% sustain=2
2938557,S32_MOMENTUM_Mode,NO,1784241985.555472,0.580000,5,1784242199.917818,1.000000,0.043022,2.056978,momentum vel=-0.050 delta=-0.0406% sustain=2
2938563,S32_MOMENTUM_Mode,NO,1784242279.69893,0.520000,5,1784242499.926384,1.000000,0.040495,2.359505,momentum vel=-0.030 delta=-0.0300% sustain=2
2938872,S32_MOMENTUM_Mode,YES,1784242733.817219,0.640000,5,1784242799.981394,1.000000,0.042467,1.757533,momentum vel=0.020 delta=0.0229% sustain=2
2940872,S32_MOMENTUM_Mode,NO,1784242805.274224,0.640000,5,1784243100.005045,1.000000,0.042467,1.757533,momentum vel=-0.050 delta=-0.0325% sustain=2
2940896,S32_MOMENTUM_Mode,NO,1784243549.023922,0.390000,5,1784243699.923379,1.000000,0.027591,3.022409,momentum vel=-0.060 delta=-0.0201% sustain=2
2940904,S32_MOMENTUM_Mode,NO,1784243747.768588,0.610000,5,1784243999.960522,1.000000,0.043155,1.906845,momentum vel=-0.080 delta=-0.0369% sustain=2
2940920,S32_MOMENTUM_Mode,NO,1784244012.80744,0.610000,5,1784244299.917143,1.000000,0.043155,1.906845,momentum vel=-0.050 delta=-0.0256% sustain=2
2940939,S32_MOMENTUM_Mode,NO,1784244610.481966,0.670000,5,1784244899.911702,1.000000,0.040941,1.609059,momentum vel=-0.020 delta=-0.0394% sustain=2
2940986,S32_MOMENTUM_Mode,YES,1784244964.376902,0.750000,5,1784245199.984047,0.000000,0.032959,-3.782959,momentum vel=0.040 delta=0.0225% sustain=2
2940993,S32_MOMENTUM_Mode,YES,1784245261.889911,0.700000,5,1784245499.928368,1.000000,0.038588,1.461413,momentum vel=0.020 delta=0.0259% sustain=2
2941006,S32_MOMENTUM_Mode,NO,1784245556.084903,0.740000,5,1784245800.000239,0.000000,0.034241,-3.734241,momentum vel=-0.030 delta=-0.0614% sustain=2
2941036,S32_MOMENTUM_Mode,NO,1784246183.837658,0.730000,5,1784246399.912349,1.000000,0.035449,1.314551,momentum vel=-0.080 delta=-0.0573% sustain=2
2941053,S32_MOMENTUM_Mode,NO,1784246421.743633,0.720000,5,1784246699.922803,1.000000,0.036578,1.363422,momentum vel=-0.030 delta=-0.0284% sustain=2
2941084,S32_MOMENTUM_Mode,NO,1784246713.358214,0.530000,5,1784246999.899043,1.000000,0.041109,2.308891,momentum vel=-0.030 delta=-0.0252% sustain=2
2941095,S32_MOMENTUM_Mode,YES,1784247041.166915,0.720000,5,1784247299.957874,1.000000,0.036578,1.363422,momentum vel=0.030 delta=0.0294% sustain=2
2941115,S32_MOMENTUM_Mode,YES,1784247336.184132,0.710000,5,1784247599.906308,1.000000,0.037625,1.412375,momentum vel=0.020 delta=0.0267% sustain=2
2941128,S32_MOMENTUM_Mode,NO,1784247791.312934,0.670000,5,1784247899.998631,1.000000,0.040941,1.609059,momentum vel=-0.030 delta=-0.0373% sustain=2
2941133,S32_MOMENTUM_Mode,NO,1784247961.084544,0.650000,5,1784248199.888789,1.000000,0.042052,1.707948,momentum vel=-0.040 delta=-0.0357% sustain=2
2941171,S32_MOMENTUM_Mode,NO,1784248534.530361,0.620000,5,1784248800.004192,1.000000,0.043018,1.856982,momentum vel=-0.020 delta=-0.0280% sustain=2
2941199,S32_MOMENTUM_Mode,YES,1784248811.087839,0.700000,5,1784249099.919688,1.000000,0.038588,1.461413,momentum vel=0.050 delta=0.0239% sustain=2
2941224,S32_MOMENTUM_Mode,YES,1784249122.594318,0.630000,5,1784249399.956038,1.000000,0.042789,1.807211,momentum vel=0.030 delta=0.0253% sustain=2
2941252,S32_MOMENTUM_Mode,NO,1784249435.604599,0.690000,5,1784249699.948754,1.000000,0.039462,1.510538,momentum vel=-0.020 delta=-0.0408% sustain=2
2941372,S32_MOMENTUM_Mode,YES,1784249712.215076,0.610000,5,1784249999.964673,1.000000,0.043155,1.906845,momentum vel=0.030 delta=0.0259% sustain=2
2941612,S32_MOMENTUM_Mode,NO,1784250008.88658,0.590000,5,1784250299.946213,0.000000,0.043155,-2.993155,momentum vel=-0.070 delta=-0.0200% sustain=2
2941671,S32_MOMENTUM_Mode,YES,1784250352.768594,0.730000,5,1784250599.976881,1.000000,0.035449,1.314551,momentum vel=0.020 delta=0.0325% sustain=2
2941717,S32_MOMENTUM_Mode,NO,1784250635.159972,0.630000,5,1784250899.90547,1.000000,0.042789,1.807211,momentum vel=-0.020 delta=-0.0209% sustain=2
2941733,S32_MOMENTUM_Mode,YES,1784250917.664928,0.680000,5,1784251199.916071,0.000000,0.040247,-3.440247,momentum vel=0.050 delta=0.0243% sustain=2
2941761,S32_MOMENTUM_Mode,NO,1784251219.292279,0.720000,5,1784251499.988085,0.000000,0.036578,-3.636578,momentum vel=-0.030 delta=-0.0586% sustain=2
2941787,S32_MOMENTUM_Mode,YES,1784251662.883874,0.750000,5,1784251799.973539,1.000000,0.032959,1.217041,momentum vel=0.030 delta=0.0238% sustain=2
2941857,S32_MOMENTUM_Mode,NO,1784252711.59573,0.520000,5,1784252999.901382,1.000000,0.040495,2.359505,momentum vel=-0.060 delta=-0.0270% sustain=2
2941872,S32_MOMENTUM_Mode,NO,1784253012.878023,0.550000,5,1784253299.980835,1.000000,0.042114,2.207886,momentum vel=-0.030 delta=-0.0291% sustain=2
2941882,S32_MOMENTUM_Mode,NO,1784253312.177006,0.500000,5,1784253599.93024,0.000000,0.039062,-2.539062,momentum vel=-0.040 delta=-0.0236% sustain=2
2941892,S32_MOMENTUM_Mode,NO,1784253609.69226,0.610000,5,1784253899.973774,0.000000,0.043155,-3.093155,momentum vel=-0.040 delta=-0.0399% sustain=2
2941907,S32_MOMENTUM_Mode,YES,1784253997.212853,0.690000,5,1784254199.965999,0.000000,0.039462,-3.489462,momentum vel=0.050 delta=0.0301% sustain=2
2941910,S32_MOMENTUM_Mode,NO,1784254227.052009,0.550000,5,1784254499.907059,0.000000,0.042114,-2.792114,momentum vel=-0.020 delta=-0.0268% sustain=2
2941923,S32_MOMENTUM_Mode,NO,1784254599.963942,0.650000,5,1784254800.003201,1.000000,0.042052,1.707948,momentum vel=-0.040 delta=-0.0396% sustain=2
2941934,S32_MOMENTUM_Mode,NO,1784254822.195875,0.600000,5,1784255099.979401,1.000000,0.043200,1.956800,momentum vel=-0.020 delta=-0.0230% sustain=2
2941937,S32_MOMENTUM_Mode,YES,1784255129.144184,0.690000,5,1784255399.991291,0.000000,0.039462,-3.489462,momentum vel=0.020 delta=0.0336% sustain=2
2941944,S32_MOMENTUM_Mode,NO,1784255421.950279,0.610000,5,1784255699.90623,1.000000,0.043155,1.906845,momentum vel=-0.030 delta=-0.0273% sustain=2
2941957,S32_MOMENTUM_Mode,NO,1784255810.664065,0.600000,5,1784255999.923862,1.000000,0.043200,1.956800,momentum vel=-0.070 delta=-0.0225% sustain=2
2941965,S32_MOMENTUM_Mode,NO,1784256016.430612,0.600000,5,1784256299.986386,0.000000,0.043200,-3.043200,momentum vel=-0.020 delta=-0.0210% sustain=2
2942033,S32_MOMENTUM_Mode,YES,1784256372.058098,0.690000,5,1784256599.994121,0.000000,0.039462,-3.489462,momentum vel=0.040 delta=0.0315% sustain=2
2942045,S32_MOMENTUM_Mode,YES,1784256610.851504,0.640000,5,1784256899.923517,0.000000,0.042467,-3.242467,momentum vel=0.040 delta=0.0205% sustain=2
2942060,S32_MOMENTUM_Mode,YES,1784256958.918718,0.710000,5,1784257199.917929,1.000000,0.037625,1.412375,momentum vel=0.020 delta=0.0241% sustain=2
2942148,S32_MOMENTUM_Mode,YES,1784257223.934792,0.650000,5,1784257499.967485,1.000000,0.042052,1.707948,momentum vel=0.020 delta=0.0215% sustain=2
2942155,S32_MOMENTUM_Mode,YES,1784257521.257866,0.740000,5,1784257799.964742,1.000000,0.034241,1.265759,momentum vel=0.020 delta=0.0292% sustain=2
2942165,S32_MOMENTUM_Mode,NO,1784257810.719999,0.590000,5,1784258099.976137,1.000000,0.043155,2.006845,momentum vel=-0.080 delta=-0.0289% sustain=2
2942180,S32_MOMENTUM_Mode,YES,1784258177.441502,0.640000,5,1784258399.921021,1.000000,0.042467,1.757533,momentum vel=0.050 delta=0.0297% sustain=2
2942186,S32_MOMENTUM_Mode,NO,1784258462.171248,0.680000,5,1784258699.979133,1.000000,0.040247,1.559753,momentum vel=-0.040 delta=-0.0205% sustain=2
2942197,S32_MOMENTUM_Mode,YES,1784258721.204839,0.700000,5,1784258999.907801,1.000000,0.038588,1.461413,momentum vel=0.030 delta=0.0221% sustain=2
2942217,S32_MOMENTUM_Mode,NO,1784259021.701111,0.710000,5,1784259299.987017,0.000000,0.037625,-3.587625,momentum vel=-0.020 delta=-0.0281% sustain=2
2942263,S32_MOMENTUM_Mode,NO,1784259318.893313,0.680000,5,1784259599.99159,1.000000,0.040247,1.559753,momentum vel=-0.030 delta=-0.0366% sustain=2
2942282,S32_MOMENTUM_Mode,NO,1784259770.777395,0.730000,5,1784259899.912514,1.000000,0.035449,1.314551,momentum vel=-0.100 delta=-0.0556% sustain=2
2942302,S32_MOMENTUM_Mode,NO,1784259941.071404,0.700000,5,1784260199.915776,1.000000,0.038588,1.461413,momentum vel=-0.020 delta=-0.0325% sustain=2
2942303,S32_MOMENTUM_Mode,NO,1784260259.943156,0.740000,5,1784260499.966943,0.000000,0.034241,-3.734241,momentum vel=-0.030 delta=-0.0427% sustain=2
2942458,S32_MOMENTUM_Mode,YES,1784260579.125468,0.600000,5,1784260799.932101,1.000000,0.043200,1.956800,momentum vel=0.020 delta=0.0295% sustain=2
2942683,S32_MOMENTUM_Mode,NO,1784260846.282367,0.720000,5,1784261099.98239,1.000000,0.036578,1.363422,momentum vel=-0.110 delta=-0.0687% sustain=2
2942712,S32_MOMENTUM_Mode,YES,1784261747.52777,0.680000,5,1784261999.932384,0.000000,0.040247,-3.440247,momentum vel=0.030 delta=0.0224% sustain=2
2942729,S32_MOMENTUM_Mode,NO,1784262017.624272,0.560000,5,1784262300.00905,0.000000,0.042499,-2.842499,momentum vel=-0.040 delta=-0.0339% sustain=2
2942801,S32_MOMENTUM_Mode,NO,1784262501.763941,0.730000,5,1784262599.905953,1.000000,0.035449,1.314551,momentum vel=-0.060 delta=-0.0476% sustain=2
2942816,S32_MOMENTUM_Mode,NO,1784262728.521602,0.660000,5,1784262899.916252,1.000000,0.041543,1.658457,momentum vel=-0.020 delta=-0.0202% sustain=2
2942856,S32_MOMENTUM_Mode,YES,1784262910.780939,0.630000,5,1784263199.944326,1.000000,0.042789,1.807211,momentum vel=0.020 delta=0.0249% sustain=2
2942867,S32_MOMENTUM_Mode,NO,1784263230.146593,0.650000,5,1784263499.998926,0.000000,0.042052,-3.292052,momentum vel=-0.020 delta=-0.0212% sustain=2
2942870,S32_MOMENTUM_Mode,YES,1784263522.765903,0.720000,5,1784263799.97804,1.000000,0.036578,1.363422,momentum vel=0.040 delta=0.0268% sustain=2
2942911,S32_MOMENTUM_Mode,NO,1784263821.018833,0.630000,5,1784264099.930954,1.000000,0.042789,1.807211,momentum vel=-0.040 delta=-0.0257% sustain=2
2943257,S32_MOMENTUM_Mode,NO,1784264141.945317,0.750000,5,1784264399.986432,1.000000,0.032959,1.217041,momentum vel=-0.020 delta=-0.0493% sustain=2
2943449,S32_MOMENTUM_Mode,NO,1784264414.89494,0.750000,5,1784264699.989919,1.000000,0.032959,1.217041,momentum vel=-0.050 delta=-0.0615% sustain=2
2943452,S32_MOMENTUM_Mode,NO,1784264771.551326,0.650000,5,1784264999.90873,0.000000,0.042052,-3.292052,momentum vel=-0.030 delta=-0.0456% sustain=2
2943481,S32_MOMENTUM_Mode,YES,1784265077.039004,0.750000,5,1784265299.995107,1.000000,0.032959,1.217041,momentum vel=0.030 delta=0.0262% sustain=2
2943487,S32_MOMENTUM_Mode,NO,1784265392.387224,0.750000,5,1784265599.927111,1.000000,0.032959,1.217041,momentum vel=-0.050 delta=-0.0450% sustain=2
2943503,S32_MOMENTUM_Mode,NO,1784265675.032798,0.720000,5,1784265899.912781,1.000000,0.036578,1.363422,momentum vel=-0.100 delta=-0.0356% sustain=2
2943515,S32_MOMENTUM_Mode,NO,1784265925.750932,0.720000,5,1784266199.927913,1.000000,0.036578,1.363422,momentum vel=-0.030 delta=-0.0550% sustain=2
2943538,S32_MOMENTUM_Mode,YES,1784266389.446328,0.750000,5,1784266499.966139,0.000000,0.032959,-3.782959,momentum vel=0.030 delta=0.0260% sustain=2
2943542,S32_MOMENTUM_Mode,NO,1784266528.125719,0.740000,5,1784266799.973417,1.000000,0.034241,1.265759,momentum vel=-0.040 delta=-0.0771% sustain=2
2945828,S32_MOMENTUM_Mode,NO,1784287336.524757,0.670000,5,1784287499.92323,1.000000,0.040941,1.609059,momentum vel=-0.020 delta=-0.0213% sustain=2
2945848,S32_MOMENTUM_Mode,NO,1784287821.713256,0.710000,5,1784288099.963026,0.000000,0.037625,-3.587625,momentum vel=-0.060 delta=-0.0319% sustain=2
2945869,S32_MOMENTUM_Mode,YES,1784288142.720422,0.730000,5,1784288399.867533,1.000000,0.035449,1.314551,momentum vel=0.060 delta=0.0455% sustain=2
2945879,S32_MOMENTUM_Mode,NO,1784288583.389221,0.680000,5,1784288699.996699,0.000000,0.040247,-3.440247,momentum vel=-0.100 delta=-0.0223% sustain=2
2945881,S32_MOMENTUM_Mode,YES,1784288735.695411,0.750000,5,1784288999.953311,0.000000,0.032959,-3.782959,momentum vel=0.040 delta=0.0353% sustain=2
2945898,S32_MOMENTUM_Mode,NO,1784289035.430363,0.700000,5,1784289299.926623,0.000000,0.038588,-3.538588,momentum vel=-0.020 delta=-0.0301% sustain=2
2945963,S32_MOMENTUM_Mode,YES,1784290516.429548,0.720000,5,1784290799.931977,0.000000,0.036578,-3.636578,momentum vel=0.050 delta=0.0394% sustain=2
2945982,S32_MOMENTUM_Mode,YES,1784290928.345768,0.750000,5,1784291099.902395,1.000000,0.032959,1.217041,momentum vel=0.020 delta=0.0272% sustain=2
2946009,S32_MOMENTUM_Mode,NO,1784291478.704479,0.700000,5,1784291699.953407,1.000000,0.038588,1.461413,momentum vel=-0.040 delta=-0.0370% sustain=2
2946074,S32_MOMENTUM_Mode,NO,1784292020.890886,0.580000,5,1784292299.960661,1.000000,0.043022,2.056978,momentum vel=-0.020 delta=-0.0264% sustain=2
2946090,S32_MOMENTUM_Mode,NO,1784292374.009463,0.650000,5,1784292599.893973,1.000000,0.042052,1.707948,momentum vel=-0.070 delta=-0.0547% sustain=2
2946155,S32_MOMENTUM_Mode,NO,1784292995.358748,0.600000,5,1784293199.87238,1.000000,0.043200,1.956800,momentum vel=-0.060 delta=-0.0200% sustain=2
2946172,S32_MOMENTUM_Mode,NO,1784293237.228101,0.740000,5,1784293499.991029,1.000000,0.034241,1.265759,momentum vel=-0.020 delta=-0.0412% sustain=2
2946192,S32_MOMENTUM_Mode,NO,1784293846.798896,0.580000,5,1784294099.993776,1.000000,0.043022,2.056978,momentum vel=-0.060 delta=-0.0285% sustain=2
2946204,S32_MOMENTUM_Mode,YES,1784294238.769572,0.640000,5,1784294399.959374,1.000000,0.042467,1.757533,momentum vel=0.050 delta=0.0343% sustain=2
2946219,S32_MOMENTUM_Mode,YES,1784294416.995874,0.650000,5,1784294700.000378,0.000000,0.042052,-3.292052,momentum vel=0.020 delta=0.0249% sustain=2
2946223,S32_MOMENTUM_Mode,YES,1784294702.558029,0.520000,5,1784295000.005894,0.000000,0.040495,-2.640495,momentum vel=0.020 delta=0.0208% sustain=2
2946230,S32_MOMENTUM_Mode,YES,1784295003.912128,0.720000,5,1784295299.982951,0.000000,0.036578,-3.636578,momentum vel=0.030 delta=0.0872% sustain=2
2946285,S32_MOMENTUM_Mode,NO,1784295368.251703,0.530000,5,1784295599.907902,1.000000,0.041109,2.308891,momentum vel=-0.070 delta=-0.0607% sustain=2
2946378,S32_MOMENTUM_Mode,YES,1784295616.167379,0.730000,5,1784295899.964635,0.000000,0.035449,-3.685449,momentum vel=0.040 delta=0.0843% sustain=2
2946425,S32_MOMENTUM_Mode,NO,1784295915.630299,0.550000,5,1784296199.956958,0.000000,0.042114,-2.792114,momentum vel=-0.020 delta=-0.0361% sustain=2
2946460,S32_MOMENTUM_Mode,YES,1784296231.912935,0.650000,5,1784296499.95677,1.000000,0.042052,1.707948,momentum vel=0.060 delta=0.0435% sustain=2
2946483,S32_MOMENTUM_Mode,NO,1784296511.16274,0.580000,5,1784296799.974381,0.000000,0.043022,-2.943022,momentum vel=-0.040 delta=-0.0342% sustain=2
2946540,S32_MOMENTUM_Mode,YES,1784296807.594981,0.560000,5,1784297099.937954,1.000000,0.042499,2.157501,momentum vel=0.020 delta=0.0929% sustain=2
2946548,S32_MOMENTUM_Mode,YES,1784297102.102462,0.550000,5,1784297399.997412,1.000000,0.042114,2.207886,momentum vel=0.060 delta=0.0336% sustain=2
2946666,S32_MOMENTUM_Mode,YES,1784297414.898706,0.610000,5,1784297699.95034,1.000000,0.043155,1.906845,momentum vel=0.030 delta=0.0387% sustain=2
2946686,S32_MOMENTUM_Mode,NO,1784297725.98962,0.660000,5,1784297999.896367,1.000000,0.041543,1.658457,momentum vel=-0.040 delta=-0.0569% sustain=2
2946696,S32_MOMENTUM_Mode,YES,1784298016.818232,0.590000,5,1784298299.9921,0.000000,0.043155,-2.993155,momentum vel=0.030 delta=0.0316% sustain=2
2946722,S32_MOMENTUM_Mode,YES,1784298319.132471,0.720000,5,1784298599.990555,0.000000,0.036578,-3.636578,momentum vel=0.020 delta=0.0869% sustain=2
2946736,S32_MOMENTUM_Mode,NO,1784298636.413227,0.650000,5,1784298899.919252,1.000000,0.042052,1.707948,momentum vel=-0.020 delta=-0.0641% sustain=2
2946781,S32_MOMENTUM_Mode,YES,1784298935.308465,0.590000,5,1784299199.93875,1.000000,0.043155,2.006845,momentum vel=0.070 delta=0.0274% sustain=2
2946787,S32_MOMENTUM_Mode,NO,1784299229.694349,0.620000,5,1784299499.884654,1.000000,0.043018,1.856982,momentum vel=-0.040 delta=-0.0549% sustain=2
2946808,S32_MOMENTUM_Mode,NO,1784299532.393483,0.610000,5,1784299799.987721,1.000000,0.043155,1.906845,momentum vel=-0.020 delta=-0.0436% sustain=2
2946815,S32_MOMENTUM_Mode,YES,1784299823.299537,0.630000,5,1784300099.925787,0.000000,0.042789,-3.192789,momentum vel=0.020 delta=0.0245% sustain=2
2946899,S32_MOMENTUM_Mode,YES,1784300118.791417,0.620000,5,1784300399.940893,1.000000,0.043018,1.856982,momentum vel=0.030 delta=0.0325% sustain=2
2946909,S32_MOMENTUM_Mode,NO,1784300413.356033,0.600000,5,1784300699.917229,1.000000,0.043200,1.956800,momentum vel=-0.060 delta=-0.0540% sustain=2
2946919,S32_MOMENTUM_Mode,NO,1784300751.089312,0.640000,5,1784300999.941622,1.000000,0.042467,1.757533,momentum vel=-0.020 delta=-0.0538% sustain=2
2946934,S32_MOMENTUM_Mode,YES,1784301006.133713,0.600000,5,1784301300.008617,0.000000,0.043200,-3.043200,momentum vel=0.030 delta=0.0217% sustain=2
2946950,S32_MOMENTUM_Mode,YES,1784301352.588902,0.650000,5,1784301599.900326,1.000000,0.042052,1.707948,momentum vel=0.040 delta=0.0342% sustain=2
2946954,S32_MOMENTUM_Mode,NO,1784301640.617996,0.630000,5,1784301899.989146,0.000000,0.042789,-3.192789,momentum vel=-0.020 delta=-0.0532% sustain=2
2946966,S32_MOMENTUM_Mode,YES,1784301935.158022,0.660000,5,1784302199.949345,1.000000,0.041543,1.658457,momentum vel=0.020 delta=0.0525% sustain=2
2946970,S32_MOMENTUM_Mode,NO,1784302275.981974,0.670000,5,1784302499.946107,1.000000,0.040941,1.609059,momentum vel=-0.040 delta=-0.0562% sustain=2
2947037,S32_MOMENTUM_Mode,YES,1784302563.55124,0.640000,5,1784302799.95453,1.000000,0.042467,1.757533,momentum vel=0.020 delta=0.0333% sustain=2
2947050,S32_MOMENTUM_Mode,NO,1784302845.239649,0.600000,5,1784303099.896403,1.000000,0.043200,1.956800,momentum vel=-0.040 delta=-0.0325% sustain=2
2947062,S32_MOMENTUM_Mode,NO,1784303169.868773,0.710000,5,1784303399.955736,1.000000,0.037625,1.412375,momentum vel=-0.030 delta=-0.0603% sustain=2
2947068,S32_MOMENTUM_Mode,YES,1784303406.038717,0.680000,5,1784303700.005332,1.000000,0.040247,1.559753,momentum vel=0.020 delta=0.0320% sustain=2
2947286,S32_MOMENTUM_Mode,YES,1784303716.824488,0.630000,5,1784303999.938549,1.000000,0.042789,1.807211,momentum vel=0.020 delta=0.0431% sustain=2
2947322,S32_MOMENTUM_Mode,NO,1784304008.550385,0.600000,5,1784304299.938373,1.000000,0.043200,1.956800,momentum vel=-0.020 delta=-0.0231% sustain=2
2947449,S32_MOMENTUM_Mode,NO,1784304362.170826,0.640000,5,1784304599.925339,0.000000,0.042467,-3.242467,momentum vel=-0.040 delta=-0.0291% sustain=2
2947461,S32_MOMENTUM_Mode,YES,1784304602.121785,0.650000,5,1784304899.99983,1.000000,0.042052,1.707948,momentum vel=0.030 delta=0.0566% sustain=2
2947474,S32_MOMENTUM_Mode,NO,1784304955.815415,0.730000,5,1784305199.979818,0.000000,0.035449,-3.685449,momentum vel=-0.010 delta=-0.0628% sustain=2
2947492,S32_MOMENTUM_Mode,NO,1784305215.856854,0.620000,5,1784305499.91871,1.000000,0.043018,1.856982,momentum vel=-0.030 delta=-0.0360% sustain=2
2947501,S32_MOMENTUM_Mode,YES,1784305520.365565,0.630000,5,1784305799.905762,1.000000,0.042789,1.807211,momentum vel=0.020 delta=0.0226% sustain=2
2947534,S32_MOMENTUM_Mode,NO,1784305854.42207,0.700000,5,1784306099.92063,1.000000,0.038588,1.461413,momentum vel=-0.010 delta=-0.0448% sustain=2
2947752,S32_MOMENTUM_Mode,YES,1784306125.862784,0.640000,5,1784306399.989573,1.000000,0.042467,1.757533,momentum vel=0.040 delta=0.0277% sustain=2
2947759,S32_MOMENTUM_Mode,NO,1784306463.547101,0.750000,5,1784306699.903864,0.000000,0.032959,-3.782959,momentum vel=-0.020 delta=-0.0533% sustain=2
2947774,S32_MOMENTUM_Mode,YES,1784306712.718561,0.650000,5,1784306999.917706,1.000000,0.042052,1.707948,momentum vel=0.020 delta=0.0390% sustain=2
2947777,S32_MOMENTUM_Mode,YES,1784307080.469157,0.710000,5,1784307299.891075,1.000000,0.037625,1.412375,momentum vel=0.040 delta=0.0527% sustain=2
2948438,S32_MOMENTUM_Mode,NO,1784307366.842593,0.700000,5,1784307599.897769,1.000000,0.038588,1.461413,momentum vel=-0.050 delta=-0.0594% sustain=2
2948460,S32_MOMENTUM_Mode,YES,1784307641.283557,0.720000,5,1784307899.915858,1.000000,0.036578,1.363422,momentum vel=0.020 delta=0.0496% sustain=2
2948481,S32_MOMENTUM_Mode,YES,1784307992.647005,0.750000,5,1784308199.896288,1.000000,0.032959,1.217041,momentum vel=0.080 delta=0.0367% sustain=2
2948579,S32_MOMENTUM_Mode,NO,1784308220.398973,0.530000,5,1784308499.959633,1.000000,0.041109,2.308891,momentum vel=-0.030 delta=-0.0223% sustain=2
2948585,S32_MOMENTUM_Mode,NO,1784308526.297941,0.640000,5,1784308799.948706,1.000000,0.042467,1.757533,momentum vel=-0.020 delta=-0.0593% sustain=2
2948603,S32_MOMENTUM_Mode,YES,1784308813.561563,0.590000,5,1784309099.911053,1.000000,0.043155,2.006845,momentum vel=0.030 delta=0.0242% sustain=2
2948701,S32_MOMENTUM_Mode,YES,1784309125.412179,0.700000,5,1784309399.976044,1.000000,0.038588,1.461413,momentum vel=0.040 delta=0.0513% sustain=2
2948708,S32_MOMENTUM_Mode,NO,1784309404.600165,0.520000,5,1784309699.960514,0.000000,0.040495,-2.640495,momentum vel=-0.050 delta=-0.0254% sustain=2
2948758,S32_MOMENTUM_Mode,NO,1784309718.823771,0.650000,5,1784309999.979668,1.000000,0.042052,1.707948,momentum vel=-0.030 delta=-0.0211% sustain=2
2948769,S32_MOMENTUM_Mode,NO,1784310040.345053,0.700000,5,1784310299.998746,1.000000,0.038588,1.461413,momentum vel=-0.020 delta=-0.0580% sustain=2
2948776,S32_MOMENTUM_Mode,YES,1784310339.430522,0.730000,5,1784310599.949535,1.000000,0.035449,1.314551,momentum vel=0.030 delta=0.0514% sustain=2
2948794,S32_MOMENTUM_Mode,NO,1784310660.968794,0.710000,5,1784310899.919773,1.000000,0.037625,1.412375,momentum vel=-0.040 delta=-0.0529% sustain=2
2949255,S32_MOMENTUM_Mode,NO,1784310918.32366,0.520000,5,1784311199.978639,0.000000,0.040495,-2.640495,momentum vel=-0.050 delta=-0.0325% sustain=2
2949590,S32_MOMENTUM_Mode,YES,1784311205.866195,0.630000,5,1784311499.906776,0.000000,0.042789,-3.192789,momentum vel=0.030 delta=0.0324% sustain=2
2949667,S32_MOMENTUM_Mode,YES,1784311544.358995,0.750000,5,1784311800.004756,1.000000,0.032959,1.217041,momentum vel=0.050 delta=0.0595% sustain=2
2950115,S32_MOMENTUM_Mode,YES,1784311824.92103,0.640000,5,1784312099.949469,1.000000,0.042467,1.757533,momentum vel=0.010 delta=0.0376% sustain=2
2950518,S32_MOMENTUM_Mode,NO,1784312122.131028,0.710000,5,1784312399.938201,1.000000,0.037625,1.412375,momentum vel=-0.030 delta=-0.0598% sustain=2
2950526,S32_MOMENTUM_Mode,NO,1784312426.026722,0.640000,5,1784312699.912481,1.000000,0.042467,1.757533,momentum vel=-0.050 delta=-0.0471% sustain=2
2950536,S32_MOMENTUM_Mode,YES,1784312708.680029,0.640000,5,1784312999.940386,1.000000,0.042467,1.757533,momentum vel=0.020 delta=0.0280% sustain=2
2950542,S32_MOMENTUM_Mode,YES,1784313018.760284,0.670000,5,1784313299.935639,1.000000,0.040941,1.609059,momentum vel=0.030 delta=0.0314% sustain=2
2950598,S32_MOMENTUM_Mode,YES,1784313424.994334,0.740000,5,1784313599.914095,1.000000,0.034241,1.265759,momentum vel=0.030 delta=0.0345% sustain=2
2950622,S32_MOMENTUM_Mode,YES,1784313806.831394,0.700000,5,1784313899.990574,1.000000,0.038588,1.461413,momentum vel=0.020 delta=0.0489% sustain=2
2950641,S32_MOMENTUM_Mode,YES,1784313912.788468,0.580000,5,1784314199.953349,1.000000,0.043022,2.056978,momentum vel=0.060 delta=0.0256% sustain=2
2950647,S32_MOMENTUM_Mode,NO,1784314225.095441,0.750000,5,1784314499.889078,0.000000,0.032959,-3.782959,momentum vel=-0.040 delta=-0.0859% sustain=2
2950785,S32_MOMENTUM_Mode,NO,1784314527.942153,0.700000,5,1784314799.910807,1.000000,0.038588,1.461413,momentum vel=-0.040 delta=-0.0688% sustain=2
2950839,S32_MOMENTUM_Mode,NO,1784314843.780292,0.620000,5,1784315099.854487,1.000000,0.043018,1.856982,momentum vel=-0.030 delta=-0.0425% sustain=2
2950849,S32_MOMENTUM_Mode,NO,1784315142.494616,0.710000,5,1784315399.910932,1.000000,0.037625,1.412375,momentum vel=-0.060 delta=-0.0722% sustain=2
2950860,S32_MOMENTUM_Mode,NO,1784315496.223163,0.540000,5,1784315699.97866,1.000000,0.041649,2.258351,momentum vel=-0.050 delta=-0.0240% sustain=2
2950871,S32_MOMENTUM_Mode,YES,1784315736.412041,0.690000,5,1784315999.909768,0.000000,0.039462,-3.489462,momentum vel=0.040 delta=0.0211% sustain=2
2950882,S32_MOMENTUM_Mode,NO,1784316010.210131,0.610000,5,1784316299.950911,1.000000,0.043155,1.906845,momentum vel=-0.030 delta=-0.0395% sustain=2
2950891,S32_MOMENTUM_Mode,NO,1784316321.422551,0.710000,5,1784316599.917999,0.000000,0.037625,-3.587625,momentum vel=-0.040 delta=-0.0587% sustain=2
2950911,S32_MOMENTUM_Mode,YES,1784316608.493502,0.660000,5,1784316899.899782,1.000000,0.041543,1.658457,momentum vel=0.090 delta=0.0307% sustain=2
2950956,S32_MOMENTUM_Mode,NO,1784316907.065458,0.580000,5,1784317199.93693,0.000000,0.043022,-2.943022,momentum vel=-0.030 delta=-0.0209% sustain=2
2950982,S32_MOMENTUM_Mode,YES,1784317289.297192,0.740000,5,1784317499.91522,1.000000,0.034241,1.265759,momentum vel=0.010 delta=0.0418% sustain=2
2950998,S32_MOMENTUM_Mode,YES,1784317532.465481,0.660000,5,1784317800.001978,0.000000,0.041543,-3.341543,momentum vel=0.070 delta=0.0220% sustain=2
2951004,S32_MOMENTUM_Mode,YES,1784317809.254075,0.670000,5,1784318099.910139,1.000000,0.040941,1.609059,momentum vel=0.030 delta=0.0300% sustain=2
2951019,S32_MOMENTUM_Mode,NO,1784318161.911926,0.670000,5,1784318399.983769,1.000000,0.040941,1.609059,momentum vel=-0.050 delta=-0.0454% sustain=2
2951066,S32_MOMENTUM_Mode,NO,1784318752.665222,0.570000,5,1784318999.915287,1.000000,0.042803,2.107197,momentum vel=-0.120 delta=-0.0288% sustain=2
2951078,S32_MOMENTUM_Mode,YES,1784319036.63522,0.650000,5,1784319299.916531,1.000000,0.042052,1.707948,momentum vel=0.020 delta=0.0221% sustain=2
2951087,S32_MOMENTUM_Mode,NO,1784319350.607978,0.490000,5,1784319599.895442,0.000000,0.038251,-2.488251,momentum vel=-0.060 delta=-0.0214% sustain=2
2951103,S32_MOMENTUM_Mode,YES,1784319617.824933,0.640000,5,1784319899.984519,1.000000,0.042467,1.757533,momentum vel=0.020 delta=0.0244% sustain=2
2951166,S32_MOMENTUM_Mode,YES,1784320118.128137,0.430000,5,1784320199.932774,0.000000,0.032290,-2.182290,momentum vel=0.030 delta=0.0257% sustain=2
2951175,S32_MOMENTUM_Mode,YES,1784320233.152084,0.740000,5,1784320499.94208,0.000000,0.034241,-3.734241,momentum vel=0.030 delta=0.0241% sustain=2
2951361,S32_MOMENTUM_Mode,NO,1784320544.764537,0.670000,5,1784320799.943144,1.000000,0.040941,1.609059,momentum vel=-0.030 delta=-0.0339% sustain=2
2951362,S32_MOMENTUM_Mode,NO,1784320827.148101,0.700000,5,1784321099.904341,0.000000,0.038588,-3.538588,momentum vel=-0.050 delta=-0.0414% sustain=2
2951382,S32_MOMENTUM_Mode,YES,1784321143.629137,0.710000,5,1784321399.920091,0.000000,0.037625,-3.587625,momentum vel=0.070 delta=0.0304% sustain=2
2951400,S32_MOMENTUM_Mode,YES,1784321742.772632,0.720000,5,1784321999.95733,0.000000,0.036578,-3.636578,momentum vel=0.040 delta=0.0291% sustain=2
2951441,S32_MOMENTUM_Mode,YES,1784322022.735959,0.670000,5,1784322299.902811,1.000000,0.040941,1.609059,momentum vel=0.030 delta=0.0227% sustain=2
2951451,S32_MOMENTUM_Mode,NO,1784322361.039359,0.710000,5,1784322599.962096,1.000000,0.037625,1.412375,momentum vel=-0.120 delta=-0.0418% sustain=2
2951467,S32_MOMENTUM_Mode,YES,1784322843.119266,0.650000,5,1784322899.961257,1.000000,0.042052,1.707948,momentum vel=0.030 delta=0.0238% sustain=2
2951482,S32_MOMENTUM_Mode,YES,1784322982.056548,0.750000,5,1784323200.005127,0.000000,0.032959,-3.782959,momentum vel=0.060 delta=0.0238% sustain=2
2951492,S32_MOMENTUM_Mode,NO,1784323249.230202,0.610000,5,1784323499.978867,0.000000,0.043155,-3.093155,momentum vel=-0.040 delta=-0.0210% sustain=2
2951500,S32_MOMENTUM_Mode,NO,1784323503.945988,0.600000,5,1784323799.947006,1.000000,0.043200,1.956800,momentum vel=-0.070 delta=-0.0306% sustain=2
2951520,S32_MOMENTUM_Mode,NO,1784323802.072047,0.500000,5,1784324099.914693,1.000000,0.039062,2.460938,momentum vel=-0.020 delta=-0.0218% sustain=2
2951645,S32_MOMENTUM_Mode,NO,1784324484.077093,0.500000,5,1784324699.943602,0.000000,0.039062,-2.539062,momentum vel=-0.140 delta=-0.0239% sustain=2
2951651,S32_MOMENTUM_Mode,NO,1784324749.868908,0.650000,5,1784324999.892044,0.000000,0.042052,-3.292052,momentum vel=-0.050 delta=-0.0267% sustain=2
2951666,S32_MOMENTUM_Mode,NO,1784325123.761558,0.680000,5,1784325299.981036,1.000000,0.040247,1.559753,momentum vel=-0.040 delta=-0.0434% sustain=2
2951861,S32_MOMENTUM_Mode,NO,1784325553.013081,0.700000,5,1784325599.898577,0.000000,0.038588,-3.538588,momentum vel=-0.200 delta=-0.0306% sustain=2
2951909,S32_MOMENTUM_Mode,YES,1784325614.682297,0.690000,5,1784325900.002997,0.000000,0.039462,-3.489462,momentum vel=0.020 delta=0.0226% sustain=2
2951977,S32_MOMENTUM_Mode,YES,1784326282.498777,0.690000,5,1784326499.955266,1.000000,0.039462,1.510538,momentum vel=0.020 delta=0.0251% sustain=2
2952003,S32_MOMENTUM_Mode,NO,1784326945.413167,0.650000,5,1784327099.886976,0.000000,0.042052,-3.292052,momentum vel=-0.100 delta=-0.0331% sustain=2
2952033,S32_MOMENTUM_Mode,NO,1784327553.608848,0.730000,5,1784327699.915357,1.000000,0.035449,1.314551,momentum vel=-0.070 delta=-0.0382% sustain=2
2952097,S32_MOMENTUM_Mode,NO,1784327739.771356,0.650000,5,1784327999.97485,1.000000,0.042052,1.707948,momentum vel=-0.020 delta=-0.0216% sustain=2
2953311,S32_MOMENTUM_Mode,NO,1784329190.622352,0.210000,5,1784329199.903404,1.000000,0.007225,3.942775,momentum vel=-0.040 delta=-0.0202% sustain=2
2953348,S32_MOMENTUM_Mode,NO,1784329928.386108,0.750000,5,1784330099.899243,1.000000,0.032959,1.217041,momentum vel=-0.070 delta=-0.0348% sustain=2
2953357,S32_MOMENTUM_Mode,YES,1784330300.879625,0.670000,5,1784330399.979859,1.000000,0.040941,1.609059,momentum vel=0.040 delta=0.0277% sustain=2
2953497,S32_MOMENTUM_Mode,NO,1784331594.602928,0.700000,5,1784331599.943048,1.000000,0.038588,1.461413,momentum vel=-0.100 delta=-0.0357% sustain=2
2953542,S32_MOMENTUM_Mode,NO,1784331611.29845,0.650000,5,1784331899.99364,1.000000,0.042052,1.707948,momentum vel=-0.080 delta=-0.0203% sustain=2
2953557,S32_MOMENTUM_Mode,NO,1784331913.89144,0.540000,5,1784332199.964566,1.000000,0.041649,2.258351,momentum vel=-0.040 delta=-0.0215% sustain=2
2953598,S32_MOMENTUM_Mode,YES,1784332561.249514,0.500000,5,1784332799.946831,0.000000,0.039062,-2.539062,momentum vel=0.030 delta=0.0238% sustain=2
2953679,S32_MOMENTUM_Mode,YES,1784332822.781454,0.730000,5,1784333099.944628,0.000000,0.035449,-3.685449,momentum vel=0.020 delta=0.0343% sustain=2
2953702,S32_MOMENTUM_Mode,NO,1784333222.381477,0.630000,5,1784333399.972618,1.000000,0.042789,1.807211,momentum vel=-0.040 delta=-0.0321% sustain=2
2953747,S32_MOMENTUM_Mode,YES,1784333560.193394,0.640000,5,1784333699.989541,1.000000,0.042467,1.757533,momentum vel=0.020 delta=0.0209% sustain=2
2953796,S32_MOMENTUM_Mode,NO,1784334092.42052,0.730000,5,1784334299.9028,1.000000,0.035449,1.314551,momentum vel=-0.090 delta=-0.0427% sustain=2
2954123,S32_MOMENTUM_Mode,NO,1784335843.417357,0.440000,5,1784336099.918987,1.000000,0.033392,2.766608,momentum vel=-0.030 delta=-0.0256% sustain=2
2954332,S32_MOMENTUM_Mode,NO,1784336606.375584,0.280000,5,1784336700.001192,0.000000,0.014225,-1.414225,momentum vel=-0.030 delta=-0.0263% sustain=2
2954338,S32_MOMENTUM_Mode,NO,1784336796.40503,0.580000,5,1784336999.931411,0.000000,0.043022,-2.943022,momentum vel=-0.040 delta=-0.0206% sustain=2
2954347,S32_MOMENTUM_Mode,NO,1784337113.373367,0.690000,5,1784337299.952955,0.000000,0.039462,-3.489462,momentum vel=-0.050 delta=-0.0245% sustain=2
2954460,S32_MOMENTUM_Mode,NO,1784338535.978658,0.500000,5,1784338799.950557,0.000000,0.039062,-2.539062,momentum vel=-0.040 delta=-0.0206% sustain=2
2954480,S32_MOMENTUM_Mode,YES,1784339389.515504,0.420000,5,1784339399.946189,0.000000,0.031154,-2.131154,momentum vel=0.030 delta=0.0286% sustain=2
2954515,S32_MOMENTUM_Mode,YES,1784339534.538358,0.720000,5,1784339699.93178,1.000000,0.036578,1.363422,momentum vel=0.020 delta=0.0289% sustain=2
2954549,S32_MOMENTUM_Mode,NO,1784339951.605954,0.640000,5,1784339999.93543,1.000000,0.042467,1.757533,momentum vel=-0.040 delta=-0.0245% sustain=2
2954584,S32_MOMENTUM_Mode,NO,1784340351.360793,0.690000,5,1784340599.956548,0.000000,0.039462,-3.489462,momentum vel=-0.040 delta=-0.0394% sustain=2
2954596,S32_MOMENTUM_Mode,NO,1784340615.810964,0.650000,5,1784340899.948111,0.000000,0.042052,-3.292052,momentum vel=-0.030 delta=-0.0303% sustain=2
2954610,S32_MOMENTUM_Mode,YES,1784340960.486858,0.660000,5,1784341199.916027,1.000000,0.041543,1.658457,momentum vel=0.020 delta=0.0214% sustain=2
2954623,S32_MOMENTUM_Mode,YES,1784341268.729293,0.710000,5,1784341499.933583,1.000000,0.037625,1.412375,momentum vel=0.020 delta=0.0203% sustain=2
2954747,S32_MOMENTUM_Mode,NO,1784342267.837798,0.750000,5,1784342399.947573,0.000000,0.032959,-3.782959,momentum vel=-0.020 delta=-0.0375% sustain=2
2954803,S32_MOMENTUM_Mode,NO,1784342411.716548,0.730000,5,1784342699.965244,1.000000,0.035449,1.314551,momentum vel=-0.060 delta=-0.0315% sustain=2
2955158,S32_MOMENTUM_Mode,NO,1784344327.595585,0.570000,5,1784344499.92142,1.000000,0.042803,2.107197,momentum vel=-0.030 delta=-0.0482% sustain=2
2955172,S32_MOMENTUM_Mode,YES,1784344653.585719,0.440000,5,1784344799.937571,1.000000,0.033392,2.766608,momentum vel=0.020 delta=0.0236% sustain=2
2955340,S32_MOMENTUM_Mode,YES,1784346104.068388,0.590000,5,1784346299.933733,1.000000,0.043155,2.006845,momentum vel=0.040 delta=0.0219% sustain=2
2955347,S32_MOMENTUM_Mode,NO,1784346494.628138,0.480000,5,1784346599.963912,0.000000,0.037380,-2.437380,momentum vel=-0.020 delta=-0.0238% sustain=2
2955723,S32_MOMENTUM_Mode,NO,1784347245.44414,0.710000,5,1784347499.924999,1.000000,0.037625,1.412375,momentum vel=-0.040 delta=-0.0213% sustain=2
2955868,S32_MOMENTUM_Mode,NO,1784348329.148324,0.730000,5,1784348399.911223,0.000000,0.035449,-3.685449,momentum vel=-0.130 delta=-0.0227% sustain=2
2955884,S32_MOMENTUM_Mode,NO,1784348415.839479,0.710000,5,1784348699.976982,1.000000,0.037625,1.412375,momentum vel=-0.080 delta=-0.0349% sustain=2
2956017,S32_MOMENTUM_Mode,NO,1784349331.882389,0.690000,5,1784349599.945218,1.000000,0.039462,1.510538,momentum vel=-0.020 delta=-0.0237% sustain=2
2956046,S32_MOMENTUM_Mode,YES,1784350486.617406,0.340000,5,1784350499.992213,1.000000,0.021401,3.278599,momentum vel=0.080 delta=0.0357% sustain=2
2956682,S32_MOMENTUM_Mode,NO,1784350923.085447,0.620000,5,1784351099.922469,1.000000,0.043018,1.856982,momentum vel=-0.020 delta=-0.0261% sustain=2
2956691,S32_MOMENTUM_Mode,YES,1784351215.318933,0.750000,5,1784351399.99462,0.000000,0.032959,-3.782959,momentum vel=0.040 delta=0.0224% sustain=2
2956699,S32_MOMENTUM_Mode,NO,1784351519.977213,0.690000,5,1784351699.943627,1.000000,0.039462,1.510538,momentum vel=-0.030 delta=-0.0218% sustain=2
2956794,S32_MOMENTUM_Mode,NO,1784353164.642678,0.630000,5,1784353199.936212,1.000000,0.042789,1.807211,momentum vel=-0.050 delta=-0.0294% sustain=2
2956852,S32_MOMENTUM_Mode,YES,1784353585.059804,0.730000,5,1784353799.912675,0.000000,0.035449,-3.685449,momentum vel=0.020 delta=0.0295% sustain=2
2956866,S32_MOMENTUM_Mode,NO,1784353960.342969,0.740000,5,1784354099.892159,1.000000,0.034241,1.265759,momentum vel=-0.040 delta=-0.0342% sustain=2
2956944,S32_MOMENTUM_Mode,NO,1784354134.119096,0.650000,5,1784354399.982515,0.000000,0.042052,-3.292052,momentum vel=-0.020 delta=-0.0242% sustain=2
2957123,S32_MOMENTUM_Mode,YES,1784358261.872756,0.690000,5,1784358299.898627,0.000000,0.039462,-3.489462,momentum vel=0.020 delta=0.0330% sustain=2
2957317,S32_MOMENTUM_Mode,NO,1784361076.972877,0.550000,5,1784361299.934518,1.000000,0.042114,2.207886,momentum vel=-0.080 delta=-0.0203% sustain=2
2957367,S32_MOMENTUM_Mode,NO,1784361801.385667,0.670000,5,1784361899.905244,1.000000,0.040941,1.609059,momentum vel=-0.180 delta=-0.0505% sustain=2
2957398,S32_MOMENTUM_Mode,NO,1784361963.490307,0.680000,5,1784362199.862117,1.000000,0.040247,1.559753,momentum vel=-0.020 delta=-0.0232% sustain=2
2957451,S32_MOMENTUM_Mode,YES,1784363472.02216,0.620000,5,1784363699.951448,1.000000,0.043018,1.856982,momentum vel=0.030 delta=0.0226% sustain=2
2957502,S32_MOMENTUM_Mode,NO,1784363800.297412,0.700000,5,1784363999.882422,1.000000,0.038588,1.461413,momentum vel=-0.040 delta=-0.0302% sustain=2
2957557,S32_MOMENTUM_Mode,NO,1784364124.70357,0.640000,5,1784364299.921959,1.000000,0.042467,1.757533,momentum vel=-0.050 delta=-0.0243% sustain=2
2957670,S32_MOMENTUM_Mode,NO,1784366356.477884,0.160000,5,1784366399.961805,1.000000,0.003613,4.196387,momentum vel=-0.020 delta=-0.0201% sustain=2
2957677,S32_MOMENTUM_Mode,NO,1784366538.662474,0.680000,5,1784366699.914909,0.000000,0.040247,-3.440247,momentum vel=-0.080 delta=-0.0254% sustain=2
2958905,S32_MOMENTUM_Mode,YES,1784376346.992916,0.740000,5,1784376599.956431,1.000000,0.034241,1.265759,momentum vel=0.020 delta=0.0421% sustain=2
2958982,S32_MOMENTUM_Mode,NO,1784378021.256944,0.720000,5,1784378100.005133,0.000000,0.036578,-3.636578,momentum vel=-0.180 delta=-0.0376% sustain=2
2959036,S32_MOMENTUM_Mode,NO,1784378427.0459,0.680000,5,1784378699.890738,1.000000,0.040247,1.559753,momentum vel=-0.030 delta=-0.0292% sustain=2
2959116,S32_MOMENTUM_Mode,NO,1784379631.982861,0.580000,5,1784379899.937361,1.000000,0.043022,2.056978,momentum vel=-0.060 delta=-0.0350% sustain=2
2959126,S32_MOMENTUM_Mode,NO,1784379938.986929,0.710000,5,1784380199.915747,1.000000,0.037625,1.412375,momentum vel=-0.010 delta=-0.0215% sustain=2
2959146,S32_MOMENTUM_Mode,YES,1784380754.563477,0.640000,5,1784380799.97777,0.000000,0.042467,-3.242467,momentum vel=0.020 delta=0.0204% sustain=2
2959165,S32_MOMENTUM_Mode,NO,1784380863.143052,0.630000,5,1784381099.954039,1.000000,0.042789,1.807211,momentum vel=-0.050 delta=-0.0278% sustain=2
2959177,S32_MOMENTUM_Mode,YES,1784381150.438965,0.720000,5,1784381399.904519,1.000000,0.036578,1.363422,momentum vel=0.030 delta=0.0211% sustain=2
2959187,S32_MOMENTUM_Mode,YES,1784381509.961904,0.630000,5,1784381699.984712,1.000000,0.042789,1.807211,momentum vel=0.070 delta=0.0243% sustain=2
2959249,S32_MOMENTUM_Mode,NO,1784382285.80509,0.640000,5,1784382299.912045,1.000000,0.042467,1.757533,momentum vel=-0.350 delta=-0.0257% sustain=2
2959317,S32_MOMENTUM_Mode,YES,1784383227.75284,0.690000,5,1784383499.912373,1.000000,0.039462,1.510538,momentum vel=0.020 delta=0.0224% sustain=2
2959325,S32_MOMENTUM_Mode,NO,1784383539.40816,0.730000,5,1784383799.955674,0.000000,0.035449,-3.685449,momentum vel=-0.060 delta=-0.0211% sustain=2
2959334,S32_MOMENTUM_Mode,YES,1784383867.849318,0.730000,5,1784384099.994049,1.000000,0.035449,1.314551,momentum vel=0.050 delta=0.0223% sustain=2
2959393,S32_MOMENTUM_Mode,YES,1784385063.392452,0.630000,5,1784385299.955775,1.000000,0.042789,1.807211,momentum vel=0.020 delta=0.0224% sustain=2
2959437,S32_MOMENTUM_Mode,NO,1784385536.035904,0.690000,5,1784385599.943401,0.000000,0.039462,-3.489462,momentum vel=-0.180 delta=-0.0256% sustain=2
2959634,S32_MOMENTUM_Mode,NO,1784387035.70443,0.740000,5,1784387099.91333,1.000000,0.034241,1.265759,momentum vel=-0.180 delta=-0.0202% sustain=2
2959881,S32_MOMENTUM_Mode,YES,1784387872.001093,0.370000,5,1784387999.897548,0.000000,0.025130,-1.875130,momentum vel=0.030 delta=0.0202% sustain=2
2960059,S32_MOMENTUM_Mode,YES,1784389838.439988,0.690000,5,1784390099.96427,0.000000,0.039462,-3.489462,momentum vel=0.020 delta=0.0269% sustain=2
2960269,S32_MOMENTUM_Mode,NO,1784390484.491315,0.710000,5,1784390699.896356,1.000000,0.037625,1.412375,momentum vel=-0.090 delta=-0.0262% sustain=2
2960326,S32_MOMENTUM_Mode,NO,1784391631.910125,0.380000,5,1784391899.95733,1.000000,0.026366,3.073634,momentum vel=-0.020 delta=-0.0264% sustain=2
2960367,S32_MOMENTUM_Mode,YES,1784392356.996091,0.490000,5,1784392499.884057,1.000000,0.038251,2.511749,momentum vel=0.030 delta=0.0200% sustain=2
2960475,S32_MOMENTUM_Mode,NO,1784393552.398829,0.270000,5,1784393699.978383,0.000000,0.013111,-1.363111,momentum vel=-0.030 delta=-0.0325% sustain=2
2960862,S32_MOMENTUM_Mode,YES,1784393774.03719,0.700000,5,1784393999.974623,0.000000,0.038588,-3.538588,momentum vel=0.030 delta=0.0218% sustain=2
2960864,S32_MOMENTUM_Mode,NO,1784394089.602906,0.620000,5,1784394299.895796,0.000000,0.043018,-3.143018,momentum vel=-0.020 delta=-0.0298% sustain=2
2960881,S32_MOMENTUM_Mode,NO,1784394455.097392,0.730000,5,1784394599.988992,1.000000,0.035449,1.314551,momentum vel=-0.020 delta=-0.0220% sustain=2
2960991,S32_MOMENTUM_Mode,YES,1784394956.83629,0.750000,5,1784395199.920579,1.000000,0.032959,1.217041,momentum vel=0.040 delta=0.0204% sustain=2
2961007,S32_MOMENTUM_Mode,YES,1784395221.230222,0.750000,5,1784395499.942915,0.000000,0.032959,-3.782959,momentum vel=0.090 delta=0.0401% sustain=2
2961135,S32_MOMENTUM_Mode,NO,1784395763.258311,0.560000,5,1784395799.996898,0.000000,0.042499,-2.842499,momentum vel=-0.030 delta=-0.0216% sustain=2
2961155,S32_MOMENTUM_Mode,YES,1784396040.45903,0.490000,5,1784396099.966,1.000000,0.038251,2.511749,momentum vel=0.010 delta=0.0367% sustain=2
2961212,S32_MOMENTUM_Mode,YES,1784396156.111723,0.750000,5,1784396399.929051,1.000000,0.032959,1.217041,momentum vel=0.020 delta=0.0324% sustain=2
2961250,S32_MOMENTUM_Mode,YES,1784396410.958894,0.590000,5,1784396699.924716,1.000000,0.043155,2.006845,momentum vel=0.050 delta=0.0261% sustain=2
2961273,S32_MOMENTUM_Mode,NO,1784396710.153594,0.510000,5,1784396999.893161,0.000000,0.039812,-2.589812,momentum vel=-0.030 delta=-0.0215% sustain=2
2961282,S32_MOMENTUM_Mode,NO,1784397066.703738,0.660000,5,1784397299.897735,0.000000,0.041543,-3.341543,momentum vel=-0.080 delta=-0.0562% sustain=2
2961310,S32_MOMENTUM_Mode,NO,1784397391.844083,0.560000,5,1784397599.966916,0.000000,0.042499,-2.842499,momentum vel=-0.080 delta=-0.0252% sustain=2
2961529,S32_MOMENTUM_Mode,NO,1784398009.621502,0.710000,5,1784398199.978604,1.000000,0.037625,1.412375,momentum vel=-0.060 delta=-0.0204% sustain=2
2961607,S32_MOMENTUM_Mode,YES,1784398849.894444,0.740000,5,1784399099.885916,1.000000,0.034241,1.265759,momentum vel=0.030 delta=0.0428% sustain=2
2961997,S32_MOMENTUM_Mode,YES,1784399104.448633,0.660000,5,1784399399.947704,0.000000,0.041543,-3.341543,momentum vel=0.020 delta=0.0808% sustain=2
2962151,S32_MOMENTUM_Mode,NO,1784399428.792803,0.640000,5,1784399699.958723,1.000000,0.042467,1.757533,momentum vel=-0.070 delta=-0.0314% sustain=2
2962211,S32_MOMENTUM_Mode,YES,1784399791.992533,0.720000,5,1784399999.932951,0.000000,0.036578,-3.636578,momentum vel=0.060 delta=0.0288% sustain=2
2962822,S32_MOMENTUM_Mode,YES,1784400372.149417,0.750000,5,1784400599.980533,1.000000,0.032959,1.217041,momentum vel=0.010 delta=0.0344% sustain=2
2963053,S32_MOMENTUM_Mode,YES,1784401432.140121,0.750000,5,1784401499.921284,1.000000,0.032959,1.217041,momentum vel=0.020 delta=0.0231% sustain=2
2963064,S32_MOMENTUM_Mode,YES,1784401583.529409,0.750000,5,1784401799.92126,1.000000,0.032959,1.217041,momentum vel=0.090 delta=0.0348% sustain=2
2963089,S32_MOMENTUM_Mode,YES,1784402108.517896,0.720000,5,1784402399.958043,1.000000,0.036578,1.363422,momentum vel=0.060 delta=0.0200% sustain=2
2963113,S32_MOMENTUM_Mode,NO,1784402845.484375,0.750000,5,1784402999.915029,1.000000,0.032959,1.217041,momentum vel=-0.030 delta=-0.0230% sustain=2
2963175,S32_MOMENTUM_Mode,YES,1784403342.219432,0.730000,5,1784403599.921217,1.000000,0.035449,1.314551,momentum vel=0.020 delta=0.0254% sustain=2
2963268,S32_MOMENTUM_Mode,NO,1784404234.718031,0.640000,5,1784404499.903418,0.000000,0.042467,-3.242467,momentum vel=-0.040 delta=-0.0347% sustain=2
2963323,S32_MOMENTUM_Mode,NO,1784404875.263889,0.670000,5,1784405099.915635,0.000000,0.040941,-3.390941,momentum vel=-0.070 delta=-0.0332% sustain=2
2963343,S32_MOMENTUM_Mode,NO,1784405157.11774,0.690000,5,1784405399.897907,0.000000,0.039462,-3.489462,momentum vel=-0.030 delta=-0.0244% sustain=2
2963378,S32_MOMENTUM_Mode,YES,1784406017.920692,0.430000,5,1784406299.883316,1.000000,0.032290,2.817710,momentum vel=0.030 delta=0.0385% sustain=2
2963422,S32_MOMENTUM_Mode,NO,1784406630.844588,0.690000,5,1784406899.995127,1.000000,0.039462,1.510538,momentum vel=-0.030 delta=-0.0239% sustain=2
2963474,S32_MOMENTUM_Mode,NO,1784406965.406534,0.690000,5,1784407199.909603,1.000000,0.039462,1.510538,momentum vel=-0.040 delta=-0.0282% sustain=2
2963525,S32_MOMENTUM_Mode,NO,1784407733.504499,0.740000,5,1784407799.992125,1.000000,0.034241,1.265759,momentum vel=-0.050 delta=-0.0308% sustain=2
2963557,S32_MOMENTUM_Mode,YES,1784408152.642638,0.290000,5,1784408399.99305,1.000000,0.015368,3.534632,momentum vel=0.020 delta=0.0226% sustain=2
2963568,S32_MOMENTUM_Mode,NO,1784408423.185321,0.590000,5,1784408699.987335,0.000000,0.043155,-2.993155,momentum vel=-0.060 delta=-0.0209% sustain=2
2963677,S32_MOMENTUM_Mode,YES,1784409303.246531,0.600000,5,1784409599.95861,1.000000,0.043200,1.956800,momentum vel=0.030 delta=0.0219% sustain=2
2963688,S32_MOMENTUM_Mode,NO,1784409640.428403,0.410000,5,1784409899.940613,1.000000,0.029989,2.920011,momentum vel=-0.090 delta=-0.0273% sustain=2
2963786,S32_MOMENTUM_Mode,NO,1784410238.429876,0.700000,5,1784410499.992707,1.000000,0.038588,1.461413,momentum vel=-0.030 delta=-0.0270% sustain=2
2963888,S32_MOMENTUM_Mode,NO,1784410691.620516,0.740000,5,1784410799.990677,1.000000,0.034241,1.265759,momentum vel=-0.050 delta=-0.0244% sustain=2
2963915,S32_MOMENTUM_Mode,NO,1784410890.003791,0.630000,5,1784411099.989264,1.000000,0.042789,1.807211,momentum vel=-0.130 delta=-0.0243% sustain=2
2963929,S32_MOMENTUM_Mode,NO,1784411152.065882,0.730000,5,1784411399.972144,0.000000,0.035449,-3.685449,momentum vel=-0.040 delta=-0.0383% sustain=2
2963989,S32_MOMENTUM_Mode,YES,1784411447.20034,0.700000,5,1784411699.96363,1.000000,0.038588,1.461413,momentum vel=0.070 delta=0.0229% sustain=2
2964737,S32_MOMENTUM_Mode,NO,1784411764.882031,0.710000,5,1784411999.929916,1.000000,0.037625,1.412375,momentum vel=-0.070 delta=-0.0343% sustain=2
2964877,S32_MOMENTUM_Mode,NO,1784412355.613778,0.630000,5,1784412599.924719,1.000000,0.042789,1.807211,momentum vel=-0.050 delta=-0.0242% sustain=2
2965044,S32_MOMENTUM_Mode,NO,1784413587.452927,0.730000,5,1784413799.917213,1.000000,0.035449,1.314551,momentum vel=-0.020 delta=-0.0226% sustain=2
2965065,S32_MOMENTUM_Mode,NO,1784413881.783269,0.690000,5,1784414100.002018,0.000000,0.039462,-3.489462,momentum vel=-0.160 delta=-0.0349% sustain=2
2965128,S32_MOMENTUM_Mode,NO,1784414107.450081,0.540000,5,1784414399.940862,1.000000,0.041649,2.258351,momentum vel=-0.120 delta=-0.0204% sustain=2
2965351,S32_MOMENTUM_Mode,NO,1784414980.635942,0.650000,5,1784414999.982718,1.000000,0.042052,1.707948,momentum vel=-0.120 delta=-0.0344% sustain=2
2965356,S32_MOMENTUM_Mode,YES,1784415280.954494,0.740000,5,1784415299.994711,0.000000,0.034241,-3.734241,momentum vel=0.044 delta=0.0628% sustain=2
2966363,S32_MOMENTUM_Mode,NO,1784415880.428037,0.730000,5,1784415899.950599,1.000000,0.035449,1.314551,momentum vel=-0.170 delta=-0.0319% sustain=2
2966451,S32_MOMENTUM_Mode,NO,1784416238.294095,0.630000,5,1784416499.919354,1.000000,0.042789,1.807211,momentum vel=-0.050 delta=-0.0201% sustain=2
2966536,S32_MOMENTUM_Mode,YES,1784416830.730001,0.640000,5,1784417099.918229,0.000000,0.042467,-3.242467,momentum vel=0.030 delta=0.0256% sustain=2
2966562,S32_MOMENTUM_Mode,YES,1784417252.502505,0.580000,5,1784417399.923085,1.000000,0.043022,2.056978,momentum vel=0.020 delta=0.0251% sustain=2
2966620,S32_MOMENTUM_Mode,NO,1784417573.455545,0.580000,5,1784417699.918475,1.000000,0.043022,2.056978,momentum vel=-0.080 delta=-0.0234% sustain=2
2966724,S32_MOMENTUM_Mode,YES,1784417887.680738,0.670000,5,1784417999.99311,1.000000,0.040941,1.609059,momentum vel=0.020 delta=0.0211% sustain=2
2966804,S32_MOMENTUM_Mode,NO,1784418056.846804,0.740000,5,1784418299.942073,1.000000,0.034241,1.265759,momentum vel=-0.100 delta=-0.0557% sustain=2
2966865,S32_MOMENTUM_Mode,NO,1784418741.02248,0.740000,5,1784418899.974199,1.000000,0.034241,1.265759,momentum vel=-0.040 delta=-0.0278% sustain=2
2966961,S32_MOMENTUM_Mode,NO,1784419742.951649,0.510000,5,1784419799.924126,0.000000,0.039812,-2.589812,momentum vel=-0.110 delta=-0.0262% sustain=2
2967037,S32_MOMENTUM_Mode,NO,1784420601.763421,0.720000,5,1784420699.927642,1.000000,0.036578,1.363422,momentum vel=-0.030 delta=-0.0230% sustain=2
2967046,S32_MOMENTUM_Mode,YES,1784420782.50577,0.710000,5,1784420999.944954,0.000000,0.037625,-3.587625,momentum vel=0.020 delta=0.0439% sustain=2
2967065,S32_MOMENTUM_Mode,YES,1784421085.385099,0.680000,5,1784421299.957465,1.000000,0.040247,1.559753,momentum vel=0.030 delta=0.0203% sustain=2
2967117,S32_MOMENTUM_Mode,NO,1784421368.855237,0.650000,5,1784421599.935371,1.000000,0.042052,1.707948,momentum vel=-0.060 delta=-0.0224% sustain=2
2967247,S32_MOMENTUM_Mode,YES,1784422407.465045,0.720000,5,1784422499.942096,1.000000,0.036578,1.363422,momentum vel=0.030 delta=0.0255% sustain=2
2967884,S32_MOMENTUM_Mode,NO,1784426495.565381,0.650000,5,1784426699.965159,0.000000,0.042052,-3.292052,momentum vel=-0.030 delta=-0.0589% sustain=2
2967912,S32_MOMENTUM_Mode,YES,1784426728.393344,0.670000,5,1784426999.936535,1.000000,0.040941,1.609059,momentum vel=0.030 delta=0.0222% sustain=2
2967926,S32_MOMENTUM_Mode,YES,1784427044.207228,0.750000,5,1784427299.943773,1.000000,0.032959,1.217041,momentum vel=0.040 delta=0.0431% sustain=2
2967953,S32_MOMENTUM_Mode,YES,1784427340.251934,0.730000,5,1784427599.932236,0.000000,0.035449,-3.685449,momentum vel=0.020 delta=0.0291% sustain=2
2967969,S32_MOMENTUM_Mode,NO,1784427620.403449,0.610000,5,1784427899.949033,0.000000,0.043155,-3.093155,momentum vel=-0.040 delta=-0.0327% sustain=2
2968042,S32_MOMENTUM_Mode,YES,1784428510.857601,0.730000,5,1784428799.916016,0.000000,0.035449,-3.685449,momentum vel=0.060 delta=0.0237% sustain=2
2968107,S32_MOMENTUM_Mode,NO,1784429396.887284,0.730000,5,1784429399.981543,0.000000,0.035449,-3.685449,momentum vel=-0.110 delta=-0.0225% sustain=2
2968131,S32_MOMENTUM_Mode,NO,1784429500.684349,0.500000,5,1784429699.93355,1.000000,0.039062,2.460938,momentum vel=-0.060 delta=-0.0244% sustain=2
2968144,S32_MOMENTUM_Mode,NO,1784430129.930998,0.750000,5,1784430299.950235,1.000000,0.032959,1.217041,momentum vel=-0.050 delta=-0.0351% sustain=2
2968216,S32_MOMENTUM_Mode,NO,1784431005.10419,0.740000,5,1784431199.937152,1.000000,0.034241,1.265759,momentum vel=-0.050 delta=-0.0518% sustain=2
2968229,S32_MOMENTUM_Mode,NO,1784431281.5141,0.750000,5,1784431499.893481,1.000000,0.032959,1.217041,momentum vel=-0.050 delta=-0.0374% sustain=2
2968243,S32_MOMENTUM_Mode,YES,1784431598.04601,0.720000,5,1784431799.960557,1.000000,0.036578,1.363422,momentum vel=0.020 delta=0.0204% sustain=2
2968310,S32_MOMENTUM_Mode,YES,1784432145.581564,0.440000,5,1784432399.911251,1.000000,0.033392,2.766608,momentum vel=0.060 delta=0.0234% sustain=2
2968401,S32_MOMENTUM_Mode,YES,1784432885.725845,0.740000,5,1784432999.942684,1.000000,0.034241,1.265759,momentum vel=0.060 delta=0.0225% sustain=2
2969035,S32_MOMENTUM_Mode,NO,1784433705.778747,0.750000,5,1784433899.941305,1.000000,0.032959,1.217041,momentum vel=-0.020 delta=-0.0263% sustain=2
2969057,S32_MOMENTUM_Mode,NO,1784433990.018073,0.750000,5,1784434199.952863,1.000000,0.032959,1.217041,momentum vel=-0.040 delta=-0.0325% sustain=2
2969070,S32_MOMENTUM_Mode,NO,1784434334.792084,0.710000,5,1784434499.927967,0.000000,0.037625,-3.587625,momentum vel=-0.070 delta=-0.0235% sustain=2
2969080,S32_MOMENTUM_Mode,YES,1784434552.074094,0.650000,5,1784434799.964585,1.000000,0.042052,1.707948,momentum vel=0.050 delta=0.0224% sustain=2
2969204,S32_MOMENTUM_Mode,NO,1784435580.967967,0.710000,5,1784435699.986603,1.000000,0.037625,1.412375,momentum vel=-0.070 delta=-0.0217% sustain=2
2969326,S32_MOMENTUM_Mode,NO,1784436683.261957,0.740000,5,1784436899.962657,1.000000,0.034241,1.265759,momentum vel=-0.040 delta=-0.0306% sustain=2
2969836,S32_MOMENTUM_Mode,NO,1784437571.165626,0.670000,5,1784437799.938824,1.000000,0.040941,1.609059,momentum vel=-0.030 delta=-0.0286% sustain=2
2969915,S32_MOMENTUM_Mode,YES,1784438266.278759,0.600000,5,1784438399.986979,0.000000,0.043200,-3.043200,momentum vel=0.020 delta=0.0213% sustain=2
2970021,S32_MOMENTUM_Mode,NO,1784439337.890513,0.600000,5,1784439599.987212,0.000000,0.043200,-3.043200,momentum vel=-0.150 delta=-0.0230% sustain=2
2970154,S32_MOMENTUM_Mode,NO,1784442443.044993,0.730000,5,1784442599.989251,1.000000,0.035449,1.314551,momentum vel=-0.060 delta=-0.0443% sustain=2
2970218,S32_MOMENTUM_Mode,NO,1784442938.282612,0.740000,5,1784443199.897915,1.000000,0.034241,1.265759,momentum vel=-0.040 delta=-0.0239% sustain=2
2970423,S32_MOMENTUM_Mode,NO,1784447204.193186,0.750000,5,1784447399.961355,1.000000,0.032959,1.217041,momentum vel=-0.030 delta=-0.0263% sustain=2
2970474,S32_MOMENTUM_Mode,NO,1784447843.434098,0.750000,5,1784447999.984743,0.000000,0.032959,-3.782959,momentum vel=-0.040 delta=-0.0270% sustain=2
2970480,S32_MOMENTUM_Mode,NO,1784448068.912426,0.750000,5,1784448299.939308,1.000000,0.032959,1.217041,momentum vel=-0.020 delta=-0.0328% sustain=2
2970507,S32_MOMENTUM_Mode,NO,1784448546.989032,0.750000,5,1784448599.997366,1.000000,0.032959,1.217041,momentum vel=-0.080 delta=-0.0360% sustain=2
2970517,S32_MOMENTUM_Mode,YES,1784448790.284177,0.530000,5,1784448899.896946,1.000000,0.041109,2.308891,momentum vel=0.030 delta=0.0278% sustain=2
2970542,S32_MOMENTUM_Mode,NO,1784449107.312811,0.620000,5,1784449199.981781,1.000000,0.043018,1.856982,momentum vel=-0.050 delta=-0.0239% sustain=2
2970588,S32_MOMENTUM_Mode,NO,1784449300.551021,0.710000,5,1784449499.990558,1.000000,0.037625,1.412375,momentum vel=-0.040 delta=-0.0210% sustain=2
2970599,S32_MOMENTUM_Mode,YES,1784449546.228238,0.610000,5,1784449799.908548,1.000000,0.043155,1.906845,momentum vel=0.050 delta=0.0385% sustain=2
2970671,S32_MOMENTUM_Mode,NO,1784450135.455827,0.680000,5,1784450400.003083,1.000000,0.040247,1.559753,momentum vel=-0.040 delta=-0.0360% sustain=2
2970751,S32_MOMENTUM_Mode,NO,1784450418.3817,0.650000,5,1784450699.979167,1.000000,0.042052,1.707948,momentum vel=-0.030 delta=-0.0219% sustain=2
2970778,S32_MOMENTUM_Mode,YES,1784451017.49417,0.640000,5,1784451299.95094,0.000000,0.042467,-3.242467,momentum vel=0.040 delta=0.0204% sustain=2
2970883,S32_MOMENTUM_Mode,NO,1784451925.5018,0.660000,5,1784452200.007746,1.000000,0.041543,1.658457,momentum vel=-0.030 delta=-0.0221% sustain=2
2970892,S32_MOMENTUM_Mode,NO,1784452266.147029,0.750000,5,1784452499.916944,1.000000,0.032959,1.217041,momentum vel=-0.080 delta=-0.0367% sustain=2
2970905,S32_MOMENTUM_Mode,NO,1784452516.914768,0.710000,5,1784452799.95245,1.000000,0.037625,1.412375,momentum vel=-0.020 delta=-0.0226% sustain=2
2970920,S32_MOMENTUM_Mode,NO,1784452886.814311,0.730000,5,1784453099.9391,1.000000,0.035449,1.314551,momentum vel=-0.010 delta=-0.0258% sustain=2
2970989,S32_MOMENTUM_Mode,NO,1784453828.189447,0.390000,5,1784453999.919525,1.000000,0.027591,3.022409,momentum vel=-0.040 delta=-0.0265% sustain=2
2971016,S32_MOMENTUM_Mode,NO,1784454065.512854,0.410000,5,1784454299.997475,0.000000,0.029989,-2.079989,momentum vel=-0.090 delta=-0.0212% sustain=2
2971037,S32_MOMENTUM_Mode,NO,1784454751.800715,0.660000,5,1784454899.965626,1.000000,0.041543,1.658457,momentum vel=-0.010 delta=-0.0249% sustain=2
2971222,S32_MOMENTUM_Mode,NO,1784455261.465912,0.690000,5,1784455499.969294,0.000000,0.039462,-3.489462,momentum vel=-0.030 delta=-0.0246% sustain=2
2971231,S32_MOMENTUM_Mode,NO,1784455548.195339,0.680000,5,1784455799.931424,1.000000,0.040247,1.559753,momentum vel=-0.070 delta=-0.0337% sustain=2
2971272,S32_MOMENTUM_Mode,NO,1784456764.149004,0.510000,5,1784456999.993384,0.000000,0.039812,-2.589812,momentum vel=-0.030 delta=-0.0201% sustain=2
2971287,S32_MOMENTUM_Mode,NO,1784457194.292273,0.670000,5,1784457299.960646,0.000000,0.040941,-3.390941,momentum vel=-0.020 delta=-0.0204% sustain=2
2971333,S32_MOMENTUM_Mode,NO,1784457529.524338,0.610000,5,1784457599.956832,0.000000,0.043155,-3.093155,momentum vel=-0.270 delta=-0.0221% sustain=2
2971360,S32_MOMENTUM_Mode,NO,1784458062.756049,0.640000,5,1784458199.982252,1.000000,0.042467,1.757533,momentum vel=-0.030 delta=-0.0212% sustain=2
2971371,S32_MOMENTUM_Mode,NO,1784458262.491459,0.720000,5,1784458499.983056,1.000000,0.036578,1.363422,momentum vel=-0.020 delta=-0.0209% sustain=2
2971385,S32_MOMENTUM_Mode,NO,1784458765.795205,0.730000,5,1784458799.952337,1.000000,0.035449,1.314551,momentum vel=-0.080 delta=-0.0245% sustain=2
2971444,S32_MOMENTUM_Mode,YES,1784460033.014929,0.750000,5,1784460299.946488,0.000000,0.032959,-3.782959,momentum vel=0.020 delta=0.0238% sustain=2
2971558,S32_MOMENTUM_Mode,NO,1784461299.393985,0.730000,5,1784461500.004253,0.000000,0.035449,-3.685449,momentum vel=-0.020 delta=-0.0206% sustain=2
2971585,S32_MOMENTUM_Mode,NO,1784461981.734853,0.730000,5,1784462099.920487,1.000000,0.035449,1.314551,momentum vel=-0.070 delta=-0.0239% sustain=2
2971744,S32_MOMENTUM_Mode,NO,1784462178.008805,0.740000,5,1784462399.943892,1.000000,0.034241,1.265759,momentum vel=-0.030 delta=-0.0348% sustain=2
2971763,S32_MOMENTUM_Mode,NO,1784462444.985701,0.650000,5,1784462699.90446,1.000000,0.042052,1.707948,momentum vel=-0.030 delta=-0.0203% sustain=2
2971786,S32_MOMENTUM_Mode,NO,1784462758.059394,0.700000,5,1784462999.980327,1.000000,0.038588,1.461413,momentum vel=-0.030 delta=-0.0223% sustain=2
2971796,S32_MOMENTUM_Mode,NO,1784463185.599284,0.750000,5,1784463299.945729,1.000000,0.032959,1.217041,momentum vel=-0.030 delta=-0.0201% sustain=2
2971816,S32_MOMENTUM_Mode,YES,1784463339.708114,0.750000,5,1784463599.942895,1.000000,0.032959,1.217041,momentum vel=0.020 delta=0.0307% sustain=2
2971826,S32_MOMENTUM_Mode,YES,1784463639.862571,0.750000,5,1784463899.912617,1.000000,0.032959,1.217041,momentum vel=0.050 delta=0.0338% sustain=2
2971828,S32_MOMENTUM_Mode,NO,1784463948.67997,0.560000,5,1784464199.999503,1.000000,0.042499,2.157501,momentum vel=-0.070 delta=-0.0400% sustain=2
2971841,S32_MOMENTUM_Mode,YES,1784464212.814668,0.750000,5,1784464499.910946,1.000000,0.032959,1.217041,momentum vel=0.020 delta=0.0214% sustain=2
2971893,S32_MOMENTUM_Mode,YES,1784464542.524373,0.710000,5,1784464799.918018,1.000000,0.037625,1.412375,momentum vel=0.030 delta=0.0299% sustain=2
2971906,S32_MOMENTUM_Mode,NO,1784464872.994912,0.620000,5,1784465100.000101,1.000000,0.043018,1.856982,momentum vel=-0.020 delta=-0.0218% sustain=2
2971916,S32_MOMENTUM_Mode,NO,1784465261.662465,0.720000,5,1784465399.911161,1.000000,0.036578,1.363422,momentum vel=-0.060 delta=-0.0407% sustain=2
2972020,S32_MOMENTUM_Mode,NO,1784466410.743866,0.690000,5,1784466599.908727,1.000000,0.039462,1.510538,momentum vel=-0.020 delta=-0.0370% sustain=2
2972026,S32_MOMENTUM_Mode,NO,1784466641.234309,0.750000,5,1784466899.954589,1.000000,0.032959,1.217041,momentum vel=-0.020 delta=-0.0324% sustain=2
2972041,S32_MOMENTUM_Mode,NO,1784466962.789922,0.490000,5,1784467199.908834,1.000000,0.038251,2.511749,momentum vel=-0.300 delta=-0.0256% sustain=2
2972051,S32_MOMENTUM_Mode,YES,1784467386.787929,0.690000,5,1784467499.973647,1.000000,0.039462,1.510538,momentum vel=0.050 delta=0.0214% sustain=2
2972057,S32_MOMENTUM_Mode,YES,1784467575.59118,0.710000,5,1784467799.990839,1.000000,0.037625,1.412375,momentum vel=0.030 delta=0.0200% sustain=2
2972104,S32_MOMENTUM_Mode,YES,1784467847.321291,0.750000,5,1784468099.889202,1.000000,0.032959,1.217041,momentum vel=0.070 delta=0.0219% sustain=2
2972156,S32_MOMENTUM_Mode,NO,1784468259.09757,0.730000,5,1784468399.997438,1.000000,0.035449,1.314551,momentum vel=-0.110 delta=-0.0300% sustain=2
2972215,S32_MOMENTUM_Mode,NO,1784468561.134939,0.730000,5,1784468699.940483,1.000000,0.035449,1.314551,momentum vel=-0.070 delta=-0.0220% sustain=2
2972269,S32_MOMENTUM_Mode,YES,1784469821.899656,0.750000,5,1784469899.999143,1.000000,0.032959,1.217041,momentum vel=0.030 delta=0.0201% sustain=2
2972280,S32_MOMENTUM_Mode,NO,1784469960.941696,0.660000,5,1784470199.982626,1.000000,0.041543,1.658457,momentum vel=-0.040 delta=-0.0219% sustain=2
2972353,S32_MOMENTUM_Mode,NO,1784470833.78927,0.730000,5,1784471099.993033,1.000000,0.035449,1.314551,momentum vel=-0.020 delta=-0.0208% sustain=2
2972355,S32_MOMENTUM_Mode,NO,1784471236.410891,0.700000,5,1784471399.917098,0.000000,0.038588,-3.538588,momentum vel=-0.140 delta=-0.0269% sustain=2
2972421,S32_MOMENTUM_Mode,YES,1784471716.612406,0.690000,5,1784471999.896034,0.000000,0.039462,-3.489462,momentum vel=0.020 delta=0.0236% sustain=2
2972433,S32_MOMENTUM_Mode,NO,1784472118.138755,0.740000,5,1784472299.967317,0.000000,0.034241,-3.734241,momentum vel=-0.090 delta=-0.0323% sustain=2
2972448,S32_MOMENTUM_Mode,YES,1784472360.018214,0.750000,5,1784472599.966189,1.000000,0.032959,1.217041,momentum vel=0.020 delta=0.0315% sustain=2
2972455,S32_MOMENTUM_Mode,NO,1784472656.648802,0.680000,5,1784472899.981524,1.000000,0.040247,1.559753,momentum vel=-0.050 delta=-0.0249% sustain=2
2972480,S32_MOMENTUM_Mode,YES,1784473252.613424,0.750000,5,1784473499.988509,0.000000,0.032959,-3.782959,momentum vel=0.030 delta=0.0237% sustain=2
2972492,S32_MOMENTUM_Mode,NO,1784473527.989784,0.700000,5,1784473799.924599,1.000000,0.038588,1.461413,momentum vel=-0.030 delta=-0.0205% sustain=2
2972497,S32_MOMENTUM_Mode,NO,1784473802.139037,0.600000,5,1784474099.964728,0.000000,0.043200,-3.043200,momentum vel=-0.040 delta=-0.0228% sustain=2
2972512,S32_MOMENTUM_Mode,YES,1784474116.875196,0.710000,5,1784474399.916647,0.000000,0.037625,-3.587625,momentum vel=0.020 delta=0.0211% sustain=2
2972542,S32_MOMENTUM_Mode,NO,1784474451.850723,0.720000,5,1784474699.986778,1.000000,0.036578,1.363422,momentum vel=-0.020 delta=-0.0248% sustain=2
2972660,S32_MOMENTUM_Mode,NO,1784476358.579707,0.710000,5,1784476499.955521,0.000000,0.037625,-3.587625,momentum vel=-0.090 delta=-0.0296% sustain=2
2972955,S32_MOMENTUM_Mode,NO,1784476720.315523,0.750000,5,1784476799.908275,1.000000,0.032959,1.217041,momentum vel=-0.060 delta=-0.0221% sustain=2
2972966,S32_MOMENTUM_Mode,NO,1784477018.757353,0.710000,5,1784477099.935845,0.000000,0.037625,-3.587625,momentum vel=-0.120 delta=-0.0228% sustain=2
2972996,S32_MOMENTUM_Mode,YES,1784477163.669488,0.730000,5,1784477399.935539,0.000000,0.035449,-3.685449,momentum vel=0.030 delta=0.0345% sustain=2
2973024,S32_MOMENTUM_Mode,NO,1784477765.400958,0.730000,5,1784477999.903719,0.000000,0.035449,-3.685449,momentum vel=-0.110 delta=-0.0500% sustain=2
2973032,S32_MOMENTUM_Mode,YES,1784478060.352348,0.690000,5,1784478299.944209,1.000000,0.039462,1.510538,momentum vel=0.030 delta=0.0200% sustain=2
2973046,S32_MOMENTUM_Mode,NO,1784478341.012771,0.740000,5,1784478599.870929,1.000000,0.034241,1.265759,momentum vel=-0.050 delta=-0.0328% sustain=2
2973162,S32_MOMENTUM_Mode,YES,1784479231.704378,0.690000,5,1784479499.998176,1.000000,0.039462,1.510538,momentum vel=0.020 delta=0.0228% sustain=2
2973192,S32_MOMENTUM_Mode,NO,1784479635.712962,0.710000,5,1784479799.989833,1.000000,0.037625,1.412375,momentum vel=-0.040 delta=-0.0234% sustain=2
2973212,S32_MOMENTUM_Mode,NO,1784479900.407526,0.580000,5,1784480099.97083,1.000000,0.043022,2.056978,momentum vel=-0.090 delta=-0.0224% sustain=2
2973669,S32_MOMENTUM_Mode,NO,1784480489.960986,0.730000,5,1784480699.905172,0.000000,0.035449,-3.685449,momentum vel=-0.020 delta=-0.0232% sustain=2
2973678,S32_MOMENTUM_Mode,YES,1784480743.106941,0.710000,5,1784480999.979325,1.000000,0.037625,1.412375,momentum vel=0.050 delta=0.0421% sustain=2
2973703,S32_MOMENTUM_Mode,YES,1784481312.779523,0.730000,5,1784481599.996988,0.000000,0.035449,-3.685449,momentum vel=0.110 delta=0.0329% sustain=2
2973714,S32_MOMENTUM_Mode,YES,1784481698.922929,0.710000,5,1784481899.854296,1.000000,0.037625,1.412375,momentum vel=0.040 delta=0.0233% sustain=2
2973726,S32_MOMENTUM_Mode,NO,1784481953.00992,0.650000,5,1784482199.993782,1.000000,0.042052,1.707948,momentum vel=-0.100 delta=-0.0429% sustain=2
2973749,S32_MOMENTUM_Mode,NO,1784482235.795457,0.620000,5,1784482499.849721,0.000000,0.043018,-3.143018,momentum vel=-0.060 delta=-0.0201% sustain=2
2973795,S32_MOMENTUM_Mode,YES,1784482516.439605,0.710000,5,1784482799.992675,1.000000,0.037625,1.412375,momentum vel=0.020 delta=0.0232% sustain=2
2974013,S32_MOMENTUM_Mode,NO,1784483157.020033,0.690000,5,1784483399.968225,1.000000,0.039462,1.510538,momentum vel=-0.110 delta=-0.0314% sustain=2
2974027,S32_MOMENTUM_Mode,NO,1784483522.712056,0.720000,5,1784483699.959412,1.000000,0.036578,1.363422,momentum vel=-0.080 delta=-0.0264% sustain=2
2974283,S32_MOMENTUM_Mode,NO,1784484043.33585,0.620000,5,1784484299.997338,1.000000,0.043018,1.856982,momentum vel=-0.080 delta=-0.0229% sustain=2
2974289,S32_MOMENTUM_Mode,NO,1784484353.579412,0.660000,5,1784484599.946866,1.000000,0.041543,1.658457,momentum vel=-0.030 delta=-0.0304% sustain=2
2974386,S32_MOMENTUM_Mode,YES,1784484612.057225,0.650000,5,1784484899.928287,1.000000,0.042052,1.707948,momentum vel=0.020 delta=0.0222% sustain=2
2974396,S32_MOMENTUM_Mode,NO,1784484953.449603,0.690000,5,1784485199.953466,0.000000,0.039462,-3.489462,momentum vel=-0.050 delta=-0.0262% sustain=2
2974411,S32_MOMENTUM_Mode,NO,1784485323.890602,0.410000,5,1784485499.891081,0.000000,0.029989,-2.079989,momentum vel=-0.040 delta=-0.0247% sustain=2
2974424,S32_MOMENTUM_Mode,NO,1784485570.48859,0.670000,5,1784485799.950146,1.000000,0.040941,1.609059,momentum vel=-0.020 delta=-0.0205% sustain=2
2974445,S32_MOMENTUM_Mode,NO,1784485808.042206,0.590000,5,1784486099.995805,0.000000,0.043155,-2.993155,momentum vel=-0.120 delta=-0.0288% sustain=2
2974508,S32_MOMENTUM_Mode,NO,1784486807.164109,0.720000,5,1784486999.928676,0.000000,0.036578,-3.636578,momentum vel=-0.090 delta=-0.0372% sustain=2
2974539,S32_MOMENTUM_Mode,NO,1784487072.525983,0.740000,5,1784487299.894727,1.000000,0.034241,1.265759,momentum vel=-0.050 delta=-0.0488% sustain=2
2976509,S32_MOMENTUM_Mode,NO,1784487629.458988,0.600000,5,1784487899.896889,1.000000,0.043200,1.956800,momentum vel=-0.070 delta=-0.0247% sustain=2
2977287,S32_MOMENTUM_Mode,NO,1784489001.462706,0.750000,5,1784489099.861724,1.000000,0.032959,1.217041,momentum vel=-0.100 delta=-0.0260% sustain=2
2977312,S32_MOMENTUM_Mode,NO,1784489454.174829,0.730000,5,1784489699.987743,1.000000,0.035449,1.314551,momentum vel=-0.070 delta=-0.0300% sustain=2
2977440,S32_MOMENTUM_Mode,NO,1784490372.268877,0.730000,5,1784490599.957077,1.000000,0.035449,1.314551,momentum vel=-0.020 delta=-0.0203% sustain=2
2977469,S32_MOMENTUM_Mode,NO,1784490641.550788,0.670000,5,1784490899.966679,1.000000,0.040941,1.609059,momentum vel=-0.030 delta=-0.0275% sustain=2
2977538,S32_MOMENTUM_Mode,YES,1784491210.554632,0.750000,5,1784491499.890657,1.000000,0.032959,1.217041,momentum vel=0.040 delta=0.0498% sustain=2
2977743,S32_MOMENTUM_Mode,NO,1784492756.194922,0.680000,5,1784492999.941479,1.000000,0.040247,1.559753,momentum vel=-0.050 delta=-0.0242% sustain=2
2977997,S32_MOMENTUM_Mode,NO,1784493651.131157,0.610000,5,1784493899.88746,0.000000,0.043155,-3.093155,momentum vel=-0.100 delta=-0.0213% sustain=2
2978133,S32_MOMENTUM_Mode,YES,1784494889.237509,0.730000,5,1784495099.992154,1.000000,0.035449,1.314551,momentum vel=0.020 delta=0.0230% sustain=2
2978148,S32_MOMENTUM_Mode,NO,1784495118.18561,0.740000,5,1784495399.929204,1.000000,0.034241,1.265759,momentum vel=-0.010 delta=-0.0218% sustain=2
2978201,S32_MOMENTUM_Mode,NO,1784496320.910687,0.640000,5,1784496599.893726,1.000000,0.042467,1.757533,momentum vel=-0.040 delta=-0.0202% sustain=2
2978264,S32_MOMENTUM_Mode,NO,1784497123.25043,0.590000,5,1784497199.915369,0.000000,0.043155,-2.993155,momentum vel=-0.200 delta=-0.0211% sustain=2
2978280,S32_MOMENTUM_Mode,NO,1784497241.215192,0.740000,5,1784497500.0028,1.000000,0.034241,1.265759,momentum vel=-0.080 delta=-0.0539% sustain=2
2978293,S32_MOMENTUM_Mode,YES,1784497701.828216,0.750000,5,1784497799.913412,1.000000,0.032959,1.217041,momentum vel=0.040 delta=0.0215% sustain=2
2978306,S32_MOMENTUM_Mode,NO,1784497869.969172,0.650000,5,1784498099.979593,0.000000,0.042052,-3.292052,momentum vel=-0.110 delta=-0.0221% sustain=2
2978315,S32_MOMENTUM_Mode,NO,1784498193.69636,0.680000,5,1784498392.333966,0.000000,0.040247,-3.440247,momentum vel=-0.100 delta=-0.0442% sustain=2
2978330,S32_MOMENTUM_Mode,NO,1784498419.489204,0.680000,5,1784498699.934892,0.000000,0.040247,-3.440247,momentum vel=-0.060 delta=-0.0214% sustain=2
2978346,S32_MOMENTUM_Mode,NO,1784498719.362679,0.720000,5,1784498999.973615,0.000000,0.036578,-3.636578,momentum vel=-0.020 delta=-0.0668% sustain=2
2978362,S32_MOMENTUM_Mode,YES,1784499031.585108,0.590000,5,1784499299.982366,1.000000,0.043155,2.006845,momentum vel=0.010 delta=0.0212% sustain=2
2978379,S32_MOMENTUM_Mode,YES,1784499306.719787,0.590000,5,1784499599.97254,1.000000,0.043155,2.006845,momentum vel=0.020 delta=0.0328% sustain=2
2978429,S32_MOMENTUM_Mode,NO,1784499603.980181,0.530000,5,1784499899.964341,1.000000,0.041109,2.308891,momentum vel=-0.020 delta=-0.0207% sustain=2
2978577,S32_MOMENTUM_Mode,YES,1784500003.42404,0.530000,5,1784500199.93464,1.000000,0.041109,2.308891,momentum vel=0.030 delta=0.0219% sustain=2
2978588,S32_MOMENTUM_Mode,YES,1784500249.852619,0.690000,5,1784500499.931152,0.000000,0.039462,-3.489462,momentum vel=0.050 delta=0.0352% sustain=2
2978644,S32_MOMENTUM_Mode,NO,1784500586.512644,0.700000,5,1784500800.002777,0.000000,0.038588,-3.538588,momentum vel=-0.050 delta=-0.0606% sustain=2
2978674,S32_MOMENTUM_Mode,NO,1784500819.53617,0.600000,5,1784501099.980766,0.000000,0.043200,-3.043200,momentum vel=-0.050 delta=-0.0317% sustain=2
2978684,S32_MOMENTUM_Mode,NO,1784501110.321138,0.640000,5,1784501399.99632,1.000000,0.042467,1.757533,momentum vel=-0.040 delta=-0.0311% sustain=2
2978698,S32_MOMENTUM_Mode,NO,1784501445.47505,0.570000,5,1784501699.897365,1.000000,0.042803,2.107197,momentum vel=-0.080 delta=-0.0303% sustain=2
2978708,S32_MOMENTUM_Mode,NO,1784501784.229848,0.620000,5,1784501999.967244,1.000000,0.043018,1.856982,momentum vel=-0.040 delta=-0.0244% sustain=2
2978734,S32_MOMENTUM_Mode,NO,1784502012.025997,0.650000,5,1784502295.348021,1.000000,0.042052,1.707948,momentum vel=-0.020 delta=-0.0318% sustain=2
2978746,S32_MOMENTUM_Mode,NO,1784502348.971022,0.480000,5,1784502599.904199,0.000000,0.037380,-2.437380,momentum vel=-0.150 delta=-0.0218% sustain=2
2978753,S32_MOMENTUM_Mode,NO,1784502623.997153,0.570000,5,1784502899.913937,0.000000,0.042803,-2.892803,momentum vel=-0.080 delta=-0.0304% sustain=2
2978759,S32_MOMENTUM_Mode,NO,1784502960.923598,0.670000,5,1784503199.971051,1.000000,0.040941,1.609059,momentum vel=-0.090 delta=-0.0598% sustain=2
2978775,S32_MOMENTUM_Mode,NO,1784503219.299292,0.640000,5,1784503499.959806,1.000000,0.042467,1.757533,momentum vel=-0.030 delta=-0.0295% sustain=2
2978819,S32_MOMENTUM_Mode,YES,1784503548.10426,0.640000,5,1784503799.900346,0.000000,0.042467,-3.242467,momentum vel=0.020 delta=0.0207% sustain=2
2978843,S32_MOMENTUM_Mode,NO,1784504171.045044,0.730000,5,1784504399.993133,1.000000,0.035449,1.314551,momentum vel=-0.060 delta=-0.0563% sustain=2
2978848,S32_MOMENTUM_Mode,NO,1784504410.608778,0.420000,5,1784504699.974324,0.000000,0.031154,-2.131154,momentum vel=-0.200 delta=-0.0244% sustain=2
2978861,S32_MOMENTUM_Mode,YES,1784504704.192768,0.650000,5,1784504999.991225,0.000000,0.042052,-3.292052,momentum vel=0.030 delta=0.0300% sustain=2
2978877,S32_MOMENTUM_Mode,YES,1784505066.777729,0.650000,5,1784505299.97651,1.000000,0.042052,1.707948,momentum vel=0.020 delta=0.0202% sustain=2
2978898,S32_MOMENTUM_Mode,YES,1784505349.893328,0.530000,5,1784505599.909661,1.000000,0.041109,2.308891,momentum vel=0.020 delta=0.0246% sustain=2
2978936,S32_MOMENTUM_Mode,NO,1784505612.858825,0.730000,5,1784505899.985107,1.000000,0.035449,1.314551,momentum vel=-0.060 delta=-0.0645% sustain=2
2978938,S32_MOMENTUM_Mode,YES,1784505926.39512,0.720000,5,1784506199.929522,1.000000,0.036578,1.363422,momentum vel=0.030 delta=0.0245% sustain=2
2978951,S32_MOMENTUM_Mode,YES,1784506223.221124,0.620000,5,1784506499.972668,1.000000,0.043018,1.856982,momentum vel=0.030 delta=0.0313% sustain=2
2978961,S32_MOMENTUM_Mode,YES,1784506513.163365,0.600000,5,1784506799.936905,1.000000,0.043200,1.956800,momentum vel=0.020 delta=0.0325% sustain=2
2978968,S32_MOMENTUM_Mode,NO,1784506823.132526,0.620000,5,1784507099.95324,1.000000,0.043018,1.856982,momentum vel=-0.060 delta=-0.0502% sustain=2
2978976,S32_MOMENTUM_Mode,NO,1784507111.629471,0.650000,5,1784507399.970736,1.000000,0.042052,1.707948,momentum vel=-0.030 delta=-0.0502% sustain=2
2978998,S32_MOMENTUM_Mode,NO,1784507427.799609,0.730000,5,1784507699.996826,1.000000,0.035449,1.314551,momentum vel=-0.020 delta=-0.0484% sustain=2
2979018,S32_MOMENTUM_Mode,NO,1784507723.082208,0.480000,5,1784507999.972226,0.000000,0.037380,-2.437380,momentum vel=-0.050 delta=-0.0201% sustain=2
2979081,S32_MOMENTUM_Mode,NO,1784508006.476389,0.520000,5,1784508299.987307,1.000000,0.040495,2.359505,momentum vel=-0.050 delta=-0.0226% sustain=2
2979098,S32_MOMENTUM_Mode,NO,1784508315.503437,0.690000,5,1784508599.96807,1.000000,0.039462,1.510538,momentum vel=-0.070 delta=-0.0627% sustain=2
2979114,S32_MOMENTUM_Mode,NO,1784508663.461355,0.740000,5,1784508899.927824,1.000000,0.034241,1.265759,momentum vel=-0.050 delta=-0.0746% sustain=2
2979123,S32_MOMENTUM_Mode,NO,1784508958.121689,0.510000,5,1784509199.987012,1.000000,0.039812,2.410188,momentum vel=-0.070 delta=-0.0294% sustain=2
2979315,S32_MOMENTUM_Mode,YES,1784509224.818619,0.600000,5,1784509499.903741,1.000000,0.043200,1.956800,momentum vel=0.030 delta=0.0279% sustain=2
2979322,S32_MOMENTUM_Mode,YES,1784509518.386232,0.530000,5,1784509799.906286,1.000000,0.041109,2.308891,momentum vel=0.020 delta=0.0253% sustain=2
2979331,S32_MOMENTUM_Mode,NO,1784509822.793478,0.540000,5,1784510099.997224,1.000000,0.041649,2.258351,momentum vel=-0.090 delta=-0.0327% sustain=2
2979347,S32_MOMENTUM_Mode,NO,1784510122.066251,0.650000,5,1784510399.907218,1.000000,0.042052,1.707948,momentum vel=-0.020 delta=-0.0422% sustain=2
2979354,S32_MOMENTUM_Mode,NO,1784510448.804359,0.580000,5,1784510699.930397,0.000000,0.043022,-2.943022,momentum vel=-0.060 delta=-0.0289% sustain=2
2979383,S32_MOMENTUM_Mode,NO,1784510708.521488,0.550000,5,1784510999.986518,1.000000,0.042114,2.207886,momentum vel=-0.070 delta=-0.0269% sustain=2
2979392,S32_MOMENTUM_Mode,NO,1784511020.99977,0.570000,5,1784511299.982276,0.000000,0.042803,-2.892803,momentum vel=-0.060 delta=-0.0225% sustain=2
2979448,S32_MOMENTUM_Mode,NO,1784511369.313126,0.720000,5,1784511599.951112,0.000000,0.036578,-3.636578,momentum vel=-0.040 delta=-0.0558% sustain=2
2979532,S32_MOMENTUM_Mode,NO,1784511955.871705,0.730000,5,1784512200.010219,0.000000,0.035449,-3.685449,momentum vel=-0.040 delta=-0.0821% sustain=2
2979564,S32_MOMENTUM_Mode,NO,1784512519.088292,0.480000,5,1784512799.977092,0.000000,0.037380,-2.437380,momentum vel=-0.110 delta=-0.0238% sustain=2
2979578,S32_MOMENTUM_Mode,YES,1784512827.452369,0.710000,5,1784513099.90843,1.000000,0.037625,1.412375,momentum vel=0.030 delta=0.0219% sustain=2
2979588,S32_MOMENTUM_Mode,NO,1784513114.316708,0.640000,5,1784513399.91346,1.000000,0.042467,1.757533,momentum vel=-0.020 delta=-0.0347% sustain=2
2979614,S32_MOMENTUM_Mode,NO,1784513446.099577,0.750000,5,1784513699.952669,1.000000,0.032959,1.217041,momentum vel=-0.050 delta=-0.0902% sustain=2
2979634,S32_MOMENTUM_Mode,NO,1784513777.091272,0.730000,5,1784513999.89618,1.000000,0.035449,1.314551,momentum vel=-0.050 delta=-0.0768% sustain=2
2979643,S32_MOMENTUM_Mode,NO,1784514005.614529,0.630000,5,1784514299.993017,0.000000,0.042789,-3.192789,momentum vel=-0.020 delta=-0.0500% sustain=2
2979661,S32_MOMENTUM_Mode,NO,1784514368.942259,0.580000,5,1784514599.946714,1.000000,0.043022,2.056978,momentum vel=-0.020 delta=-0.0312% sustain=2
2979678,S32_MOMENTUM_Mode,NO,1784514604.584413,0.480000,5,1784514899.998576,0.000000,0.037380,-2.437380,momentum vel=-0.080 delta=-0.0205% sustain=2
2979732,S32_MOMENTUM_Mode,NO,1784514953.645673,0.570000,5,1784515199.953871,1.000000,0.042803,2.107197,momentum vel=-0.020 delta=-0.0202% sustain=2
2979830,S32_MOMENTUM_Mode,NO,1784515220.322288,0.590000,5,1784515499.949122,0.000000,0.043155,-2.993155,momentum vel=-0.020 delta=-0.0235% sustain=2
2979846,S32_MOMENTUM_Mode,YES,1784515536.191155,0.720000,5,1784515799.909105,1.000000,0.036578,1.363422,momentum vel=0.020 delta=0.0404% sustain=2
2979855,S32_MOMENTUM_Mode,NO,1784515995.24845,0.730000,5,1784516099.976417,1.000000,0.035449,1.314551,momentum vel=-0.020 delta=-0.0299% sustain=2
2979872,S32_MOMENTUM_Mode,NO,1784516158.395962,0.650000,5,1784516399.971668,1.000000,0.042052,1.707948,momentum vel=-0.020 delta=-0.0378% sustain=2
2979891,S32_MOMENTUM_Mode,YES,1784516464.311476,0.750000,5,1784516700.01235,1.000000,0.032959,1.217041,momentum vel=0.030 delta=0.0536% sustain=2
2979897,S32_MOMENTUM_Mode,NO,1784516740.639935,0.670000,5,1784516999.968176,1.000000,0.040941,1.609059,momentum vel=-0.010 delta=-0.0242% sustain=2
2979926,S32_MOMENTUM_Mode,NO,1784517096.426849,0.740000,5,1784517299.908831,0.000000,0.034241,-3.734241,momentum vel=-0.020 delta=-0.0541% sustain=2
2979951,S32_MOMENTUM_Mode,NO,1784517327.894198,0.750000,5,1784517599.98318,1.000000,0.032959,1.217041,momentum vel=-0.030 delta=-0.0702% sustain=2
2979960,S32_MOMENTUM_Mode,NO,1784517616.962711,0.650000,5,1784517899.99531,1.000000,0.042052,1.707948,momentum vel=-0.040 delta=-0.0342% sustain=2
2979964,S32_MOMENTUM_Mode,NO,1784517919.457934,0.660000,5,1784518199.913652,1.000000,0.041543,1.658457,momentum vel=-0.050 delta=-0.0531% sustain=2
2979980,S32_MOMENTUM_Mode,NO,1784518220.049091,0.560000,5,1784518499.995206,0.000000,0.042499,-2.842499,momentum vel=-0.080 delta=-0.0279% sustain=2
2980024,S32_MOMENTUM_Mode,NO,1784518523.584076,0.650000,5,1784518799.975811,0.000000,0.042052,-3.292052,momentum vel=-0.040 delta=-0.0360% sustain=2
2980084,S32_MOMENTUM_Mode,NO,1784518865.778608,0.710000,5,1784519099.97294,0.000000,0.037625,-3.587625,momentum vel=-0.040 delta=-0.0229% sustain=2
2980096,S32_MOMENTUM_Mode,NO,1784519184.398493,0.730000,5,1784519399.953222,1.000000,0.035449,1.314551,momentum vel=-0.080 delta=-0.0626% sustain=2
2980108,S32_MOMENTUM_Mode,YES,1784519442.422651,0.630000,5,1784519699.941011,0.000000,0.042789,-3.192789,momentum vel=0.020 delta=0.0249% sustain=2
2980618,S32_MOMENTUM_Mode,NO,1784519770.013371,0.690000,5,1784519999.997764,0.000000,0.039462,-3.489462,momentum vel=-0.040 delta=-0.0298% sustain=2
2981091,S32_MOMENTUM_Mode,NO,1784520016.302219,0.650000,5,1784520299.999325,1.000000,0.042052,1.707948,momentum vel=-0.070 delta=-0.0338% sustain=2
2981149,S32_MOMENTUM_Mode,YES,1784520626.379728,0.710000,5,1784520899.935891,0.000000,0.037625,-3.587625,momentum vel=0.020 delta=0.0293% sustain=2
2981200,S32_MOMENTUM_Mode,YES,1784521248.142141,0.740000,5,1784521499.98036,1.000000,0.034241,1.265759,momentum vel=0.030 delta=0.0239% sustain=2
2981347,S32_MOMENTUM_Mode,NO,1784521879.009145,0.750000,5,1784522099.934374,1.000000,0.032959,1.217041,momentum vel=-0.070 delta=-0.0615% sustain=2
2981392,S32_MOMENTUM_Mode,YES,1784522123.88765,0.720000,5,1784522399.927256,1.000000,0.036578,1.363422,momentum vel=0.030 delta=0.0317% sustain=2
2981487,S32_MOMENTUM_Mode,NO,1784522436.353709,0.750000,5,1784522699.987353,1.000000,0.032959,1.217041,momentum vel=-0.040 delta=-0.0508% sustain=2
2981496,S32_MOMENTUM_Mode,NO,1784522713.435903,0.660000,5,1784522999.983879,1.000000,0.041543,1.658457,momentum vel=-0.020 delta=-0.0264% sustain=2
2981547,S32_MOMENTUM_Mode,NO,1784523027.626162,0.600000,5,1784523299.949911,1.000000,0.043200,1.956800,momentum vel=-0.070 delta=-0.0406% sustain=2
2982253,S32_MOMENTUM_Mode,YES,1784523321.328241,0.710000,5,1784523599.989235,1.000000,0.037625,1.412375,momentum vel=0.050 delta=0.0273% sustain=2
2985218,S32_MOMENTUM_Mode,YES,1784523607.664185,0.690000,5,1784523900.004806,0.000000,0.039462,-3.489462,momentum vel=0.080 delta=0.0220% sustain=2
2985237,S32_MOMENTUM_Mode,NO,1784523919.679356,0.730000,5,1784524199.988216,1.000000,0.035449,1.314551,momentum vel=-0.030 delta=-0.0682% sustain=2
2985257,S32_MOMENTUM_Mode,NO,1784524221.624093,0.580000,5,1784524500.004131,1.000000,0.043022,2.056978,momentum vel=-0.020 delta=-0.0224% sustain=2
2985266,S32_MOMENTUM_Mode,NO,1784524507.965616,0.540000,5,1784524799.979749,0.000000,0.041649,-2.741649,momentum vel=-0.040 delta=-0.0339% sustain=2
2985278,S32_MOMENTUM_Mode,NO,1784524862.762902,0.570000,5,1784525099.972179,1.000000,0.042803,2.107197,momentum vel=-0.070 delta=-0.0266% sustain=2
2985348,S32_MOMENTUM_Mode,NO,1784525110.916125,0.580000,5,1784525399.945109,1.000000,0.043022,2.056978,momentum vel=-0.040 delta=-0.0273% sustain=2
2985362,S32_MOMENTUM_Mode,NO,1784525423.617028,0.560000,5,1784525699.934111,1.000000,0.042499,2.157501,momentum vel=-0.030 delta=-0.0211% sustain=2
2985372,S32_MOMENTUM_Mode,NO,1784525708.208036,0.570000,5,1784525999.950192,0.000000,0.042803,-2.892803,momentum vel=-0.030 delta=-0.0402% sustain=2
2985427,S32_MOMENTUM_Mode,YES,1784526041.355008,0.710000,5,1784526299.952601,1.000000,0.037625,1.412375,momentum vel=0.020 delta=0.0350% sustain=2
2985443,S32_MOMENTUM_Mode,NO,1784526319.499548,0.670000,5,1784526599.93586,1.000000,0.040941,1.609059,momentum vel=-0.020 delta=-0.0533% sustain=2
2985448,S32_MOMENTUM_Mode,NO,1784526694.767019,0.750000,5,1784526899.925581,1.000000,0.032959,1.217041,momentum vel=-0.030 delta=-0.0590% sustain=2
2985496,S32_MOMENTUM_Mode,NO,1784526929.334651,0.490000,5,1784527199.971239,0.000000,0.038251,-2.488251,momentum vel=-0.030 delta=-0.0204% sustain=2
2985507,S32_MOMENTUM_Mode,YES,1784527243.460786,0.610000,5,1784527500.00372,1.000000,0.043155,1.906845,momentum vel=0.030 delta=0.0230% sustain=2
2985514,S32_MOMENTUM_Mode,NO,1784527533.053063,0.680000,5,1784527799.982461,0.000000,0.040247,-3.440247,momentum vel=-0.020 delta=-0.0254% sustain=2
2985527,S32_MOMENTUM_Mode,NO,1784527810.114221,0.510000,5,1784528099.990881,0.000000,0.039812,-2.589812,momentum vel=-0.130 delta=-0.0317% sustain=2
2985535,S32_MOMENTUM_Mode,NO,1784528217.615722,0.690000,5,1784528399.958908,1.000000,0.039462,1.510538,momentum vel=-0.060 delta=-0.0418% sustain=2
2985549,S32_MOMENTUM_Mode,YES,1784528430.514826,0.710000,5,1784528699.966785,0.000000,0.037625,-3.587625,momentum vel=0.030 delta=0.0244% sustain=2
2985552,S32_MOMENTUM_Mode,YES,1784528791.746428,0.650000,5,1784528999.941812,1.000000,0.042052,1.707948,momentum vel=0.020 delta=0.0224% sustain=2
2985557,S32_MOMENTUM_Mode,NO,1784529038.462785,0.510000,5,1784529299.959457,1.000000,0.039812,2.410188,momentum vel=-0.070 delta=-0.0272% sustain=2
2985610,S32_MOMENTUM_Mode,NO,1784529354.356644,0.590000,5,1784529599.906789,1.000000,0.043155,2.006845,momentum vel=-0.090 delta=-0.0558% sustain=2
2985629,S32_MOMENTUM_Mode,NO,1784529635.212667,0.650000,5,1784529899.935815,1.000000,0.042052,1.707948,momentum vel=-0.020 delta=-0.0597% sustain=2
2985632,S32_MOMENTUM_Mode,NO,1784529908.55628,0.550000,5,1784530199.947809,0.000000,0.042114,-2.792114,momentum vel=-0.030 delta=-0.0314% sustain=2
2985646,S32_MOMENTUM_Mode,YES,1784530225.35112,0.710000,5,1784530499.983523,1.000000,0.037625,1.412375,momentum vel=0.020 delta=0.0697% sustain=2
2985665,S32_MOMENTUM_Mode,YES,1784530543.745157,0.520000,5,1784530799.882931,1.000000,0.040495,2.359505,momentum vel=0.010 delta=0.0307% sustain=2
2985667,S32_MOMENTUM_Mode,YES,1784530836.6029,0.670000,5,1784531099.908512,1.000000,0.040941,1.609059,momentum vel=0.030 delta=0.0340% sustain=2
2985686,S32_MOMENTUM_Mode,NO,1784531112.476399,0.610000,5,1784531399.938655,1.000000,0.043155,1.906845,momentum vel=-0.020 delta=-0.0224% sustain=2
2985692,S32_MOMENTUM_Mode,NO,1784531448.086745,0.640000,5,1784531700.003633,1.000000,0.042467,1.757533,momentum vel=-0.060 delta=-0.0268% sustain=2
2985710,S32_MOMENTUM_Mode,NO,1784531779.783155,0.560000,5,1784531999.941135,1.000000,0.042499,2.157501,momentum vel=-0.080 delta=-0.0321% sustain=2
2985712,S32_MOMENTUM_Mode,NO,1784532039.025083,0.600000,5,1784532299.981326,0.000000,0.043200,-3.043200,momentum vel=-0.060 delta=-0.0264% sustain=2
2985730,S32_MOMENTUM_Mode,YES,1784532376.680722,0.640000,5,1784532599.995806,1.000000,0.042467,1.757533,momentum vel=0.020 delta=0.0207% sustain=2
2985750,S32_MOMENTUM_Mode,YES,1784532619.088167,0.630000,5,1784532899.984449,1.000000,0.042789,1.807211,momentum vel=0.030 delta=0.0233% sustain=2
2985793,S32_MOMENTUM_Mode,NO,1784532925.239314,0.630000,5,1784533199.991864,1.000000,0.042789,1.807211,momentum vel=-0.020 delta=-0.0338% sustain=2
2985801,S32_MOMENTUM_Mode,NO,1784533211.946094,0.500000,5,1784533499.889877,0.000000,0.039062,-2.539062,momentum vel=-0.130 delta=-0.0228% sustain=2
2985815,S32_MOMENTUM_Mode,YES,1784533558.371728,0.700000,5,1784533799.958538,1.000000,0.038588,1.461413,momentum vel=0.040 delta=0.0609% sustain=2
2985819,S32_MOMENTUM_Mode,NO,1784533812.784598,0.580000,5,1784534099.94786,0.000000,0.043022,-2.943022,momentum vel=-0.070 delta=-0.0250% sustain=2
2985854,S32_MOMENTUM_Mode,NO,1784534123.125135,0.530000,5,1784534399.980691,0.000000,0.041109,-2.691109,momentum vel=-0.100 delta=-0.0389% sustain=2
2985868,S32_MOMENTUM_Mode,NO,1784534405.216785,0.600000,5,1784534699.960639,0.000000,0.043200,-3.043200,momentum vel=-0.070 delta=-0.0200% sustain=2
2985915,S32_MOMENTUM_Mode,NO,1784534737.145698,0.580000,5,1784535000.001298,1.000000,0.043022,2.056978,momentum vel=-0.050 delta=-0.0218% sustain=2
2985988,S32_MOMENTUM_Mode,NO,1784535049.993134,0.500000,5,1784535299.997366,0.000000,0.039062,-2.539062,momentum vel=-0.110 delta=-0.0237% sustain=2
2986006,S32_MOMENTUM_Mode,NO,1784535330.360455,0.680000,5,1784535599.916777,1.000000,0.040247,1.559753,momentum vel=-0.080 delta=-0.0458% sustain=2
2986014,S32_MOMENTUM_Mode,NO,1784535649.352758,0.730000,5,1784535899.972328,1.000000,0.035449,1.314551,momentum vel=-0.040 delta=-0.0722% sustain=2
2986022,S32_MOMENTUM_Mode,NO,1784535959.805753,0.370000,5,1784536199.985502,1.000000,0.025130,3.124870,momentum vel=-0.020 delta=-0.0204% sustain=2
2986033,S32_MOMENTUM_Mode,NO,1784536478.15634,0.250000,5,1784536499.948884,1.000000,0.010986,3.739014,momentum vel=-0.040 delta=-0.0218% sustain=2
2986083,S32_MOMENTUM_Mode,YES,1784536503.572659,0.600000,5,1784536799.904382,0.000000,0.043200,-3.043200,momentum vel=0.190 delta=0.0413% sustain=2
2986113,S32_MOMENTUM_Mode,NO,1784536906.843132,0.690000,5,1784537099.965812,1.000000,0.039462,1.510538,momentum vel=-0.060 delta=-0.0254% sustain=2
2986122,S32_MOMENTUM_Mode,YES,1784537119.091934,0.720000,5,1784537399.940951,1.000000,0.036578,1.363422,momentum vel=0.050 delta=0.0256% sustain=2
2986139,S32_MOMENTUM_Mode,YES,1784537442.78944,0.710000,5,1784537700.000993,0.000000,0.037625,-3.587625,momentum vel=0.030 delta=0.0595% sustain=2
2986143,S32_MOMENTUM_Mode,YES,1784537729.900575,0.610000,5,1784537999.903898,1.000000,0.043155,1.906845,momentum vel=0.040 delta=0.0253% sustain=2
2986157,S32_MOMENTUM_Mode,YES,1784538138.297172,0.490000,5,1784538299.88901,0.000000,0.038251,-2.488251,momentum vel=0.030 delta=0.0235% sustain=2
2986174,S32_MOMENTUM_Mode,NO,1784538340.291721,0.710000,5,1784538599.897149,1.000000,0.037625,1.412375,momentum vel=-0.030 delta=-0.0280% sustain=2
2986184,S32_MOMENTUM_Mode,YES,1784538624.128878,0.740000,5,1784538899.89594,1.000000,0.034241,1.265759,momentum vel=0.020 delta=0.0399% sustain=2
2986191,S32_MOMENTUM_Mode,YES,1784538953.306356,0.720000,5,1784539199.891141,0.000000,0.036578,-3.636578,momentum vel=0.030 delta=0.0646% sustain=2
2986213,S32_MOMENTUM_Mode,YES,1784539211.812244,0.710000,5,1784539499.967922,1.000000,0.037625,1.412375,momentum vel=0.020 delta=0.0308% sustain=2
2986225,S32_MOMENTUM_Mode,YES,1784539551.358343,0.640000,5,1784539799.915907,1.000000,0.042467,1.757533,momentum vel=0.010 delta=0.0347% sustain=2
2986228,S32_MOMENTUM_Mode,NO,1784539833.309184,0.590000,5,1784540099.902201,0.000000,0.043155,-2.993155,momentum vel=-0.050 delta=-0.0203% sustain=2
2986300,S32_MOMENTUM_Mode,YES,1784540510.756607,0.540000,5,1784540699.8873,1.000000,0.041649,2.258351,momentum vel=0.050 delta=0.0230% sustain=2
2986314,S32_MOMENTUM_Mode,YES,1784540717.113801,0.680000,5,1784540999.909765,1.000000,0.040247,1.559753,momentum vel=0.030 delta=0.0218% sustain=2
2986316,S32_MOMENTUM_Mode,YES,1784541067.759532,0.670000,5,1784541299.934694,0.000000,0.040941,-3.390941,momentum vel=0.030 delta=0.0275% sustain=2
2986396,S32_MOMENTUM_Mode,NO,1784541325.273628,0.660000,5,1784541599.924714,1.000000,0.041543,1.658457,momentum vel=-0.030 delta=-0.0292% sustain=2
2986411,S32_MOMENTUM_Mode,NO,1784541693.102222,0.740000,5,1784541899.886525,0.000000,0.034241,-3.734241,momentum vel=-0.060 delta=-0.0481% sustain=2
2986416,S32_MOMENTUM_Mode,NO,1784541998.583571,0.750000,5,1784542199.935692,0.000000,0.032959,-3.782959,momentum vel=-0.020 delta=-0.0397% sustain=2
2986519,S32_MOMENTUM_Mode,YES,1784542306.735668,0.720000,5,1784542499.981901,1.000000,0.036578,1.363422,momentum vel=0.030 delta=0.0236% sustain=2
2986528,S32_MOMENTUM_Mode,NO,1784542550.067539,0.690000,5,1784542799.926378,1.000000,0.039462,1.510538,momentum vel=-0.020 delta=-0.0319% sustain=2
2986539,S32_MOMENTUM_Mode,YES,1784542894.438541,0.710000,5,1784543099.993064,1.000000,0.037625,1.412375,momentum vel=0.030 delta=0.0454% sustain=2
2986552,S32_MOMENTUM_Mode,NO,1784543135.261571,0.720000,5,1784543399.931111,1.000000,0.036578,1.363422,momentum vel=-0.020 delta=-0.0610% sustain=2
2986614,S32_MOMENTUM_Mode,NO,1784543746.1467,0.690000,5,1784543999.84575,1.000000,0.039462,1.510538,momentum vel=-0.030 delta=-0.0346% sustain=2
2986743,S32_MOMENTUM_Mode,NO,1784544069.119541,0.670000,5,1784544299.969272,0.000000,0.040941,-3.390941,momentum vel=-0.030 delta=-0.0277% sustain=2
2986757,S32_MOMENTUM_Mode,NO,1784544329.529699,0.650000,5,1784544599.962722,0.000000,0.042052,-3.292052,momentum vel=-0.020 delta=-0.0242% sustain=2
2986768,S32_MOMENTUM_Mode,NO,1784544691.216036,0.680000,5,1784544899.90657,0.000000,0.040247,-3.440247,momentum vel=-0.070 delta=-0.0324% sustain=2
2987158,S32_MOMENTUM_Mode,YES,1784545269.432033,0.730000,5,1784545500.006498,1.000000,0.035449,1.314551,momentum vel=0.020 delta=0.0335% sustain=2
2987172,S32_MOMENTUM_Mode,YES,1784545503.657211,0.640000,5,1784545799.930908,1.000000,0.042467,1.757533,momentum vel=0.060 delta=0.0252% sustain=2
2987184,S32_MOMENTUM_Mode,NO,1784545893.769628,0.680000,5,1784546099.911279,1.000000,0.040247,1.559753,momentum vel=-0.030 delta=-0.0284% sustain=2
2987194,S32_MOMENTUM_Mode,NO,1784546145.299389,0.670000,5,1784546290.490424,1.000000,0.040941,1.609059,momentum vel=-0.050 delta=-0.0362% sustain=2
2987215,S32_MOMENTUM_Mode,NO,1784546506.996508,0.650000,5,1784546699.982137,1.000000,0.042052,1.707948,momentum vel=-0.150 delta=-0.0334% sustain=2
2987312,S32_MOMENTUM_Mode,YES,1784547013.852516,0.650000,5,1784547300.004816,1.000000,0.042052,1.707948,momentum vel=0.100 delta=0.1067% sustain=2
2987354,S32_MOMENTUM_Mode,NO,1784547314.353169,0.590000,5,1784547599.892912,0.000000,0.043155,-2.993155,momentum vel=-0.030 delta=-0.0351% sustain=2
2987372,S32_MOMENTUM_Mode,YES,1784547608.496371,0.530000,5,1784547899.994287,0.000000,0.041109,-2.691109,momentum vel=0.020 delta=0.0235% sustain=2
2987378,S32_MOMENTUM_Mode,YES,1784547910.869852,0.570000,5,1784548199.957001,1.000000,0.042803,2.107197,momentum vel=0.030 delta=0.0286% sustain=2
2987391,S32_MOMENTUM_Mode,NO,1784548225.786763,0.720000,5,1784548499.915808,0.000000,0.036578,-3.636578,momentum vel=-0.020 delta=-0.0755% sustain=2
2987500,S32_MOMENTUM_Mode,NO,1784548532.540667,0.680000,5,1784548799.90492,0.000000,0.040247,-3.440247,momentum vel=-0.040 delta=-0.0457% sustain=2
2987515,S32_MOMENTUM_Mode,NO,1784548822.717854,0.710000,5,1784549099.961105,1.000000,0.037625,1.412375,momentum vel=-0.030 delta=-0.0613% sustain=2
2987527,S32_MOMENTUM_Mode,NO,1784549123.259915,0.540000,5,1784549399.967043,0.000000,0.041649,-2.741649,momentum vel=-0.060 delta=-0.0284% sustain=2
2987540,S32_MOMENTUM_Mode,NO,1784549416.729319,0.550000,5,1784549700.009632,1.000000,0.042114,2.207886,momentum vel=-0.030 delta=-0.0223% sustain=2
2987554,S32_MOMENTUM_Mode,YES,1784549757.306605,0.750000,5,1784549999.900229,0.000000,0.032959,-3.782959,momentum vel=0.070 delta=0.0397% sustain=2
2987627,S32_MOMENTUM_Mode,NO,1784550024.454463,0.560000,5,1784550299.861699,0.000000,0.042499,-2.842499,momentum vel=-0.020 delta=-0.0242% sustain=2
2987732,S32_MOMENTUM_Mode,NO,1784550309.092702,0.640000,5,1784550599.885473,1.000000,0.042467,1.757533,momentum vel=-0.030 delta=-0.0341% sustain=2
2987738,S32_MOMENTUM_Mode,NO,1784550761.520003,0.730000,5,1784550899.985501,0.000000,0.035449,-3.685449,momentum vel=-0.030 delta=-0.0422% sustain=2
2987786,S32_MOMENTUM_Mode,YES,1784550911.628582,0.640000,5,1784551199.957766,0.000000,0.042467,-3.242467,momentum vel=0.030 delta=0.0232% sustain=2
2987825,S32_MOMENTUM_Mode,NO,1784551275.18186,0.630000,5,1784551499.894898,1.000000,0.042789,1.807211,momentum vel=-0.020 delta=-0.0237% sustain=2
2987843,S32_MOMENTUM_Mode,YES,1784551538.122575,0.730000,5,1784551799.994505,1.000000,0.035449,1.314551,momentum vel=0.020 delta=0.0362% sustain=2
2987849,S32_MOMENTUM_Mode,NO,1784551857.078684,0.570000,5,1784552099.942999,1.000000,0.042803,2.107197,momentum vel=-0.020 delta=-0.0212% sustain=2
2987910,S32_MOMENTUM_Mode,YES,1784552145.150983,0.720000,5,1784552399.918948,0.000000,0.036578,-3.636578,momentum vel=0.020 delta=0.0283% sustain=2
2987917,S32_MOMENTUM_Mode,YES,1784552416.933283,0.670000,5,1784552699.987575,0.000000,0.040941,-3.390941,momentum vel=0.070 delta=0.0324% sustain=2
2987935,S32_MOMENTUM_Mode,YES,1784552856.570714,0.730000,5,1784552999.931963,1.000000,0.035449,1.314551,momentum vel=0.030 delta=0.0332% sustain=2
2988028,S32_MOMENTUM_Mode,NO,1784553061.737695,0.650000,5,1784553299.996175,1.000000,0.042052,1.707948,momentum vel=-0.060 delta=-0.0406% sustain=2
2988076,S32_MOMENTUM_Mode,YES,1784554224.976049,0.720000,5,1784554499.9963,1.000000,0.036578,1.363422,momentum vel=0.040 delta=0.0543% sustain=2
2988127,S32_MOMENTUM_Mode,YES,1784554514.661411,0.640000,5,1784554799.982302,0.000000,0.042467,-3.242467,momentum vel=0.030 delta=0.0307% sustain=2
2988295,S32_MOMENTUM_Mode,NO,1784554847.016011,0.640000,5,1784555099.909288,1.000000,0.042467,1.757533,momentum vel=-0.030 delta=-0.0581% sustain=2
2988311,S32_MOMENTUM_Mode,NO,1784555122.43096,0.540000,5,1784555399.935053,0.000000,0.041649,-2.741649,momentum vel=-0.050 delta=-0.0266% sustain=2
2988321,S32_MOMENTUM_Mode,YES,1784555424.819371,0.640000,5,1784555699.929042,0.000000,0.042467,-3.242467,momentum vel=0.030 delta=0.0444% sustain=2
2988339,S32_MOMENTUM_Mode,YES,1784555714.877408,0.630000,5,1784555999.900039,0.000000,0.042789,-3.192789,momentum vel=0.020 delta=0.0514% sustain=2
2988367,S32_MOMENTUM_Mode,YES,1784556030.534263,0.630000,5,1784556299.989414,1.000000,0.042789,1.807211,momentum vel=0.020 delta=0.0268% sustain=2
2988378,S32_MOMENTUM_Mode,NO,1784556319.018282,0.590000,5,1784556599.883153,0.000000,0.043155,-2.993155,momentum vel=-0.050 delta=-0.0664% sustain=2
2988519,S32_MOMENTUM_Mode,NO,1784556622.81638,0.680000,5,1784556899.883256,1.000000,0.040247,1.559753,momentum vel=-0.020 delta=-0.0905% sustain=2
2988533,S32_MOMENTUM_Mode,NO,1784556907.817608,0.550000,5,1784557199.935081,1.000000,0.042114,2.207886,momentum vel=-0.080 delta=-0.0558% sustain=2
2988543,S32_MOMENTUM_Mode,NO,1784557206.245216,0.580000,5,1784557499.924817,0.000000,0.043022,-2.943022,momentum vel=-0.070 delta=-0.0652% sustain=2
2988588,S32_MOMENTUM_Mode,YES,1784557518.064161,0.520000,5,1784557799.910504,1.000000,0.040495,2.359505,momentum vel=0.020 delta=0.0401% sustain=2
2988612,S32_MOMENTUM_Mode,YES,1784557821.796311,0.560000,5,1784558099.906314,0.000000,0.042499,-2.842499,momentum vel=0.020 delta=0.0203% sustain=2
2988654,S32_MOMENTUM_Mode,NO,1784558106.942867,0.530000,5,1784558399.894756,1.000000,0.041109,2.308891,momentum vel=-0.050 delta=-0.0281% sustain=2
2988669,S32_MOMENTUM_Mode,YES,1784558448.072174,0.660000,5,1784558699.996306,1.000000,0.041543,1.658457,momentum vel=0.050 delta=0.0321% sustain=2
2988686,S32_MOMENTUM_Mode,NO,1784558711.074771,0.570000,5,1784558999.950246,1.000000,0.042803,2.107197,momentum vel=-0.030 delta=-0.0441% sustain=2
2988697,S32_MOMENTUM_Mode,NO,1784559004.08594,0.520000,5,1784559299.947794,1.000000,0.040495,2.359505,momentum vel=-0.040 delta=-0.0354% sustain=2
2988810,S32_MOMENTUM_Mode,YES,1784559320.502031,0.610000,5,1784559599.998208,1.000000,0.043155,1.906845,momentum vel=0.030 delta=0.0204% sustain=2
2988833,S32_MOMENTUM_Mode,YES,1784559632.896111,0.630000,5,1784559899.918003,1.000000,0.042789,1.807211,momentum vel=0.050 delta=0.0267% sustain=2
2988834,S32_MOMENTUM_Mode,NO,1784559923.117567,0.590000,5,1784560199.910462,0.000000,0.043155,-2.993155,momentum vel=-0.020 delta=-0.0384% sustain=2
2988850,S32_MOMENTUM_Mode,YES,1784560216.331638,0.610000,5,1784560499.876069,1.000000,0.043155,1.906845,momentum vel=0.050 delta=0.0422% sustain=2
2988862,S32_MOMENTUM_Mode,NO,1784560515.906813,0.630000,5,1784560799.949084,0.000000,0.042789,-3.192789,momentum vel=-0.020 delta=-0.0324% sustain=2
2988878,S32_MOMENTUM_Mode,YES,1784560815.742298,0.560000,5,1784561099.898624,0.000000,0.042499,-2.842499,momentum vel=0.040 delta=0.0219% sustain=2
2988937,S32_MOMENTUM_Mode,NO,1784561112.567204,0.660000,5,1784561399.893704,1.000000,0.041543,1.658457,momentum vel=-0.030 delta=-0.0548% sustain=2
2988944,S32_MOMENTUM_Mode,YES,1784561413.387014,0.570000,5,1784561699.961462,0.000000,0.042803,-2.892803,momentum vel=0.020 delta=0.0228% sustain=2
2989007,S32_MOMENTUM_Mode,NO,1784561711.673063,0.600000,5,1784561999.917023,0.000000,0.043200,-3.043200,momentum vel=-0.030 delta=-0.0398% sustain=2
2989026,S32_MOMENTUM_Mode,YES,1784562022.436626,0.610000,5,1784562299.88293,1.000000,0.043155,1.906845,momentum vel=0.030 delta=0.0203% sustain=2
2989034,S32_MOMENTUM_Mode,YES,1784562302.892518,0.560000,5,1784562599.99272,1.000000,0.042499,2.157501,momentum vel=0.050 delta=0.0316% sustain=2
2989051,S32_MOMENTUM_Mode,NO,1784562649.078611,0.550000,5,1784562899.995893,0.000000,0.042114,-2.792114,momentum vel=-0.020 delta=-0.0230% sustain=2
2989594,S32_MOMENTUM_Mode,YES,1784562917.183871,0.640000,5,1784563199.923756,1.000000,0.042467,1.757533,momentum vel=0.080 delta=0.0398% sustain=2
2989898,S32_MOMENTUM_Mode,YES,1784563206.154765,0.600000,5,1784563499.901878,0.000000,0.043200,-3.043200,momentum vel=0.050 delta=0.0331% sustain=2
2989913,S32_MOMENTUM_Mode,NO,1784563526.514455,0.660000,5,1784563799.971519,1.000000,0.041543,1.658457,momentum vel=-0.030 delta=-0.0682% sustain=2
2989970,S32_MOMENTUM_Mode,YES,1784563822.127595,0.690000,5,1784564099.957946,1.000000,0.039462,1.510538,momentum vel=0.050 delta=0.0771% sustain=2
