market_id,strategy,side,entry_time,entry_price,shares,exit_time,exit_price,fee_paid,pnl,reason
2933913,S55_RapidProbability_ChangeChase,YES,1784200844.596388,0.720000,5,1784200845.59693,0.720000,0.036578,-0.036578,prob_change_chase side=YES change=0.050 origin=0.670 ask=0.720
2933923,S55_RapidProbability_ChangeChase,NO,1784201135.494208,0.600000,5,1784201142.350368,0.660000,0.043200,0.256800,prob_change_chase side=NO change=-0.040 origin=0.640 ask=0.600
2933933,S55_RapidProbability_ChangeChase,YES,1784201446.245384,0.610000,5,1784201454.553572,0.570000,0.043155,-0.243155,prob_change_chase side=YES change=0.040 origin=0.570 ask=0.610
2933981,S55_RapidProbability_ChangeChase,YES,1784201708.993367,0.610000,5,1784201715.213897,0.570000,0.043155,-0.243155,prob_change_chase side=YES change=0.050 origin=0.560 ask=0.610
2934021,S55_RapidProbability_ChangeChase,YES,1784202033.288899,0.660000,5,1784202041.257908,0.670000,0.041543,0.008457,prob_change_chase side=YES change=0.050 origin=0.610 ask=0.660
2934041,S55_RapidProbability_ChangeChase,NO,1784202445.257707,0.670000,5,1784202447.633294,0.640000,0.040941,-0.190941,prob_change_chase side=NO change=-0.050 origin=0.720 ask=0.670
2934049,S55_RapidProbability_ChangeChase,YES,1784202601.765793,0.550000,5,1784202605.004359,0.580000,0.042114,0.107886,prob_change_chase side=YES change=0.050 origin=0.500 ask=0.550
2934267,S55_RapidProbability_ChangeChase,YES,1784202945.250092,0.620000,5,1784202950.83909,0.570000,0.043018,-0.293018,prob_change_chase side=YES change=0.040 origin=0.580 ask=0.620
2934325,S55_RapidProbability_ChangeChase,NO,1784203217.269637,0.620000,5,1784203225.926623,0.620000,0.043018,-0.043018,prob_change_chase side=NO change=-0.040 origin=0.660 ask=0.620
2934344,S55_RapidProbability_ChangeChase,YES,1784203505.060593,0.610000,5,1784203509.291498,0.580000,0.043155,-0.193155,prob_change_chase side=YES change=0.040 origin=0.570 ask=0.610
2934354,S55_RapidProbability_ChangeChase,YES,1784203863.314769,0.550000,5,1784203866.735312,0.630000,0.042114,0.357886,prob_change_chase side=YES change=0.040 origin=0.510 ask=0.550
2934361,S55_RapidProbability_ChangeChase,NO,1784204119.695459,0.550000,5,1784204119.951621,0.550000,0.042114,-0.042114,prob_change_chase side=NO change=-0.060 origin=0.610 ask=0.550
2934379,S55_RapidProbability_ChangeChase,YES,1784204413.894748,0.670000,5,1784204421.752441,0.610000,0.040941,-0.340941,prob_change_chase side=YES change=0.040 origin=0.630 ask=0.670
2934391,S55_RapidProbability_ChangeChase,YES,1784204779.249235,0.630000,5,1784204787.549462,0.660000,0.042789,0.107211,prob_change_chase side=YES change=0.040 origin=0.590 ask=0.630
2934397,S55_RapidProbability_ChangeChase,YES,1784205005.430394,0.650000,5,1784205006.772093,0.640000,0.042052,-0.092052,prob_change_chase side=YES change=0.040 origin=0.610 ask=0.650
2934447,S55_RapidProbability_ChangeChase,YES,1784205302.325537,0.580000,5,1784205304.810715,0.510000,0.043022,-0.393022,prob_change_chase side=YES change=0.050 origin=0.530 ask=0.580
2934490,S55_RapidProbability_ChangeChase,NO,1784205625.937283,0.500000,5,1784205634.012111,0.410000,0.039062,-0.489063,prob_change_chase side=NO change=-0.050 origin=0.550 ask=0.500
2934493,S55_RapidProbability_ChangeChase,NO,1784205921.559419,0.550000,5,1784205929.682634,0.530000,0.042114,-0.142114,prob_change_chase side=NO change=-0.050 origin=0.600 ask=0.550
2934513,S55_RapidProbability_ChangeChase,NO,1784206214.905929,0.520000,5,1784206217.518024,0.570000,0.040495,0.209505,prob_change_chase side=NO change=-0.050 origin=0.570 ask=0.520
2934573,S55_RapidProbability_ChangeChase,NO,1784206524.312776,0.730000,5,1784206532.519061,0.660000,0.035449,-0.385449,prob_change_chase side=NO change=-0.040 origin=0.770 ask=0.730
2934577,S55_RapidProbability_ChangeChase,NO,1784206805.548762,0.510000,5,1784206809.027879,0.310000,0.039812,-1.039812,prob_change_chase side=NO change=-0.060 origin=0.570 ask=0.510
2934590,S55_RapidProbability_ChangeChase,YES,1784207118.815145,0.590000,5,1784207124.926329,0.550000,0.043155,-0.243155,prob_change_chase side=YES change=0.050 origin=0.540 ask=0.590
2934605,S55_RapidProbability_ChangeChase,YES,1784207433.123762,0.710000,5,1784207441.169435,0.740000,0.037625,0.112375,prob_change_chase side=YES change=0.050 origin=0.660 ask=0.710
2934623,S55_RapidProbability_ChangeChase,YES,1784207790.390942,0.660000,5,1784207798.626204,0.660000,0.041543,-0.041543,prob_change_chase side=YES change=0.040 origin=0.620 ask=0.660
2934636,S55_RapidProbability_ChangeChase,YES,1784208022.402819,0.620000,5,1784208024.769126,0.690000,0.043018,0.306982,prob_change_chase side=YES change=0.050 origin=0.570 ask=0.620
2934650,S55_RapidProbability_ChangeChase,NO,1784208310.889876,0.640000,5,1784208319.12452,0.630000,0.042467,-0.092467,prob_change_chase side=NO change=-0.040 origin=0.680 ask=0.640
2934730,S55_RapidProbability_ChangeChase,YES,1784208603.806369,0.650000,5,1784208604.294008,0.610000,0.042052,-0.242052,prob_change_chase side=YES change=0.040 origin=0.610 ask=0.650
2934777,S55_RapidProbability_ChangeChase,YES,1784208904.470759,0.500000,5,1784208907.788645,0.470000,0.039062,-0.189063,prob_change_chase side=YES change=0.060 origin=0.440 ask=0.500
2934814,S55_RapidProbability_ChangeChase,YES,1784209206.18241,0.550000,5,1784209210.559527,0.630000,0.042114,0.357886,prob_change_chase side=YES change=0.040 origin=0.510 ask=0.550
2934831,S55_RapidProbability_ChangeChase,YES,1784209506.765692,0.630000,5,1784209511.231654,0.630000,0.042789,-0.042789,prob_change_chase side=YES change=0.040 origin=0.590 ask=0.630
2934863,S55_RapidProbability_ChangeChase,NO,1784209806.050986,0.480000,5,1784209810.220666,0.450000,0.037380,-0.187380,prob_change_chase side=NO change=-0.050 origin=0.530 ask=0.480
2934877,S55_RapidProbability_ChangeChase,NO,1784210106.111082,0.540000,5,1784210107.396713,0.540000,0.041649,-0.041649,prob_change_chase side=NO change=-0.050 origin=0.590 ask=0.540
2934890,S55_RapidProbability_ChangeChase,YES,1784210404.525995,0.560000,5,1784210406.550123,0.550000,0.042499,-0.092499,prob_change_chase side=YES change=0.050 origin=0.510 ask=0.560
2934906,S55_RapidProbability_ChangeChase,YES,1784210709.264679,0.640000,5,1784210711.73722,0.580000,0.042467,-0.342467,prob_change_chase side=YES change=0.050 origin=0.590 ask=0.640
2934922,S55_RapidProbability_ChangeChase,YES,1784211012.659895,0.550000,5,1784211019.17217,0.490000,0.042114,-0.342114,prob_change_chase side=YES change=0.050 origin=0.500 ask=0.550
2934932,S55_RapidProbability_ChangeChase,NO,1784211324.290711,0.630000,5,1784211332.389395,0.600000,0.042789,-0.192789,prob_change_chase side=NO change=-0.040 origin=0.670 ask=0.630
2934949,S55_RapidProbability_ChangeChase,NO,1784211837.090286,0.750000,5,1784211838.412582,0.780000,0.032959,0.117041,prob_change_chase side=NO change=-0.050 origin=0.800 ask=0.750
2934961,S55_RapidProbability_ChangeChase,NO,1784211909.343991,0.640000,5,1784211910.424401,0.640000,0.042467,-0.042467,prob_change_chase side=NO change=-0.050 origin=0.690 ask=0.640
2934977,S55_RapidProbability_ChangeChase,YES,1784212206.394393,0.560000,5,1784212215.020479,0.590000,0.042499,0.107501,prob_change_chase side=YES change=0.040 origin=0.520 ask=0.560
2935023,S55_RapidProbability_ChangeChase,YES,1784212510.956215,0.540000,5,1784212518.267964,0.510000,0.041649,-0.191649,prob_change_chase side=YES change=0.040 origin=0.500 ask=0.540
2935037,S55_RapidProbability_ChangeChase,YES,1784212809.325321,0.540000,5,1784212812.111453,0.530000,0.041649,-0.091649,prob_change_chase side=YES change=0.050 origin=0.490 ask=0.540
2935060,S55_RapidProbability_ChangeChase,NO,1784213110.897266,0.540000,5,1784213116.830691,0.490000,0.041649,-0.291649,prob_change_chase side=NO change=-0.050 origin=0.590 ask=0.540
2935061,S55_RapidProbability_ChangeChase,NO,1784213403.513183,0.480000,5,1784213405.69519,0.490000,0.037380,0.012620,prob_change_chase side=NO change=-0.050 origin=0.530 ask=0.480
2935086,S55_RapidProbability_ChangeChase,NO,1784213713.470783,0.630000,5,1784213716.818007,0.650000,0.042789,0.057211,prob_change_chase side=NO change=-0.040 origin=0.670 ask=0.630
2935087,S55_RapidProbability_ChangeChase,NO,1784214003.21357,0.460000,5,1784214011.701125,0.450000,0.035479,-0.085479,prob_change_chase side=NO change=-0.050 origin=0.510 ask=0.460
2935106,S55_RapidProbability_ChangeChase,NO,1784214350.891295,0.710000,5,1784214359.124176,0.680000,0.037625,-0.187625,prob_change_chase side=NO change=-0.040 origin=0.750 ask=0.710
2935124,S55_RapidProbability_ChangeChase,NO,1784214614.323997,0.500000,5,1784214622.631274,0.340000,0.039062,-0.839062,prob_change_chase side=NO change=-0.050 origin=0.550 ask=0.500
2935166,S55_RapidProbability_ChangeChase,NO,1784214921.390422,0.540000,5,1784214929.721508,0.480000,0.041649,-0.341649,prob_change_chase side=NO change=-0.050 origin=0.590 ask=0.540
2935175,S55_RapidProbability_ChangeChase,NO,1784215231.091481,0.540000,5,1784215233.265581,0.460000,0.041649,-0.441649,prob_change_chase side=NO change=-0.050 origin=0.590 ask=0.540
2935211,S55_RapidProbability_ChangeChase,NO,1784215832.712954,0.670000,5,1784215833.850193,0.670000,0.040941,-0.040941,prob_change_chase side=NO change=-0.050 origin=0.720 ask=0.670
2935252,S55_RapidProbability_ChangeChase,NO,1784216173.768705,0.610000,5,1784216177.00408,0.600000,0.043155,-0.093155,prob_change_chase side=NO change=-0.050 origin=0.660 ask=0.610
2935260,S55_RapidProbability_ChangeChase,NO,1784216434.49113,0.640000,5,1784216442.689338,0.540000,0.042467,-0.542467,prob_change_chase side=NO change=-0.050 origin=0.690 ask=0.640
2935273,S55_RapidProbability_ChangeChase,NO,1784216748.219012,0.730000,5,1784216755.565752,0.650000,0.035449,-0.435449,prob_change_chase side=NO change=-0.050 origin=0.780 ask=0.730
2935293,S55_RapidProbability_ChangeChase,YES,1784217015.822646,0.570000,5,1784217020.940731,0.550000,0.042803,-0.142803,prob_change_chase side=YES change=0.050 origin=0.520 ask=0.570
2935486,S55_RapidProbability_ChangeChase,NO,1784217326.104474,0.660000,5,1784217330.578023,0.660000,0.041543,-0.041543,prob_change_chase side=NO change=-0.060 origin=0.720 ask=0.660
2935536,S55_RapidProbability_ChangeChase,YES,1784217606.125367,0.550000,5,1784217608.184726,0.480000,0.042114,-0.392114,prob_change_chase side=YES change=0.040 origin=0.510 ask=0.550
2935547,S55_RapidProbability_ChangeChase,NO,1784217943.220367,0.690000,5,1784217943.888895,0.700000,0.039462,0.010538,prob_change_chase side=NO change=-0.040 origin=0.730 ask=0.690
2935556,S55_RapidProbability_ChangeChase,NO,1784218226.646338,0.670000,5,1784218229.799265,0.710000,0.040941,0.159059,prob_change_chase side=NO change=-0.050 origin=0.720 ask=0.670
2935578,S55_RapidProbability_ChangeChase,NO,1784218528.278826,0.670000,5,1784218532.544435,0.710000,0.040941,0.159059,prob_change_chase side=NO change=-0.050 origin=0.720 ask=0.670
2935583,S55_RapidProbability_ChangeChase,NO,1784218818.188606,0.750000,5,1784218819.487086,0.770000,0.032959,0.067041,prob_change_chase side=NO change=-0.040 origin=0.790 ask=0.750
2935593,S55_RapidProbability_ChangeChase,YES,1784219131.79365,0.640000,5,1784219132.604202,0.600000,0.042467,-0.242467,prob_change_chase side=YES change=0.040 origin=0.600 ask=0.640
2935604,S55_RapidProbability_ChangeChase,YES,1784219408.850972,0.650000,5,1784219409.467389,0.620000,0.042052,-0.192052,prob_change_chase side=YES change=0.050 origin=0.600 ask=0.650
2935659,S55_RapidProbability_ChangeChase,NO,1784219811.907545,0.750000,5,1784219812.738847,0.760000,0.032959,0.017041,prob_change_chase side=NO change=-0.050 origin=0.800 ask=0.750
2935671,S55_RapidProbability_ChangeChase,YES,1784220012.869457,0.600000,5,1784220019.759714,0.560000,0.043200,-0.243200,prob_change_chase side=YES change=0.050 origin=0.550 ask=0.600
2935691,S55_RapidProbability_ChangeChase,NO,1784220350.129089,0.620000,5,1784220355.405728,0.610000,0.043018,-0.093018,prob_change_chase side=NO change=-0.050 origin=0.670 ask=0.620
2935693,S55_RapidProbability_ChangeChase,YES,1784220627.112323,0.670000,5,1784220630.636097,0.740000,0.040941,0.309059,prob_change_chase side=YES change=0.050 origin=0.620 ask=0.670
2936247,S55_RapidProbability_ChangeChase,YES,1784220926.218404,0.670000,5,1784220926.630554,0.620000,0.040941,-0.290941,prob_change_chase side=YES change=0.050 origin=0.620 ask=0.670
2936266,S55_RapidProbability_ChangeChase,NO,1784221219.640282,0.570000,5,1784221224.947473,0.490000,0.042803,-0.442803,prob_change_chase side=NO change=-0.040 origin=0.610 ask=0.570
2936273,S55_RapidProbability_ChangeChase,NO,1784221512.663305,0.500000,5,1784221513.740076,0.500000,0.039062,-0.039062,prob_change_chase side=NO change=-0.040 origin=0.540 ask=0.500
2936343,S55_RapidProbability_ChangeChase,YES,1784221817.918625,0.600000,5,1784221825.913939,0.580000,0.043200,-0.143200,prob_change_chase side=YES change=0.050 origin=0.550 ask=0.600
2936346,S55_RapidProbability_ChangeChase,YES,1784222111.394971,0.750000,5,1784222119.351416,0.750000,0.032959,-0.032959,prob_change_chase side=YES change=0.050 origin=0.700 ask=0.750
2936368,S55_RapidProbability_ChangeChase,YES,1784222404.006108,0.610000,5,1784222412.610379,0.620000,0.043155,0.006845,prob_change_chase side=YES change=0.050 origin=0.560 ask=0.610
2936522,S55_RapidProbability_ChangeChase,NO,1784222729.651806,0.720000,5,1784222730.741295,0.740000,0.036578,0.063422,prob_change_chase side=NO change=-0.050 origin=0.770 ask=0.720
2936536,S55_RapidProbability_ChangeChase,YES,1784223006.116059,0.540000,5,1784223009.730007,0.610000,0.041649,0.308351,prob_change_chase side=YES change=0.040 origin=0.500 ask=0.540
2936584,S55_RapidProbability_ChangeChase,YES,1784223378.225081,0.510000,5,1784223378.940186,0.600000,0.039812,0.410188,prob_change_chase side=YES change=0.060 origin=0.450 ask=0.510
2936593,S55_RapidProbability_ChangeChase,NO,1784223638.306468,0.720000,5,1784223638.835018,0.710000,0.036578,-0.086578,prob_change_chase side=NO change=-0.050 origin=0.770 ask=0.720
2936613,S55_RapidProbability_ChangeChase,NO,1784223961.337941,0.520000,5,1784223964.198004,0.530000,0.040495,0.009505,prob_change_chase side=NO change=-0.050 origin=0.570 ask=0.520
2936631,S55_RapidProbability_ChangeChase,NO,1784224230.658141,0.680000,5,1784224238.69328,0.540000,0.040247,-0.740247,prob_change_chase side=NO change=-0.050 origin=0.730 ask=0.680
2936666,S55_RapidProbability_ChangeChase,YES,1784224822.491794,0.620000,5,1784224823.018609,0.630000,0.043018,0.006982,prob_change_chase side=YES change=0.050 origin=0.570 ask=0.620
2936676,S55_RapidProbability_ChangeChase,NO,1784225175.856726,0.590000,5,1784225183.987245,0.590000,0.043155,-0.043155,prob_change_chase side=NO change=-0.050 origin=0.640 ask=0.590
2936747,S55_RapidProbability_ChangeChase,NO,1784225427.555966,0.520000,5,1784225435.485584,0.430000,0.040495,-0.490495,prob_change_chase side=NO change=-0.040 origin=0.560 ask=0.520
2936791,S55_RapidProbability_ChangeChase,NO,1784225708.685193,0.580000,5,1784225711.659163,0.610000,0.043022,0.106978,prob_change_chase side=NO change=-0.040 origin=0.620 ask=0.580
2936854,S55_RapidProbability_ChangeChase,NO,1784226006.23711,0.530000,5,1784226006.750227,0.540000,0.041109,0.008891,prob_change_chase side=NO change=-0.060 origin=0.590 ask=0.530
2936934,S55_RapidProbability_ChangeChase,NO,1784226373.897734,0.700000,5,1784226382.067386,0.600000,0.038588,-0.538587,prob_change_chase side=NO change=-0.040 origin=0.740 ask=0.700
2937046,S55_RapidProbability_ChangeChase,NO,1784226647.283935,0.670000,5,1784226655.078179,0.650000,0.040941,-0.140941,prob_change_chase side=NO change=-0.050 origin=0.720 ask=0.670
2937142,S55_RapidProbability_ChangeChase,NO,1784226912.90058,0.630000,5,1784226916.655482,0.610000,0.042789,-0.142789,prob_change_chase side=NO change=-0.040 origin=0.670 ask=0.630
2937159,S55_RapidProbability_ChangeChase,NO,1784227218.636281,0.630000,5,1784227226.700846,0.610000,0.042789,-0.142789,prob_change_chase side=NO change=-0.050 origin=0.680 ask=0.630
2937169,S55_RapidProbability_ChangeChase,NO,1784227508.148756,0.530000,5,1784227516.315127,0.500000,0.041109,-0.191109,prob_change_chase side=NO change=-0.050 origin=0.580 ask=0.530
2937182,S55_RapidProbability_ChangeChase,YES,1784227847.395585,0.660000,5,1784227849.06692,0.730000,0.041543,0.308457,prob_change_chase side=YES change=0.040 origin=0.620 ask=0.660
2937288,S55_RapidProbability_ChangeChase,NO,1784228117.329967,0.630000,5,1784228122.865004,0.580000,0.042789,-0.292789,prob_change_chase side=NO change=-0.040 origin=0.670 ask=0.630
2937377,S55_RapidProbability_ChangeChase,NO,1784228404.845937,0.600000,5,1784228413.839062,0.540000,0.043200,-0.343200,prob_change_chase side=NO change=-0.050 origin=0.650 ask=0.600
2937380,S55_RapidProbability_ChangeChase,YES,1784228727.50352,0.650000,5,1784228735.379896,0.610000,0.042052,-0.242052,prob_change_chase side=YES change=0.040 origin=0.610 ask=0.650
2937400,S55_RapidProbability_ChangeChase,NO,1784229021.958814,0.600000,5,1784229030.296314,0.570000,0.043200,-0.193200,prob_change_chase side=NO change=-0.040 origin=0.640 ask=0.600
2937410,S55_RapidProbability_ChangeChase,NO,1784229356.383281,0.640000,5,1784229364.956962,0.520000,0.042467,-0.642467,prob_change_chase side=NO change=-0.060 origin=0.700 ask=0.640
2937426,S55_RapidProbability_ChangeChase,YES,1784229706.708071,0.730000,5,1784229710.023335,0.750000,0.035449,0.064551,prob_change_chase side=YES change=0.040 origin=0.690 ask=0.730
2937435,S55_RapidProbability_ChangeChase,YES,1784229921.532012,0.640000,5,1784229927.632854,0.530000,0.042467,-0.592467,prob_change_chase side=YES change=0.050 origin=0.590 ask=0.640
2937452,S55_RapidProbability_ChangeChase,NO,1784230206.550789,0.620000,5,1784230215.044632,0.530000,0.043018,-0.493018,prob_change_chase side=NO change=-0.050 origin=0.670 ask=0.620
2937491,S55_RapidProbability_ChangeChase,NO,1784230524.625539,0.620000,5,1784230531.298501,0.510000,0.043018,-0.593018,prob_change_chase side=NO change=-0.040 origin=0.660 ask=0.620
2937499,S55_RapidProbability_ChangeChase,NO,1784230846.332511,0.750000,5,1784230854.311289,0.730000,0.032959,-0.132959,prob_change_chase side=NO change=-0.050 origin=0.800 ask=0.750
2937568,S55_RapidProbability_ChangeChase,YES,1784231402.030515,0.700000,5,1784231402.328543,0.660000,0.038588,-0.238587,prob_change_chase side=YES change=0.060 origin=0.640 ask=0.700
2937638,S55_RapidProbability_ChangeChase,YES,1784231707.56115,0.620000,5,1784231713.501854,0.580000,0.043018,-0.243018,prob_change_chase side=YES change=0.040 origin=0.580 ask=0.620
2937677,S55_RapidProbability_ChangeChase,NO,1784232070.035892,0.590000,5,1784232077.170698,0.530000,0.043155,-0.343155,prob_change_chase side=NO change=-0.040 origin=0.630 ask=0.590
2937700,S55_RapidProbability_ChangeChase,YES,1784232356.944246,0.740000,5,1784232365.248375,0.700000,0.034241,-0.234241,prob_change_chase side=YES change=0.060 origin=0.680 ask=0.740
2937708,S55_RapidProbability_ChangeChase,NO,1784232606.462742,0.590000,5,1784232610.893151,0.610000,0.043155,0.056845,prob_change_chase side=NO change=-0.040 origin=0.630 ask=0.590
2937720,S55_RapidProbability_ChangeChase,NO,1784232973.496244,0.750000,5,1784232981.488588,0.700000,0.032959,-0.282959,prob_change_chase side=NO change=-0.040 origin=0.790 ask=0.750
2937729,S55_RapidProbability_ChangeChase,NO,1784233295.181696,0.560000,5,1784233302.84864,0.540000,0.042499,-0.142499,prob_change_chase side=NO change=-0.060 origin=0.620 ask=0.560
2937736,S55_RapidProbability_ChangeChase,NO,1784233524.288311,0.720000,5,1784233532.028703,0.690000,0.036578,-0.186578,prob_change_chase side=NO change=-0.040 origin=0.760 ask=0.720
2937751,S55_RapidProbability_ChangeChase,NO,1784233857.442666,0.720000,5,1784233858.891159,0.660000,0.036578,-0.336578,prob_change_chase side=NO change=-0.050 origin=0.770 ask=0.720
2937794,S55_RapidProbability_ChangeChase,NO,1784234158.636853,0.730000,5,1784234163.863033,0.670000,0.035449,-0.335449,prob_change_chase side=NO change=-0.050 origin=0.780 ask=0.730
2937826,S55_RapidProbability_ChangeChase,NO,1784234484.926948,0.610000,5,1784234488.10784,0.610000,0.043155,-0.043155,prob_change_chase side=NO change=-0.040 origin=0.650 ask=0.610
2937834,S55_RapidProbability_ChangeChase,NO,1784234807.08153,0.620000,5,1784234809.88339,0.640000,0.043018,0.056982,prob_change_chase side=NO change=-0.040 origin=0.660 ask=0.620
2937846,S55_RapidProbability_ChangeChase,NO,1784235105.548256,0.730000,5,1784235113.422699,0.750000,0.035449,0.064551,prob_change_chase side=NO change=-0.050 origin=0.780 ask=0.730
2937859,S55_RapidProbability_ChangeChase,YES,1784235534.344705,0.750000,5,1784235535.048942,0.680000,0.032959,-0.382959,prob_change_chase side=YES change=0.050 origin=0.700 ask=0.750
2937879,S55_RapidProbability_ChangeChase,NO,1784235781.049188,0.530000,5,1784235784.310394,0.510000,0.041109,-0.141109,prob_change_chase side=NO change=-0.050 origin=0.580 ask=0.530
2937905,S55_RapidProbability_ChangeChase,NO,1784236269.585062,0.610000,5,1784236276.907136,0.590000,0.043155,-0.143155,prob_change_chase side=NO change=-0.050 origin=0.660 ask=0.610
2937925,S55_RapidProbability_ChangeChase,NO,1784236856.434389,0.600000,5,1784236856.786431,0.620000,0.043200,0.056800,prob_change_chase side=NO change=-0.040 origin=0.640 ask=0.600
2937934,S55_RapidProbability_ChangeChase,NO,1784237177.940227,0.550000,5,1784237178.222559,0.570000,0.042114,0.057886,prob_change_chase side=NO change=-0.050 origin=0.600 ask=0.550
2937940,S55_RapidProbability_ChangeChase,NO,1784237422.623407,0.410000,5,1784237431.075573,0.350000,0.029989,-0.329989,prob_change_chase side=NO change=-0.040 origin=0.450 ask=0.410
2937993,S55_RapidProbability_ChangeChase,YES,1784237725.406017,0.530000,5,1784237732.284032,0.500000,0.041109,-0.191109,prob_change_chase side=YES change=0.040 origin=0.490 ask=0.530
2937997,S55_RapidProbability_ChangeChase,NO,1784238203.241022,0.320000,5,1784238205.403332,0.270000,0.018940,-0.268940,prob_change_chase side=NO change=-0.050 origin=0.370 ask=0.320
2938024,S55_RapidProbability_ChangeChase,NO,1784238404.344801,0.720000,5,1784238411.340221,0.680000,0.036578,-0.236578,prob_change_chase side=NO change=-0.040 origin=0.760 ask=0.720
2938034,S55_RapidProbability_ChangeChase,YES,1784238829.349675,0.750000,5,1784238831.090014,0.730000,0.032959,-0.132959,prob_change_chase side=YES change=0.050 origin=0.700 ask=0.750
2938292,S55_RapidProbability_ChangeChase,NO,1784238919.9578,0.750000,5,1784238925.589493,0.780000,0.032959,0.117041,prob_change_chase side=NO change=-0.040 origin=0.790 ask=0.750
2938435,S55_RapidProbability_ChangeChase,NO,1784239537.881756,0.750000,5,1784239541.800074,0.770000,0.032959,0.067041,prob_change_chase side=NO change=-0.040 origin=0.790 ask=0.750
2938439,S55_RapidProbability_ChangeChase,NO,1784239822.794769,0.490000,5,1784239829.794045,0.460000,0.038251,-0.188251,prob_change_chase side=NO change=-0.050 origin=0.540 ask=0.490
2938449,S55_RapidProbability_ChangeChase,NO,1784240158.899856,0.710000,5,1784240162.89167,0.740000,0.037625,0.112375,prob_change_chase side=NO change=-0.040 origin=0.750 ask=0.710
2938468,S55_RapidProbability_ChangeChase,NO,1784240430.761966,0.710000,5,1784240436.278392,0.700000,0.037625,-0.087625,prob_change_chase side=NO change=-0.040 origin=0.750 ask=0.710
2938471,S55_RapidProbability_ChangeChase,NO,1784240727.275696,0.730000,5,1784240734.384256,0.700000,0.035449,-0.185449,prob_change_chase side=NO change=-0.050 origin=0.780 ask=0.730
2938488,S55_RapidProbability_ChangeChase,YES,1784241009.585892,0.630000,5,1784241012.120642,0.590000,0.042789,-0.242789,prob_change_chase side=YES change=0.040 origin=0.590 ask=0.630
2938530,S55_RapidProbability_ChangeChase,YES,1784241492.445399,0.750000,5,1784241492.671272,0.840000,0.032959,0.417041,prob_change_chase side=YES change=0.040 origin=0.710 ask=0.750
2938546,S55_RapidProbability_ChangeChase,NO,1784241615.391754,0.730000,5,1784241622.290635,0.750000,0.035449,0.064551,prob_change_chase side=NO change=-0.040 origin=0.770 ask=0.730
2938557,S55_RapidProbability_ChangeChase,NO,1784241980.292945,0.570000,5,1784241980.952655,0.620000,0.042803,0.207197,prob_change_chase side=NO change=-0.040 origin=0.610 ask=0.570
2938563,S55_RapidProbability_ChangeChase,NO,1784242258.715811,0.520000,5,1784242264.14469,0.500000,0.040495,-0.140495,prob_change_chase side=NO change=-0.040 origin=0.560 ask=0.520
2938872,S55_RapidProbability_ChangeChase,YES,1784242536.883758,0.720000,5,1784242537.434728,0.680000,0.036578,-0.236578,prob_change_chase side=YES change=0.060 origin=0.660 ask=0.720
2940872,S55_RapidProbability_ChangeChase,NO,1784242805.274224,0.640000,5,1784242808.123173,0.470000,0.042467,-0.892467,prob_change_chase side=NO change=-0.050 origin=0.690 ask=0.640
2940887,S55_RapidProbability_ChangeChase,YES,1784243266.229097,0.740000,5,1784243271.107761,0.810000,0.034241,0.315759,prob_change_chase side=YES change=0.050 origin=0.690 ask=0.740
2940896,S55_RapidProbability_ChangeChase,NO,1784243485.981064,0.410000,5,1784243492.821288,0.420000,0.029989,0.020011,prob_change_chase side=NO change=-0.040 origin=0.450 ask=0.410
2940904,S55_RapidProbability_ChangeChase,NO,1784243743.060015,0.690000,5,1784243748.254591,0.640000,0.039462,-0.289462,prob_change_chase side=NO change=-0.040 origin=0.730 ask=0.690
2940920,S55_RapidProbability_ChangeChase,NO,1784244011.789535,0.630000,5,1784244012.131774,0.650000,0.042789,0.057211,prob_change_chase side=NO change=-0.040 origin=0.670 ask=0.630
2940928,S55_RapidProbability_ChangeChase,YES,1784244338.487031,0.750000,5,1784244341.804064,0.820000,0.032959,0.317041,prob_change_chase side=YES change=0.040 origin=0.710 ask=0.750
2940939,S55_RapidProbability_ChangeChase,NO,1784244610.821575,0.630000,5,1784244617.913894,0.510000,0.042789,-0.642789,prob_change_chase side=NO change=-0.060 origin=0.690 ask=0.630
2940986,S55_RapidProbability_ChangeChase,YES,1784244937.945206,0.710000,5,1784244944.405847,0.650000,0.037625,-0.337625,prob_change_chase side=YES change=0.060 origin=0.650 ask=0.710
2940993,S55_RapidProbability_ChangeChase,NO,1784245208.22504,0.520000,5,1784245209.360404,0.540000,0.040495,0.059505,prob_change_chase side=NO change=-0.040 origin=0.560 ask=0.520
2941006,S55_RapidProbability_ChangeChase,NO,1784245557.219854,0.680000,5,1784245558.121699,0.690000,0.040247,0.009753,prob_change_chase side=NO change=-0.060 origin=0.740 ask=0.680
2941021,S55_RapidProbability_ChangeChase,YES,1784245815.079183,0.610000,5,1784245817.448989,0.650000,0.043155,0.156845,prob_change_chase side=YES change=0.040 origin=0.570 ask=0.610
2941036,S55_RapidProbability_ChangeChase,NO,1784246150.515981,0.740000,5,1784246151.873258,0.750000,0.034241,0.015759,prob_change_chase side=NO change=-0.050 origin=0.790 ask=0.740
2941053,S55_RapidProbability_ChangeChase,NO,1784246416.852532,0.600000,5,1784246418.182614,0.640000,0.043200,0.156800,prob_change_chase side=NO change=-0.050 origin=0.650 ask=0.600
2941084,S55_RapidProbability_ChangeChase,NO,1784246706.597371,0.520000,5,1784246709.445379,0.550000,0.040495,0.109505,prob_change_chase side=NO change=-0.040 origin=0.560 ask=0.520
2941095,S55_RapidProbability_ChangeChase,YES,1784247012.548202,0.630000,5,1784247018.895772,0.610000,0.042789,-0.142789,prob_change_chase side=YES change=0.040 origin=0.590 ask=0.630
2941115,S55_RapidProbability_ChangeChase,NO,1784247317.675376,0.520000,5,1784247321.433323,0.420000,0.040495,-0.540495,prob_change_chase side=NO change=-0.040 origin=0.560 ask=0.520
2941128,S55_RapidProbability_ChangeChase,NO,1784247612.330705,0.520000,5,1784247616.206004,0.520000,0.040495,-0.040495,prob_change_chase side=NO change=-0.040 origin=0.560 ask=0.520
2941133,S55_RapidProbability_ChangeChase,NO,1784247913.405677,0.630000,5,1784247914.699487,0.630000,0.042789,-0.042789,prob_change_chase side=NO change=-0.040 origin=0.670 ask=0.630
2941139,S55_RapidProbability_ChangeChase,NO,1784248258.886172,0.730000,5,1784248263.776575,0.770000,0.035449,0.164551,prob_change_chase side=NO change=-0.040 origin=0.770 ask=0.730
2941171,S55_RapidProbability_ChangeChase,NO,1784248538.011812,0.580000,5,1784248540.800168,0.620000,0.043022,0.156978,prob_change_chase side=NO change=-0.050 origin=0.630 ask=0.580
2941199,S55_RapidProbability_ChangeChase,YES,1784248811.087839,0.700000,5,1784248817.798378,0.700000,0.038588,-0.038588,prob_change_chase side=YES change=0.060 origin=0.640 ask=0.700
2941224,S55_RapidProbability_ChangeChase,YES,1784249105.8976,0.580000,5,1784249109.005248,0.550000,0.043022,-0.193022,prob_change_chase side=YES change=0.060 origin=0.520 ask=0.580
2941252,S55_RapidProbability_ChangeChase,NO,1784249441.824889,0.660000,5,1784249448.537866,0.550000,0.041543,-0.591543,prob_change_chase side=NO change=-0.050 origin=0.710 ask=0.660
2941372,S55_RapidProbability_ChangeChase,YES,1784249705.679434,0.630000,5,1784249711.44007,0.570000,0.042789,-0.342789,prob_change_chase side=YES change=0.050 origin=0.580 ask=0.630
2941612,S55_RapidProbability_ChangeChase,NO,1784250018.318232,0.540000,5,1784250021.805867,0.550000,0.041649,0.008351,prob_change_chase side=NO change=-0.060 origin=0.600 ask=0.540
2941671,S55_RapidProbability_ChangeChase,NO,1784250321.370469,0.560000,5,1784250327.327529,0.570000,0.042499,0.007501,prob_change_chase side=NO change=-0.050 origin=0.610 ask=0.560
2941717,S55_RapidProbability_ChangeChase,YES,1784250606.556213,0.600000,5,1784250608.984307,0.530000,0.043200,-0.393200,prob_change_chase side=YES change=0.060 origin=0.540 ask=0.600
2941733,S55_RapidProbability_ChangeChase,YES,1784250908.249941,0.620000,5,1784250911.381224,0.560000,0.043018,-0.343018,prob_change_chase side=YES change=0.040 origin=0.580 ask=0.620
2941761,S55_RapidProbability_ChangeChase,NO,1784251219.292279,0.720000,5,1784251222.111697,0.750000,0.036578,0.113422,prob_change_chase side=NO change=-0.040 origin=0.760 ask=0.720
2941787,S55_RapidProbability_ChangeChase,NO,1784251625.054709,0.620000,5,1784251631.718915,0.560000,0.043018,-0.343018,prob_change_chase side=NO change=-0.040 origin=0.660 ask=0.620
2941801,S55_RapidProbability_ChangeChase,YES,1784251801.577084,0.570000,5,1784251802.14495,0.500000,0.042803,-0.392803,prob_change_chase side=YES change=0.060 origin=0.510 ask=0.570
2941837,S55_RapidProbability_ChangeChase,NO,1784252150.002903,0.520000,5,1784252151.44272,0.530000,0.040495,0.009505,prob_change_chase side=NO change=-0.050 origin=0.570 ask=0.520
2941844,S55_RapidProbability_ChangeChase,NO,1784252430.17868,0.510000,5,1784252436.881808,0.490000,0.039812,-0.139812,prob_change_chase side=NO change=-0.040 origin=0.550 ask=0.510
2941857,S55_RapidProbability_ChangeChase,NO,1784252704.921246,0.560000,5,1784252706.308494,0.560000,0.042499,-0.042499,prob_change_chase side=NO change=-0.050 origin=0.610 ask=0.560
2941872,S55_RapidProbability_ChangeChase,NO,1784253012.878023,0.550000,5,1784253015.441302,0.580000,0.042114,0.107886,prob_change_chase side=NO change=-0.050 origin=0.600 ask=0.550
2941882,S55_RapidProbability_ChangeChase,NO,1784253312.177006,0.500000,5,1784253316.344159,0.500000,0.039062,-0.039062,prob_change_chase side=NO change=-0.040 origin=0.540 ask=0.500
2941892,S55_RapidProbability_ChangeChase,NO,1784253610.141466,0.590000,5,1784253617.026064,0.480000,0.043155,-0.593155,prob_change_chase side=NO change=-0.050 origin=0.640 ask=0.590
2941907,S55_RapidProbability_ChangeChase,YES,1784253961.850754,0.650000,5,1784253967.081791,0.590000,0.042052,-0.342052,prob_change_chase side=YES change=0.040 origin=0.610 ask=0.650
2941910,S55_RapidProbability_ChangeChase,NO,1784254216.1302,0.530000,5,1784254216.366401,0.520000,0.041109,-0.091109,prob_change_chase side=NO change=-0.050 origin=0.580 ask=0.530
2941923,S55_RapidProbability_ChangeChase,NO,1784254596.572803,0.680000,5,1784254603.396218,0.330000,0.040247,-1.790247,prob_change_chase side=NO change=-0.050 origin=0.730 ask=0.680
2941934,S55_RapidProbability_ChangeChase,NO,1784254825.607693,0.630000,5,1784254830.901673,0.620000,0.042789,-0.092789,prob_change_chase side=NO change=-0.050 origin=0.680 ask=0.630
2941937,S55_RapidProbability_ChangeChase,YES,1784255155.621297,0.730000,5,1784255162.31551,0.700000,0.035449,-0.185449,prob_change_chase side=YES change=0.040 origin=0.690 ask=0.730
2941944,S55_RapidProbability_ChangeChase,NO,1784255411.19143,0.610000,5,1784255417.856492,0.580000,0.043155,-0.193155,prob_change_chase side=NO change=-0.050 origin=0.660 ask=0.610
2941957,S55_RapidProbability_ChangeChase,NO,1784255725.544821,0.600000,5,1784255732.167549,0.560000,0.043200,-0.243200,prob_change_chase side=NO change=-0.040 origin=0.640 ask=0.600
2941965,S55_RapidProbability_ChangeChase,NO,1784256016.757342,0.580000,5,1784256018.470717,0.520000,0.043022,-0.343022,prob_change_chase side=NO change=-0.040 origin=0.620 ask=0.580
2942033,S55_RapidProbability_ChangeChase,YES,1784256307.662899,0.590000,5,1784256314.159165,0.570000,0.043155,-0.143155,prob_change_chase side=YES change=0.050 origin=0.540 ask=0.590
2942045,S55_RapidProbability_ChangeChase,YES,1784256611.392912,0.650000,5,1784256616.925356,0.650000,0.042052,-0.042052,prob_change_chase side=YES change=0.050 origin=0.600 ask=0.650
2942060,S55_RapidProbability_ChangeChase,YES,1784256948.71859,0.650000,5,1784256955.32072,0.700000,0.042052,0.207948,prob_change_chase side=YES change=0.040 origin=0.610 ask=0.650
2942148,S55_RapidProbability_ChangeChase,YES,1784257203.434481,0.670000,5,1784257204.717718,0.570000,0.040941,-0.540941,prob_change_chase side=YES change=0.050 origin=0.620 ask=0.670
2942155,S55_RapidProbability_ChangeChase,NO,1784257501.80102,0.480000,5,1784257508.538294,0.370000,0.037380,-0.587380,prob_change_chase side=NO change=-0.040 origin=0.520 ask=0.480
2942165,S55_RapidProbability_ChangeChase,NO,1784257874.549305,0.670000,5,1784257876.536025,0.670000,0.040941,-0.040941,prob_change_chase side=NO change=-0.060 origin=0.730 ask=0.670
2942180,S55_RapidProbability_ChangeChase,YES,1784258177.563897,0.640000,5,1784258180.517398,0.620000,0.042467,-0.142467,prob_change_chase side=YES change=0.040 origin=0.600 ask=0.640
2942186,S55_RapidProbability_ChangeChase,NO,1784258503.787803,0.750000,5,1784258504.104454,0.770000,0.032959,0.067041,prob_change_chase side=NO change=-0.040 origin=0.790 ask=0.750
2942197,S55_RapidProbability_ChangeChase,YES,1784258716.452587,0.610000,5,1784258721.08995,0.680000,0.043155,0.306845,prob_change_chase side=YES change=0.040 origin=0.570 ask=0.610
2942217,S55_RapidProbability_ChangeChase,NO,1784259030.342521,0.670000,5,1784259036.819232,0.570000,0.040941,-0.540941,prob_change_chase side=NO change=-0.060 origin=0.730 ask=0.670
2942263,S55_RapidProbability_ChangeChase,NO,1784259320.439443,0.640000,5,1784259322.688293,0.630000,0.042467,-0.092467,prob_change_chase side=NO change=-0.040 origin=0.680 ask=0.640
2942282,S55_RapidProbability_ChangeChase,NO,1784259634.687576,0.750000,5,1784259636.334415,0.780000,0.032959,0.117041,prob_change_chase side=NO change=-0.050 origin=0.800 ask=0.750
2942302,S55_RapidProbability_ChangeChase,NO,1784259933.348523,0.640000,5,1784259934.775815,0.660000,0.042467,0.057533,prob_change_chase side=NO change=-0.040 origin=0.680 ask=0.640
2942303,S55_RapidProbability_ChangeChase,NO,1784260273.790801,0.670000,5,1784260279.964197,0.710000,0.040941,0.159059,prob_change_chase side=NO change=-0.060 origin=0.730 ask=0.670
2942458,S55_RapidProbability_ChangeChase,YES,1784260538.323237,0.670000,5,1784260539.826599,0.620000,0.040941,-0.290941,prob_change_chase side=YES change=0.040 origin=0.630 ask=0.670
2942683,S55_RapidProbability_ChangeChase,NO,1784260863.593307,0.720000,5,1784260870.21826,0.530000,0.036578,-0.986578,prob_change_chase side=NO change=-0.040 origin=0.760 ask=0.720
2942694,S55_RapidProbability_ChangeChase,NO,1784261181.649803,0.650000,5,1784261188.409344,0.590000,0.042052,-0.342052,prob_change_chase side=NO change=-0.050 origin=0.700 ask=0.650
2942708,S55_RapidProbability_ChangeChase,YES,1784261428.904265,0.750000,5,1784261430.455231,0.700000,0.032959,-0.282959,prob_change_chase side=YES change=0.050 origin=0.700 ask=0.750
2942712,S55_RapidProbability_ChangeChase,YES,1784261717.513925,0.640000,5,1784261724.198245,0.610000,0.042467,-0.192467,prob_change_chase side=YES change=0.040 origin=0.600 ask=0.640
2942729,S55_RapidProbability_ChangeChase,NO,1784262005.316636,0.570000,5,1784262011.120528,0.500000,0.042803,-0.392803,prob_change_chase side=NO change=-0.050 origin=0.620 ask=0.570
2942801,S55_RapidProbability_ChangeChase,YES,1784262353.523507,0.650000,5,1784262360.244471,0.630000,0.042052,-0.142052,prob_change_chase side=YES change=0.040 origin=0.610 ask=0.650
2942816,S55_RapidProbability_ChangeChase,NO,1784262674.164116,0.580000,5,1784262681.10245,0.490000,0.043022,-0.493022,prob_change_chase side=NO change=-0.040 origin=0.620 ask=0.580
2942856,S55_RapidProbability_ChangeChase,YES,1784262936.282005,0.710000,5,1784262941.857567,0.710000,0.037625,-0.037625,prob_change_chase side=YES change=0.050 origin=0.660 ask=0.710
2942867,S55_RapidProbability_ChangeChase,NO,1784263250.246651,0.640000,5,1784263251.110953,0.610000,0.042467,-0.192467,prob_change_chase side=NO change=-0.050 origin=0.690 ask=0.640
2942870,S55_RapidProbability_ChangeChase,YES,1784263522.765903,0.720000,5,1784263524.322687,0.670000,0.036578,-0.286578,prob_change_chase side=YES change=0.050 origin=0.670 ask=0.720
2942911,S55_RapidProbability_ChangeChase,NO,1784263821.018833,0.630000,5,1784263822.043334,0.600000,0.042789,-0.192789,prob_change_chase side=NO change=-0.040 origin=0.670 ask=0.630
2943257,S55_RapidProbability_ChangeChase,NO,1784264114.969546,0.570000,5,1784264117.927139,0.600000,0.042803,0.107197,prob_change_chase side=NO change=-0.050 origin=0.620 ask=0.570
2943449,S55_RapidProbability_ChangeChase,NO,1784264414.89494,0.750000,5,1784264421.841956,0.700000,0.032959,-0.282959,prob_change_chase side=NO change=-0.050 origin=0.800 ask=0.750
2943452,S55_RapidProbability_ChangeChase,NO,1784264741.024097,0.710000,5,1784264747.476255,0.700000,0.037625,-0.087625,prob_change_chase side=NO change=-0.050 origin=0.760 ask=0.710
2943481,S55_RapidProbability_ChangeChase,YES,1784265032.645135,0.710000,5,1784265039.341237,0.700000,0.037625,-0.087625,prob_change_chase side=YES change=0.060 origin=0.650 ask=0.710
2943487,S55_RapidProbability_ChangeChase,NO,1784265392.964832,0.750000,5,1784265393.396131,0.780000,0.032959,0.117041,prob_change_chase side=NO change=-0.050 origin=0.800 ask=0.750
2943503,S55_RapidProbability_ChangeChase,NO,1784265625.734299,0.610000,5,1784265632.641451,0.620000,0.043155,0.006845,prob_change_chase side=NO change=-0.040 origin=0.650 ask=0.610
2943515,S55_RapidProbability_ChangeChase,NO,1784265916.890885,0.750000,5,1784265917.435679,0.760000,0.032959,0.017041,prob_change_chase side=NO change=-0.040 origin=0.790 ask=0.750
2943538,S55_RapidProbability_ChangeChase,YES,1784266207.099175,0.670000,5,1784266210.560576,0.640000,0.040941,-0.190941,prob_change_chase side=YES change=0.040 origin=0.630 ask=0.670
2943542,S55_RapidProbability_ChangeChase,NO,1784266528.125719,0.740000,5,1784266535.083898,0.560000,0.034241,-0.934241,prob_change_chase side=NO change=-0.040 origin=0.780 ask=0.740
2945828,S55_RapidProbability_ChangeChase,NO,1784287214.045115,0.590000,5,1784287219.868834,0.630000,0.043155,0.156845,prob_change_chase side=NO change=-0.040 origin=0.630 ask=0.590
2945839,S55_RapidProbability_ChangeChase,YES,1784287566.690335,0.710000,5,1784287570.825718,0.790000,0.037625,0.362375,prob_change_chase side=YES change=0.060 origin=0.650 ask=0.710
2945848,S55_RapidProbability_ChangeChase,NO,1784287821.561758,0.720000,5,1784287823.465876,0.680000,0.036578,-0.236578,prob_change_chase side=NO change=-0.050 origin=0.770 ask=0.720
2945869,S55_RapidProbability_ChangeChase,YES,1784288142.843793,0.740000,5,1784288150.920907,0.750000,0.034241,0.015759,prob_change_chase side=YES change=0.040 origin=0.700 ask=0.740
2945879,S55_RapidProbability_ChangeChase,NO,1784288510.815758,0.560000,5,1784288519.153923,0.570000,0.042499,0.007501,prob_change_chase side=NO change=-0.050 origin=0.610 ask=0.560
2945881,S55_RapidProbability_ChangeChase,YES,1784288731.550765,0.670000,5,1784288735.695411,0.740000,0.040941,0.309059,prob_change_chase side=YES change=0.040 origin=0.630 ask=0.670
2945898,S55_RapidProbability_ChangeChase,NO,1784289040.15902,0.580000,5,1784289043.364009,0.600000,0.043022,0.056978,prob_change_chase side=NO change=-0.040 origin=0.620 ask=0.580
2945911,S55_RapidProbability_ChangeChase,YES,1784289312.160601,0.610000,5,1784289313.641895,0.540000,0.043155,-0.393155,prob_change_chase side=YES change=0.050 origin=0.560 ask=0.610
2945924,S55_RapidProbability_ChangeChase,YES,1784289641.489865,0.600000,5,1784289646.369428,0.670000,0.043200,0.306800,prob_change_chase side=YES change=0.060 origin=0.540 ask=0.600
2945945,S55_RapidProbability_ChangeChase,NO,1784289915.744389,0.530000,5,1784289916.035836,0.500000,0.041109,-0.191109,prob_change_chase side=NO change=-0.050 origin=0.580 ask=0.530
2945954,S55_RapidProbability_ChangeChase,NO,1784290239.322082,0.580000,5,1784290247.800768,0.560000,0.043022,-0.143022,prob_change_chase side=NO change=-0.040 origin=0.620 ask=0.580
2945963,S55_RapidProbability_ChangeChase,YES,1784290501.91009,0.580000,5,1784290502.517382,0.660000,0.043022,0.356978,prob_change_chase side=YES change=0.050 origin=0.530 ask=0.580
2945982,S55_RapidProbability_ChangeChase,NO,1784290827.363176,0.540000,5,1784290835.964216,0.490000,0.041649,-0.291649,prob_change_chase side=NO change=-0.050 origin=0.590 ask=0.540
2945998,S55_RapidProbability_ChangeChase,NO,1784291107.063963,0.600000,5,1784291115.415399,0.570000,0.043200,-0.193200,prob_change_chase side=NO change=-0.050 origin=0.650 ask=0.600
2946009,S55_RapidProbability_ChangeChase,NO,1784291478.704479,0.700000,5,1784291483.997712,0.610000,0.038588,-0.488588,prob_change_chase side=NO change=-0.040 origin=0.740 ask=0.700
2946068,S55_RapidProbability_ChangeChase,NO,1784291759.294213,0.600000,5,1784291767.465875,0.490000,0.043200,-0.593200,prob_change_chase side=NO change=-0.050 origin=0.650 ask=0.600
2946074,S55_RapidProbability_ChangeChase,NO,1784292014.850453,0.630000,5,1784292017.323449,0.620000,0.042789,-0.092789,prob_change_chase side=NO change=-0.040 origin=0.670 ask=0.630
2946090,S55_RapidProbability_ChangeChase,NO,1784292373.204776,0.720000,5,1784292377.57626,0.620000,0.036578,-0.536578,prob_change_chase side=NO change=-0.040 origin=0.760 ask=0.720
2946099,S55_RapidProbability_ChangeChase,NO,1784292603.388056,0.450000,5,1784292612.063251,0.380000,0.034457,-0.384457,prob_change_chase side=NO change=-0.060 origin=0.510 ask=0.450
2946155,S55_RapidProbability_ChangeChase,YES,1784292926.322681,0.640000,5,1784292927.530522,0.530000,0.042467,-0.592467,prob_change_chase side=YES change=0.040 origin=0.600 ask=0.640
2946172,S55_RapidProbability_ChangeChase,NO,1784293242.65856,0.610000,5,1784293248.040488,0.580000,0.043155,-0.193155,prob_change_chase side=NO change=-0.050 origin=0.660 ask=0.610
2946192,S55_RapidProbability_ChangeChase,YES,1784293807.053567,0.580000,5,1784293808.898167,0.540000,0.043022,-0.243022,prob_change_chase side=YES change=0.060 origin=0.520 ask=0.580
2946204,S55_RapidProbability_ChangeChase,YES,1784294239.169942,0.640000,5,1784294240.405235,0.710000,0.042467,0.307533,prob_change_chase side=YES change=0.050 origin=0.590 ask=0.640
2946219,S55_RapidProbability_ChangeChase,YES,1784294405.173843,0.590000,5,1784294414.049138,0.610000,0.043155,0.056845,prob_change_chase side=YES change=0.050 origin=0.540 ask=0.590
2946223,S55_RapidProbability_ChangeChase,YES,1784294701.828656,0.540000,5,1784294701.974711,0.490000,0.041649,-0.291649,prob_change_chase side=YES change=0.040 origin=0.500 ask=0.540
2946230,S55_RapidProbability_ChangeChase,YES,1784295003.398074,0.690000,5,1784295004.492881,0.670000,0.039462,-0.139462,prob_change_chase side=YES change=0.050 origin=0.640 ask=0.690
2946285,S55_RapidProbability_ChangeChase,NO,1784295369.489112,0.510000,5,1784295370.190912,0.530000,0.039812,0.060188,prob_change_chase side=NO change=-0.050 origin=0.560 ask=0.510
2946378,S55_RapidProbability_ChangeChase,YES,1784295605.724385,0.670000,5,1784295612.714175,0.680000,0.040941,0.009059,prob_change_chase side=YES change=0.040 origin=0.630 ask=0.670
2946425,S55_RapidProbability_ChangeChase,NO,1784295908.322638,0.490000,5,1784295910.755288,0.480000,0.038251,-0.088251,prob_change_chase side=NO change=-0.050 origin=0.540 ask=0.490
2946460,S55_RapidProbability_ChangeChase,YES,1784296208.436569,0.540000,5,1784296211.892028,0.530000,0.041649,-0.091649,prob_change_chase side=YES change=0.040 origin=0.500 ask=0.540
2946483,S55_RapidProbability_ChangeChase,NO,1784296511.303442,0.570000,5,1784296519.643085,0.470000,0.042803,-0.542803,prob_change_chase side=NO change=-0.050 origin=0.620 ask=0.570
2946540,S55_RapidProbability_ChangeChase,YES,1784296806.667008,0.540000,5,1784296808.522061,0.580000,0.041649,0.158351,prob_change_chase side=YES change=0.050 origin=0.490 ask=0.540
2946548,S55_RapidProbability_ChangeChase,YES,1784297101.916727,0.530000,5,1784297111.120785,0.590000,0.041109,0.258891,prob_change_chase side=YES change=0.050 origin=0.480 ask=0.530
2946666,S55_RapidProbability_ChangeChase,YES,1784297419.971388,0.620000,5,1784297428.689372,0.600000,0.043018,-0.143018,prob_change_chase side=YES change=0.040 origin=0.580 ask=0.620
2946686,S55_RapidProbability_ChangeChase,NO,1784297726.133108,0.650000,5,1784297730.027532,0.610000,0.042052,-0.242052,prob_change_chase side=NO change=-0.050 origin=0.700 ask=0.650
2946696,S55_RapidProbability_ChangeChase,YES,1784298003.030619,0.550000,5,1784298003.407479,0.520000,0.042114,-0.192114,prob_change_chase side=YES change=0.040 origin=0.510 ask=0.550
2946722,S55_RapidProbability_ChangeChase,YES,1784298304.070814,0.620000,5,1784298312.506893,0.690000,0.043018,0.306982,prob_change_chase side=YES change=0.040 origin=0.580 ask=0.620
2946736,S55_RapidProbability_ChangeChase,NO,1784298640.229816,0.640000,5,1784298648.51787,0.580000,0.042467,-0.342467,prob_change_chase side=NO change=-0.040 origin=0.680 ask=0.640
2946781,S55_RapidProbability_ChangeChase,YES,1784298936.248836,0.600000,5,1784298940.2016,0.610000,0.043200,0.006800,prob_change_chase side=YES change=0.060 origin=0.540 ask=0.600
2946787,S55_RapidProbability_ChangeChase,NO,1784299206.47167,0.530000,5,1784299208.515049,0.530000,0.041109,-0.041109,prob_change_chase side=NO change=-0.050 origin=0.580 ask=0.530
2946808,S55_RapidProbability_ChangeChase,NO,1784299548.824748,0.580000,5,1784299552.972951,0.590000,0.043022,0.006978,prob_change_chase side=NO change=-0.040 origin=0.620 ask=0.580
2946815,S55_RapidProbability_ChangeChase,YES,1784299819.498266,0.600000,5,1784299819.795816,0.560000,0.043200,-0.243200,prob_change_chase side=YES change=0.060 origin=0.540 ask=0.600
2946899,S55_RapidProbability_ChangeChase,NO,1784300107.631701,0.500000,5,1784300115.927806,0.400000,0.039062,-0.539062,prob_change_chase side=NO change=-0.040 origin=0.540 ask=0.500
2946909,S55_RapidProbability_ChangeChase,NO,1784300406.160397,0.610000,5,1784300411.267249,0.640000,0.043155,0.106845,prob_change_chase side=NO change=-0.040 origin=0.650 ask=0.610
2946919,S55_RapidProbability_ChangeChase,NO,1784300752.037406,0.620000,5,1784300753.069192,0.630000,0.043018,0.006982,prob_change_chase side=NO change=-0.040 origin=0.660 ask=0.620
2946934,S55_RapidProbability_ChangeChase,YES,1784301006.133713,0.600000,5,1784301013.410679,0.630000,0.043200,0.106800,prob_change_chase side=YES change=0.050 origin=0.550 ask=0.600
2946950,S55_RapidProbability_ChangeChase,NO,1784301306.360037,0.500000,5,1784301309.710392,0.420000,0.039062,-0.439062,prob_change_chase side=NO change=-0.050 origin=0.550 ask=0.500
2946954,S55_RapidProbability_ChangeChase,YES,1784301605.55312,0.580000,5,1784301613.792289,0.610000,0.043022,0.106978,prob_change_chase side=YES change=0.060 origin=0.520 ask=0.580
2946966,S55_RapidProbability_ChangeChase,YES,1784301907.661639,0.600000,5,1784301908.156435,0.560000,0.043200,-0.243200,prob_change_chase side=YES change=0.050 origin=0.550 ask=0.600
2946970,S55_RapidProbability_ChangeChase,YES,1784302233.909897,0.650000,5,1784302236.698969,0.630000,0.042052,-0.142052,prob_change_chase side=YES change=0.040 origin=0.610 ask=0.650
2947037,S55_RapidProbability_ChangeChase,NO,1784302512.188954,0.550000,5,1784302519.04517,0.540000,0.042114,-0.092114,prob_change_chase side=NO change=-0.050 origin=0.600 ask=0.550
2947050,S55_RapidProbability_ChangeChase,NO,1784302845.533646,0.600000,5,1784302847.351561,0.620000,0.043200,0.056800,prob_change_chase side=NO change=-0.040 origin=0.640 ask=0.600
2947062,S55_RapidProbability_ChangeChase,NO,1784303111.091634,0.550000,5,1784303113.590037,0.520000,0.042114,-0.192114,prob_change_chase side=NO change=-0.050 origin=0.600 ask=0.550
2947068,S55_RapidProbability_ChangeChase,YES,1784303405.503706,0.660000,5,1784303413.592293,0.610000,0.041543,-0.291543,prob_change_chase side=YES change=0.050 origin=0.610 ask=0.660
2947286,S55_RapidProbability_ChangeChase,YES,1784303706.360989,0.610000,5,1784303710.516492,0.640000,0.043155,0.106845,prob_change_chase side=YES change=0.040 origin=0.570 ask=0.610
2947322,S55_RapidProbability_ChangeChase,NO,1784304013.099463,0.560000,5,1784304019.660513,0.550000,0.042499,-0.092499,prob_change_chase side=NO change=-0.050 origin=0.610 ask=0.560
2947449,S55_RapidProbability_ChangeChase,NO,1784304309.640787,0.540000,5,1784304317.991872,0.530000,0.041649,-0.091649,prob_change_chase side=NO change=-0.050 origin=0.590 ask=0.540
2947461,S55_RapidProbability_ChangeChase,YES,1784304602.388278,0.650000,5,1784304604.492458,0.730000,0.042052,0.357948,prob_change_chase side=YES change=0.050 origin=0.600 ask=0.650
2947474,S55_RapidProbability_ChangeChase,NO,1784304920.71928,0.660000,5,1784304923.021287,0.630000,0.041543,-0.191543,prob_change_chase side=NO change=-0.060 origin=0.720 ask=0.660
2947492,S55_RapidProbability_ChangeChase,NO,1784305216.796073,0.610000,5,1784305224.511305,0.550000,0.043155,-0.343155,prob_change_chase side=NO change=-0.040 origin=0.650 ask=0.610
2947501,S55_RapidProbability_ChangeChase,YES,1784305520.933509,0.650000,5,1784305530.294853,0.720000,0.042052,0.307948,prob_change_chase side=YES change=0.040 origin=0.610 ask=0.650
2947534,S55_RapidProbability_ChangeChase,NO,1784305875.016267,0.660000,5,1784305876.761716,0.690000,0.041543,0.108457,prob_change_chase side=NO change=-0.050 origin=0.710 ask=0.660
2947752,S55_RapidProbability_ChangeChase,YES,1784306113.135779,0.630000,5,1784306120.644537,0.590000,0.042789,-0.242789,prob_change_chase side=YES change=0.050 origin=0.580 ask=0.630
2947759,S55_RapidProbability_ChangeChase,NO,1784306464.056842,0.740000,5,1784306471.617042,0.680000,0.034241,-0.334241,prob_change_chase side=NO change=-0.040 origin=0.780 ask=0.740
2947774,S55_RapidProbability_ChangeChase,YES,1784306723.549201,0.610000,5,1784306731.356268,0.590000,0.043155,-0.143155,prob_change_chase side=YES change=0.040 origin=0.570 ask=0.610
2947777,S55_RapidProbability_ChangeChase,NO,1784307046.005587,0.500000,5,1784307053.838834,0.450000,0.039062,-0.289062,prob_change_chase side=NO change=-0.040 origin=0.540 ask=0.500
2948438,S55_RapidProbability_ChangeChase,NO,1784307366.709038,0.720000,5,1784307368.567078,0.710000,0.036578,-0.086578,prob_change_chase side=NO change=-0.050 origin=0.770 ask=0.720
2948460,S55_RapidProbability_ChangeChase,YES,1784307608.509382,0.580000,5,1784307610.662081,0.520000,0.043022,-0.343022,prob_change_chase side=YES change=0.050 origin=0.530 ask=0.580
2948481,S55_RapidProbability_ChangeChase,YES,1784307909.31477,0.560000,5,1784307917.375398,0.520000,0.042499,-0.242499,prob_change_chase side=YES change=0.040 origin=0.520 ask=0.560
2948579,S55_RapidProbability_ChangeChase,NO,1784308203.25148,0.530000,5,1784308208.248819,0.520000,0.041109,-0.091109,prob_change_chase side=NO change=-0.050 origin=0.580 ask=0.530
2948585,S55_RapidProbability_ChangeChase,NO,1784308515.712704,0.610000,5,1784308522.64304,0.610000,0.043155,-0.043155,prob_change_chase side=NO change=-0.040 origin=0.650 ask=0.610
2948603,S55_RapidProbability_ChangeChase,NO,1784308804.116536,0.420000,5,1784308812.492157,0.440000,0.031154,0.068846,prob_change_chase side=NO change=-0.060 origin=0.480 ask=0.420
2948701,S55_RapidProbability_ChangeChase,YES,1784309109.334278,0.600000,5,1784309117.580421,0.650000,0.043200,0.206800,prob_change_chase side=YES change=0.050 origin=0.550 ask=0.600
2948708,S55_RapidProbability_ChangeChase,NO,1784309404.600165,0.520000,5,1784309412.291596,0.460000,0.040495,-0.340495,prob_change_chase side=NO change=-0.050 origin=0.570 ask=0.520
2948758,S55_RapidProbability_ChangeChase,NO,1784309732.158062,0.670000,5,1784309733.8616,0.700000,0.040941,0.109059,prob_change_chase side=NO change=-0.050 origin=0.720 ask=0.670
2948769,S55_RapidProbability_ChangeChase,NO,1784310007.166503,0.520000,5,1784310008.667561,0.500000,0.040495,-0.140495,prob_change_chase side=NO change=-0.050 origin=0.570 ask=0.520
2948776,S55_RapidProbability_ChangeChase,NO,1784310303.438412,0.510000,5,1784310311.771884,0.520000,0.039812,0.010188,prob_change_chase side=NO change=-0.060 origin=0.570 ask=0.510
2948794,S55_RapidProbability_ChangeChase,NO,1784310630.441915,0.540000,5,1784310634.013145,0.520000,0.041649,-0.141649,prob_change_chase side=NO change=-0.050 origin=0.590 ask=0.540
2949255,S55_RapidProbability_ChangeChase,NO,1784310917.443684,0.570000,5,1784310921.291778,0.500000,0.042803,-0.392803,prob_change_chase side=NO change=-0.050 origin=0.620 ask=0.570
2949590,S55_RapidProbability_ChangeChase,YES,1784311205.430249,0.590000,5,1784311206.669038,0.590000,0.043155,-0.043155,prob_change_chase side=YES change=0.060 origin=0.530 ask=0.590
2949667,S55_RapidProbability_ChangeChase,NO,1784311514.39291,0.500000,5,1784311516.474772,0.480000,0.039062,-0.139063,prob_change_chase side=NO change=-0.050 origin=0.550 ask=0.500
2950115,S55_RapidProbability_ChangeChase,YES,1784311803.502469,0.550000,5,1784311805.926012,0.630000,0.042114,0.357886,prob_change_chase side=YES change=0.040 origin=0.510 ask=0.550
2950518,S55_RapidProbability_ChangeChase,NO,1784312122.515763,0.700000,5,1784312124.606281,0.710000,0.038588,0.011412,prob_change_chase side=NO change=-0.040 origin=0.740 ask=0.700
2950526,S55_RapidProbability_ChangeChase,NO,1784312426.026722,0.640000,5,1784312434.218245,0.530000,0.042467,-0.592467,prob_change_chase side=NO change=-0.050 origin=0.690 ask=0.640
2950536,S55_RapidProbability_ChangeChase,YES,1784312706.623279,0.590000,5,1784312709.148712,0.610000,0.043155,0.056845,prob_change_chase side=YES change=0.050 origin=0.540 ask=0.590
2950542,S55_RapidProbability_ChangeChase,YES,1784313009.507033,0.650000,5,1784313017.790691,0.630000,0.042052,-0.142052,prob_change_chase side=YES change=0.050 origin=0.600 ask=0.650
2950598,S55_RapidProbability_ChangeChase,YES,1784313354.764577,0.620000,5,1784313355.820998,0.690000,0.043018,0.306982,prob_change_chase side=YES change=0.050 origin=0.570 ask=0.620
2950622,S55_RapidProbability_ChangeChase,NO,1784313664.528579,0.540000,5,1784313672.719276,0.510000,0.041649,-0.191649,prob_change_chase side=NO change=-0.060 origin=0.600 ask=0.540
2950641,S55_RapidProbability_ChangeChase,YES,1784313918.565594,0.690000,5,1784313921.834683,0.630000,0.039462,-0.339462,prob_change_chase side=YES change=0.050 origin=0.640 ask=0.690
2950647,S55_RapidProbability_ChangeChase,NO,1784314225.095441,0.750000,5,1784314233.001581,0.690000,0.032959,-0.332959,prob_change_chase side=NO change=-0.040 origin=0.790 ask=0.750
2950785,S55_RapidProbability_ChangeChase,NO,1784314527.942153,0.700000,5,1784314536.180286,0.680000,0.038588,-0.138587,prob_change_chase side=NO change=-0.040 origin=0.740 ask=0.700
2950839,S55_RapidProbability_ChangeChase,NO,1784314803.812637,0.510000,5,1784314804.295112,0.520000,0.039812,0.010188,prob_change_chase side=NO change=-0.040 origin=0.550 ask=0.510
2950849,S55_RapidProbability_ChangeChase,NO,1784315142.361756,0.730000,5,1784315150.895826,0.720000,0.035449,-0.085449,prob_change_chase side=NO change=-0.040 origin=0.770 ask=0.730
2950860,S55_RapidProbability_ChangeChase,NO,1784315418.536613,0.490000,5,1784315426.536317,0.410000,0.038251,-0.438251,prob_change_chase side=NO change=-0.050 origin=0.540 ask=0.490
2950871,S55_RapidProbability_ChangeChase,NO,1784315708.72972,0.420000,5,1784315715.393768,0.390000,0.031154,-0.181154,prob_change_chase side=NO change=-0.050 origin=0.470 ask=0.420
2950882,S55_RapidProbability_ChangeChase,NO,1784316010.348357,0.590000,5,1784316017.20682,0.530000,0.043155,-0.343155,prob_change_chase side=NO change=-0.050 origin=0.640 ask=0.590
2950891,S55_RapidProbability_ChangeChase,NO,1784316321.422551,0.710000,5,1784316329.735603,0.500000,0.037625,-1.087625,prob_change_chase side=NO change=-0.040 origin=0.750 ask=0.710
2950911,S55_RapidProbability_ChangeChase,YES,1784316618.056448,0.700000,5,1784316625.258902,0.690000,0.038588,-0.088588,prob_change_chase side=YES change=0.050 origin=0.650 ask=0.700
2950956,S55_RapidProbability_ChangeChase,NO,1784316906.931927,0.590000,5,1784316915.491206,0.560000,0.043155,-0.193155,prob_change_chase side=NO change=-0.040 origin=0.630 ask=0.590
2950982,S55_RapidProbability_ChangeChase,NO,1784317230.988822,0.550000,5,1784317237.28604,0.370000,0.042114,-0.942114,prob_change_chase side=NO change=-0.050 origin=0.600 ask=0.550
2950998,S55_RapidProbability_ChangeChase,YES,1784317510.138577,0.620000,5,1784317512.457976,0.590000,0.043018,-0.193018,prob_change_chase side=YES change=0.040 origin=0.580 ask=0.620
2951004,S55_RapidProbability_ChangeChase,YES,1784317801.798833,0.550000,5,1784317802.635698,0.620000,0.042114,0.307886,prob_change_chase side=YES change=0.050 origin=0.500 ask=0.550
2951019,S55_RapidProbability_ChangeChase,NO,1784318103.898096,0.480000,5,1784318110.244391,0.540000,0.037380,0.262620,prob_change_chase side=NO change=-0.040 origin=0.520 ask=0.480
2951066,S55_RapidProbability_ChangeChase,YES,1784318716.31923,0.620000,5,1784318721.168619,0.620000,0.043018,-0.043018,prob_change_chase side=YES change=0.060 origin=0.560 ask=0.620
2951078,S55_RapidProbability_ChangeChase,YES,1784319074.341947,0.700000,5,1784319082.569508,0.690000,0.038588,-0.088588,prob_change_chase side=YES change=0.050 origin=0.650 ask=0.700
2951087,S55_RapidProbability_ChangeChase,NO,1784319335.093507,0.540000,5,1784319342.632307,0.570000,0.041649,0.108351,prob_change_chase side=NO change=-0.050 origin=0.590 ask=0.540
2951103,S55_RapidProbability_ChangeChase,YES,1784319615.20235,0.610000,5,1784319623.349293,0.700000,0.043155,0.406845,prob_change_chase side=YES change=0.060 origin=0.550 ask=0.610
2951166,S55_RapidProbability_ChangeChase,YES,1784319911.742805,0.640000,5,1784319919.707491,0.660000,0.042467,0.057533,prob_change_chase side=YES change=0.040 origin=0.600 ask=0.640
2951175,S55_RapidProbability_ChangeChase,YES,1784320233.51741,0.750000,5,1784320238.557424,0.750000,0.032959,-0.032959,prob_change_chase side=YES change=0.040 origin=0.710 ask=0.750
2951361,S55_RapidProbability_ChangeChase,NO,1784320564.789574,0.630000,5,1784320572.646126,0.620000,0.042789,-0.092789,prob_change_chase side=NO change=-0.060 origin=0.690 ask=0.630
2951362,S55_RapidProbability_ChangeChase,NO,1784320827.033974,0.720000,5,1784320832.054174,0.590000,0.036578,-0.686578,prob_change_chase side=NO change=-0.040 origin=0.760 ask=0.720
2951382,S55_RapidProbability_ChangeChase,YES,1784321106.764637,0.530000,5,1784321114.083975,0.530000,0.041109,-0.041109,prob_change_chase side=YES change=0.040 origin=0.490 ask=0.530
2951389,S55_RapidProbability_ChangeChase,NO,1784321429.826453,0.510000,5,1784321435.153028,0.430000,0.039812,-0.439812,prob_change_chase side=NO change=-0.050 origin=0.560 ask=0.510
2951400,S55_RapidProbability_ChangeChase,YES,1784321705.8921,0.590000,5,1784321713.7917,0.570000,0.043155,-0.143155,prob_change_chase side=YES change=0.050 origin=0.540 ask=0.590
2951441,S55_RapidProbability_ChangeChase,YES,1784322023.646843,0.680000,5,1784322031.498083,0.660000,0.040247,-0.140247,prob_change_chase side=YES change=0.040 origin=0.640 ask=0.680
2951451,S55_RapidProbability_ChangeChase,NO,1784322387.501851,0.630000,5,1784322390.839884,0.640000,0.042789,0.007211,prob_change_chase side=NO change=-0.060 origin=0.690 ask=0.630
2951467,S55_RapidProbability_ChangeChase,NO,1784322622.760319,0.590000,5,1784322629.983869,0.570000,0.043155,-0.143155,prob_change_chase side=NO change=-0.040 origin=0.630 ask=0.590
2951482,S55_RapidProbability_ChangeChase,YES,1784322912.604292,0.630000,5,1784322920.205353,0.620000,0.042789,-0.092789,prob_change_chase side=YES change=0.040 origin=0.590 ask=0.630
2951492,S55_RapidProbability_ChangeChase,NO,1784323227.959718,0.610000,5,1784323233.77557,0.600000,0.043155,-0.093155,prob_change_chase side=NO change=-0.040 origin=0.650 ask=0.610
2951500,S55_RapidProbability_ChangeChase,NO,1784323503.563114,0.630000,5,1784323511.113567,0.630000,0.042789,-0.042789,prob_change_chase side=NO change=-0.040 origin=0.670 ask=0.630
2951520,S55_RapidProbability_ChangeChase,NO,1784323801.472717,0.520000,5,1784323803.658546,0.430000,0.040495,-0.490495,prob_change_chase side=NO change=-0.060 origin=0.580 ask=0.520
2951564,S55_RapidProbability_ChangeChase,NO,1784324221.179705,0.650000,5,1784324229.148787,0.360000,0.042052,-1.492052,prob_change_chase side=NO change=-0.060 origin=0.710 ask=0.650
2951645,S55_RapidProbability_ChangeChase,NO,1784324469.025731,0.580000,5,1784324472.578987,0.620000,0.043022,0.156978,prob_change_chase side=NO change=-0.040 origin=0.620 ask=0.580
2951651,S55_RapidProbability_ChangeChase,NO,1784324749.868908,0.650000,5,1784324757.265011,0.410000,0.042052,-1.242052,prob_change_chase side=NO change=-0.060 origin=0.710 ask=0.650
2951666,S55_RapidProbability_ChangeChase,NO,1784325079.335943,0.750000,5,1784325082.109277,0.780000,0.032959,0.117041,prob_change_chase side=NO change=-0.050 origin=0.800 ask=0.750
2951861,S55_RapidProbability_ChangeChase,NO,1784325398.916825,0.570000,5,1784325406.11069,0.440000,0.042803,-0.692803,prob_change_chase side=NO change=-0.050 origin=0.620 ask=0.570
2951909,S55_RapidProbability_ChangeChase,YES,1784325625.235536,0.670000,5,1784325626.629054,0.700000,0.040941,0.109059,prob_change_chase side=YES change=0.040 origin=0.630 ask=0.670
2951972,S55_RapidProbability_ChangeChase,YES,1784325960.25333,0.590000,5,1784325960.501379,0.430000,0.043155,-0.843155,prob_change_chase side=YES change=0.060 origin=0.530 ask=0.590
2951977,S55_RapidProbability_ChangeChase,YES,1784326263.294648,0.690000,5,1784326263.537855,0.730000,0.039462,0.160538,prob_change_chase side=YES change=0.060 origin=0.630 ask=0.690
2951994,S55_RapidProbability_ChangeChase,NO,1784326550.498013,0.710000,5,1784326550.998029,0.730000,0.037625,0.062375,prob_change_chase side=NO change=-0.040 origin=0.750 ask=0.710
2952003,S55_RapidProbability_ChangeChase,NO,1784326946.843009,0.590000,5,1784326953.884246,0.550000,0.043155,-0.243155,prob_change_chase side=NO change=-0.040 origin=0.630 ask=0.590
2952012,S55_RapidProbability_ChangeChase,YES,1784327148.726168,0.660000,5,1784327155.755783,0.630000,0.041543,-0.191543,prob_change_chase side=YES change=0.040 origin=0.620 ask=0.660
2952033,S55_RapidProbability_ChangeChase,NO,1784327472.642442,0.510000,5,1784327479.630493,0.430000,0.039812,-0.439812,prob_change_chase side=NO change=-0.060 origin=0.570 ask=0.510
2952097,S55_RapidProbability_ChangeChase,NO,1784327709.017973,0.530000,5,1784327715.118643,0.530000,0.041109,-0.041109,prob_change_chase side=NO change=-0.060 origin=0.590 ask=0.530
2952110,S55_RapidProbability_ChangeChase,YES,1784328037.66846,0.670000,5,1784328044.379146,0.630000,0.040941,-0.240941,prob_change_chase side=YES change=0.040 origin=0.630 ask=0.670
2952126,S55_RapidProbability_ChangeChase,YES,1784328346.593362,0.680000,5,1784328349.771685,0.640000,0.040247,-0.240247,prob_change_chase side=YES change=0.050 origin=0.630 ask=0.680
2952140,S55_RapidProbability_ChangeChase,YES,1784328718.205851,0.730000,5,1784328725.239122,0.780000,0.035449,0.214551,prob_change_chase side=YES change=0.040 origin=0.690 ask=0.730
2953311,S55_RapidProbability_ChangeChase,NO,1784329098.155764,0.440000,5,1784329100.251531,0.380000,0.033392,-0.333392,prob_change_chase side=NO change=-0.060 origin=0.500 ask=0.440
2953332,S55_RapidProbability_ChangeChase,NO,1784329545.030185,0.740000,5,1784329551.806738,0.700000,0.034241,-0.234241,prob_change_chase side=NO change=-0.040 origin=0.780 ask=0.740
2953348,S55_RapidProbability_ChangeChase,NO,1784329844.550994,0.740000,5,1784329844.982235,0.750000,0.034241,0.015759,prob_change_chase side=NO change=-0.040 origin=0.780 ask=0.740
2953357,S55_RapidProbability_ChangeChase,YES,1784330266.940196,0.550000,5,1784330268.809482,0.530000,0.042114,-0.142114,prob_change_chase side=YES change=0.040 origin=0.510 ask=0.550
2953497,S55_RapidProbability_ChangeChase,NO,1784331509.186236,0.730000,5,1784331513.613024,0.660000,0.035449,-0.385449,prob_change_chase side=NO change=-0.040 origin=0.770 ask=0.730
2953542,S55_RapidProbability_ChangeChase,NO,1784331611.191401,0.680000,5,1784331618.116872,0.570000,0.040247,-0.590247,prob_change_chase side=NO change=-0.050 origin=0.730 ask=0.680
2953557,S55_RapidProbability_ChangeChase,NO,1784331902.224468,0.650000,5,1784331909.489966,0.560000,0.042052,-0.492052,prob_change_chase side=NO change=-0.050 origin=0.700 ask=0.650
2953598,S55_RapidProbability_ChangeChase,YES,1784332528.706951,0.670000,5,1784332535.500551,0.680000,0.040941,0.009059,prob_change_chase side=YES change=0.040 origin=0.630 ask=0.670
2953679,S55_RapidProbability_ChangeChase,YES,1784332835.826569,0.710000,5,1784332836.710932,0.690000,0.037625,-0.137625,prob_change_chase side=YES change=0.060 origin=0.650 ask=0.710
2953747,S55_RapidProbability_ChangeChase,YES,1784333402.109942,0.580000,5,1784333408.342695,0.530000,0.043022,-0.293022,prob_change_chase side=YES change=0.060 origin=0.520 ask=0.580
2953782,S55_RapidProbability_ChangeChase,YES,1784333745.344786,0.680000,5,1784333752.12237,0.690000,0.040247,0.009753,prob_change_chase side=YES change=0.040 origin=0.640 ask=0.680
2953796,S55_RapidProbability_ChangeChase,NO,1784334093.539969,0.720000,5,1784334096.762344,0.750000,0.036578,0.113422,prob_change_chase side=NO change=-0.040 origin=0.760 ask=0.720
2953801,S55_RapidProbability_ChangeChase,YES,1784334393.234363,0.680000,5,1784334394.255831,0.750000,0.040247,0.309753,prob_change_chase side=YES change=0.040 origin=0.640 ask=0.680
2954023,S55_RapidProbability_ChangeChase,NO,1784334953.174229,0.720000,5,1784334959.896185,0.700000,0.036578,-0.136578,prob_change_chase side=NO change=-0.050 origin=0.770 ask=0.720
2954105,S55_RapidProbability_ChangeChase,NO,1784335647.587325,0.400000,5,1784335653.899,0.370000,0.028800,-0.178800,prob_change_chase side=NO change=-0.060 origin=0.460 ask=0.400
2954123,S55_RapidProbability_ChangeChase,NO,1784335881.357883,0.320000,5,1784335888.223117,0.250000,0.018940,-0.368940,prob_change_chase side=NO change=-0.050 origin=0.370 ask=0.320
2954332,S55_RapidProbability_ChangeChase,NO,1784336429.036495,0.410000,5,1784336433.27832,0.420000,0.029989,0.020011,prob_change_chase side=NO change=-0.040 origin=0.450 ask=0.410
2954338,S55_RapidProbability_ChangeChase,NO,1784336796.40503,0.580000,5,1784336797.476956,0.550000,0.043022,-0.193022,prob_change_chase side=NO change=-0.040 origin=0.620 ask=0.580
2954347,S55_RapidProbability_ChangeChase,NO,1784337113.373367,0.690000,5,1784337114.331395,0.510000,0.039462,-0.939462,prob_change_chase side=NO change=-0.050 origin=0.740 ask=0.690
2954362,S55_RapidProbability_ChangeChase,YES,1784337440.618503,0.720000,5,1784337447.427264,0.740000,0.036578,0.063422,prob_change_chase side=YES change=0.050 origin=0.670 ask=0.720
2954375,S55_RapidProbability_ChangeChase,NO,1784337721.558705,0.400000,5,1784337728.378046,0.300000,0.028800,-0.528800,prob_change_chase side=NO change=-0.050 origin=0.450 ask=0.400
2954401,S55_RapidProbability_ChangeChase,NO,1784337927.824196,0.500000,5,1784337934.561045,0.400000,0.039062,-0.539062,prob_change_chase side=NO change=-0.040 origin=0.540 ask=0.500
2954419,S55_RapidProbability_ChangeChase,NO,1784338212.470709,0.630000,5,1784338217.624954,0.660000,0.042789,0.107211,prob_change_chase side=NO change=-0.040 origin=0.670 ask=0.630
2954460,S55_RapidProbability_ChangeChase,NO,1784338535.978658,0.500000,5,1784338536.084529,0.530000,0.039062,0.110938,prob_change_chase side=NO change=-0.040 origin=0.540 ask=0.500
2954471,S55_RapidProbability_ChangeChase,NO,1784338846.406556,0.540000,5,1784338848.293212,0.480000,0.041649,-0.341649,prob_change_chase side=NO change=-0.060 origin=0.600 ask=0.540
2954515,S55_RapidProbability_ChangeChase,YES,1784339474.963788,0.600000,5,1784339480.339224,0.670000,0.043200,0.306800,prob_change_chase side=YES change=0.060 origin=0.540 ask=0.600
2954549,S55_RapidProbability_ChangeChase,NO,1784339789.282401,0.510000,5,1784339796.074588,0.530000,0.039812,0.060188,prob_change_chase side=NO change=-0.050 origin=0.560 ask=0.510
2954569,S55_RapidProbability_ChangeChase,YES,1784340072.370917,0.730000,5,1784340075.73055,0.680000,0.035449,-0.285449,prob_change_chase side=YES change=0.060 origin=0.670 ask=0.730
2954584,S55_RapidProbability_ChangeChase,NO,1784340345.352868,0.730000,5,1784340352.106963,0.690000,0.035449,-0.235449,prob_change_chase side=NO change=-0.040 origin=0.770 ask=0.730
2954596,S55_RapidProbability_ChangeChase,NO,1784340616.798963,0.630000,5,1784340618.237744,0.590000,0.042789,-0.242789,prob_change_chase side=NO change=-0.050 origin=0.680 ask=0.630
2954610,S55_RapidProbability_ChangeChase,YES,1784340962.183829,0.710000,5,1784340968.85207,0.740000,0.037625,0.112375,prob_change_chase side=YES change=0.050 origin=0.660 ask=0.710
2954623,S55_RapidProbability_ChangeChase,YES,1784341236.776282,0.680000,5,1784341243.483854,0.690000,0.040247,0.009753,prob_change_chase side=YES change=0.040 origin=0.640 ask=0.680
2954661,S55_RapidProbability_ChangeChase,YES,1784341849.363788,0.510000,5,1784341850.965194,0.590000,0.039812,0.360188,prob_change_chase side=YES change=0.050 origin=0.460 ask=0.510
2954747,S55_RapidProbability_ChangeChase,YES,1784342169.890451,0.500000,5,1784342171.085586,0.610000,0.039062,0.510937,prob_change_chase side=YES change=0.050 origin=0.450 ask=0.500
2954803,S55_RapidProbability_ChangeChase,NO,1784342411.716548,0.730000,5,1784342412.876798,0.750000,0.035449,0.064551,prob_change_chase side=NO change=-0.050 origin=0.780 ask=0.730
2954868,S55_RapidProbability_ChangeChase,YES,1784342788.500745,0.530000,5,1784342789.645864,0.610000,0.041109,0.358891,prob_change_chase side=YES change=0.040 origin=0.490 ask=0.530
2954945,S55_RapidProbability_ChangeChase,NO,1784343164.478921,0.480000,5,1784343165.837144,0.500000,0.037380,0.062620,prob_change_chase side=NO change=-0.040 origin=0.520 ask=0.480
2954982,S55_RapidProbability_ChangeChase,NO,1784343319.852845,0.640000,5,1784343324.064627,0.620000,0.042467,-0.142467,prob_change_chase side=NO change=-0.040 origin=0.680 ask=0.640
2955112,S55_RapidProbability_ChangeChase,YES,1784343932.969153,0.750000,5,1784343939.558609,0.770000,0.032959,0.067041,prob_change_chase side=YES change=0.040 origin=0.710 ask=0.750
2955158,S55_RapidProbability_ChangeChase,NO,1784344320.745063,0.600000,5,1784344322.779301,0.540000,0.043200,-0.343200,prob_change_chase side=NO change=-0.040 origin=0.640 ask=0.600
2955172,S55_RapidProbability_ChangeChase,YES,1784344604.543989,0.450000,5,1784344606.77533,0.420000,0.034457,-0.184457,prob_change_chase side=YES change=0.050 origin=0.400 ask=0.450
2955191,S55_RapidProbability_ChangeChase,YES,1784344955.496209,0.540000,5,1784344955.806624,0.500000,0.041649,-0.241649,prob_change_chase side=YES change=0.040 origin=0.500 ask=0.540
2955340,S55_RapidProbability_ChangeChase,NO,1784346004.78511,0.540000,5,1784346011.481299,0.510000,0.041649,-0.191649,prob_change_chase side=NO change=-0.060 origin=0.600 ask=0.540
2955347,S55_RapidProbability_ChangeChase,NO,1784346504.481112,0.390000,5,1784346507.616342,0.390000,0.027591,-0.027591,prob_change_chase side=NO change=-0.060 origin=0.450 ask=0.390
2955723,S55_RapidProbability_ChangeChase,NO,1784347245.44414,0.710000,5,1784347250.844466,0.740000,0.037625,0.112375,prob_change_chase side=NO change=-0.040 origin=0.750 ask=0.710
2955868,S55_RapidProbability_ChangeChase,NO,1784348202.159366,0.750000,5,1784348206.039637,0.730000,0.032959,-0.132959,prob_change_chase side=NO change=-0.040 origin=0.790 ask=0.750
2955884,S55_RapidProbability_ChangeChase,NO,1784348416.42558,0.740000,5,1784348419.903702,0.750000,0.034241,0.015759,prob_change_chase side=NO change=-0.050 origin=0.790 ask=0.740
2956023,S55_RapidProbability_ChangeChase,YES,1784349763.585466,0.740000,5,1784349770.236065,0.750000,0.034241,0.015759,prob_change_chase side=YES change=0.040 origin=0.700 ask=0.740
2956682,S55_RapidProbability_ChangeChase,NO,1784350921.829738,0.650000,5,1784350924.87228,0.650000,0.042052,-0.042052,prob_change_chase side=NO change=-0.060 origin=0.710 ask=0.650
2956691,S55_RapidProbability_ChangeChase,YES,1784351174.489458,0.610000,5,1784351179.467339,0.620000,0.043155,0.006845,prob_change_chase side=YES change=0.040 origin=0.570 ask=0.610
2956699,S55_RapidProbability_ChangeChase,NO,1784351520.083844,0.670000,5,1784351527.10921,0.580000,0.040941,-0.490941,prob_change_chase side=NO change=-0.050 origin=0.720 ask=0.670
2956712,S55_RapidProbability_ChangeChase,YES,1784351821.635947,0.650000,5,1784351825.120716,0.610000,0.042052,-0.242052,prob_change_chase side=YES change=0.040 origin=0.610 ask=0.650
2956733,S55_RapidProbability_ChangeChase,YES,1784352344.174449,0.700000,5,1784352350.999974,0.700000,0.038588,-0.038588,prob_change_chase side=YES change=0.050 origin=0.650 ask=0.700
2956749,S55_RapidProbability_ChangeChase,YES,1784352661.256858,0.730000,5,1784352664.003074,0.800000,0.035449,0.314551,prob_change_chase side=YES change=0.040 origin=0.690 ask=0.730
2956794,S55_RapidProbability_ChangeChase,NO,1784353058.076872,0.620000,5,1784353064.961466,0.590000,0.043018,-0.193018,prob_change_chase side=NO change=-0.050 origin=0.670 ask=0.620
2956852,S55_RapidProbability_ChangeChase,NO,1784353518.944906,0.300000,5,1784353519.409425,0.320000,0.016537,0.083463,prob_change_chase side=NO change=-0.050 origin=0.350 ask=0.300
2956866,S55_RapidProbability_ChangeChase,NO,1784353936.080121,0.740000,5,1784353940.949893,0.770000,0.034241,0.115759,prob_change_chase side=NO change=-0.050 origin=0.790 ask=0.740
2956944,S55_RapidProbability_ChangeChase,NO,1784354128.569015,0.640000,5,1784354131.955454,0.640000,0.042467,-0.042467,prob_change_chase side=NO change=-0.040 origin=0.680 ask=0.640
2956959,S55_RapidProbability_ChangeChase,NO,1784354524.854683,0.730000,5,1784354531.305262,0.770000,0.035449,0.164551,prob_change_chase side=NO change=-0.040 origin=0.770 ask=0.730
2956970,S55_RapidProbability_ChangeChase,YES,1784354877.45584,0.540000,5,1784354884.99986,0.540000,0.041649,-0.041649,prob_change_chase side=YES change=0.040 origin=0.500 ask=0.540
2956973,S55_RapidProbability_ChangeChase,NO,1784355223.287702,0.730000,5,1784355230.271835,0.720000,0.035449,-0.085449,prob_change_chase side=NO change=-0.040 origin=0.770 ask=0.730
2956983,S55_RapidProbability_ChangeChase,YES,1784355508.980318,0.610000,5,1784355509.100849,0.560000,0.043155,-0.293155,prob_change_chase side=YES change=0.040 origin=0.570 ask=0.610
2957005,S55_RapidProbability_ChangeChase,NO,1784355931.633335,0.630000,5,1784355938.970668,0.550000,0.042789,-0.442789,prob_change_chase side=NO change=-0.040 origin=0.670 ask=0.630
2957057,S55_RapidProbability_ChangeChase,NO,1784356664.625028,0.660000,5,1784356671.557595,0.440000,0.041543,-1.141543,prob_change_chase side=NO change=-0.050 origin=0.710 ask=0.660
2957123,S55_RapidProbability_ChangeChase,YES,1784358038.958229,0.710000,5,1784358039.315771,0.680000,0.037625,-0.187625,prob_change_chase side=YES change=0.050 origin=0.660 ask=0.710
2957181,S55_RapidProbability_ChangeChase,NO,1784359670.977983,0.370000,5,1784359676.271398,0.390000,0.025130,0.074870,prob_change_chase side=NO change=-0.060 origin=0.430 ask=0.370
2957194,S55_RapidProbability_ChangeChase,NO,1784359906.563494,0.750000,5,1784359913.61145,0.750000,0.032959,-0.032959,prob_change_chase side=NO change=-0.050 origin=0.800 ask=0.750
2957262,S55_RapidProbability_ChangeChase,NO,1784360285.905288,0.740000,5,1784360290.990977,0.770000,0.034241,0.115759,prob_change_chase side=NO change=-0.040 origin=0.780 ask=0.740
2957285,S55_RapidProbability_ChangeChase,NO,1784360440.828581,0.690000,5,1784360448.05545,0.680000,0.039462,-0.089462,prob_change_chase side=NO change=-0.040 origin=0.730 ask=0.690
2957317,S55_RapidProbability_ChangeChase,NO,1784361033.522375,0.600000,5,1784361035.646338,0.610000,0.043200,0.006800,prob_change_chase side=NO change=-0.040 origin=0.640 ask=0.600
2957355,S55_RapidProbability_ChangeChase,YES,1784361451.874766,0.430000,5,1784361452.104446,0.370000,0.032290,-0.332290,prob_change_chase side=YES change=0.050 origin=0.380 ask=0.430
2957367,S55_RapidProbability_ChangeChase,NO,1784361676.082663,0.750000,5,1784361682.228307,0.750000,0.032959,-0.032959,prob_change_chase side=NO change=-0.040 origin=0.790 ask=0.750
2957398,S55_RapidProbability_ChangeChase,NO,1784361966.946476,0.610000,5,1784361974.330951,0.630000,0.043155,0.056845,prob_change_chase side=NO change=-0.050 origin=0.660 ask=0.610
2957409,S55_RapidProbability_ChangeChase,YES,1784362232.090313,0.730000,5,1784362235.809921,0.750000,0.035449,0.064551,prob_change_chase side=YES change=0.040 origin=0.690 ask=0.730
2957437,S55_RapidProbability_ChangeChase,NO,1784362847.888403,0.630000,5,1784362851.709296,0.380000,0.042789,-1.292789,prob_change_chase side=NO change=-0.040 origin=0.670 ask=0.630
2957451,S55_RapidProbability_ChangeChase,YES,1784363460.151006,0.630000,5,1784363461.339811,0.620000,0.042789,-0.092789,prob_change_chase side=YES change=0.040 origin=0.590 ask=0.630
2957502,S55_RapidProbability_ChangeChase,NO,1784363724.808558,0.730000,5,1784363732.205538,0.740000,0.035449,0.014551,prob_change_chase side=NO change=-0.050 origin=0.780 ask=0.730
2957557,S55_RapidProbability_ChangeChase,NO,1784364094.619422,0.610000,5,1784364095.522497,0.630000,0.043155,0.056845,prob_change_chase side=NO change=-0.050 origin=0.660 ask=0.610
2957577,S55_RapidProbability_ChangeChase,YES,1784364361.150493,0.670000,5,1784364362.838594,0.640000,0.040941,-0.190941,prob_change_chase side=YES change=0.050 origin=0.620 ask=0.670
2957583,S55_RapidProbability_ChangeChase,NO,1784364778.412658,0.700000,5,1784364785.9371,0.700000,0.038588,-0.038588,prob_change_chase side=NO change=-0.050 origin=0.750 ask=0.700
2957670,S55_RapidProbability_ChangeChase,NO,1784366332.195621,0.270000,5,1784366332.556295,0.310000,0.013111,0.186889,prob_change_chase side=NO change=-0.060 origin=0.330 ask=0.270
2957677,S55_RapidProbability_ChangeChase,NO,1784366475.633332,0.630000,5,1784366483.226925,0.600000,0.042789,-0.192789,prob_change_chase side=NO change=-0.060 origin=0.690 ask=0.630
2957683,S55_RapidProbability_ChangeChase,NO,1784366833.892192,0.720000,5,1784366836.258326,0.740000,0.036578,0.063422,prob_change_chase side=NO change=-0.050 origin=0.770 ask=0.720
2957694,S55_RapidProbability_ChangeChase,YES,1784367109.504126,0.650000,5,1784367111.013199,0.600000,0.042052,-0.292052,prob_change_chase side=YES change=0.040 origin=0.610 ask=0.650
2957741,S55_RapidProbability_ChangeChase,YES,1784367405.987677,0.670000,5,1784367413.617982,0.710000,0.040941,0.159059,prob_change_chase side=YES change=0.040 origin=0.630 ask=0.670
2958123,S55_RapidProbability_ChangeChase,NO,1784371107.246611,0.710000,5,1784371110.250937,0.710000,0.037625,-0.037625,prob_change_chase side=NO change=-0.050 origin=0.760 ask=0.710
2958877,S55_RapidProbability_ChangeChase,YES,1784376014.746912,0.650000,5,1784376019.309952,0.720000,0.042052,0.307948,prob_change_chase side=YES change=0.040 origin=0.610 ask=0.650
2958905,S55_RapidProbability_ChangeChase,YES,1784376308.114355,0.630000,5,1784376310.6499,0.710000,0.042789,0.357211,prob_change_chase side=YES change=0.040 origin=0.590 ask=0.630
2958916,S55_RapidProbability_ChangeChase,YES,1784376611.99098,0.610000,5,1784376613.355156,0.560000,0.043155,-0.293155,prob_change_chase side=YES change=0.050 origin=0.560 ask=0.610
2958934,S55_RapidProbability_ChangeChase,YES,1784376935.444123,0.680000,5,1784376943.44718,0.700000,0.040247,0.059753,prob_change_chase side=YES change=0.040 origin=0.640 ask=0.680
2958948,S55_RapidProbability_ChangeChase,YES,1784377269.284421,0.620000,5,1784377277.032683,0.610000,0.043018,-0.093018,prob_change_chase side=YES change=0.040 origin=0.580 ask=0.620
2958982,S55_RapidProbability_ChangeChase,YES,1784377805.59539,0.720000,5,1784377810.248101,0.730000,0.036578,0.013422,prob_change_chase side=YES change=0.050 origin=0.670 ask=0.720
2959036,S55_RapidProbability_ChangeChase,NO,1784378416.882278,0.730000,5,1784378417.12775,0.740000,0.035449,0.014551,prob_change_chase side=NO change=-0.040 origin=0.770 ask=0.730
2959060,S55_RapidProbability_ChangeChase,YES,1784379038.50147,0.610000,5,1784379046.376176,0.640000,0.043155,0.106845,prob_change_chase side=YES change=0.050 origin=0.560 ask=0.610
2959116,S55_RapidProbability_ChangeChase,NO,1784379616.981432,0.630000,5,1784379617.661627,0.640000,0.042789,0.007211,prob_change_chase side=NO change=-0.040 origin=0.670 ask=0.630
2959126,S55_RapidProbability_ChangeChase,NO,1784379954.75635,0.650000,5,1784379962.721672,0.660000,0.042052,0.007948,prob_change_chase side=NO change=-0.060 origin=0.710 ask=0.650
2959141,S55_RapidProbability_ChangeChase,NO,1784380218.942219,0.740000,5,1784380226.363891,0.710000,0.034241,-0.184241,prob_change_chase side=NO change=-0.050 origin=0.790 ask=0.740
2959146,S55_RapidProbability_ChangeChase,YES,1784380531.877204,0.720000,5,1784380539.533475,0.730000,0.036578,0.013422,prob_change_chase side=YES change=0.060 origin=0.660 ask=0.720
2959165,S55_RapidProbability_ChangeChase,YES,1784380813.984481,0.680000,5,1784380820.011186,0.670000,0.040247,-0.090247,prob_change_chase side=YES change=0.050 origin=0.630 ask=0.680
2959177,S55_RapidProbability_ChangeChase,YES,1784381151.58678,0.750000,5,1784381155.691553,0.760000,0.032959,0.017041,prob_change_chase side=YES change=0.050 origin=0.700 ask=0.750
2959187,S55_RapidProbability_ChangeChase,YES,1784381440.02166,0.740000,5,1784381447.700589,0.730000,0.034241,-0.084241,prob_change_chase side=YES change=0.040 origin=0.700 ask=0.740
2959239,S55_RapidProbability_ChangeChase,NO,1784381790.909346,0.730000,5,1784381792.937131,0.750000,0.035449,0.064551,prob_change_chase side=NO change=-0.040 origin=0.770 ask=0.730
2959287,S55_RapidProbability_ChangeChase,YES,1784382610.930382,0.630000,5,1784382614.237682,0.640000,0.042789,0.007211,prob_change_chase side=YES change=0.040 origin=0.590 ask=0.630
2959299,S55_RapidProbability_ChangeChase,YES,1784382928.916657,0.740000,5,1784382935.083521,0.810000,0.034241,0.315759,prob_change_chase side=YES change=0.040 origin=0.700 ask=0.740
2959317,S55_RapidProbability_ChangeChase,YES,1784383218.217692,0.720000,5,1784383219.919981,0.660000,0.036578,-0.336578,prob_change_chase side=YES change=0.050 origin=0.670 ask=0.720
2959325,S55_RapidProbability_ChangeChase,YES,1784383501.912429,0.520000,5,1784383509.855808,0.560000,0.040495,0.159505,prob_change_chase side=YES change=0.060 origin=0.460 ask=0.520
2959334,S55_RapidProbability_ChangeChase,YES,1784383866.289142,0.680000,5,1784383874.260311,0.730000,0.040247,0.209753,prob_change_chase side=YES change=0.040 origin=0.640 ask=0.680
2959354,S55_RapidProbability_ChangeChase,NO,1784384136.911292,0.630000,5,1784384137.701712,0.640000,0.042789,0.007211,prob_change_chase side=NO change=-0.040 origin=0.670 ask=0.630
2959365,S55_RapidProbability_ChangeChase,YES,1784384515.684556,0.740000,5,1784384523.501881,0.730000,0.034241,-0.084241,prob_change_chase side=YES change=0.050 origin=0.690 ask=0.740
2959372,S55_RapidProbability_ChangeChase,YES,1784384749.793919,0.580000,5,1784384752.460754,0.450000,0.043022,-0.693022,prob_change_chase side=YES change=0.050 origin=0.530 ask=0.580
2959393,S55_RapidProbability_ChangeChase,YES,1784385006.01747,0.510000,5,1784385012.17632,0.460000,0.039812,-0.289812,prob_change_chase side=YES change=0.040 origin=0.470 ask=0.510
2959470,S55_RapidProbability_ChangeChase,NO,1784385642.000163,0.750000,5,1784385644.655212,0.710000,0.032959,-0.232959,prob_change_chase side=NO change=-0.040 origin=0.790 ask=0.750
2959489,S55_RapidProbability_ChangeChase,NO,1784385956.325033,0.740000,5,1784385964.242017,0.710000,0.034241,-0.184241,prob_change_chase side=NO change=-0.050 origin=0.790 ask=0.740
2959500,S55_RapidProbability_ChangeChase,NO,1784386351.94936,0.750000,5,1784386352.305512,0.760000,0.032959,0.017041,prob_change_chase side=NO change=-0.040 origin=0.790 ask=0.750
2959634,S55_RapidProbability_ChangeChase,YES,1784386929.023253,0.400000,5,1784386929.850078,0.350000,0.028800,-0.278800,prob_change_chase side=YES change=0.050 origin=0.350 ask=0.400
2959675,S55_RapidProbability_ChangeChase,YES,1784387162.15977,0.710000,5,1784387170.157521,0.670000,0.037625,-0.237625,prob_change_chase side=YES change=0.060 origin=0.650 ask=0.710
2959691,S55_RapidProbability_ChangeChase,NO,1784387474.686262,0.690000,5,1784387474.807485,0.740000,0.039462,0.210538,prob_change_chase side=NO change=-0.040 origin=0.730 ask=0.690
2959881,S55_RapidProbability_ChangeChase,YES,1784387776.350882,0.400000,5,1784387776.853566,0.350000,0.028800,-0.278800,prob_change_chase side=YES change=0.040 origin=0.360 ask=0.400
2960009,S55_RapidProbability_ChangeChase,YES,1784388911.224244,0.450000,5,1784388911.737642,0.420000,0.034457,-0.184457,prob_change_chase side=YES change=0.040 origin=0.410 ask=0.450
2960059,S55_RapidProbability_ChangeChase,YES,1784389809.521101,0.680000,5,1784389812.69352,0.630000,0.040247,-0.290247,prob_change_chase side=YES change=0.040 origin=0.640 ask=0.680
2960255,S55_RapidProbability_ChangeChase,YES,1784390191.001737,0.380000,5,1784390192.269552,0.350000,0.026366,-0.176366,prob_change_chase side=YES change=0.050 origin=0.330 ask=0.380
2960269,S55_RapidProbability_ChangeChase,NO,1784390485.151045,0.740000,5,1784390487.706568,0.790000,0.034241,0.215759,prob_change_chase side=NO change=-0.050 origin=0.790 ask=0.740
2960289,S55_RapidProbability_ChangeChase,NO,1784390821.646104,0.290000,5,1784390822.304955,0.310000,0.015368,0.084632,prob_change_chase side=NO change=-0.050 origin=0.340 ask=0.290
2960302,S55_RapidProbability_ChangeChase,YES,1784391040.994459,0.730000,5,1784391043.683056,0.680000,0.035449,-0.285449,prob_change_chase side=YES change=0.040 origin=0.690 ask=0.730
2960326,S55_RapidProbability_ChangeChase,NO,1784391633.384368,0.280000,5,1784391633.795158,0.320000,0.014225,0.185775,prob_change_chase side=NO change=-0.050 origin=0.330 ask=0.280
2960332,S55_RapidProbability_ChangeChase,YES,1784391911.139972,0.700000,5,1784391911.518586,0.650000,0.038588,-0.288587,prob_change_chase side=YES change=0.060 origin=0.640 ask=0.700
2960367,S55_RapidProbability_ChangeChase,YES,1784392317.782092,0.600000,5,1784392320.225184,0.570000,0.043200,-0.193200,prob_change_chase side=YES change=0.060 origin=0.540 ask=0.600
2960425,S55_RapidProbability_ChangeChase,NO,1784392504.052758,0.370000,5,1784392512.28664,0.340000,0.025130,-0.175130,prob_change_chase side=NO change=-0.060 origin=0.430 ask=0.370
2960862,S55_RapidProbability_ChangeChase,NO,1784393720.713278,0.510000,5,1784393728.303138,0.510000,0.039812,-0.039812,prob_change_chase side=NO change=-0.040 origin=0.550 ask=0.510
2960864,S55_RapidProbability_ChangeChase,NO,1784394089.727792,0.610000,5,1784394090.726986,0.560000,0.043155,-0.293155,prob_change_chase side=NO change=-0.040 origin=0.650 ask=0.610
2960881,S55_RapidProbability_ChangeChase,NO,1784394421.067302,0.620000,5,1784394422.512457,0.630000,0.043018,0.006982,prob_change_chase side=NO change=-0.050 origin=0.670 ask=0.620
2960981,S55_RapidProbability_ChangeChase,YES,1784394653.875794,0.660000,5,1784394655.810688,0.610000,0.041543,-0.291543,prob_change_chase side=YES change=0.050 origin=0.610 ask=0.660
2960991,S55_RapidProbability_ChangeChase,YES,1784394956.706668,0.740000,5,1784394957.899131,0.650000,0.034241,-0.484241,prob_change_chase side=YES change=0.050 origin=0.690 ask=0.740
2961007,S55_RapidProbability_ChangeChase,YES,1784395208.899743,0.600000,5,1784395210.484219,0.560000,0.043200,-0.243200,prob_change_chase side=YES change=0.050 origin=0.550 ask=0.600
2961135,S55_RapidProbability_ChangeChase,NO,1784395594.805606,0.620000,5,1784395597.660631,0.490000,0.043018,-0.693018,prob_change_chase side=NO change=-0.050 origin=0.670 ask=0.620
2961155,S55_RapidProbability_ChangeChase,YES,1784395811.982448,0.670000,5,1784395818.250996,0.670000,0.040941,-0.040941,prob_change_chase side=YES change=0.040 origin=0.630 ask=0.670
2961212,S55_RapidProbability_ChangeChase,YES,1784396144.156624,0.710000,5,1784396147.848045,0.750000,0.037625,0.162375,prob_change_chase side=YES change=0.050 origin=0.660 ask=0.710
2961250,S55_RapidProbability_ChangeChase,YES,1784396407.480095,0.570000,5,1784396408.494551,0.520000,0.042803,-0.292803,prob_change_chase side=YES change=0.060 origin=0.510 ask=0.570
2961273,S55_RapidProbability_ChangeChase,NO,1784396706.216697,0.510000,5,1784396714.441347,0.410000,0.039812,-0.539812,prob_change_chase side=NO change=-0.040 origin=0.550 ask=0.510
2961282,S55_RapidProbability_ChangeChase,NO,1784397039.694212,0.600000,5,1784397040.304107,0.600000,0.043200,-0.043200,prob_change_chase side=NO change=-0.040 origin=0.640 ask=0.600
2961310,S55_RapidProbability_ChangeChase,NO,1784397381.383752,0.660000,5,1784397385.005536,0.670000,0.041543,0.008457,prob_change_chase side=NO change=-0.050 origin=0.710 ask=0.660
2961529,S55_RapidProbability_ChangeChase,NO,1784397922.940091,0.580000,5,1784397924.950797,0.610000,0.043022,0.106978,prob_change_chase side=NO change=-0.040 origin=0.620 ask=0.580
2961607,S55_RapidProbability_ChangeChase,YES,1784398820.034043,0.520000,5,1784398820.817703,0.480000,0.040495,-0.240495,prob_change_chase side=YES change=0.060 origin=0.460 ask=0.520
2961997,S55_RapidProbability_ChangeChase,YES,1784399110.282078,0.680000,5,1784399110.805574,0.630000,0.040247,-0.290247,prob_change_chase side=YES change=0.050 origin=0.630 ask=0.680
2962151,S55_RapidProbability_ChangeChase,NO,1784399428.658352,0.670000,5,1784399431.242681,0.640000,0.040941,-0.190941,prob_change_chase side=NO change=-0.050 origin=0.720 ask=0.670
2962211,S55_RapidProbability_ChangeChase,YES,1784399764.525714,0.610000,5,1784399767.541405,0.690000,0.043155,0.356845,prob_change_chase side=YES change=0.050 origin=0.560 ask=0.610
2962522,S55_RapidProbability_ChangeChase,NO,1784400079.095901,0.650000,5,1784400087.301808,0.610000,0.042052,-0.242052,prob_change_chase side=NO change=-0.050 origin=0.700 ask=0.650
2962822,S55_RapidProbability_ChangeChase,YES,1784400361.644075,0.700000,5,1784400369.924195,0.740000,0.038588,0.161413,prob_change_chase side=YES change=0.050 origin=0.650 ask=0.700
2963033,S55_RapidProbability_ChangeChase,NO,1784400975.478295,0.700000,5,1784400983.558955,0.510000,0.038588,-0.988588,prob_change_chase side=NO change=-0.050 origin=0.750 ask=0.700
2963053,S55_RapidProbability_ChangeChase,YES,1784401214.717004,0.620000,5,1784401219.691185,0.580000,0.043018,-0.243018,prob_change_chase side=YES change=0.050 origin=0.570 ask=0.620
2963064,S55_RapidProbability_ChangeChase,YES,1784401503.329915,0.610000,5,1784401511.464247,0.630000,0.043155,0.056845,prob_change_chase side=YES change=0.060 origin=0.550 ask=0.610
2963071,S55_RapidProbability_ChangeChase,NO,1784401827.087414,0.590000,5,1784401834.794508,0.510000,0.043155,-0.443155,prob_change_chase side=NO change=-0.040 origin=0.630 ask=0.590
2963089,S55_RapidProbability_ChangeChase,YES,1784402104.454512,0.580000,5,1784402107.831294,0.650000,0.043022,0.306978,prob_change_chase side=YES change=0.050 origin=0.530 ask=0.580
2963108,S55_RapidProbability_ChangeChase,YES,1784402476.38179,0.620000,5,1784402484.66852,0.580000,0.043018,-0.243018,prob_change_chase side=YES change=0.040 origin=0.580 ask=0.620
2963113,S55_RapidProbability_ChangeChase,YES,1784402833.983604,0.570000,5,1784402834.979725,0.510000,0.042803,-0.342803,prob_change_chase side=YES change=0.060 origin=0.510 ask=0.570
2963121,S55_RapidProbability_ChangeChase,YES,1784403080.111304,0.640000,5,1784403088.080393,0.670000,0.042467,0.107533,prob_change_chase side=YES change=0.040 origin=0.600 ask=0.640
2963175,S55_RapidProbability_ChangeChase,YES,1784403317.3946,0.730000,5,1784403325.490901,0.750000,0.035449,0.064551,prob_change_chase side=YES change=0.050 origin=0.680 ask=0.730
2963244,S55_RapidProbability_ChangeChase,NO,1784403635.504402,0.590000,5,1784403642.352562,0.610000,0.043155,0.056845,prob_change_chase side=NO change=-0.040 origin=0.630 ask=0.590
2963268,S55_RapidProbability_ChangeChase,NO,1784404221.541766,0.730000,5,1784404229.282079,0.670000,0.035449,-0.335449,prob_change_chase side=NO change=-0.040 origin=0.770 ask=0.730
2963300,S55_RapidProbability_ChangeChase,YES,1784404717.872497,0.680000,5,1784404719.565229,0.780000,0.040247,0.459753,prob_change_chase side=YES change=0.050 origin=0.630 ask=0.680
2963323,S55_RapidProbability_ChangeChase,YES,1784404805.89929,0.700000,5,1784404813.956739,0.680000,0.038588,-0.138587,prob_change_chase side=YES change=0.050 origin=0.650 ask=0.700
2963343,S55_RapidProbability_ChangeChase,NO,1784405172.870708,0.740000,5,1784405181.077379,0.730000,0.034241,-0.084241,prob_change_chase side=NO change=-0.050 origin=0.790 ask=0.740
2963355,S55_RapidProbability_ChangeChase,YES,1784405416.434893,0.740000,5,1784405424.662858,0.700000,0.034241,-0.234241,prob_change_chase side=YES change=0.060 origin=0.680 ask=0.740
2963378,S55_RapidProbability_ChangeChase,YES,1784406008.762168,0.400000,5,1784406012.583985,0.370000,0.028800,-0.178800,prob_change_chase side=YES change=0.040 origin=0.360 ask=0.400
2963417,S55_RapidProbability_ChangeChase,YES,1784406312.592797,0.460000,5,1784406313.855599,0.430000,0.035479,-0.185479,prob_change_chase side=YES change=0.040 origin=0.420 ask=0.460
2963422,S55_RapidProbability_ChangeChase,NO,1784406631.682903,0.670000,5,1784406632.928059,0.660000,0.040941,-0.090941,prob_change_chase side=NO change=-0.050 origin=0.720 ask=0.670
2963474,S55_RapidProbability_ChangeChase,NO,1784406939.293866,0.530000,5,1784406946.891525,0.510000,0.041109,-0.141109,prob_change_chase side=NO change=-0.050 origin=0.580 ask=0.530
2963513,S55_RapidProbability_ChangeChase,YES,1784407406.482398,0.690000,5,1784407406.852613,0.760000,0.039462,0.310538,prob_change_chase side=YES change=0.060 origin=0.630 ask=0.690
2963525,S55_RapidProbability_ChangeChase,NO,1784407733.86332,0.750000,5,1784407735.22702,0.770000,0.032959,0.067041,prob_change_chase side=NO change=-0.050 origin=0.800 ask=0.750
2963538,S55_RapidProbability_ChangeChase,NO,1784407833.115938,0.600000,5,1784407835.539631,0.610000,0.043200,0.006800,prob_change_chase side=NO change=-0.040 origin=0.640 ask=0.600
2963557,S55_RapidProbability_ChangeChase,YES,1784408134.656283,0.370000,5,1784408134.932473,0.340000,0.025130,-0.175130,prob_change_chase side=YES change=0.050 origin=0.320 ask=0.370
2963568,S55_RapidProbability_ChangeChase,NO,1784408426.592835,0.500000,5,1784408426.831495,0.520000,0.039062,0.060938,prob_change_chase side=NO change=-0.040 origin=0.540 ask=0.500
2963581,S55_RapidProbability_ChangeChase,YES,1784408739.418126,0.620000,5,1784408739.82616,0.580000,0.043018,-0.243018,prob_change_chase side=YES change=0.040 origin=0.580 ask=0.620
2963589,S55_RapidProbability_ChangeChase,YES,1784409005.714745,0.620000,5,1784409011.098818,0.710000,0.043018,0.406982,prob_change_chase side=YES change=0.060 origin=0.560 ask=0.620
2963677,S55_RapidProbability_ChangeChase,YES,1784409302.060603,0.570000,5,1784409302.485063,0.560000,0.042803,-0.092803,prob_change_chase side=YES change=0.060 origin=0.510 ask=0.570
2963688,S55_RapidProbability_ChangeChase,YES,1784409641.699319,0.720000,5,1784409645.394197,0.680000,0.036578,-0.236578,prob_change_chase side=YES change=0.060 origin=0.660 ask=0.720
2963776,S55_RapidProbability_ChangeChase,YES,1784409911.046644,0.650000,5,1784409912.964621,0.610000,0.042052,-0.242052,prob_change_chase side=YES change=0.050 origin=0.600 ask=0.650
2963786,S55_RapidProbability_ChangeChase,NO,1784410238.576858,0.690000,5,1784410245.988641,0.600000,0.039462,-0.489462,prob_change_chase side=NO change=-0.040 origin=0.730 ask=0.690
2963888,S55_RapidProbability_ChangeChase,NO,1784410578.569122,0.720000,5,1784410586.122759,0.720000,0.036578,-0.036578,prob_change_chase side=NO change=-0.040 origin=0.760 ask=0.720
2963915,S55_RapidProbability_ChangeChase,NO,1784410891.284303,0.580000,5,1784410893.659146,0.610000,0.043022,0.106978,prob_change_chase side=NO change=-0.050 origin=0.630 ask=0.580
2963929,S55_RapidProbability_ChangeChase,NO,1784411152.570383,0.720000,5,1784411159.964286,0.560000,0.036578,-0.836578,prob_change_chase side=NO change=-0.050 origin=0.770 ask=0.720
2963989,S55_RapidProbability_ChangeChase,YES,1784411455.513751,0.750000,5,1784411461.646531,0.720000,0.032959,-0.182959,prob_change_chase side=YES change=0.050 origin=0.700 ask=0.750
2964737,S55_RapidProbability_ChangeChase,NO,1784411765.917176,0.720000,5,1784411766.155843,0.750000,0.036578,0.113422,prob_change_chase side=NO change=-0.050 origin=0.770 ask=0.720
2964877,S55_RapidProbability_ChangeChase,NO,1784412353.447566,0.710000,5,1784412355.952889,0.640000,0.037625,-0.387625,prob_change_chase side=NO change=-0.050 origin=0.760 ask=0.710
2964892,S55_RapidProbability_ChangeChase,YES,1784412611.41076,0.690000,5,1784412618.79613,0.750000,0.039462,0.260538,prob_change_chase side=YES change=0.060 origin=0.630 ask=0.690
2965000,S55_RapidProbability_ChangeChase,YES,1784413373.184572,0.680000,5,1784413380.031962,0.680000,0.040247,-0.040247,prob_change_chase side=YES change=0.040 origin=0.640 ask=0.680
2965065,S55_RapidProbability_ChangeChase,NO,1784413824.158269,0.590000,5,1784413827.033616,0.590000,0.043155,-0.043155,prob_change_chase side=NO change=-0.040 origin=0.630 ask=0.590
2965128,S55_RapidProbability_ChangeChase,NO,1784414107.07087,0.630000,5,1784414110.166052,0.570000,0.042789,-0.342789,prob_change_chase side=NO change=-0.050 origin=0.680 ask=0.630
2965328,S55_RapidProbability_ChangeChase,YES,1784414413.043556,0.670000,5,1784414416.845674,0.680000,0.040941,0.009059,prob_change_chase side=YES change=0.040 origin=0.630 ask=0.670
2965356,S55_RapidProbability_ChangeChase,YES,1784415022.636855,0.640000,5,1784415029.84929,0.680000,0.042467,0.157533,prob_change_chase side=YES change=0.050 origin=0.590 ask=0.640
2966339,S55_RapidProbability_ChangeChase,NO,1784415316.838012,0.520000,5,1784415318.533131,0.480000,0.040495,-0.240495,prob_change_chase side=NO change=-0.060 origin=0.580 ask=0.520
2966363,S55_RapidProbability_ChangeChase,NO,1784415763.625392,0.720000,5,1784415770.42159,0.710000,0.036578,-0.086578,prob_change_chase side=NO change=-0.040 origin=0.760 ask=0.720
2966385,S55_RapidProbability_ChangeChase,NO,1784416003.123944,0.690000,5,1784416010.081524,0.710000,0.039462,0.060538,prob_change_chase side=NO change=-0.040 origin=0.730 ask=0.690
2966451,S55_RapidProbability_ChangeChase,NO,1784416238.294095,0.630000,5,1784416240.860749,0.590000,0.042789,-0.242789,prob_change_chase side=NO change=-0.050 origin=0.680 ask=0.630
2966509,S55_RapidProbability_ChangeChase,YES,1784416518.155971,0.710000,5,1784416525.057844,0.660000,0.037625,-0.287625,prob_change_chase side=YES change=0.060 origin=0.650 ask=0.710
2966536,S55_RapidProbability_ChangeChase,YES,1784416805.72777,0.670000,5,1784416812.659978,0.640000,0.040941,-0.190941,prob_change_chase side=YES change=0.040 origin=0.630 ask=0.670
2966562,S55_RapidProbability_ChangeChase,YES,1784417153.342497,0.650000,5,1784417155.674115,0.600000,0.042052,-0.292052,prob_change_chase side=YES change=0.040 origin=0.610 ask=0.650
2966620,S55_RapidProbability_ChangeChase,NO,1784417538.487492,0.710000,5,1784417540.528786,0.630000,0.037625,-0.437625,prob_change_chase side=NO change=-0.050 origin=0.760 ask=0.710
2966724,S55_RapidProbability_ChangeChase,NO,1784417841.123796,0.630000,5,1784417841.780941,0.640000,0.042789,0.007211,prob_change_chase side=NO change=-0.060 origin=0.690 ask=0.630
2966804,S55_RapidProbability_ChangeChase,NO,1784418115.823262,0.720000,5,1784418121.194107,0.750000,0.036578,0.113422,prob_change_chase side=NO change=-0.050 origin=0.770 ask=0.720
2966846,S55_RapidProbability_ChangeChase,YES,1784418332.508986,0.320000,5,1784418334.217297,0.290000,0.018940,-0.168940,prob_change_chase side=YES change=0.050 origin=0.270 ask=0.320
2966865,S55_RapidProbability_ChangeChase,NO,1784418629.589928,0.660000,5,1784418631.459023,0.670000,0.041543,0.008457,prob_change_chase side=NO change=-0.050 origin=0.710 ask=0.660
2966886,S55_RapidProbability_ChangeChase,YES,1784418938.094177,0.610000,5,1784418941.070788,0.570000,0.043155,-0.243155,prob_change_chase side=YES change=0.040 origin=0.570 ask=0.610
2966949,S55_RapidProbability_ChangeChase,YES,1784419219.499317,0.680000,5,1784419222.775856,0.630000,0.040247,-0.290247,prob_change_chase side=YES change=0.040 origin=0.640 ask=0.680
2966961,S55_RapidProbability_ChangeChase,YES,1784419603.889214,0.750000,5,1784419610.669198,0.750000,0.032959,-0.032959,prob_change_chase side=YES change=0.040 origin=0.710 ask=0.750
2966998,S55_RapidProbability_ChangeChase,NO,1784419820.847701,0.520000,5,1784419824.906078,0.570000,0.040495,0.209505,prob_change_chase side=NO change=-0.060 origin=0.580 ask=0.520
2967013,S55_RapidProbability_ChangeChase,YES,1784420256.400903,0.750000,5,1784420256.728505,0.720000,0.032959,-0.182959,prob_change_chase side=YES change=0.040 origin=0.710 ask=0.750
2967037,S55_RapidProbability_ChangeChase,NO,1784420588.562511,0.640000,5,1784420590.323412,0.620000,0.042467,-0.142467,prob_change_chase side=NO change=-0.040 origin=0.680 ask=0.640
2967046,S55_RapidProbability_ChangeChase,YES,1784420716.94617,0.550000,5,1784420723.478304,0.560000,0.042114,0.007886,prob_change_chase side=YES change=0.050 origin=0.500 ask=0.550
2967065,S55_RapidProbability_ChangeChase,YES,1784421085.385099,0.680000,5,1784421091.143626,0.630000,0.040247,-0.290247,prob_change_chase side=YES change=0.040 origin=0.640 ask=0.680
2967117,S55_RapidProbability_ChangeChase,NO,1784421368.855237,0.650000,5,1784421373.099316,0.610000,0.042052,-0.242052,prob_change_chase side=NO change=-0.060 origin=0.710 ask=0.650
2967247,S55_RapidProbability_ChangeChase,YES,1784422248.956073,0.620000,5,1784422255.989377,0.620000,0.043018,-0.043018,prob_change_chase side=YES change=0.040 origin=0.580 ask=0.620
2967260,S55_RapidProbability_ChangeChase,NO,1784422558.121649,0.640000,5,1784422558.482115,0.650000,0.042467,0.007533,prob_change_chase side=NO change=-0.040 origin=0.680 ask=0.640
2967489,S55_RapidProbability_ChangeChase,NO,1784423901.944522,0.740000,5,1784423903.384051,0.730000,0.034241,-0.084241,prob_change_chase side=NO change=-0.040 origin=0.780 ask=0.740
2967502,S55_RapidProbability_ChangeChase,YES,1784424167.802905,0.750000,5,1784424171.543587,0.670000,0.032959,-0.432959,prob_change_chase side=YES change=0.040 origin=0.710 ask=0.750
2967536,S55_RapidProbability_ChangeChase,YES,1784424324.585081,0.520000,5,1784424324.917749,0.480000,0.040495,-0.240495,prob_change_chase side=YES change=0.050 origin=0.470 ask=0.520
2967884,S55_RapidProbability_ChangeChase,NO,1784426492.880695,0.710000,5,1784426499.512837,0.620000,0.037625,-0.487625,prob_change_chase side=NO change=-0.050 origin=0.760 ask=0.710
2967912,S55_RapidProbability_ChangeChase,YES,1784426728.29324,0.650000,5,1784426734.519601,0.640000,0.042052,-0.092052,prob_change_chase side=YES change=0.040 origin=0.610 ask=0.650
2967926,S55_RapidProbability_ChangeChase,YES,1784427005.920764,0.610000,5,1784427009.05824,0.680000,0.043155,0.306845,prob_change_chase side=YES change=0.040 origin=0.570 ask=0.610
2967953,S55_RapidProbability_ChangeChase,YES,1784427309.009804,0.650000,5,1784427315.725494,0.630000,0.042052,-0.142052,prob_change_chase side=YES change=0.040 origin=0.610 ask=0.650
2967969,S55_RapidProbability_ChangeChase,NO,1784427620.403449,0.610000,5,1784427627.03087,0.590000,0.043155,-0.143155,prob_change_chase side=NO change=-0.040 origin=0.650 ask=0.610
2967990,S55_RapidProbability_ChangeChase,YES,1784428232.681983,0.700000,5,1784428239.330297,0.690000,0.038588,-0.088588,prob_change_chase side=YES change=0.050 origin=0.650 ask=0.700
2968042,S55_RapidProbability_ChangeChase,YES,1784428507.349391,0.640000,5,1784428510.749004,0.710000,0.042467,0.307533,prob_change_chase side=YES change=0.040 origin=0.600 ask=0.640
2968107,S55_RapidProbability_ChangeChase,NO,1784429259.296212,0.730000,5,1784429263.296326,0.730000,0.035449,-0.035449,prob_change_chase side=NO change=-0.040 origin=0.770 ask=0.730
2968131,S55_RapidProbability_ChangeChase,NO,1784429500.576672,0.510000,5,1784429507.116007,0.520000,0.039812,0.010188,prob_change_chase side=NO change=-0.050 origin=0.560 ask=0.510
2968140,S55_RapidProbability_ChangeChase,NO,1784429818.564834,0.660000,5,1784429825.14678,0.650000,0.041543,-0.091543,prob_change_chase side=NO change=-0.050 origin=0.710 ask=0.660
2968144,S55_RapidProbability_ChangeChase,NO,1784430072.979819,0.710000,5,1784430077.284341,0.700000,0.037625,-0.087625,prob_change_chase side=NO change=-0.040 origin=0.750 ask=0.710
2968216,S55_RapidProbability_ChangeChase,NO,1784431005.10419,0.740000,5,1784431006.736994,0.750000,0.034241,0.015759,prob_change_chase side=NO change=-0.050 origin=0.790 ask=0.740
2968229,S55_RapidProbability_ChangeChase,NO,1784431297.818629,0.710000,5,1784431298.402085,0.720000,0.037625,0.012375,prob_change_chase side=NO change=-0.040 origin=0.750 ask=0.710
2968243,S55_RapidProbability_ChangeChase,YES,1784431596.592749,0.720000,5,1784431596.945046,0.690000,0.036578,-0.186578,prob_change_chase side=YES change=0.050 origin=0.670 ask=0.720
2968310,S55_RapidProbability_ChangeChase,YES,1784432119.79861,0.670000,5,1784432120.375213,0.620000,0.040941,-0.290941,prob_change_chase side=YES change=0.040 origin=0.630 ask=0.670
2968363,S55_RapidProbability_ChangeChase,YES,1784432614.395451,0.690000,5,1784432614.833335,0.620000,0.039462,-0.389462,prob_change_chase side=YES change=0.060 origin=0.630 ask=0.690
2968401,S55_RapidProbability_ChangeChase,YES,1784432877.221273,0.690000,5,1784432878.025181,0.700000,0.039462,0.010538,prob_change_chase side=YES change=0.050 origin=0.640 ask=0.690
2968664,S55_RapidProbability_ChangeChase,NO,1784433327.789214,0.510000,5,1784433333.338818,0.460000,0.039812,-0.289812,prob_change_chase side=NO change=-0.060 origin=0.570 ask=0.510
2969035,S55_RapidProbability_ChangeChase,NO,1784433606.99155,0.560000,5,1784433609.428477,0.490000,0.042499,-0.392499,prob_change_chase side=NO change=-0.060 origin=0.620 ask=0.560
2969057,S55_RapidProbability_ChangeChase,NO,1784433990.018073,0.750000,5,1784433996.971691,0.720000,0.032959,-0.182959,prob_change_chase side=NO change=-0.040 origin=0.790 ask=0.750
2969070,S55_RapidProbability_ChangeChase,NO,1784434335.589928,0.720000,5,1784434342.283451,0.740000,0.036578,0.063422,prob_change_chase side=NO change=-0.050 origin=0.770 ask=0.720
2969080,S55_RapidProbability_ChangeChase,YES,1784434524.648542,0.700000,5,1784434526.303643,0.650000,0.038588,-0.288587,prob_change_chase side=YES change=0.060 origin=0.640 ask=0.700
2969090,S55_RapidProbability_ChangeChase,YES,1784434840.200826,0.660000,5,1784434846.715179,0.700000,0.041543,0.158457,prob_change_chase side=YES change=0.040 origin=0.620 ask=0.660
2969204,S55_RapidProbability_ChangeChase,NO,1784435580.856272,0.740000,5,1784435581.31604,0.710000,0.034241,-0.184241,prob_change_chase side=NO change=-0.040 origin=0.780 ask=0.740
2969254,S55_RapidProbability_ChangeChase,YES,1784435727.29114,0.730000,5,1784435734.070137,0.760000,0.035449,0.114551,prob_change_chase side=YES change=0.050 origin=0.680 ask=0.730
2969321,S55_RapidProbability_ChangeChase,NO,1784436496.708418,0.680000,5,1784436498.154797,0.700000,0.040247,0.059753,prob_change_chase side=NO change=-0.050 origin=0.730 ask=0.680
2969326,S55_RapidProbability_ChangeChase,NO,1784436683.261957,0.740000,5,1784436690.009794,0.720000,0.034241,-0.134241,prob_change_chase side=NO change=-0.040 origin=0.780 ask=0.740
2969828,S55_RapidProbability_ChangeChase,YES,1784437203.489902,0.720000,5,1784437210.511238,0.740000,0.036578,0.063422,prob_change_chase side=YES change=0.060 origin=0.660 ask=0.720
2969836,S55_RapidProbability_ChangeChase,NO,1784437558.997022,0.730000,5,1784437566.132887,0.710000,0.035449,-0.135449,prob_change_chase side=NO change=-0.050 origin=0.780 ask=0.730
2969915,S55_RapidProbability_ChangeChase,YES,1784438179.634588,0.630000,5,1784438186.571136,0.650000,0.042789,0.057211,prob_change_chase side=YES change=0.040 origin=0.590 ask=0.630
2969957,S55_RapidProbability_ChangeChase,YES,1784438709.581285,0.590000,5,1784438716.57754,0.620000,0.043155,0.106845,prob_change_chase side=YES change=0.060 origin=0.530 ask=0.590
2970021,S55_RapidProbability_ChangeChase,NO,1784439337.546935,0.700000,5,1784439344.184603,0.530000,0.038588,-0.888587,prob_change_chase side=NO change=-0.040 origin=0.740 ask=0.700
2970088,S55_RapidProbability_ChangeChase,NO,1784440657.658746,0.710000,5,1784440664.505794,0.380000,0.037625,-1.687625,prob_change_chase side=NO change=-0.040 origin=0.750 ask=0.710
2970111,S55_RapidProbability_ChangeChase,NO,1784441321.541596,0.710000,5,1784441322.332908,0.720000,0.037625,0.012375,prob_change_chase side=NO change=-0.040 origin=0.750 ask=0.710
2970154,S55_RapidProbability_ChangeChase,NO,1784442444.083932,0.710000,5,1784442447.8408,0.480000,0.037625,-1.187625,prob_change_chase side=NO change=-0.050 origin=0.760 ask=0.710
2970218,S55_RapidProbability_ChangeChase,NO,1784442938.282612,0.740000,5,1784442945.124138,0.730000,0.034241,-0.084241,prob_change_chase side=NO change=-0.040 origin=0.780 ask=0.740
2970292,S55_RapidProbability_ChangeChase,NO,1784445028.854031,0.610000,5,1784445035.797679,0.460000,0.043155,-0.793155,prob_change_chase side=NO change=-0.040 origin=0.650 ask=0.610
2970341,S55_RapidProbability_ChangeChase,NO,1784446006.359526,0.700000,5,1784446011.507721,0.720000,0.038588,0.061412,prob_change_chase side=NO change=-0.040 origin=0.740 ask=0.700
2970423,S55_RapidProbability_ChangeChase,NO,1784447204.30433,0.740000,5,1784447211.702775,0.710000,0.034241,-0.184241,prob_change_chase side=NO change=-0.040 origin=0.780 ask=0.740
2970433,S55_RapidProbability_ChangeChase,YES,1784447405.747933,0.640000,5,1784447413.149384,0.650000,0.042467,0.007533,prob_change_chase side=YES change=0.040 origin=0.600 ask=0.640
2970474,S55_RapidProbability_ChangeChase,NO,1784447816.358398,0.680000,5,1784447817.187987,0.700000,0.040247,0.059753,prob_change_chase side=NO change=-0.050 origin=0.730 ask=0.680
2970517,S55_RapidProbability_ChangeChase,YES,1784448753.850355,0.730000,5,1784448754.598966,0.730000,0.035449,-0.035449,prob_change_chase side=YES change=0.040 origin=0.690 ask=0.730
2970542,S55_RapidProbability_ChangeChase,NO,1784449103.684137,0.560000,5,1784449104.042251,0.600000,0.042499,0.157501,prob_change_chase side=NO change=-0.050 origin=0.610 ask=0.560
2970588,S55_RapidProbability_ChangeChase,NO,1784449289.287738,0.600000,5,1784449289.533452,0.610000,0.043200,0.006800,prob_change_chase side=NO change=-0.040 origin=0.640 ask=0.600
2970599,S55_RapidProbability_ChangeChase,YES,1784449502.492592,0.550000,5,1784449510.124147,0.520000,0.042114,-0.192114,prob_change_chase side=YES change=0.050 origin=0.500 ask=0.550
2970671,S55_RapidProbability_ChangeChase,NO,1784450135.592207,0.670000,5,1784450141.209913,0.680000,0.040941,0.009059,prob_change_chase side=NO change=-0.050 origin=0.720 ask=0.670
2970751,S55_RapidProbability_ChangeChase,NO,1784450422.117598,0.440000,5,1784450424.192672,0.480000,0.033392,0.166608,prob_change_chase side=NO change=-0.050 origin=0.490 ask=0.440
2970769,S55_RapidProbability_ChangeChase,YES,1784450821.752431,0.740000,5,1784450829.228043,0.720000,0.034241,-0.134241,prob_change_chase side=YES change=0.040 origin=0.700 ask=0.740
2970778,S55_RapidProbability_ChangeChase,YES,1784451017.49417,0.640000,5,1784451024.905408,0.640000,0.042467,-0.042467,prob_change_chase side=YES change=0.040 origin=0.600 ask=0.640
2970892,S55_RapidProbability_ChangeChase,NO,1784452277.23109,0.720000,5,1784452281.124159,0.750000,0.036578,0.113422,prob_change_chase side=NO change=-0.040 origin=0.760 ask=0.720
2970905,S55_RapidProbability_ChangeChase,NO,1784452517.54056,0.690000,5,1784452525.296627,0.700000,0.039462,0.010538,prob_change_chase side=NO change=-0.040 origin=0.730 ask=0.690
2970920,S55_RapidProbability_ChangeChase,NO,1784452899.130413,0.650000,5,1784452899.850987,0.660000,0.042052,0.007948,prob_change_chase side=NO change=-0.060 origin=0.710 ask=0.650
2970935,S55_RapidProbability_ChangeChase,YES,1784453191.399845,0.730000,5,1784453196.68645,0.810000,0.035449,0.364551,prob_change_chase side=YES change=0.050 origin=0.680 ask=0.730
2970940,S55_RapidProbability_ChangeChase,YES,1784453542.087578,0.670000,5,1784453543.351007,0.630000,0.040941,-0.240941,prob_change_chase side=YES change=0.040 origin=0.630 ask=0.670
2970989,S55_RapidProbability_ChangeChase,NO,1784453823.097728,0.370000,5,1784453824.714652,0.320000,0.025130,-0.275130,prob_change_chase side=NO change=-0.050 origin=0.420 ask=0.370
2971016,S55_RapidProbability_ChangeChase,NO,1784454012.447487,0.440000,5,1784454020.139107,0.410000,0.033392,-0.183392,prob_change_chase side=NO change=-0.050 origin=0.490 ask=0.440
2971020,S55_RapidProbability_ChangeChase,NO,1784454385.090473,0.380000,5,1784454386.149395,0.370000,0.026366,-0.076366,prob_change_chase side=NO change=-0.060 origin=0.440 ask=0.380
2971037,S55_RapidProbability_ChangeChase,NO,1784454752.402811,0.620000,5,1784454758.224041,0.540000,0.043018,-0.443018,prob_change_chase side=NO change=-0.040 origin=0.660 ask=0.620
2971183,S55_RapidProbability_ChangeChase,NO,1784454955.264261,0.630000,5,1784454959.209673,0.620000,0.042789,-0.092789,prob_change_chase side=NO change=-0.040 origin=0.670 ask=0.630
2971222,S55_RapidProbability_ChangeChase,NO,1784455269.384633,0.680000,5,1784455275.364165,0.660000,0.040247,-0.140247,prob_change_chase side=NO change=-0.050 origin=0.730 ask=0.680
2971231,S55_RapidProbability_ChangeChase,NO,1784455549.438222,0.670000,5,1784455557.109481,0.650000,0.040941,-0.140941,prob_change_chase side=NO change=-0.060 origin=0.730 ask=0.670
2971272,S55_RapidProbability_ChangeChase,NO,1784456750.885343,0.420000,5,1784456758.317176,0.470000,0.031154,0.218846,prob_change_chase side=NO change=-0.040 origin=0.460 ask=0.420
2971287,S55_RapidProbability_ChangeChase,NO,1784457101.266896,0.690000,5,1784457108.965972,0.650000,0.039462,-0.239462,prob_change_chase side=NO change=-0.040 origin=0.730 ask=0.690
2971333,S55_RapidProbability_ChangeChase,YES,1784457367.044577,0.610000,5,1784457374.904152,0.630000,0.043155,0.056845,prob_change_chase side=YES change=0.040 origin=0.570 ask=0.610
2971348,S55_RapidProbability_ChangeChase,YES,1784457643.204827,0.560000,5,1784457650.954212,0.570000,0.042499,0.007501,prob_change_chase side=YES change=0.050 origin=0.510 ask=0.560
2971360,S55_RapidProbability_ChangeChase,YES,1784457926.578099,0.610000,5,1784457934.19976,0.600000,0.043155,-0.093155,prob_change_chase side=YES change=0.040 origin=0.570 ask=0.610
2971371,S55_RapidProbability_ChangeChase,NO,1784458237.903975,0.580000,5,1784458238.157547,0.590000,0.043022,0.006978,prob_change_chase side=NO change=-0.040 origin=0.620 ask=0.580
2971385,S55_RapidProbability_ChangeChase,NO,1784458722.581153,0.700000,5,1784458723.054944,0.710000,0.038588,0.011412,prob_change_chase side=NO change=-0.040 origin=0.740 ask=0.700
2971404,S55_RapidProbability_ChangeChase,NO,1784458838.207963,0.740000,5,1784458841.050922,0.770000,0.034241,0.115759,prob_change_chase side=NO change=-0.040 origin=0.780 ask=0.740
2971414,S55_RapidProbability_ChangeChase,NO,1784459413.490519,0.580000,5,1784459421.647751,0.560000,0.043022,-0.143022,prob_change_chase side=NO change=-0.040 origin=0.620 ask=0.580
2971444,S55_RapidProbability_ChangeChase,YES,1784460047.017387,0.740000,5,1784460051.286004,0.760000,0.034241,0.065759,prob_change_chase side=YES change=0.040 origin=0.700 ask=0.740
2971464,S55_RapidProbability_ChangeChase,YES,1784460699.252452,0.710000,5,1784460705.284841,0.690000,0.037625,-0.137625,prob_change_chase side=YES change=0.050 origin=0.660 ask=0.710
2971515,S55_RapidProbability_ChangeChase,NO,1784461078.196886,0.750000,5,1784461084.583869,0.760000,0.032959,0.017041,prob_change_chase side=NO change=-0.050 origin=0.800 ask=0.750
2971558,S55_RapidProbability_ChangeChase,NO,1784461304.179434,0.650000,5,1784461311.810689,0.600000,0.042052,-0.292052,prob_change_chase side=NO change=-0.060 origin=0.710 ask=0.650
2971562,S55_RapidProbability_ChangeChase,YES,1784461529.444026,0.610000,5,1784461530.212291,0.510000,0.043155,-0.543155,prob_change_chase side=YES change=0.040 origin=0.570 ask=0.610
2971585,S55_RapidProbability_ChangeChase,NO,1784461860.678941,0.620000,5,1784461868.793313,0.620000,0.043018,-0.043018,prob_change_chase side=NO change=-0.040 origin=0.660 ask=0.620
2971744,S55_RapidProbability_ChangeChase,NO,1784462179.133328,0.750000,5,1784462187.080994,0.470000,0.032959,-1.432959,prob_change_chase side=NO change=-0.040 origin=0.790 ask=0.750
2971763,S55_RapidProbability_ChangeChase,NO,1784462517.219227,0.750000,5,1784462523.127867,0.750000,0.032959,-0.032959,prob_change_chase side=NO change=-0.040 origin=0.790 ask=0.750
2971786,S55_RapidProbability_ChangeChase,NO,1784462751.209901,0.750000,5,1784462757.601152,0.740000,0.032959,-0.082959,prob_change_chase side=NO change=-0.040 origin=0.790 ask=0.750
2971796,S55_RapidProbability_ChangeChase,YES,1784463012.557504,0.570000,5,1784463017.985236,0.590000,0.042803,0.057197,prob_change_chase side=YES change=0.060 origin=0.510 ask=0.570
2971826,S55_RapidProbability_ChangeChase,YES,1784463639.862571,0.750000,5,1784463647.753286,0.790000,0.032959,0.167041,prob_change_chase side=YES change=0.050 origin=0.700 ask=0.750
2971828,S55_RapidProbability_ChangeChase,YES,1784463924.799833,0.660000,5,1784463932.39508,0.580000,0.041543,-0.441543,prob_change_chase side=YES change=0.040 origin=0.620 ask=0.660
2971841,S55_RapidProbability_ChangeChase,NO,1784464205.331063,0.370000,5,1784464205.885099,0.360000,0.025130,-0.075130,prob_change_chase side=NO change=-0.060 origin=0.430 ask=0.370
2971893,S55_RapidProbability_ChangeChase,YES,1784464527.297317,0.710000,5,1784464535.192281,0.740000,0.037625,0.112375,prob_change_chase side=YES change=0.050 origin=0.660 ask=0.710
2971906,S55_RapidProbability_ChangeChase,NO,1784464863.547896,0.630000,5,1784464870.931405,0.610000,0.042789,-0.142789,prob_change_chase side=NO change=-0.040 origin=0.670 ask=0.630
2971916,S55_RapidProbability_ChangeChase,NO,1784465261.498556,0.750000,5,1784465262.445422,0.730000,0.032959,-0.132959,prob_change_chase side=NO change=-0.040 origin=0.790 ask=0.750
2971992,S55_RapidProbability_ChangeChase,YES,1784465914.948657,0.530000,5,1784465915.711295,0.530000,0.041109,-0.041109,prob_change_chase side=YES change=0.050 origin=0.480 ask=0.530
2972020,S55_RapidProbability_ChangeChase,YES,1784466341.408506,0.590000,5,1784466349.150047,0.570000,0.043155,-0.143155,prob_change_chase side=YES change=0.060 origin=0.530 ask=0.590
2972026,S55_RapidProbability_ChangeChase,NO,1784466638.680616,0.720000,5,1784466639.167151,0.730000,0.036578,0.013422,prob_change_chase side=NO change=-0.040 origin=0.760 ask=0.720
2972041,S55_RapidProbability_ChangeChase,YES,1784466967.837533,0.750000,5,1784466971.690609,0.700000,0.032959,-0.282959,prob_change_chase side=YES change=0.050 origin=0.700 ask=0.750
2972051,S55_RapidProbability_ChangeChase,YES,1784467239.866764,0.670000,5,1784467244.448261,0.630000,0.040941,-0.240941,prob_change_chase side=YES change=0.040 origin=0.630 ask=0.670
2972057,S55_RapidProbability_ChangeChase,YES,1784467568.794973,0.720000,5,1784467576.599114,0.710000,0.036578,-0.086578,prob_change_chase side=YES change=0.060 origin=0.660 ask=0.720
2972156,S55_RapidProbability_ChangeChase,YES,1784468176.657409,0.730000,5,1784468178.264412,0.670000,0.035449,-0.335449,prob_change_chase side=YES change=0.040 origin=0.690 ask=0.730
2972215,S55_RapidProbability_ChangeChase,NO,1784468424.166161,0.530000,5,1784468432.143959,0.490000,0.041109,-0.241109,prob_change_chase side=NO change=-0.060 origin=0.590 ask=0.530
2972241,S55_RapidProbability_ChangeChase,YES,1784469058.792444,0.660000,5,1784469063.393332,0.760000,0.041543,0.458457,prob_change_chase side=YES change=0.040 origin=0.620 ask=0.660
2972254,S55_RapidProbability_ChangeChase,NO,1784469417.894239,0.700000,5,1784469426.133604,0.570000,0.038588,-0.688588,prob_change_chase side=NO change=-0.040 origin=0.740 ask=0.700
2972269,S55_RapidProbability_ChangeChase,NO,1784469691.134489,0.530000,5,1784469699.161624,0.470000,0.041109,-0.341109,prob_change_chase side=NO change=-0.060 origin=0.590 ask=0.530
2972280,S55_RapidProbability_ChangeChase,NO,1784469961.141559,0.650000,5,1784469969.330076,0.640000,0.042052,-0.092052,prob_change_chase side=NO change=-0.050 origin=0.700 ask=0.650
2972319,S55_RapidProbability_ChangeChase,YES,1784470303.363511,0.700000,5,1784470308.845561,0.770000,0.038588,0.311413,prob_change_chase side=YES change=0.060 origin=0.640 ask=0.700
2972355,S55_RapidProbability_ChangeChase,NO,1784471183.091108,0.720000,5,1784471183.517453,0.750000,0.036578,0.113422,prob_change_chase side=NO change=-0.050 origin=0.770 ask=0.720
2972369,S55_RapidProbability_ChangeChase,NO,1784471475.166664,0.530000,5,1784471483.571019,0.460000,0.041109,-0.391109,prob_change_chase side=NO change=-0.060 origin=0.590 ask=0.530
2972421,S55_RapidProbability_ChangeChase,YES,1784471725.329437,0.640000,5,1784471726.311143,0.570000,0.042467,-0.392467,prob_change_chase side=YES change=0.040 origin=0.600 ask=0.640
2972455,S55_RapidProbability_ChangeChase,YES,1784472638.091847,0.740000,5,1784472638.256946,0.680000,0.034241,-0.334241,prob_change_chase side=YES change=0.040 origin=0.700 ask=0.740
2972480,S55_RapidProbability_ChangeChase,YES,1784473275.251333,0.640000,5,1784473278.563509,0.710000,0.042467,0.307533,prob_change_chase side=YES change=0.040 origin=0.600 ask=0.640
2972492,S55_RapidProbability_ChangeChase,NO,1784473605.688606,0.620000,5,1784473613.808578,0.490000,0.043018,-0.693018,prob_change_chase side=NO change=-0.050 origin=0.670 ask=0.620
2972497,S55_RapidProbability_ChangeChase,NO,1784473802.927928,0.600000,5,1784473805.362032,0.530000,0.043200,-0.393200,prob_change_chase side=NO change=-0.040 origin=0.640 ask=0.600
2972512,S55_RapidProbability_ChangeChase,YES,1784474110.802775,0.680000,5,1784474118.833918,0.700000,0.040247,0.059753,prob_change_chase side=YES change=0.050 origin=0.630 ask=0.680
2972542,S55_RapidProbability_ChangeChase,NO,1784474487.224473,0.590000,5,1784474491.841995,0.620000,0.043155,0.106845,prob_change_chase side=NO change=-0.040 origin=0.630 ask=0.590
2972561,S55_RapidProbability_ChangeChase,NO,1784474841.841228,0.690000,5,1784474849.604171,0.670000,0.039462,-0.139462,prob_change_chase side=NO change=-0.040 origin=0.730 ask=0.690
2972579,S55_RapidProbability_ChangeChase,NO,1784475043.628305,0.610000,5,1784475050.460203,0.610000,0.043155,-0.043155,prob_change_chase side=NO change=-0.040 origin=0.650 ask=0.610
2972622,S55_RapidProbability_ChangeChase,YES,1784475320.996877,0.730000,5,1784475328.890754,0.730000,0.035449,-0.035449,prob_change_chase side=YES change=0.060 origin=0.670 ask=0.730
2972635,S55_RapidProbability_ChangeChase,YES,1784475658.928852,0.750000,5,1784475660.76067,0.730000,0.032959,-0.132959,prob_change_chase side=YES change=0.050 origin=0.700 ask=0.750
2972643,S55_RapidProbability_ChangeChase,YES,1784476012.252032,0.740000,5,1784476014.741792,0.530000,0.034241,-1.084241,prob_change_chase side=YES change=0.050 origin=0.690 ask=0.740
2972660,S55_RapidProbability_ChangeChase,NO,1784476360.290449,0.620000,5,1784476366.361374,0.660000,0.043018,0.156982,prob_change_chase side=NO change=-0.040 origin=0.660 ask=0.620
2972996,S55_RapidProbability_ChangeChase,YES,1784477132.289487,0.610000,5,1784477140.425666,0.640000,0.043155,0.106845,prob_change_chase side=YES change=0.040 origin=0.570 ask=0.610
2973008,S55_RapidProbability_ChangeChase,NO,1784477493.948609,0.560000,5,1784477502.150661,0.460000,0.042499,-0.542499,prob_change_chase side=NO change=-0.060 origin=0.620 ask=0.560
2973024,S55_RapidProbability_ChangeChase,NO,1784477749.385468,0.750000,5,1784477752.596291,0.750000,0.032959,-0.032959,prob_change_chase side=NO change=-0.040 origin=0.790 ask=0.750
2973046,S55_RapidProbability_ChangeChase,NO,1784478341.012771,0.740000,5,1784478349.093601,0.740000,0.034241,-0.034241,prob_change_chase side=NO change=-0.050 origin=0.790 ask=0.740
2973142,S55_RapidProbability_ChangeChase,NO,1784478957.624565,0.620000,5,1784478965.889137,0.410000,0.043018,-1.093018,prob_change_chase side=NO change=-0.040 origin=0.660 ask=0.620
2973162,S55_RapidProbability_ChangeChase,YES,1784479210.988165,0.660000,5,1784479211.394204,0.610000,0.041543,-0.291543,prob_change_chase side=YES change=0.040 origin=0.620 ask=0.660
2973192,S55_RapidProbability_ChangeChase,NO,1784479565.758159,0.640000,5,1784479567.400046,0.530000,0.042467,-0.592467,prob_change_chase side=NO change=-0.050 origin=0.690 ask=0.640
2973212,S55_RapidProbability_ChangeChase,NO,1784479824.11947,0.560000,5,1784479830.072653,0.600000,0.042499,0.157501,prob_change_chase side=NO change=-0.060 origin=0.620 ask=0.560
2973648,S55_RapidProbability_ChangeChase,NO,1784480242.496608,0.420000,5,1784480250.384315,0.410000,0.031154,-0.081154,prob_change_chase side=NO change=-0.050 origin=0.470 ask=0.420
2973669,S55_RapidProbability_ChangeChase,NO,1784480490.363428,0.720000,5,1784480491.69825,0.630000,0.036578,-0.486578,prob_change_chase side=NO change=-0.040 origin=0.760 ask=0.720
2973678,S55_RapidProbability_ChangeChase,YES,1784480742.97441,0.700000,5,1784480744.344287,0.710000,0.038588,0.011412,prob_change_chase side=YES change=0.050 origin=0.650 ask=0.700
2973688,S55_RapidProbability_ChangeChase,YES,1784481046.26971,0.670000,5,1784481050.368155,0.610000,0.040941,-0.340941,prob_change_chase side=YES change=0.050 origin=0.620 ask=0.670
2973703,S55_RapidProbability_ChangeChase,YES,1784481304.300352,0.570000,5,1784481306.267977,0.640000,0.042803,0.307197,prob_change_chase side=YES change=0.060 origin=0.510 ask=0.570
2973714,S55_RapidProbability_ChangeChase,YES,1784481695.872051,0.550000,5,1784481696.701562,0.630000,0.042114,0.357886,prob_change_chase side=YES change=0.050 origin=0.500 ask=0.550
2973726,S55_RapidProbability_ChangeChase,NO,1784481954.287303,0.640000,5,1784481961.30365,0.670000,0.042467,0.107533,prob_change_chase side=NO change=-0.040 origin=0.680 ask=0.640
2973749,S55_RapidProbability_ChangeChase,NO,1784482237.267648,0.560000,5,1784482245.293454,0.390000,0.042499,-0.892499,prob_change_chase side=NO change=-0.060 origin=0.620 ask=0.560
2973795,S55_RapidProbability_ChangeChase,YES,1784482514.167817,0.690000,5,1784482522.196115,0.720000,0.039462,0.110538,prob_change_chase side=YES change=0.050 origin=0.640 ask=0.690
2974013,S55_RapidProbability_ChangeChase,NO,1784483127.494461,0.660000,5,1784483128.018679,0.600000,0.041543,-0.341543,prob_change_chase side=NO change=-0.050 origin=0.710 ask=0.660
2974027,S55_RapidProbability_ChangeChase,NO,1784483497.713398,0.670000,5,1784483505.827525,0.670000,0.040941,-0.040941,prob_change_chase side=NO change=-0.060 origin=0.730 ask=0.670
2974061,S55_RapidProbability_ChangeChase,NO,1784483816.991975,0.620000,5,1784483825.382823,0.600000,0.043018,-0.143018,prob_change_chase side=NO change=-0.050 origin=0.670 ask=0.620
2974283,S55_RapidProbability_ChangeChase,NO,1784484048.138282,0.560000,5,1784484051.170197,0.530000,0.042499,-0.192499,prob_change_chase side=NO change=-0.060 origin=0.620 ask=0.560
2974289,S55_RapidProbability_ChangeChase,NO,1784484380.601177,0.630000,5,1784484388.661997,0.530000,0.042789,-0.542789,prob_change_chase side=NO change=-0.060 origin=0.690 ask=0.630
2974386,S55_RapidProbability_ChangeChase,YES,1784484604.025803,0.610000,5,1784484612.465379,0.610000,0.043155,-0.043155,prob_change_chase side=YES change=0.040 origin=0.570 ask=0.610
2974396,S55_RapidProbability_ChangeChase,NO,1784484953.449603,0.690000,5,1784484955.361181,0.720000,0.039462,0.110538,prob_change_chase side=NO change=-0.040 origin=0.730 ask=0.690
2974411,S55_RapidProbability_ChangeChase,NO,1784485206.683656,0.520000,5,1784485215.363893,0.520000,0.040495,-0.040495,prob_change_chase side=NO change=-0.040 origin=0.560 ask=0.520
2974424,S55_RapidProbability_ChangeChase,NO,1784485522.725783,0.560000,5,1784485524.152397,0.580000,0.042499,0.057501,prob_change_chase side=NO change=-0.060 origin=0.620 ask=0.560
2974445,S55_RapidProbability_ChangeChase,NO,1784485809.509152,0.580000,5,1784485817.594031,0.520000,0.043022,-0.343022,prob_change_chase side=NO change=-0.040 origin=0.620 ask=0.580
2974503,S55_RapidProbability_ChangeChase,NO,1784486622.213727,0.690000,5,1784486624.060553,0.720000,0.039462,0.110538,prob_change_chase side=NO change=-0.040 origin=0.730 ask=0.690
2974508,S55_RapidProbability_ChangeChase,YES,1784486738.233994,0.750000,5,1784486746.620502,0.740000,0.032959,-0.082959,prob_change_chase side=YES change=0.050 origin=0.700 ask=0.750
2974539,S55_RapidProbability_ChangeChase,NO,1784487072.525983,0.740000,5,1784487076.729283,0.780000,0.034241,0.165759,prob_change_chase side=NO change=-0.050 origin=0.790 ask=0.740
2976509,S55_RapidProbability_ChangeChase,NO,1784487630.870949,0.560000,5,1784487634.210847,0.600000,0.042499,0.157501,prob_change_chase side=NO change=-0.050 origin=0.610 ask=0.560
2977253,S55_RapidProbability_ChangeChase,YES,1784487963.310158,0.640000,5,1784487971.824429,0.650000,0.042467,0.007533,prob_change_chase side=YES change=0.050 origin=0.590 ask=0.640
2977262,S55_RapidProbability_ChangeChase,NO,1784488204.443557,0.600000,5,1784488213.222983,0.630000,0.043200,0.106800,prob_change_chase side=NO change=-0.040 origin=0.640 ask=0.600
2977282,S55_RapidProbability_ChangeChase,YES,1784488598.156606,0.730000,5,1784488605.203802,0.740000,0.035449,0.014551,prob_change_chase side=YES change=0.040 origin=0.690 ask=0.730
2977287,S55_RapidProbability_ChangeChase,NO,1784489003.238229,0.590000,5,1784489004.082912,0.600000,0.043155,0.006845,prob_change_chase side=NO change=-0.040 origin=0.630 ask=0.590
2977300,S55_RapidProbability_ChangeChase,NO,1784489209.333418,0.660000,5,1784489217.180596,0.490000,0.041543,-0.891543,prob_change_chase side=NO change=-0.050 origin=0.710 ask=0.660
2977312,S55_RapidProbability_ChangeChase,NO,1784489455.141003,0.750000,5,1784489455.418065,0.780000,0.032959,0.117041,prob_change_chase side=NO change=-0.050 origin=0.800 ask=0.750
2977366,S55_RapidProbability_ChangeChase,YES,1784489847.155498,0.620000,5,1784489853.167327,0.690000,0.043018,0.306982,prob_change_chase side=YES change=0.050 origin=0.570 ask=0.620
2977432,S55_RapidProbability_ChangeChase,NO,1784490052.051519,0.510000,5,1784490060.526575,0.490000,0.039812,-0.139812,prob_change_chase side=NO change=-0.040 origin=0.550 ask=0.510
2977440,S55_RapidProbability_ChangeChase,NO,1784490372.639916,0.700000,5,1784490373.873834,0.650000,0.038588,-0.288587,prob_change_chase side=NO change=-0.050 origin=0.750 ask=0.700
2977469,S55_RapidProbability_ChangeChase,NO,1784490607.365041,0.640000,5,1784490615.698941,0.590000,0.042467,-0.292467,prob_change_chase side=NO change=-0.040 origin=0.680 ask=0.640
2977516,S55_RapidProbability_ChangeChase,YES,1784491049.009156,0.680000,5,1784491050.917025,0.770000,0.040247,0.409753,prob_change_chase side=YES change=0.050 origin=0.630 ask=0.680
2977538,S55_RapidProbability_ChangeChase,YES,1784491209.055496,0.690000,5,1784491212.071325,0.770000,0.039462,0.360538,prob_change_chase side=YES change=0.060 origin=0.630 ask=0.690
2977731,S55_RapidProbability_ChangeChase,NO,1784492416.86875,0.610000,5,1784492425.332752,0.560000,0.043155,-0.293155,prob_change_chase side=NO change=-0.050 origin=0.660 ask=0.610
2977743,S55_RapidProbability_ChangeChase,NO,1784492756.493195,0.670000,5,1784492759.553148,0.660000,0.040941,-0.090941,prob_change_chase side=NO change=-0.050 origin=0.720 ask=0.670
2977830,S55_RapidProbability_ChangeChase,NO,1784493387.958375,0.740000,5,1784493391.223788,0.750000,0.034241,0.015759,prob_change_chase side=NO change=-0.040 origin=0.780 ask=0.740
2977997,S55_RapidProbability_ChangeChase,NO,1784493650.9994,0.660000,5,1784493659.138906,0.530000,0.041543,-0.691543,prob_change_chase side=NO change=-0.050 origin=0.710 ask=0.660
2978050,S55_RapidProbability_ChangeChase,NO,1784494321.140583,0.690000,5,1784494329.223237,0.650000,0.039462,-0.239462,prob_change_chase side=NO change=-0.040 origin=0.730 ask=0.690
2978076,S55_RapidProbability_ChangeChase,YES,1784494595.946032,0.610000,5,1784494597.069767,0.680000,0.043155,0.306845,prob_change_chase side=YES change=0.050 origin=0.560 ask=0.610
2978133,S55_RapidProbability_ChangeChase,YES,1784494836.770167,0.430000,5,1784494844.883742,0.400000,0.032290,-0.182290,prob_change_chase side=YES change=0.050 origin=0.380 ask=0.430
2978184,S55_RapidProbability_ChangeChase,NO,1784496018.152962,0.580000,5,1784496026.49036,0.560000,0.043022,-0.143022,prob_change_chase side=NO change=-0.050 origin=0.630 ask=0.580
2978201,S55_RapidProbability_ChangeChase,NO,1784496320.910687,0.640000,5,1784496328.438574,0.510000,0.042467,-0.692467,prob_change_chase side=NO change=-0.040 origin=0.680 ask=0.640
2978264,S55_RapidProbability_ChangeChase,NO,1784497125.038322,0.450000,5,1784497131.189771,0.480000,0.034457,0.115543,prob_change_chase side=NO change=-0.060 origin=0.510 ask=0.450
2978293,S55_RapidProbability_ChangeChase,YES,1784497701.828216,0.750000,5,1784497704.286853,0.820000,0.032959,0.317041,prob_change_chase side=YES change=0.040 origin=0.710 ask=0.750
2978306,S55_RapidProbability_ChangeChase,NO,1784497872.079969,0.580000,5,1784497879.504717,0.510000,0.043022,-0.393022,prob_change_chase side=NO change=-0.050 origin=0.630 ask=0.580
2978315,S55_RapidProbability_ChangeChase,NO,1784498197.160817,0.610000,5,1784498197.736227,0.620000,0.043155,0.006845,prob_change_chase side=NO change=-0.050 origin=0.660 ask=0.610
2978330,S55_RapidProbability_ChangeChase,NO,1784498419.489204,0.680000,5,1784498426.858799,0.490000,0.040247,-0.990247,prob_change_chase side=NO change=-0.060 origin=0.740 ask=0.680
2978346,S55_RapidProbability_ChangeChase,NO,1784498732.75853,0.670000,5,1784498737.677947,0.660000,0.040941,-0.090941,prob_change_chase side=NO change=-0.050 origin=0.720 ask=0.670
2978362,S55_RapidProbability_ChangeChase,NO,1784499012.656685,0.520000,5,1784499020.178104,0.480000,0.040495,-0.240495,prob_change_chase side=NO change=-0.060 origin=0.580 ask=0.520
2978379,S55_RapidProbability_ChangeChase,YES,1784499303.344481,0.550000,5,1784499307.229376,0.620000,0.042114,0.307886,prob_change_chase side=YES change=0.040 origin=0.510 ask=0.550
2978429,S55_RapidProbability_ChangeChase,NO,1784499603.842304,0.540000,5,1784499610.16594,0.430000,0.041649,-0.591649,prob_change_chase side=NO change=-0.050 origin=0.590 ask=0.540
2978577,S55_RapidProbability_ChangeChase,NO,1784499934.92259,0.520000,5,1784499942.107827,0.520000,0.040495,-0.040495,prob_change_chase side=NO change=-0.060 origin=0.580 ask=0.520
2978588,S55_RapidProbability_ChangeChase,YES,1784500244.531016,0.640000,5,1784500251.185512,0.710000,0.042467,0.307533,prob_change_chase side=YES change=0.050 origin=0.590 ask=0.640
2978644,S55_RapidProbability_ChangeChase,NO,1784500510.503167,0.520000,5,1784500514.905368,0.520000,0.040495,-0.040495,prob_change_chase side=NO change=-0.040 origin=0.560 ask=0.520
2978674,S55_RapidProbability_ChangeChase,NO,1784500819.421957,0.640000,5,1784500824.854839,0.660000,0.042467,0.057533,prob_change_chase side=NO change=-0.050 origin=0.690 ask=0.640
2978684,S55_RapidProbability_ChangeChase,NO,1784501110.321138,0.640000,5,1784501116.134621,0.700000,0.042467,0.257533,prob_change_chase side=NO change=-0.040 origin=0.680 ask=0.640
2978698,S55_RapidProbability_ChangeChase,NO,1784501461.038231,0.630000,5,1784501466.666914,0.650000,0.042789,0.057211,prob_change_chase side=NO change=-0.040 origin=0.670 ask=0.630
2978708,S55_RapidProbability_ChangeChase,NO,1784501727.622655,0.620000,5,1784501727.87091,0.640000,0.043018,0.056982,prob_change_chase side=NO change=-0.050 origin=0.670 ask=0.620
2978734,S55_RapidProbability_ChangeChase,NO,1784502026.142515,0.740000,5,1784502033.106434,0.820000,0.034241,0.365759,prob_change_chase side=NO change=-0.050 origin=0.790 ask=0.740
2978746,S55_RapidProbability_ChangeChase,YES,1784502356.136261,0.730000,5,1784502359.067692,0.720000,0.035449,-0.085449,prob_change_chase side=YES change=0.050 origin=0.680 ask=0.730
2978753,S55_RapidProbability_ChangeChase,YES,1784502671.672221,0.740000,5,1784502672.710824,0.710000,0.034241,-0.184241,prob_change_chase side=YES change=0.060 origin=0.680 ask=0.740
2978759,S55_RapidProbability_ChangeChase,NO,1784503139.827602,0.750000,5,1784503142.176831,0.720000,0.032959,-0.182959,prob_change_chase side=NO change=-0.050 origin=0.800 ask=0.750
2978775,S55_RapidProbability_ChangeChase,NO,1784503246.045962,0.740000,5,1784503253.18114,0.630000,0.034241,-0.584241,prob_change_chase side=NO change=-0.040 origin=0.780 ask=0.740
2978819,S55_RapidProbability_ChangeChase,YES,1784503528.709374,0.610000,5,1784503535.466376,0.610000,0.043155,-0.043155,prob_change_chase side=YES change=0.040 origin=0.570 ask=0.610
2978830,S55_RapidProbability_ChangeChase,NO,1784503816.999089,0.520000,5,1784503823.856064,0.280000,0.040495,-1.240495,prob_change_chase side=NO change=-0.050 origin=0.570 ask=0.520
2978843,S55_RapidProbability_ChangeChase,YES,1784504122.392163,0.610000,5,1784504124.659596,0.560000,0.043155,-0.293155,prob_change_chase side=YES change=0.040 origin=0.570 ask=0.610
2978848,S55_RapidProbability_ChangeChase,YES,1784504519.52221,0.640000,5,1784504524.400646,0.620000,0.042467,-0.142467,prob_change_chase side=YES change=0.040 origin=0.600 ask=0.640
2978861,S55_RapidProbability_ChangeChase,YES,1784504704.192768,0.650000,5,1784504707.35994,0.600000,0.042052,-0.292052,prob_change_chase side=YES change=0.040 origin=0.610 ask=0.650
2978877,S55_RapidProbability_ChangeChase,NO,1784505025.665271,0.520000,5,1784505032.483426,0.500000,0.040495,-0.140495,prob_change_chase side=NO change=-0.060 origin=0.580 ask=0.520
2978898,S55_RapidProbability_ChangeChase,YES,1784505349.893328,0.530000,5,1784505355.318305,0.610000,0.041109,0.358891,prob_change_chase side=YES change=0.040 origin=0.490 ask=0.530
2978936,S55_RapidProbability_ChangeChase,NO,1784505612.742062,0.740000,5,1784505619.767933,0.700000,0.034241,-0.234241,prob_change_chase side=NO change=-0.050 origin=0.790 ask=0.740
2978938,S55_RapidProbability_ChangeChase,YES,1784505915.678621,0.660000,5,1784505921.495893,0.600000,0.041543,-0.341543,prob_change_chase side=YES change=0.040 origin=0.620 ask=0.660
2978951,S55_RapidProbability_ChangeChase,YES,1784506203.207249,0.600000,5,1784506207.222276,0.540000,0.043200,-0.343200,prob_change_chase side=YES change=0.060 origin=0.540 ask=0.600
2978961,S55_RapidProbability_ChangeChase,NO,1784506502.286998,0.550000,5,1784506509.137187,0.420000,0.042114,-0.692114,prob_change_chase side=NO change=-0.060 origin=0.610 ask=0.550
2978968,S55_RapidProbability_ChangeChase,NO,1784506805.210927,0.620000,5,1784506805.986954,0.650000,0.043018,0.106982,prob_change_chase side=NO change=-0.040 origin=0.660 ask=0.620
2978976,S55_RapidProbability_ChangeChase,NO,1784507118.181124,0.670000,5,1784507124.65341,0.630000,0.040941,-0.240941,prob_change_chase side=NO change=-0.050 origin=0.720 ask=0.670
2978998,S55_RapidProbability_ChangeChase,NO,1784507429.11134,0.680000,5,1784507435.812634,0.620000,0.040247,-0.340247,prob_change_chase side=NO change=-0.050 origin=0.730 ask=0.680
2979018,S55_RapidProbability_ChangeChase,NO,1784507724.218483,0.430000,5,1784507730.989763,0.380000,0.032290,-0.282290,prob_change_chase side=NO change=-0.050 origin=0.480 ask=0.430
2979081,S55_RapidProbability_ChangeChase,NO,1784508005.590217,0.580000,5,1784508010.526865,0.530000,0.043022,-0.293022,prob_change_chase side=NO change=-0.040 origin=0.620 ask=0.580
2979098,S55_RapidProbability_ChangeChase,NO,1784508318.932795,0.650000,5,1784508321.288791,0.620000,0.042052,-0.192052,prob_change_chase side=NO change=-0.050 origin=0.700 ask=0.650
2979114,S55_RapidProbability_ChangeChase,NO,1784508619.030647,0.420000,5,1784508622.070411,0.430000,0.031154,0.018846,prob_change_chase side=NO change=-0.040 origin=0.460 ask=0.420
2979123,S55_RapidProbability_ChangeChase,NO,1784508935.749082,0.490000,5,1784508942.271008,0.460000,0.038251,-0.188251,prob_change_chase side=NO change=-0.040 origin=0.530 ask=0.490
2979315,S55_RapidProbability_ChangeChase,YES,1784509206.188918,0.580000,5,1784509206.96326,0.520000,0.043022,-0.343022,prob_change_chase side=YES change=0.050 origin=0.530 ask=0.580
2979322,S55_RapidProbability_ChangeChase,YES,1784509526.875967,0.610000,5,1784509528.390151,0.580000,0.043155,-0.193155,prob_change_chase side=YES change=0.040 origin=0.570 ask=0.610
2979331,S55_RapidProbability_ChangeChase,YES,1784509806.188129,0.570000,5,1784509807.436386,0.480000,0.042803,-0.492803,prob_change_chase side=YES change=0.060 origin=0.510 ask=0.570
2979347,S55_RapidProbability_ChangeChase,YES,1784510108.341586,0.560000,5,1784510109.824684,0.520000,0.042499,-0.242499,prob_change_chase side=YES change=0.040 origin=0.520 ask=0.560
2979354,S55_RapidProbability_ChangeChase,NO,1784510420.476613,0.530000,5,1784510423.310608,0.570000,0.041109,0.158891,prob_change_chase side=NO change=-0.050 origin=0.580 ask=0.530
2979383,S55_RapidProbability_ChangeChase,NO,1784510709.304145,0.550000,5,1784510716.043616,0.440000,0.042114,-0.592114,prob_change_chase side=NO change=-0.060 origin=0.610 ask=0.550
2979392,S55_RapidProbability_ChangeChase,NO,1784511042.743401,0.550000,5,1784511049.414928,0.480000,0.042114,-0.392114,prob_change_chase side=NO change=-0.050 origin=0.600 ask=0.550
2979448,S55_RapidProbability_ChangeChase,NO,1784511321.979987,0.550000,5,1784511328.569706,0.500000,0.042114,-0.292114,prob_change_chase side=NO change=-0.050 origin=0.600 ask=0.550
2979523,S55_RapidProbability_ChangeChase,NO,1784511676.608423,0.590000,5,1784511683.418837,0.600000,0.043155,0.006845,prob_change_chase side=NO change=-0.040 origin=0.630 ask=0.590
2979532,S55_RapidProbability_ChangeChase,YES,1784511922.440713,0.620000,5,1784511925.786047,0.570000,0.043018,-0.293018,prob_change_chase side=YES change=0.050 origin=0.570 ask=0.620
2979564,S55_RapidProbability_ChangeChase,YES,1784512540.581874,0.610000,5,1784512545.517137,0.540000,0.043155,-0.393155,prob_change_chase side=YES change=0.050 origin=0.560 ask=0.610
2979578,S55_RapidProbability_ChangeChase,YES,1784512825.623743,0.670000,5,1784512829.815316,0.740000,0.040941,0.309059,prob_change_chase side=YES change=0.050 origin=0.620 ask=0.670
2979588,S55_RapidProbability_ChangeChase,NO,1784513107.549498,0.520000,5,1784513111.506021,0.580000,0.040495,0.259505,prob_change_chase side=NO change=-0.050 origin=0.570 ask=0.520
2979614,S55_RapidProbability_ChangeChase,NO,1784513446.099577,0.750000,5,1784513447.901418,0.760000,0.032959,0.017041,prob_change_chase side=NO change=-0.050 origin=0.800 ask=0.750
2979634,S55_RapidProbability_ChangeChase,NO,1784513729.782123,0.600000,5,1784513734.309533,0.630000,0.043200,0.106800,prob_change_chase side=NO change=-0.040 origin=0.640 ask=0.600
2979643,S55_RapidProbability_ChangeChase,NO,1784514006.362019,0.600000,5,1784514007.814075,0.640000,0.043200,0.156800,prob_change_chase side=NO change=-0.050 origin=0.650 ask=0.600
2979661,S55_RapidProbability_ChangeChase,YES,1784514315.029868,0.630000,5,1784514321.49135,0.660000,0.042789,0.107211,prob_change_chase side=YES change=0.040 origin=0.590 ask=0.630
2979678,S55_RapidProbability_ChangeChase,NO,1784514605.670952,0.420000,5,1784514608.257186,0.470000,0.031154,0.218846,prob_change_chase side=NO change=-0.060 origin=0.480 ask=0.420
2979732,S55_RapidProbability_ChangeChase,NO,1784514938.475788,0.500000,5,1784514939.260829,0.510000,0.039062,0.010937,prob_change_chase side=NO change=-0.040 origin=0.540 ask=0.500
2979830,S55_RapidProbability_ChangeChase,NO,1784515224.635941,0.540000,5,1784515231.450614,0.550000,0.041649,0.008351,prob_change_chase side=NO change=-0.060 origin=0.600 ask=0.540
2979846,S55_RapidProbability_ChangeChase,YES,1784515527.729126,0.610000,5,1784515531.881474,0.680000,0.043155,0.306845,prob_change_chase side=YES change=0.050 origin=0.560 ask=0.610
2979855,S55_RapidProbability_ChangeChase,NO,1784515846.452817,0.740000,5,1784515848.410667,0.780000,0.034241,0.165759,prob_change_chase side=NO change=-0.050 origin=0.790 ask=0.740
2979872,S55_RapidProbability_ChangeChase,NO,1784516133.417288,0.590000,5,1784516137.37179,0.620000,0.043155,0.106845,prob_change_chase side=NO change=-0.040 origin=0.630 ask=0.590
2979891,S55_RapidProbability_ChangeChase,YES,1784516448.708033,0.610000,5,1784516454.209906,0.680000,0.043155,0.306845,prob_change_chase side=YES change=0.040 origin=0.570 ask=0.610
2979897,S55_RapidProbability_ChangeChase,NO,1784516729.45033,0.610000,5,1784516732.867873,0.590000,0.043155,-0.143155,prob_change_chase side=NO change=-0.050 origin=0.660 ask=0.610
2979926,S55_RapidProbability_ChangeChase,NO,1784517117.992714,0.750000,5,1784517124.699318,0.770000,0.032959,0.067041,prob_change_chase side=NO change=-0.050 origin=0.800 ask=0.750
2979951,S55_RapidProbability_ChangeChase,NO,1784517328.123659,0.740000,5,1784517333.921167,0.660000,0.034241,-0.434241,prob_change_chase side=NO change=-0.040 origin=0.780 ask=0.740
2979960,S55_RapidProbability_ChangeChase,NO,1784517650.959524,0.700000,5,1784517651.383714,0.700000,0.038588,-0.038588,prob_change_chase side=NO change=-0.050 origin=0.750 ask=0.700
2979964,S55_RapidProbability_ChangeChase,NO,1784517919.457934,0.660000,5,1784517920.686589,0.650000,0.041543,-0.091543,prob_change_chase side=NO change=-0.050 origin=0.710 ask=0.660
2979980,S55_RapidProbability_ChangeChase,NO,1784518219.944932,0.580000,5,1784518226.739182,0.520000,0.043022,-0.343022,prob_change_chase side=NO change=-0.050 origin=0.630 ask=0.580
2980024,S55_RapidProbability_ChangeChase,NO,1784518524.056329,0.640000,5,1784518530.260718,0.450000,0.042467,-0.992467,prob_change_chase side=NO change=-0.050 origin=0.690 ask=0.640
2980084,S55_RapidProbability_ChangeChase,YES,1784518809.18621,0.600000,5,1784518815.60212,0.580000,0.043200,-0.143200,prob_change_chase side=YES change=0.050 origin=0.550 ask=0.600
2980096,S55_RapidProbability_ChangeChase,YES,1784519114.027176,0.510000,5,1784519115.768705,0.470000,0.039812,-0.239812,prob_change_chase side=YES change=0.060 origin=0.450 ask=0.510
2980108,S55_RapidProbability_ChangeChase,YES,1784519434.112087,0.560000,5,1784519434.317609,0.530000,0.042499,-0.192499,prob_change_chase side=YES change=0.050 origin=0.510 ask=0.560
2980618,S55_RapidProbability_ChangeChase,NO,1784519744.837766,0.610000,5,1784519750.43839,0.640000,0.043155,0.106845,prob_change_chase side=NO change=-0.050 origin=0.660 ask=0.610
2981091,S55_RapidProbability_ChangeChase,NO,1784520016.302219,0.650000,5,1784520016.419159,0.690000,0.042052,0.157948,prob_change_chase side=NO change=-0.050 origin=0.700 ask=0.650
2981106,S55_RapidProbability_ChangeChase,NO,1784520345.038149,0.730000,5,1784520347.62597,0.700000,0.035449,-0.185449,prob_change_chase side=NO change=-0.040 origin=0.770 ask=0.730
2981149,S55_RapidProbability_ChangeChase,YES,1784520614.315843,0.640000,5,1784520618.273015,0.710000,0.042467,0.307533,prob_change_chase side=YES change=0.040 origin=0.600 ask=0.640
2981160,S55_RapidProbability_ChangeChase,NO,1784521000.029348,0.670000,5,1784521006.4886,0.630000,0.040941,-0.240941,prob_change_chase side=NO change=-0.050 origin=0.720 ask=0.670
2981200,S55_RapidProbability_ChangeChase,NO,1784521203.99954,0.500000,5,1784521206.467054,0.420000,0.039062,-0.439062,prob_change_chase side=NO change=-0.040 origin=0.540 ask=0.500
2981336,S55_RapidProbability_ChangeChase,YES,1784521579.745683,0.700000,5,1784521586.660632,0.700000,0.038588,-0.038588,prob_change_chase side=YES change=0.050 origin=0.650 ask=0.700
2981347,S55_RapidProbability_ChangeChase,NO,1784521926.938978,0.730000,5,1784521928.569828,0.710000,0.035449,-0.135449,prob_change_chase side=NO change=-0.050 origin=0.780 ask=0.730
2981392,S55_RapidProbability_ChangeChase,YES,1784522114.402673,0.610000,5,1784522115.345913,0.680000,0.043155,0.306845,prob_change_chase side=YES change=0.040 origin=0.570 ask=0.610
2981487,S55_RapidProbability_ChangeChase,NO,1784522436.353709,0.750000,5,1784522438.178397,0.750000,0.032959,-0.032959,prob_change_chase side=NO change=-0.040 origin=0.790 ask=0.750
2981496,S55_RapidProbability_ChangeChase,NO,1784522744.501334,0.630000,5,1784522748.244798,0.640000,0.042789,0.007211,prob_change_chase side=NO change=-0.060 origin=0.690 ask=0.630
2981547,S55_RapidProbability_ChangeChase,NO,1784523031.813548,0.630000,5,1784523032.692987,0.640000,0.042789,0.007211,prob_change_chase side=NO change=-0.040 origin=0.670 ask=0.630
2982253,S55_RapidProbability_ChangeChase,YES,1784523318.237976,0.690000,5,1784523320.435606,0.700000,0.039462,0.010538,prob_change_chase side=YES change=0.050 origin=0.640 ask=0.690
2985218,S55_RapidProbability_ChangeChase,YES,1784523622.318861,0.640000,5,1784523624.768199,0.600000,0.042467,-0.242467,prob_change_chase side=YES change=0.040 origin=0.600 ask=0.640
2985237,S55_RapidProbability_ChangeChase,NO,1784523920.199204,0.720000,5,1784523921.795313,0.670000,0.036578,-0.286578,prob_change_chase side=NO change=-0.040 origin=0.760 ask=0.720
2985257,S55_RapidProbability_ChangeChase,NO,1784524212.874074,0.570000,5,1784524219.584297,0.580000,0.042803,0.007197,prob_change_chase side=NO change=-0.040 origin=0.610 ask=0.570
2985266,S55_RapidProbability_ChangeChase,NO,1784524525.652725,0.650000,5,1784524532.576852,0.480000,0.042052,-0.892052,prob_change_chase side=NO change=-0.060 origin=0.710 ask=0.650
2985278,S55_RapidProbability_ChangeChase,YES,1784524813.04069,0.580000,5,1784524819.991321,0.580000,0.043022,-0.043022,prob_change_chase side=YES change=0.050 origin=0.530 ask=0.580
2985348,S55_RapidProbability_ChangeChase,NO,1784525111.505449,0.560000,5,1784525118.281031,0.540000,0.042499,-0.142499,prob_change_chase side=NO change=-0.060 origin=0.620 ask=0.560
2985362,S55_RapidProbability_ChangeChase,NO,1784525407.521518,0.510000,5,1784525407.997309,0.540000,0.039812,0.110188,prob_change_chase side=NO change=-0.060 origin=0.570 ask=0.510
2985372,S55_RapidProbability_ChangeChase,NO,1784525708.086948,0.580000,5,1784525714.985711,0.570000,0.043022,-0.093022,prob_change_chase side=NO change=-0.040 origin=0.620 ask=0.580
2985427,S55_RapidProbability_ChangeChase,YES,1784526013.642094,0.590000,5,1784526013.998359,0.680000,0.043155,0.406845,prob_change_chase side=YES change=0.050 origin=0.540 ask=0.590
2985443,S55_RapidProbability_ChangeChase,NO,1784526331.877136,0.640000,5,1784526336.990414,0.600000,0.042467,-0.242467,prob_change_chase side=NO change=-0.050 origin=0.690 ask=0.640
2985448,S55_RapidProbability_ChangeChase,NO,1784526631.515281,0.550000,5,1784526638.338374,0.530000,0.042114,-0.142114,prob_change_chase side=NO change=-0.050 origin=0.600 ask=0.550
2985496,S55_RapidProbability_ChangeChase,NO,1784526906.832216,0.510000,5,1784526910.233181,0.510000,0.039812,-0.039812,prob_change_chase side=NO change=-0.060 origin=0.570 ask=0.510
2985507,S55_RapidProbability_ChangeChase,YES,1784527237.982456,0.610000,5,1784527241.578008,0.600000,0.043155,-0.093155,prob_change_chase side=YES change=0.040 origin=0.570 ask=0.610
2985514,S55_RapidProbability_ChangeChase,YES,1784527511.304752,0.660000,5,1784527512.514411,0.570000,0.041543,-0.491543,prob_change_chase side=YES change=0.040 origin=0.620 ask=0.660
2985527,S55_RapidProbability_ChangeChase,NO,1784527811.221083,0.500000,5,1784527813.219066,0.530000,0.039062,0.110938,prob_change_chase side=NO change=-0.050 origin=0.550 ask=0.500
2985535,S55_RapidProbability_ChangeChase,YES,1784528165.294698,0.590000,5,1784528172.59077,0.620000,0.043155,0.106845,prob_change_chase side=YES change=0.050 origin=0.540 ask=0.590
2985549,S55_RapidProbability_ChangeChase,YES,1784528432.778098,0.750000,5,1784528435.64841,0.700000,0.032959,-0.282959,prob_change_chase side=YES change=0.040 origin=0.710 ask=0.750
2985552,S55_RapidProbability_ChangeChase,NO,1784528708.862728,0.520000,5,1784528716.156951,0.470000,0.040495,-0.290495,prob_change_chase side=NO change=-0.050 origin=0.570 ask=0.520
2985557,S55_RapidProbability_ChangeChase,NO,1784529030.142767,0.630000,5,1784529037.481526,0.570000,0.042789,-0.342789,prob_change_chase side=NO change=-0.040 origin=0.670 ask=0.630
2985610,S55_RapidProbability_ChangeChase,NO,1784529306.614146,0.480000,5,1784529307.971063,0.500000,0.037380,0.062620,prob_change_chase side=NO change=-0.050 origin=0.530 ask=0.480
2985629,S55_RapidProbability_ChangeChase,NO,1784529640.51829,0.590000,5,1784529647.719277,0.540000,0.043155,-0.293155,prob_change_chase side=NO change=-0.050 origin=0.640 ask=0.590
2985632,S55_RapidProbability_ChangeChase,NO,1784529910.127101,0.500000,5,1784529912.211203,0.510000,0.039062,0.010937,prob_change_chase side=NO change=-0.050 origin=0.550 ask=0.500
2985646,S55_RapidProbability_ChangeChase,NO,1784530204.636119,0.500000,5,1784530212.178807,0.400000,0.039062,-0.539062,prob_change_chase side=NO change=-0.040 origin=0.540 ask=0.500
2985665,S55_RapidProbability_ChangeChase,YES,1784530527.507658,0.650000,5,1784530531.115013,0.620000,0.042052,-0.192052,prob_change_chase side=YES change=0.040 origin=0.610 ask=0.650
2985667,S55_RapidProbability_ChangeChase,YES,1784530827.223238,0.610000,5,1784530834.888985,0.650000,0.043155,0.156845,prob_change_chase side=YES change=0.050 origin=0.560 ask=0.610
2985686,S55_RapidProbability_ChangeChase,NO,1784531113.443854,0.590000,5,1784531114.156944,0.560000,0.043155,-0.193155,prob_change_chase side=NO change=-0.040 origin=0.630 ask=0.590
2985692,S55_RapidProbability_ChangeChase,NO,1784531448.086745,0.640000,5,1784531455.595037,0.530000,0.042467,-0.592467,prob_change_chase side=NO change=-0.060 origin=0.700 ask=0.640
2985710,S55_RapidProbability_ChangeChase,YES,1784531723.160618,0.610000,5,1784531724.882454,0.560000,0.043155,-0.293155,prob_change_chase side=YES change=0.040 origin=0.570 ask=0.610
2985712,S55_RapidProbability_ChangeChase,NO,1784532038.889397,0.610000,5,1784532042.585536,0.650000,0.043155,0.156845,prob_change_chase side=NO change=-0.050 origin=0.660 ask=0.610
2985730,S55_RapidProbability_ChangeChase,NO,1784532318.702956,0.500000,5,1784532326.056178,0.400000,0.039062,-0.539062,prob_change_chase side=NO change=-0.040 origin=0.540 ask=0.500
2985750,S55_RapidProbability_ChangeChase,YES,1784532620.217342,0.670000,5,1784532622.192495,0.670000,0.040941,-0.040941,prob_change_chase side=YES change=0.050 origin=0.620 ask=0.670
2985793,S55_RapidProbability_ChangeChase,NO,1784532964.895134,0.730000,5,1784532971.393961,0.690000,0.035449,-0.235449,prob_change_chase side=NO change=-0.040 origin=0.770 ask=0.730
2985801,S55_RapidProbability_ChangeChase,NO,1784533211.465399,0.630000,5,1784533212.32229,0.540000,0.042789,-0.492789,prob_change_chase side=NO change=-0.040 origin=0.670 ask=0.630
2985815,S55_RapidProbability_ChangeChase,NO,1784533530.264648,0.520000,5,1784533537.549884,0.450000,0.040495,-0.390495,prob_change_chase side=NO change=-0.060 origin=0.580 ask=0.520
2985819,S55_RapidProbability_ChangeChase,NO,1784533812.663244,0.610000,5,1784533812.901239,0.570000,0.043155,-0.243155,prob_change_chase side=NO change=-0.040 origin=0.650 ask=0.610
2985854,S55_RapidProbability_ChangeChase,NO,1784534122.987637,0.580000,5,1784534123.491474,0.550000,0.043022,-0.193022,prob_change_chase side=NO change=-0.050 origin=0.630 ask=0.580
2985868,S55_RapidProbability_ChangeChase,NO,1784534405.383612,0.600000,5,1784534413.450078,0.590000,0.043200,-0.093200,prob_change_chase side=NO change=-0.040 origin=0.640 ask=0.600
2985915,S55_RapidProbability_ChangeChase,NO,1784534737.031824,0.590000,5,1784534739.608041,0.590000,0.043155,-0.043155,prob_change_chase side=NO change=-0.040 origin=0.630 ask=0.590
2985988,S55_RapidProbability_ChangeChase,NO,1784535040.967502,0.500000,5,1784535041.235244,0.510000,0.039062,0.010937,prob_change_chase side=NO change=-0.040 origin=0.540 ask=0.500
2986006,S55_RapidProbability_ChangeChase,NO,1784535330.211994,0.730000,5,1784535337.489306,0.500000,0.035449,-1.185449,prob_change_chase side=NO change=-0.040 origin=0.770 ask=0.730
2986014,S55_RapidProbability_ChangeChase,NO,1784535608.312479,0.620000,5,1784535613.484032,0.610000,0.043018,-0.093018,prob_change_chase side=NO change=-0.040 origin=0.660 ask=0.620
2986022,S55_RapidProbability_ChangeChase,NO,1784535914.201993,0.310000,5,1784535916.988519,0.260000,0.017729,-0.267729,prob_change_chase side=NO change=-0.050 origin=0.360 ask=0.310
2986033,S55_RapidProbability_ChangeChase,NO,1784536292.068399,0.560000,5,1784536299.843208,0.550000,0.042499,-0.092499,prob_change_chase side=NO change=-0.060 origin=0.620 ask=0.560
2986113,S55_RapidProbability_ChangeChase,NO,1784536906.971819,0.670000,5,1784536908.700775,0.700000,0.040941,0.109059,prob_change_chase side=NO change=-0.050 origin=0.720 ask=0.670
2986122,S55_RapidProbability_ChangeChase,YES,1784537119.091934,0.720000,5,1784537124.031079,0.740000,0.036578,0.063422,prob_change_chase side=YES change=0.050 origin=0.670 ask=0.720
2986139,S55_RapidProbability_ChangeChase,YES,1784537414.312284,0.610000,5,1784537419.654129,0.680000,0.043155,0.306845,prob_change_chase side=YES change=0.040 origin=0.570 ask=0.610
2986143,S55_RapidProbability_ChangeChase,YES,1784537730.169383,0.610000,5,1784537737.79328,0.600000,0.043155,-0.093155,prob_change_chase side=YES change=0.040 origin=0.570 ask=0.610
2986157,S55_RapidProbability_ChangeChase,YES,1784538018.191862,0.600000,5,1784538019.908653,0.580000,0.043200,-0.143200,prob_change_chase side=YES change=0.050 origin=0.550 ask=0.600
2986174,S55_RapidProbability_ChangeChase,NO,1784538355.358845,0.660000,5,1784538357.63677,0.660000,0.041543,-0.041543,prob_change_chase side=NO change=-0.060 origin=0.720 ask=0.660
2986184,S55_RapidProbability_ChangeChase,YES,1784538620.689365,0.600000,5,1784538621.008561,0.690000,0.043200,0.406800,prob_change_chase side=YES change=0.050 origin=0.550 ask=0.600
2986191,S55_RapidProbability_ChangeChase,YES,1784538926.419273,0.510000,5,1784538932.957933,0.590000,0.039812,0.360188,prob_change_chase side=YES change=0.040 origin=0.470 ask=0.510
2986213,S55_RapidProbability_ChangeChase,YES,1784539208.592655,0.670000,5,1784539211.091051,0.680000,0.040941,0.009059,prob_change_chase side=YES change=0.050 origin=0.620 ask=0.670
2986225,S55_RapidProbability_ChangeChase,YES,1784539536.917893,0.730000,5,1784539541.618709,0.730000,0.035449,-0.035449,prob_change_chase side=YES change=0.040 origin=0.690 ask=0.730
2986228,S55_RapidProbability_ChangeChase,NO,1784539826.31582,0.640000,5,1784539834.606039,0.560000,0.042467,-0.442467,prob_change_chase side=NO change=-0.040 origin=0.680 ask=0.640
2986288,S55_RapidProbability_ChangeChase,YES,1784540151.51992,0.610000,5,1784540155.083672,0.570000,0.043155,-0.243155,prob_change_chase side=YES change=0.050 origin=0.560 ask=0.610
2986300,S55_RapidProbability_ChangeChase,NO,1784540433.383262,0.500000,5,1784540435.561048,0.520000,0.039062,0.060938,prob_change_chase side=NO change=-0.040 origin=0.540 ask=0.500
2986314,S55_RapidProbability_ChangeChase,YES,1784540713.765742,0.670000,5,1784540717.54302,0.640000,0.040941,-0.190941,prob_change_chase side=YES change=0.040 origin=0.630 ask=0.670
2986316,S55_RapidProbability_ChangeChase,NO,1784541008.169344,0.530000,5,1784541012.387376,0.440000,0.041109,-0.491109,prob_change_chase side=NO change=-0.050 origin=0.580 ask=0.530
2986396,S55_RapidProbability_ChangeChase,NO,1784541325.273628,0.660000,5,1784541332.320991,0.640000,0.041543,-0.141543,prob_change_chase side=NO change=-0.050 origin=0.710 ask=0.660
2986411,S55_RapidProbability_ChangeChase,NO,1784541694.307482,0.710000,5,1784541695.359108,0.720000,0.037625,0.012375,prob_change_chase side=NO change=-0.040 origin=0.750 ask=0.710
2986519,S55_RapidProbability_ChangeChase,YES,1784542236.047087,0.680000,5,1784542240.883551,0.750000,0.040247,0.309753,prob_change_chase side=YES change=0.040 origin=0.640 ask=0.680
2986528,S55_RapidProbability_ChangeChase,NO,1784542523.444918,0.520000,5,1784542527.082849,0.560000,0.040495,0.159505,prob_change_chase side=NO change=-0.050 origin=0.570 ask=0.520
2986539,S55_RapidProbability_ChangeChase,YES,1784542852.06012,0.680000,5,1784542854.848691,0.750000,0.040247,0.309753,prob_change_chase side=YES change=0.050 origin=0.630 ask=0.680
2986552,S55_RapidProbability_ChangeChase,YES,1784543107.788859,0.610000,5,1784543108.073918,0.560000,0.043155,-0.293155,prob_change_chase side=YES change=0.040 origin=0.570 ask=0.610
2986561,S55_RapidProbability_ChangeChase,NO,1784543433.290812,0.640000,5,1784543433.426641,0.680000,0.042467,0.157533,prob_change_chase side=NO change=-0.060 origin=0.700 ask=0.640
2986614,S55_RapidProbability_ChangeChase,NO,1784543710.625289,0.640000,5,1784543713.368602,0.630000,0.042467,-0.092467,prob_change_chase side=NO change=-0.050 origin=0.690 ask=0.640
2986743,S55_RapidProbability_ChangeChase,NO,1784544069.294346,0.650000,5,1784544074.897192,0.450000,0.042052,-1.042052,prob_change_chase side=NO change=-0.050 origin=0.700 ask=0.650
2986757,S55_RapidProbability_ChangeChase,NO,1784544329.78518,0.640000,5,1784544337.891951,0.590000,0.042467,-0.292467,prob_change_chase side=NO change=-0.040 origin=0.680 ask=0.640
2986768,S55_RapidProbability_ChangeChase,NO,1784544638.357087,0.590000,5,1784544646.79248,0.480000,0.043155,-0.593155,prob_change_chase side=NO change=-0.040 origin=0.630 ask=0.590
2987063,S55_RapidProbability_ChangeChase,NO,1784544997.784317,0.740000,5,1784545005.815916,0.750000,0.034241,0.015759,prob_change_chase side=NO change=-0.040 origin=0.780 ask=0.740
2987158,S55_RapidProbability_ChangeChase,YES,1784545252.69254,0.680000,5,1784545257.464461,0.750000,0.040247,0.309753,prob_change_chase side=YES change=0.050 origin=0.630 ask=0.680
2987172,S55_RapidProbability_ChangeChase,YES,1784545503.519001,0.590000,5,1784545506.987092,0.660000,0.043155,0.306845,prob_change_chase side=YES change=0.050 origin=0.540 ask=0.590
2987184,S55_RapidProbability_ChangeChase,NO,1784545823.686896,0.590000,5,1784545826.854379,0.610000,0.043155,0.056845,prob_change_chase side=NO change=-0.040 origin=0.630 ask=0.590
2987194,S55_RapidProbability_ChangeChase,YES,1784546111.203621,0.630000,5,1784546115.83006,0.610000,0.042789,-0.142789,prob_change_chase side=YES change=0.040 origin=0.590 ask=0.630
2987215,S55_RapidProbability_ChangeChase,NO,1784546508.395142,0.600000,5,1784546509.645467,0.610000,0.043200,0.006800,prob_change_chase side=NO change=-0.050 origin=0.650 ask=0.600
2987295,S55_RapidProbability_ChangeChase,YES,1784546725.370231,0.670000,5,1784546733.946753,0.690000,0.040941,0.059059,prob_change_chase side=YES change=0.050 origin=0.620 ask=0.670
2987354,S55_RapidProbability_ChangeChase,NO,1784547303.776454,0.520000,5,1784547305.30534,0.540000,0.040495,0.059505,prob_change_chase side=NO change=-0.050 origin=0.570 ask=0.520
2987372,S55_RapidProbability_ChangeChase,YES,1784547624.608186,0.570000,5,1784547627.608915,0.520000,0.042803,-0.292803,prob_change_chase side=YES change=0.060 origin=0.510 ask=0.570
2987378,S55_RapidProbability_ChangeChase,YES,1784547904.459622,0.610000,5,1784547908.45281,0.520000,0.043155,-0.493155,prob_change_chase side=YES change=0.060 origin=0.550 ask=0.610
2987391,S55_RapidProbability_ChangeChase,NO,1784548203.932846,0.510000,5,1784548204.687817,0.560000,0.039812,0.210188,prob_change_chase side=NO change=-0.040 origin=0.550 ask=0.510
2987500,S55_RapidProbability_ChangeChase,NO,1784548538.758984,0.650000,5,1784548545.745574,0.620000,0.042052,-0.192052,prob_change_chase side=NO change=-0.050 origin=0.700 ask=0.650
2987515,S55_RapidProbability_ChangeChase,NO,1784548825.458866,0.690000,5,1784548825.80269,0.610000,0.039462,-0.439462,prob_change_chase side=NO change=-0.050 origin=0.740 ask=0.690
2987527,S55_RapidProbability_ChangeChase,YES,1784549101.927514,0.510000,5,1784549103.590485,0.490000,0.039812,-0.139812,prob_change_chase side=YES change=0.040 origin=0.470 ask=0.510
2987554,S55_RapidProbability_ChangeChase,YES,1784549734.237982,0.580000,5,1784549742.323139,0.580000,0.043022,-0.043022,prob_change_chase side=YES change=0.050 origin=0.530 ask=0.580
2987627,S55_RapidProbability_ChangeChase,NO,1784550024.867194,0.530000,5,1784550026.105519,0.530000,0.041109,-0.041109,prob_change_chase side=NO change=-0.050 origin=0.580 ask=0.530
2987732,S55_RapidProbability_ChangeChase,NO,1784550309.092702,0.640000,5,1784550312.127437,0.530000,0.042467,-0.592467,prob_change_chase side=NO change=-0.050 origin=0.690 ask=0.640
2987738,S55_RapidProbability_ChangeChase,YES,1784550687.291485,0.660000,5,1784550692.666559,0.630000,0.041543,-0.191543,prob_change_chase side=YES change=0.040 origin=0.620 ask=0.660
2987786,S55_RapidProbability_ChangeChase,YES,1784550901.713162,0.550000,5,1784550910.282662,0.590000,0.042114,0.157886,prob_change_chase side=YES change=0.040 origin=0.510 ask=0.550
2987825,S55_RapidProbability_ChangeChase,YES,1784551228.872911,0.630000,5,1784551234.815189,0.560000,0.042789,-0.392789,prob_change_chase side=YES change=0.050 origin=0.580 ask=0.630
2987849,S55_RapidProbability_ChangeChase,NO,1784551856.380125,0.590000,5,1784551864.546791,0.420000,0.043155,-0.893155,prob_change_chase side=NO change=-0.040 origin=0.630 ask=0.590
2987910,S55_RapidProbability_ChangeChase,NO,1784552136.397684,0.510000,5,1784552144.892161,0.290000,0.039812,-1.139812,prob_change_chase side=NO change=-0.040 origin=0.550 ask=0.510
2987917,S55_RapidProbability_ChangeChase,YES,1784552418.330535,0.660000,5,1784552427.212483,0.680000,0.041543,0.058457,prob_change_chase side=YES change=0.050 origin=0.610 ask=0.660
2987935,S55_RapidProbability_ChangeChase,YES,1784552776.256845,0.660000,5,1784552784.470703,0.630000,0.041543,-0.191543,prob_change_chase side=YES change=0.050 origin=0.610 ask=0.660
2988028,S55_RapidProbability_ChangeChase,NO,1784553061.602733,0.660000,5,1784553069.914992,0.480000,0.041543,-0.941543,prob_change_chase side=NO change=-0.050 origin=0.710 ask=0.660
2988037,S55_RapidProbability_ChangeChase,YES,1784553310.44828,0.660000,5,1784553313.813859,0.600000,0.041543,-0.341543,prob_change_chase side=YES change=0.050 origin=0.610 ask=0.660
2988051,S55_RapidProbability_ChangeChase,NO,1784553728.513927,0.540000,5,1784553736.566155,0.540000,0.041649,-0.041649,prob_change_chase side=NO change=-0.060 origin=0.600 ask=0.540
2988076,S55_RapidProbability_ChangeChase,YES,1784554215.11867,0.580000,5,1784554216.007669,0.650000,0.043022,0.306978,prob_change_chase side=YES change=0.050 origin=0.530 ask=0.580
2988127,S55_RapidProbability_ChangeChase,YES,1784554514.661411,0.640000,5,1784554519.432043,0.610000,0.042467,-0.192467,prob_change_chase side=YES change=0.040 origin=0.600 ask=0.640
2988295,S55_RapidProbability_ChangeChase,YES,1784554805.314002,0.620000,5,1784554815.860218,0.620000,0.043018,-0.043018,prob_change_chase side=YES change=0.040 origin=0.580 ask=0.620
2988311,S55_RapidProbability_ChangeChase,NO,1784555123.153974,0.540000,5,1784555129.575149,0.510000,0.041649,-0.191649,prob_change_chase side=NO change=-0.050 origin=0.590 ask=0.540
2988321,S55_RapidProbability_ChangeChase,YES,1784555413.270169,0.570000,5,1784555419.687795,0.580000,0.042803,0.007197,prob_change_chase side=YES change=0.050 origin=0.520 ask=0.570
2988339,S55_RapidProbability_ChangeChase,YES,1784555709.952783,0.630000,5,1784555711.591521,0.600000,0.042789,-0.192789,prob_change_chase side=YES change=0.050 origin=0.580 ask=0.630
2988367,S55_RapidProbability_ChangeChase,YES,1784556014.017663,0.560000,5,1784556021.114871,0.560000,0.042499,-0.042499,prob_change_chase side=YES change=0.040 origin=0.520 ask=0.560
2988378,S55_RapidProbability_ChangeChase,NO,1784556305.517558,0.510000,5,1784556306.519033,0.500000,0.039812,-0.089812,prob_change_chase side=NO change=-0.050 origin=0.560 ask=0.510
2988519,S55_RapidProbability_ChangeChase,NO,1784556622.943822,0.660000,5,1784556631.48575,0.610000,0.041543,-0.291543,prob_change_chase side=NO change=-0.060 origin=0.720 ask=0.660
2988533,S55_RapidProbability_ChangeChase,NO,1784556907.669198,0.590000,5,1784556916.585442,0.450000,0.043155,-0.743155,prob_change_chase side=NO change=-0.040 origin=0.630 ask=0.590
2988543,S55_RapidProbability_ChangeChase,NO,1784557206.080409,0.610000,5,1784557214.890533,0.380000,0.043155,-1.193155,prob_change_chase side=NO change=-0.040 origin=0.650 ask=0.610
2988588,S55_RapidProbability_ChangeChase,NO,1784557523.252348,0.510000,5,1784557529.908019,0.550000,0.039812,0.160188,prob_change_chase side=NO change=-0.050 origin=0.560 ask=0.510
2988612,S55_RapidProbability_ChangeChase,NO,1784557817.002441,0.500000,5,1784557825.692199,0.430000,0.039062,-0.389063,prob_change_chase side=NO change=-0.050 origin=0.550 ask=0.500
2988654,S55_RapidProbability_ChangeChase,NO,1784558106.942867,0.530000,5,1784558111.437504,0.530000,0.041109,-0.041109,prob_change_chase side=NO change=-0.050 origin=0.580 ask=0.530
2988669,S55_RapidProbability_ChangeChase,YES,1784558441.156766,0.650000,5,1784558445.54567,0.600000,0.042052,-0.292052,prob_change_chase side=YES change=0.050 origin=0.600 ask=0.650
2988686,S55_RapidProbability_ChangeChase,NO,1784558708.475403,0.610000,5,1784558717.251208,0.510000,0.043155,-0.543155,prob_change_chase side=NO change=-0.040 origin=0.650 ask=0.610
2988697,S55_RapidProbability_ChangeChase,NO,1784559004.08594,0.520000,5,1784559005.100954,0.540000,0.040495,0.059505,prob_change_chase side=NO change=-0.050 origin=0.570 ask=0.520
2988810,S55_RapidProbability_ChangeChase,YES,1784559347.342016,0.640000,5,1784559355.692859,0.700000,0.042467,0.257533,prob_change_chase side=YES change=0.040 origin=0.600 ask=0.640
2988833,S55_RapidProbability_ChangeChase,YES,1784559602.852486,0.640000,5,1784559605.042589,0.600000,0.042467,-0.242467,prob_change_chase side=YES change=0.050 origin=0.590 ask=0.640
2988834,S55_RapidProbability_ChangeChase,NO,1784559922.361582,0.610000,5,1784559931.448988,0.520000,0.043155,-0.493155,prob_change_chase side=NO change=-0.050 origin=0.660 ask=0.610
2988850,S55_RapidProbability_ChangeChase,YES,1784560209.116614,0.530000,5,1784560216.463504,0.600000,0.041109,0.308891,prob_change_chase side=YES change=0.050 origin=0.480 ask=0.530
2988862,S55_RapidProbability_ChangeChase,NO,1784560526.550687,0.640000,5,1784560532.882002,0.590000,0.042467,-0.292467,prob_change_chase side=NO change=-0.040 origin=0.680 ask=0.640
2988878,S55_RapidProbability_ChangeChase,NO,1784560810.894051,0.530000,5,1784560819.892771,0.450000,0.041109,-0.441109,prob_change_chase side=NO change=-0.050 origin=0.580 ask=0.530
2988937,S55_RapidProbability_ChangeChase,NO,1784561115.610674,0.650000,5,1784561118.210761,0.660000,0.042052,0.007948,prob_change_chase side=NO change=-0.050 origin=0.700 ask=0.650
2988944,S55_RapidProbability_ChangeChase,YES,1784561404.631455,0.550000,5,1784561408.680803,0.490000,0.042114,-0.342114,prob_change_chase side=YES change=0.040 origin=0.510 ask=0.550
2989007,S55_RapidProbability_ChangeChase,NO,1784561711.673063,0.600000,5,1784561720.264234,0.520000,0.043200,-0.443200,prob_change_chase side=NO change=-0.040 origin=0.640 ask=0.600
2989026,S55_RapidProbability_ChangeChase,YES,1784562007.733131,0.570000,5,1784562013.704773,0.530000,0.042803,-0.242803,prob_change_chase side=YES change=0.060 origin=0.510 ask=0.570
2989034,S55_RapidProbability_ChangeChase,YES,1784562301.740877,0.510000,5,1784562304.151352,0.580000,0.039812,0.310188,prob_change_chase side=YES change=0.050 origin=0.460 ask=0.510
2989051,S55_RapidProbability_ChangeChase,YES,1784562609.099689,0.570000,5,1784562609.710699,0.520000,0.042803,-0.292803,prob_change_chase side=YES change=0.050 origin=0.520 ask=0.570
2989594,S55_RapidProbability_ChangeChase,YES,1784562905.525293,0.550000,5,1784562905.794211,0.510000,0.042114,-0.242114,prob_change_chase side=YES change=0.050 origin=0.500 ask=0.550
2989898,S55_RapidProbability_ChangeChase,YES,1784563202.924803,0.510000,5,1784563206.299629,0.570000,0.039812,0.260188,prob_change_chase side=YES change=0.040 origin=0.470 ask=0.510
2989970,S55_RapidProbability_ChangeChase,YES,1784563822.127595,0.690000,5,1784563826.166639,0.710000,0.039462,0.060538,prob_change_chase side=YES change=0.060 origin=0.630 ask=0.690
